model,state,checkpoint,epoch,update,full_state,metric,panel,value,unit,direction,denominator,measurement_status,source_artifact_path,source_artifact_sha256,source_artifact_bytes,m0_value,m0_denominator,delta_from_m0,relative_delta_pct,comparison_status
olmo,olmo/epoch-001,epoch-001,1,7,False,wikitext_bpb,wikitext,0.6639848236944449,bits/byte,lower,62,measured,/vol/tmp2/yesildau/m1_eval_v2_matched_three_model_v3/results/olmo/epoch-001/harness/raw/__vol__tmp2__yesildau__m1_matched_three_model_retry_v1__training__olmo__20260822T155242Z_m1_matched_epoch_dense_olmo_seed42_30cd6396__epoch_snapshots__epoch-001/results_2026-08-23T14-27-50.639334.json,fa4d5290eb194e8601c4862af8191adc1678402212fcbdecd6f38cff3eeb8555,12379,0.6597443057015225,62,0.004240517992922355,0.6427517382530958,direct_same_metric_and_denominator
olmo,olmo/epoch-001,epoch-001,1,7,False,wikitext_word_ppl,wikitext,11.7177694906752,PPL,lower,62,measured,/vol/tmp2/yesildau/m1_eval_v2_matched_three_model_v3/results/olmo/epoch-001/harness/raw/__vol__tmp2__yesildau__m1_matched_three_model_retry_v1__training__olmo__20260822T155242Z_m1_matched_epoch_dense_olmo_seed42_30cd6396__epoch_snapshots__epoch-001/results_2026-08-23T14-27-50.639334.json,fa4d5290eb194e8601c4862af8191adc1678402212fcbdecd6f38cff3eeb8555,12379,11.535032064152116,62,0.18273742652308478,1.5841952194566087,direct_same_metric_and_denominator
olmo,olmo/epoch-001,epoch-001,1,7,False,wikitext_byte_ppl,wikitext,1.5844529542466224,PPL,lower,62,measured,/vol/tmp2/yesildau/m1_eval_v2_matched_three_model_v3/results/olmo/epoch-001/harness/raw/__vol__tmp2__yesildau__m1_matched_three_model_retry_v1__training__olmo__20260822T155242Z_m1_matched_epoch_dense_olmo_seed42_30cd6396__epoch_snapshots__epoch-001/results_2026-08-23T14-27-50.639334.json,fa4d5290eb194e8601c4862af8191adc1678402212fcbdecd6f38cff3eeb8555,12379,1.5798026045225246,62,0.004650349724097724,0.29436270777026813,direct_same_metric_and_denominator
olmo,olmo/epoch-001,epoch-001,1,7,False,exact_prefix_top1_accuracy,exact_prefix,0.046,fraction,higher,500,measured,/vol/tmp2/yesildau/m1_eval_v2_matched_three_model_v3/results/olmo/epoch-001/exact_prefix/raw/20260823T125923Z_9199fe21/summary_metrics.json,5afed22de4ffbce4fc7b8fee5dd5a58d3a46689fd2032980c74265cb30534b10,1760,0.022,500,0.024,109.0909090909091,direct_same_metric_and_denominator
olmo,olmo/epoch-001,epoch-001,1,7,False,exact_prefix_top5_accuracy,exact_prefix,0.15,fraction,higher,500,measured,/vol/tmp2/yesildau/m1_eval_v2_matched_three_model_v3/results/olmo/epoch-001/exact_prefix/raw/20260823T125923Z_9199fe21/summary_metrics.json,5afed22de4ffbce4fc7b8fee5dd5a58d3a46689fd2032980c74265cb30534b10,1760,,,,,no_m0_reference
olmo,olmo/epoch-001,epoch-001,1,7,False,exact_prefix_mrr,exact_prefix,0.12146169101254914,fraction,higher,500,measured,/vol/tmp2/yesildau/m1_eval_v2_matched_three_model_v3/results/olmo/epoch-001/exact_prefix/raw/20260823T125923Z_9199fe21/summary_metrics.json,5afed22de4ffbce4fc7b8fee5dd5a58d3a46689fd2032980c74265cb30534b10,1760,,,,,no_m0_reference
olmo,olmo/epoch-001,epoch-001,1,7,False,exact_prefix_mean_rank,exact_prefix,38.884,rank,lower,500,measured,/vol/tmp2/yesildau/m1_eval_v2_matched_three_model_v3/results/olmo/epoch-001/exact_prefix/raw/20260823T125923Z_9199fe21/summary_metrics.json,5afed22de4ffbce4fc7b8fee5dd5a58d3a46689fd2032980c74265cb30534b10,1760,,,,,no_m0_reference
olmo,olmo/epoch-001,epoch-001,1,7,False,exact_prefix_mean_score_margin,exact_prefix,-2.4011426265743188,logprob,higher,500,measured,/vol/tmp2/yesildau/m1_eval_v2_matched_three_model_v3/results/olmo/epoch-001/exact_prefix/raw/20260823T125923Z_9199fe21/summary_metrics.json,5afed22de4ffbce4fc7b8fee5dd5a58d3a46689fd2032980c74265cb30534b10,1760,,,,,no_m0_reference
olmo,olmo/epoch-001,epoch-001,1,7,False,factual_cheap_top1_count,factual_cheap,30,count,higher,1500,completed,/vol/tmp2/yesildau/m1_eval_v2_matched_three_model_v3/results/olmo/epoch-001/factual_cheap/raw/summary.json,b8ccedaaa1ff3c4bae898a0930108c1b0080cf2810ae1be10d684d4ee6d9bfd8,322,,,,,no_m0_reference
olmo,olmo/epoch-001,epoch-001,1,7,False,turkish_bpb,turkish_cross_domain,1.677020783852316,bits/byte,lower,9653767,measured,/vol/tmp2/yesildau/m1_eval_v2_matched_three_model_v3/results/olmo/epoch-001/turkish_perplexity/raw/trwiki_cross_domain/summary.json,858327e68ec2a11356825bdb2355f3fd32a86020d514077d6c98c2531e2916e2,938,1.6476820673132215,9653767,0.029338716539094367,1.7806054408867416,direct_same_metric_and_denominator
olmo,olmo/epoch-001,epoch-001,1,7,False,turkish_ppl,turkish_cross_domain,23.721524516138594,PPL,lower,9653767,measured,/vol/tmp2/yesildau/m1_eval_v2_matched_three_model_v3/results/olmo/epoch-001/turkish_perplexity/raw/trwiki_cross_domain/summary.json,858327e68ec2a11356825bdb2355f3fd32a86020d514077d6c98c2531e2916e2,938,22.443216640433842,9653767,1.2783078757047512,5.695742710079016,direct_same_metric_and_denominator
olmo,olmo/epoch-001,epoch-001,1,7,False,turkish_byte_ppl,turkish_cross_domain,3.197669387562267,PPL,lower,9653767,measured,/vol/tmp2/yesildau/m1_eval_v2_matched_three_model_v3/results/olmo/epoch-001/turkish_perplexity/raw/trwiki_cross_domain/summary.json,858327e68ec2a11356825bdb2355f3fd32a86020d514077d6c98c2531e2916e2,938,3.1332981738003447,9653767,0.06437121376192234,2.054423492158334,direct_same_metric_and_denominator
olmo,olmo/epoch-001,epoch-001,1,7,False,generation_top1_accuracy,generation,1.0,fraction,higher,30,measured,/vol/tmp2/yesildau/m1_eval_v2_matched_three_model_v3/results/olmo/epoch-001/generation_integrity/raw/20260823T130130Z_m1_olmo_epoch-001_generation/summary_metrics.json,4b8b0bffdda0faf56cb40d13da919ab4f8c48fe9c431ab801f5a38717350ec62,1068,1.0,30,0.0,0.0,direct_same_metric_and_denominator
olmo,olmo/epoch-001,epoch-001,1,7,False,generation_empty_or_near_empty,generation,0,count,lower,30,measured,/vol/tmp2/yesildau/m1_eval_v2_matched_three_model_v3/results/olmo/epoch-001/generation_integrity/raw/20260823T130130Z_m1_olmo_epoch-001_generation/summary_metrics.json,4b8b0bffdda0faf56cb40d13da919ab4f8c48fe9c431ab801f5a38717350ec62,1068,1,30,-1,-100.0,direct_same_metric_and_denominator
olmo,olmo/epoch-001,epoch-001,1,7,False,generation_distinct_2,generation,0.6481481481481481,fraction,higher,30,measured,/vol/tmp2/yesildau/m1_eval_v2_matched_three_model_v3/results/olmo/epoch-001/generation_integrity/raw/20260823T130130Z_m1_olmo_epoch-001_generation/summary_metrics.json,4b8b0bffdda0faf56cb40d13da919ab4f8c48fe9c431ab801f5a38717350ec62,1068,0.5930820105820105,30,0.05506613756613765,9.284742511764852,direct_same_metric_and_denominator
olmo,olmo/epoch-001,epoch-001,1,7,False,generation_repeated_3gram,generation,0.45107526881720433,fraction,lower,30,measured,/vol/tmp2/yesildau/m1_eval_v2_matched_three_model_v3/results/olmo/epoch-001/generation_integrity/raw/20260823T130130Z_m1_olmo_epoch-001_generation/summary_metrics.json,4b8b0bffdda0faf56cb40d13da919ab4f8c48fe9c431ab801f5a38717350ec62,1068,0.49161841742486906,30,-0.040543148607664725,-8.246873422690818,direct_same_metric_and_denominator
olmo,olmo/epoch-001,epoch-001,1,7,False,generation_repeated_4gram,generation,0.4,fraction,lower,30,measured,/vol/tmp2/yesildau/m1_eval_v2_matched_three_model_v3/results/olmo/epoch-001/generation_integrity/raw/20260823T130130Z_m1_olmo_epoch-001_generation/summary_metrics.json,4b8b0bffdda0faf56cb40d13da919ab4f8c48fe9c431ab801f5a38717350ec62,1068,,,,,no_m0_reference
olmo,olmo/epoch-001,epoch-001,1,7,False,generation_ppl,generation,18.134868769538663,PPL,lower,291485,measured,/vol/tmp2/yesildau/m1_eval_v2_matched_three_model_v3/results/olmo/epoch-001/generation_integrity/raw/20260823T130130Z_m1_olmo_epoch-001_generation/summary_metrics.json,4b8b0bffdda0faf56cb40d13da919ab4f8c48fe9c431ab801f5a38717350ec62,1068,16.80073153464442,291485,1.3341372348942429,7.9409472863913555,direct_same_metric_and_denominator
olmo,olmo/epoch-002,epoch-002,2,14,False,wikitext_bpb,wikitext,0.6734180408443233,bits/byte,lower,62,measured,/vol/tmp2/yesildau/m1_eval_v2_matched_three_model_v3/results/olmo/epoch-002/harness/raw/__vol__tmp2__yesildau__m1_matched_three_model_retry_v1__training__olmo__20260822T155242Z_m1_matched_epoch_dense_olmo_seed42_30cd6396__epoch_snapshots__epoch-002/results_2026-08-23T13-48-53.695614.json,a3eacd0113fbf2bdd01ab6a4031c4f79f73e02ad36a9c924ca2659a1b593fd9c,12381,0.6597443057015225,62,0.013673735142800791,2.072581002159794,direct_same_metric_and_denominator
olmo,olmo/epoch-002,epoch-002,2,14,False,wikitext_word_ppl,wikitext,12.134726883076578,PPL,lower,62,measured,/vol/tmp2/yesildau/m1_eval_v2_matched_three_model_v3/results/olmo/epoch-002/harness/raw/__vol__tmp2__yesildau__m1_matched_three_model_retry_v1__training__olmo__20260822T155242Z_m1_matched_epoch_dense_olmo_seed42_30cd6396__epoch_snapshots__epoch-002/results_2026-08-23T13-48-53.695614.json,a3eacd0113fbf2bdd01ab6a4031c4f79f73e02ad36a9c924ca2659a1b593fd9c,12381,11.535032064152116,62,0.599694818924462,5.1989003202527515,direct_same_metric_and_denominator
olmo,olmo/epoch-002,epoch-002,2,14,False,wikitext_byte_ppl,wikitext,1.5948470151169196,PPL,lower,62,measured,/vol/tmp2/yesildau/m1_eval_v2_matched_three_model_v3/results/olmo/epoch-002/harness/raw/__vol__tmp2__yesildau__m1_matched_three_model_retry_v1__training__olmo__20260822T155242Z_m1_matched_epoch_dense_olmo_seed42_30cd6396__epoch_snapshots__epoch-002/results_2026-08-23T13-48-53.695614.json,a3eacd0113fbf2bdd01ab6a4031c4f79f73e02ad36a9c924ca2659a1b593fd9c,12381,1.5798026045225246,62,0.015044410594394986,0.9522968598309134,direct_same_metric_and_denominator
olmo,olmo/epoch-002,epoch-002,2,14,False,exact_prefix_top1_accuracy,exact_prefix,0.114,fraction,higher,500,measured,/vol/tmp2/yesildau/m1_eval_v2_matched_three_model_v3/results/olmo/epoch-002/exact_prefix/raw/20260823T121601Z_508d7139/summary_metrics.json,1c2758a7096050e6aad8a097ed4d44acc06dab3cf80f3a112f18e00a38c2f040,1761,0.022,500,0.092,418.1818181818182,direct_same_metric_and_denominator
olmo,olmo/epoch-002,epoch-002,2,14,False,exact_prefix_top5_accuracy,exact_prefix,0.268,fraction,higher,500,measured,/vol/tmp2/yesildau/m1_eval_v2_matched_three_model_v3/results/olmo/epoch-002/exact_prefix/raw/20260823T121601Z_508d7139/summary_metrics.json,1c2758a7096050e6aad8a097ed4d44acc06dab3cf80f3a112f18e00a38c2f040,1761,,,,,no_m0_reference
olmo,olmo/epoch-002,epoch-002,2,14,False,exact_prefix_mrr,exact_prefix,0.20864768395198685,fraction,higher,500,measured,/vol/tmp2/yesildau/m1_eval_v2_matched_three_model_v3/results/olmo/epoch-002/exact_prefix/raw/20260823T121601Z_508d7139/summary_metrics.json,1c2758a7096050e6aad8a097ed4d44acc06dab3cf80f3a112f18e00a38c2f040,1761,,,,,no_m0_reference
olmo,olmo/epoch-002,epoch-002,2,14,False,exact_prefix_mean_rank,exact_prefix,22.828,rank,lower,500,measured,/vol/tmp2/yesildau/m1_eval_v2_matched_three_model_v3/results/olmo/epoch-002/exact_prefix/raw/20260823T121601Z_508d7139/summary_metrics.json,1c2758a7096050e6aad8a097ed4d44acc06dab3cf80f3a112f18e00a38c2f040,1761,,,,,no_m0_reference
olmo,olmo/epoch-002,epoch-002,2,14,False,exact_prefix_mean_score_margin,exact_prefix,-1.5416004286805094,logprob,higher,500,measured,/vol/tmp2/yesildau/m1_eval_v2_matched_three_model_v3/results/olmo/epoch-002/exact_prefix/raw/20260823T121601Z_508d7139/summary_metrics.json,1c2758a7096050e6aad8a097ed4d44acc06dab3cf80f3a112f18e00a38c2f040,1761,,,,,no_m0_reference
olmo,olmo/epoch-002,epoch-002,2,14,False,factual_cheap_top1_count,factual_cheap,85,count,higher,1500,completed,/vol/tmp2/yesildau/m1_eval_v2_matched_three_model_v3/results/olmo/epoch-002/factual_cheap/raw/summary.json,d39038adab557c1b10397e17d8ae526e0e5d57fcc2f55c843bf575019cea7313,321,,,,,no_m0_reference
olmo,olmo/epoch-002,epoch-002,2,14,False,turkish_bpb,turkish_cross_domain,1.772692917135121,bits/byte,lower,9653767,measured,/vol/tmp2/yesildau/m1_eval_v2_matched_three_model_v3/results/olmo/epoch-002/turkish_perplexity/raw/trwiki_cross_domain/summary.json,768bea9148975665a32c5ecf7fb832cfe561b90a8f7b98c4c933751fb9348396,936,1.6476820673132215,9653767,0.12501084982189936,7.587073519938663,direct_same_metric_and_denominator
olmo,olmo/epoch-002,epoch-002,2,14,False,turkish_ppl,turkish_cross_domain,28.41796150537939,PPL,lower,9653767,measured,/vol/tmp2/yesildau/m1_eval_v2_matched_three_model_v3/results/olmo/epoch-002/turkish_perplexity/raw/trwiki_cross_domain/summary.json,768bea9148975665a32c5ecf7fb832cfe561b90a8f7b98c4c933751fb9348396,936,22.443216640433842,9653767,5.974744864945549,26.621606700446897,direct_same_metric_and_denominator
olmo,olmo/epoch-002,epoch-002,2,14,False,turkish_byte_ppl,turkish_cross_domain,3.4169115841423046,PPL,lower,9653767,measured,/vol/tmp2/yesildau/m1_eval_v2_matched_three_model_v3/results/olmo/epoch-002/turkish_perplexity/raw/trwiki_cross_domain/summary.json,768bea9148975665a32c5ecf7fb832cfe561b90a8f7b98c4c933751fb9348396,936,3.1332981738003447,9653767,0.28361341034195986,9.051593388508191,direct_same_metric_and_denominator
olmo,olmo/epoch-002,epoch-002,2,14,False,generation_top1_accuracy,generation,1.0,fraction,higher,30,measured,/vol/tmp2/yesildau/m1_eval_v2_matched_three_model_v3/results/olmo/epoch-002/generation_integrity/raw/20260823T121750Z_m1_olmo_epoch-002_generation/summary_metrics.json,cc4716de07c06ae06a849fa7789d39f4e301f4da1aa770c453f1897324b6eb3e,1084,1.0,30,0.0,0.0,direct_same_metric_and_denominator
olmo,olmo/epoch-002,epoch-002,2,14,False,generation_empty_or_near_empty,generation,0,count,lower,30,measured,/vol/tmp2/yesildau/m1_eval_v2_matched_three_model_v3/results/olmo/epoch-002/generation_integrity/raw/20260823T121750Z_m1_olmo_epoch-002_generation/summary_metrics.json,cc4716de07c06ae06a849fa7789d39f4e301f4da1aa770c453f1897324b6eb3e,1084,1,30,-1,-100.0,direct_same_metric_and_denominator
olmo,olmo/epoch-002,epoch-002,2,14,False,generation_distinct_2,generation,0.5562437973092799,fraction,higher,30,measured,/vol/tmp2/yesildau/m1_eval_v2_matched_three_model_v3/results/olmo/epoch-002/generation_integrity/raw/20260823T121750Z_m1_olmo_epoch-002_generation/summary_metrics.json,cc4716de07c06ae06a849fa7789d39f4e301f4da1aa770c453f1897324b6eb3e,1084,0.5930820105820105,30,-0.036838213272730624,-6.211318606103075,direct_same_metric_and_denominator
olmo,olmo/epoch-002,epoch-002,2,14,False,generation_repeated_3gram,generation,0.5573200992555832,fraction,lower,30,measured,/vol/tmp2/yesildau/m1_eval_v2_matched_three_model_v3/results/olmo/epoch-002/generation_integrity/raw/20260823T121750Z_m1_olmo_epoch-002_generation/summary_metrics.json,cc4716de07c06ae06a849fa7789d39f4e301f4da1aa770c453f1897324b6eb3e,1084,0.49161841742486906,30,0.06570168183071418,13.364365430990988,direct_same_metric_and_denominator
olmo,olmo/epoch-002,epoch-002,2,14,False,generation_repeated_4gram,generation,0.48852887603128686,fraction,lower,30,measured,/vol/tmp2/yesildau/m1_eval_v2_matched_three_model_v3/results/olmo/epoch-002/generation_integrity/raw/20260823T121750Z_m1_olmo_epoch-002_generation/summary_metrics.json,cc4716de07c06ae06a849fa7789d39f4e301f4da1aa770c453f1897324b6eb3e,1084,,,,,no_m0_reference
olmo,olmo/epoch-002,epoch-002,2,14,False,generation_ppl,generation,20.057908821427915,PPL,lower,291485,measured,/vol/tmp2/yesildau/m1_eval_v2_matched_three_model_v3/results/olmo/epoch-002/generation_integrity/raw/20260823T121750Z_m1_olmo_epoch-002_generation/summary_metrics.json,cc4716de07c06ae06a849fa7789d39f4e301f4da1aa770c453f1897324b6eb3e,1084,16.80073153464442,291485,3.257177286783495,19.387115853062358,direct_same_metric_and_denominator
olmo,olmo/epoch-003,epoch-003,3,21,False,wikitext_bpb,wikitext,0.6777718871207843,bits/byte,lower,62,measured,/vol/tmp2/yesildau/m1_eval_v2_matched_three_model_v3/results/olmo/epoch-003/harness/raw/__vol__tmp2__yesildau__m1_matched_three_model_retry_v1__training__olmo__20260822T155242Z_m1_matched_epoch_dense_olmo_seed42_30cd6396__epoch_snapshots__epoch-003/results_2026-08-23T14-24-03.401950.json,7a0ede98c6bd2a5778820b55849bdfeae7effceb11753316fde820d4ba3020ed,12381,0.6597443057015225,62,0.01802758141926175,2.7325103473371515,direct_same_metric_and_denominator
olmo,olmo/epoch-003,epoch-003,3,21,False,wikitext_word_ppl,wikitext,12.332143789519888,PPL,lower,62,measured,/vol/tmp2/yesildau/m1_eval_v2_matched_three_model_v3/results/olmo/epoch-003/harness/raw/__vol__tmp2__yesildau__m1_matched_three_model_retry_v1__training__olmo__20260822T155242Z_m1_matched_epoch_dense_olmo_seed42_30cd6396__epoch_snapshots__epoch-003/results_2026-08-23T14-24-03.401950.json,7a0ede98c6bd2a5778820b55849bdfeae7effceb11753316fde820d4ba3020ed,12381,11.535032064152116,62,0.7971117253677722,6.9103555233711775,direct_same_metric_and_denominator
olmo,olmo/epoch-003,epoch-003,3,21,False,wikitext_byte_ppl,wikitext,1.5996673039940956,PPL,lower,62,measured,/vol/tmp2/yesildau/m1_eval_v2_matched_three_model_v3/results/olmo/epoch-003/harness/raw/__vol__tmp2__yesildau__m1_matched_three_model_retry_v1__training__olmo__20260822T155242Z_m1_matched_epoch_dense_olmo_seed42_30cd6396__epoch_snapshots__epoch-003/results_2026-08-23T14-24-03.401950.json,7a0ede98c6bd2a5778820b55849bdfeae7effceb11753316fde820d4ba3020ed,12381,1.5798026045225246,62,0.01986469947157099,1.2574165541127744,direct_same_metric_and_denominator
olmo,olmo/epoch-003,epoch-003,3,21,False,exact_prefix_top1_accuracy,exact_prefix,0.404,fraction,higher,500,measured,/vol/tmp2/yesildau/m1_eval_v2_matched_three_model_v3/results/olmo/epoch-003/exact_prefix/raw/20260823T125206Z_18794376/summary_metrics.json,d6b43a99643d285268932f33b229800ab9ab119f04ffae501751119097a85070,1758,0.022,500,0.382,1736.3636363636365,direct_same_metric_and_denominator
olmo,olmo/epoch-003,epoch-003,3,21,False,exact_prefix_top5_accuracy,exact_prefix,0.67,fraction,higher,500,measured,/vol/tmp2/yesildau/m1_eval_v2_matched_three_model_v3/results/olmo/epoch-003/exact_prefix/raw/20260823T125206Z_18794376/summary_metrics.json,d6b43a99643d285268932f33b229800ab9ab119f04ffae501751119097a85070,1758,,,,,no_m0_reference
olmo,olmo/epoch-003,epoch-003,3,21,False,exact_prefix_mrr,exact_prefix,0.5390985084324504,fraction,higher,500,measured,/vol/tmp2/yesildau/m1_eval_v2_matched_three_model_v3/results/olmo/epoch-003/exact_prefix/raw/20260823T125206Z_18794376/summary_metrics.json,d6b43a99643d285268932f33b229800ab9ab119f04ffae501751119097a85070,1758,,,,,no_m0_reference
olmo,olmo/epoch-003,epoch-003,3,21,False,exact_prefix_mean_rank,exact_prefix,6.922,rank,lower,500,measured,/vol/tmp2/yesildau/m1_eval_v2_matched_three_model_v3/results/olmo/epoch-003/exact_prefix/raw/20260823T125206Z_18794376/summary_metrics.json,d6b43a99643d285268932f33b229800ab9ab119f04ffae501751119097a85070,1758,,,,,no_m0_reference
olmo,olmo/epoch-003,epoch-003,3,21,False,exact_prefix_mean_score_margin,exact_prefix,-0.37665498977400563,logprob,higher,500,measured,/vol/tmp2/yesildau/m1_eval_v2_matched_three_model_v3/results/olmo/epoch-003/exact_prefix/raw/20260823T125206Z_18794376/summary_metrics.json,d6b43a99643d285268932f33b229800ab9ab119f04ffae501751119097a85070,1758,,,,,no_m0_reference
olmo,olmo/epoch-003,epoch-003,3,21,False,factual_cheap_top1_count,factual_cheap,293,count,higher,1500,completed,/vol/tmp2/yesildau/m1_eval_v2_matched_three_model_v3/results/olmo/epoch-003/factual_cheap/raw/summary.json,2a25c1a818c9ad4b8398d82126c2c333465d0376f1d270b5c4ba1ca1584dc1bd,324,,,,,no_m0_reference
olmo,olmo/epoch-003,epoch-003,3,21,False,turkish_bpb,turkish_cross_domain,1.866489553896258,bits/byte,lower,9653767,measured,/vol/tmp2/yesildau/m1_eval_v2_matched_three_model_v3/results/olmo/epoch-003/turkish_perplexity/raw/trwiki_cross_domain/summary.json,e073a626377248e5df3bfeca3222cd470a4f9ec6e8bc298241d1ce5b8c5adcbb,934,1.6476820673132215,9653767,0.2188074865830365,13.279715238986187,direct_same_metric_and_denominator
olmo,olmo/epoch-003,epoch-003,3,21,False,turkish_ppl,turkish_cross_domain,33.92386730599814,PPL,lower,9653767,measured,/vol/tmp2/yesildau/m1_eval_v2_matched_three_model_v3/results/olmo/epoch-003/turkish_perplexity/raw/trwiki_cross_domain/summary.json,e073a626377248e5df3bfeca3222cd470a4f9ec6e8bc298241d1ce5b8c5adcbb,934,22.443216640433842,9653767,11.480650665564294,51.15421220361381,direct_same_metric_and_denominator
olmo,olmo/epoch-003,epoch-003,3,21,False,turkish_byte_ppl,turkish_cross_domain,3.6464422704751795,PPL,lower,9653767,measured,/vol/tmp2/yesildau/m1_eval_v2_matched_three_model_v3/results/olmo/epoch-003/turkish_perplexity/raw/trwiki_cross_domain/summary.json,e073a626377248e5df3bfeca3222cd470a4f9ec6e8bc298241d1ce5b8c5adcbb,934,3.1332981738003447,9653767,0.5131440966748348,16.3771230253662,direct_same_metric_and_denominator
olmo,olmo/epoch-003,epoch-003,3,21,False,generation_top1_accuracy,generation,1.0,fraction,higher,30,measured,/vol/tmp2/yesildau/m1_eval_v2_matched_three_model_v3/results/olmo/epoch-003/generation_integrity/raw/20260823T125420Z_m1_olmo_epoch-003_generation/summary_metrics.json,149dac4d23f90ff2eefab7c4ff2bd1a04dd0b492e8f78c2d1733647c5f1efab4,1083,1.0,30,0.0,0.0,direct_same_metric_and_denominator
olmo,olmo/epoch-003,epoch-003,3,21,False,generation_empty_or_near_empty,generation,0,count,lower,30,measured,/vol/tmp2/yesildau/m1_eval_v2_matched_three_model_v3/results/olmo/epoch-003/generation_integrity/raw/20260823T125420Z_m1_olmo_epoch-003_generation/summary_metrics.json,149dac4d23f90ff2eefab7c4ff2bd1a04dd0b492e8f78c2d1733647c5f1efab4,1083,1,30,-1,-100.0,direct_same_metric_and_denominator
olmo,olmo/epoch-003,epoch-003,3,21,False,generation_distinct_2,generation,0.5586403114705001,fraction,higher,30,measured,/vol/tmp2/yesildau/m1_eval_v2_matched_three_model_v3/results/olmo/epoch-003/generation_integrity/raw/20260823T125420Z_m1_olmo_epoch-003_generation/summary_metrics.json,149dac4d23f90ff2eefab7c4ff2bd1a04dd0b492e8f78c2d1733647c5f1efab4,1083,0.5930820105820105,30,-0.034441699111510404,-5.807240566563746,direct_same_metric_and_denominator
olmo,olmo/epoch-003,epoch-003,3,21,False,generation_repeated_3gram,generation,0.5653529898311682,fraction,lower,30,measured,/vol/tmp2/yesildau/m1_eval_v2_matched_three_model_v3/results/olmo/epoch-003/generation_integrity/raw/20260823T125420Z_m1_olmo_epoch-003_generation/summary_metrics.json,149dac4d23f90ff2eefab7c4ff2bd1a04dd0b492e8f78c2d1733647c5f1efab4,1083,0.49161841742486906,30,0.07373457240629916,14.998334031610513,direct_same_metric_and_denominator
olmo,olmo/epoch-003,epoch-003,3,21,False,generation_repeated_4gram,generation,0.5245911379951882,fraction,lower,30,measured,/vol/tmp2/yesildau/m1_eval_v2_matched_three_model_v3/results/olmo/epoch-003/generation_integrity/raw/20260823T125420Z_m1_olmo_epoch-003_generation/summary_metrics.json,149dac4d23f90ff2eefab7c4ff2bd1a04dd0b492e8f78c2d1733647c5f1efab4,1083,,,,,no_m0_reference
olmo,olmo/epoch-003,epoch-003,3,21,False,generation_ppl,generation,21.130939822968895,PPL,lower,291485,measured,/vol/tmp2/yesildau/m1_eval_v2_matched_three_model_v3/results/olmo/epoch-003/generation_integrity/raw/20260823T125420Z_m1_olmo_epoch-003_generation/summary_metrics.json,149dac4d23f90ff2eefab7c4ff2bd1a04dd0b492e8f78c2d1733647c5f1efab4,1083,16.80073153464442,291485,4.330208288324474,25.773927042374595,direct_same_metric_and_denominator
olmo,olmo/epoch-004,epoch-004,4,28,False,wikitext_bpb,wikitext,0.6814165582567296,bits/byte,lower,62,measured,/vol/tmp2/yesildau/m1_eval_v2_matched_three_model_v3/results/olmo/epoch-004/harness/raw/__vol__tmp2__yesildau__m1_matched_three_model_retry_v1__training__olmo__20260822T155242Z_m1_matched_epoch_dense_olmo_seed42_30cd6396__epoch_snapshots__epoch-004/results_2026-08-23T14-20-50.478981.json,4ce4dde12a075a362b7c831e3eee5679ddf51d12e19169b6f93cf45884a765b1,12379,0.6597443057015225,62,0.021672252555207105,3.2849472694065103,direct_same_metric_and_denominator
olmo,olmo/epoch-004,epoch-004,4,28,False,wikitext_word_ppl,wikitext,12.499871943487854,PPL,lower,62,measured,/vol/tmp2/yesildau/m1_eval_v2_matched_three_model_v3/results/olmo/epoch-004/harness/raw/__vol__tmp2__yesildau__m1_matched_three_model_retry_v1__training__olmo__20260822T155242Z_m1_matched_epoch_dense_olmo_seed42_30cd6396__epoch_snapshots__epoch-004/results_2026-08-23T14-20-50.478981.json,4ce4dde12a075a362b7c831e3eee5679ddf51d12e19169b6f93cf45884a765b1,12379,11.535032064152116,62,0.964839879335738,8.364431706559445,direct_same_metric_and_denominator
olmo,olmo/epoch-004,epoch-004,4,28,False,wikitext_byte_ppl,wikitext,1.603713642108301,PPL,lower,62,measured,/vol/tmp2/yesildau/m1_eval_v2_matched_three_model_v3/results/olmo/epoch-004/harness/raw/__vol__tmp2__yesildau__m1_matched_three_model_retry_v1__training__olmo__20260822T155242Z_m1_matched_epoch_dense_olmo_seed42_30cd6396__epoch_snapshots__epoch-004/results_2026-08-23T14-20-50.478981.json,4ce4dde12a075a362b7c831e3eee5679ddf51d12e19169b6f93cf45884a765b1,12379,1.5798026045225246,62,0.023911037585776285,1.5135459023377857,direct_same_metric_and_denominator
olmo,olmo/epoch-004,epoch-004,4,28,False,exact_prefix_top1_accuracy,exact_prefix,0.846,fraction,higher,500,measured,/vol/tmp2/yesildau/m1_eval_v2_matched_three_model_v3/results/olmo/epoch-004/exact_prefix/raw/20260823T124616Z_d8b1ea82/summary_metrics.json,b96e884a0ad559c9521f68ca9a07d8ea1655521d126585bbc79f31a3f861142f,1748,0.022,500,0.824,3745.4545454545455,direct_same_metric_and_denominator
olmo,olmo/epoch-004,epoch-004,4,28,False,exact_prefix_top5_accuracy,exact_prefix,0.954,fraction,higher,500,measured,/vol/tmp2/yesildau/m1_eval_v2_matched_three_model_v3/results/olmo/epoch-004/exact_prefix/raw/20260823T124616Z_d8b1ea82/summary_metrics.json,b96e884a0ad559c9521f68ca9a07d8ea1655521d126585bbc79f31a3f861142f,1748,,,,,no_m0_reference
olmo,olmo/epoch-004,epoch-004,4,28,False,exact_prefix_mrr,exact_prefix,0.8982515537953618,fraction,higher,500,measured,/vol/tmp2/yesildau/m1_eval_v2_matched_three_model_v3/results/olmo/epoch-004/exact_prefix/raw/20260823T124616Z_d8b1ea82/summary_metrics.json,b96e884a0ad559c9521f68ca9a07d8ea1655521d126585bbc79f31a3f861142f,1748,,,,,no_m0_reference
olmo,olmo/epoch-004,epoch-004,4,28,False,exact_prefix_mean_rank,exact_prefix,1.618,rank,lower,500,measured,/vol/tmp2/yesildau/m1_eval_v2_matched_three_model_v3/results/olmo/epoch-004/exact_prefix/raw/20260823T124616Z_d8b1ea82/summary_metrics.json,b96e884a0ad559c9521f68ca9a07d8ea1655521d126585bbc79f31a3f861142f,1748,,,,,no_m0_reference
olmo,olmo/epoch-004,epoch-004,4,28,False,exact_prefix_mean_score_margin,exact_prefix,1.1289512524854735,logprob,higher,500,measured,/vol/tmp2/yesildau/m1_eval_v2_matched_three_model_v3/results/olmo/epoch-004/exact_prefix/raw/20260823T124616Z_d8b1ea82/summary_metrics.json,b96e884a0ad559c9521f68ca9a07d8ea1655521d126585bbc79f31a3f861142f,1748,,,,,no_m0_reference
olmo,olmo/epoch-004,epoch-004,4,28,False,factual_cheap_top1_count,factual_cheap,550,count,higher,1500,completed,/vol/tmp2/yesildau/m1_eval_v2_matched_three_model_v3/results/olmo/epoch-004/factual_cheap/raw/summary.json,35f9295b43f789b529be8a82b03114774fc8fb77285841ec68e0b7c0174c38d4,323,,,,,no_m0_reference
olmo,olmo/epoch-004,epoch-004,4,28,False,turkish_bpb,turkish_cross_domain,1.962604844163866,bits/byte,lower,9653767,measured,/vol/tmp2/yesildau/m1_eval_v2_matched_three_model_v3/results/olmo/epoch-004/turkish_perplexity/raw/trwiki_cross_domain/summary.json,359e71cbb9dc48f25b60d7e897835fdb19fd435c205231132e3bb46d32e60ee7,934,1.6476820673132215,9653767,0.3149227768506444,19.1130791005191,direct_same_metric_and_denominator
olmo,olmo/epoch-004,epoch-004,4,28,False,turkish_ppl,turkish_cross_domain,40.67420431458106,PPL,lower,9653767,measured,/vol/tmp2/yesildau/m1_eval_v2_matched_three_model_v3/results/olmo/epoch-004/turkish_perplexity/raw/trwiki_cross_domain/summary.json,359e71cbb9dc48f25b60d7e897835fdb19fd435c205231132e3bb46d32e60ee7,934,22.443216640433842,9653767,18.23098767414722,81.23161651125424,direct_same_metric_and_denominator
olmo,olmo/epoch-004,epoch-004,4,28,False,turkish_byte_ppl,turkish_cross_domain,3.8976508062958173,PPL,lower,9653767,measured,/vol/tmp2/yesildau/m1_eval_v2_matched_three_model_v3/results/olmo/epoch-004/turkish_perplexity/raw/trwiki_cross_domain/summary.json,359e71cbb9dc48f25b60d7e897835fdb19fd435c205231132e3bb46d32e60ee7,934,3.1332981738003447,9653767,0.7643526324954726,24.3945066858542,direct_same_metric_and_denominator
olmo,olmo/epoch-004,epoch-004,4,28,False,generation_top1_accuracy,generation,1.0,fraction,higher,30,measured,/vol/tmp2/yesildau/m1_eval_v2_matched_three_model_v3/results/olmo/epoch-004/generation_integrity/raw/20260823T124824Z_m1_olmo_epoch-004_generation/summary_metrics.json,2f0b30afeac776f5f9bb2186231f18cf25ecbdc297cb78ba8df09f696ddc57a7,1085,1.0,30,0.0,0.0,direct_same_metric_and_denominator
olmo,olmo/epoch-004,epoch-004,4,28,False,generation_empty_or_near_empty,generation,0,count,lower,30,measured,/vol/tmp2/yesildau/m1_eval_v2_matched_three_model_v3/results/olmo/epoch-004/generation_integrity/raw/20260823T124824Z_m1_olmo_epoch-004_generation/summary_metrics.json,2f0b30afeac776f5f9bb2186231f18cf25ecbdc297cb78ba8df09f696ddc57a7,1085,1,30,-1,-100.0,direct_same_metric_and_denominator
olmo,olmo/epoch-004,epoch-004,4,28,False,generation_distinct_2,generation,0.5994708994708995,fraction,higher,30,measured,/vol/tmp2/yesildau/m1_eval_v2_matched_three_model_v3/results/olmo/epoch-004/generation_integrity/raw/20260823T124824Z_m1_olmo_epoch-004_generation/summary_metrics.json,2f0b30afeac776f5f9bb2186231f18cf25ecbdc297cb78ba8df09f696ddc57a7,1085,0.5930820105820105,30,0.006388888888888999,1.0772353190445578,direct_same_metric_and_denominator
olmo,olmo/epoch-004,epoch-004,4,28,False,generation_repeated_3gram,generation,0.48010752688172037,fraction,lower,30,measured,/vol/tmp2/yesildau/m1_eval_v2_matched_three_model_v3/results/olmo/epoch-004/generation_integrity/raw/20260823T124824Z_m1_olmo_epoch-004_generation/summary_metrics.json,2f0b30afeac776f5f9bb2186231f18cf25ecbdc297cb78ba8df09f696ddc57a7,1085,0.49161841742486906,30,-0.011510890543148689,-2.341427850372962,direct_same_metric_and_denominator
olmo,olmo/epoch-004,epoch-004,4,28,False,generation_repeated_4gram,generation,0.4327868852459017,fraction,lower,30,measured,/vol/tmp2/yesildau/m1_eval_v2_matched_three_model_v3/results/olmo/epoch-004/generation_integrity/raw/20260823T124824Z_m1_olmo_epoch-004_generation/summary_metrics.json,2f0b30afeac776f5f9bb2186231f18cf25ecbdc297cb78ba8df09f696ddc57a7,1085,,,,,no_m0_reference
olmo,olmo/epoch-004,epoch-004,4,28,False,generation_ppl,generation,22.230952882017373,PPL,lower,291485,measured,/vol/tmp2/yesildau/m1_eval_v2_matched_three_model_v3/results/olmo/epoch-004/generation_integrity/raw/20260823T124824Z_m1_olmo_epoch-004_generation/summary_metrics.json,2f0b30afeac776f5f9bb2186231f18cf25ecbdc297cb78ba8df09f696ddc57a7,1085,16.80073153464442,291485,5.430221347372953,32.32133872370625,direct_same_metric_and_denominator
olmo,olmo/epoch-005,epoch-005,5,35,False,wikitext_bpb,wikitext,0.6839461126200026,bits/byte,lower,62,measured,/vol/tmp2/yesildau/m1_eval_v2_matched_three_model_v3/results/olmo/epoch-005/harness/raw/__vol__tmp2__yesildau__m1_matched_three_model_retry_v1__training__olmo__20260822T155242Z_m1_matched_epoch_dense_olmo_seed42_30cd6396__epoch_snapshots__epoch-005/results_2026-08-23T14-51-10.422260.json,98bc77572f099e794fbc842937c406965509c68fd0c8a09bf89025305b18bbc2,12380,0.6597443057015225,62,0.024201806918480062,3.6683616227268043,direct_same_metric_and_denominator
olmo,olmo/epoch-005,epoch-005,5,35,False,wikitext_word_ppl,wikitext,12.617621528092508,PPL,lower,62,measured,/vol/tmp2/yesildau/m1_eval_v2_matched_three_model_v3/results/olmo/epoch-005/harness/raw/__vol__tmp2__yesildau__m1_matched_three_model_retry_v1__training__olmo__20260822T155242Z_m1_matched_epoch_dense_olmo_seed42_30cd6396__epoch_snapshots__epoch-005/results_2026-08-23T14-51-10.422260.json,98bc77572f099e794fbc842937c406965509c68fd0c8a09bf89025305b18bbc2,12380,11.535032064152116,62,1.0825894639403923,9.385231509713782,direct_same_metric_and_denominator
olmo,olmo/epoch-005,epoch-005,5,35,False,wikitext_byte_ppl,wikitext,1.6065279855439798,PPL,lower,62,measured,/vol/tmp2/yesildau/m1_eval_v2_matched_three_model_v3/results/olmo/epoch-005/harness/raw/__vol__tmp2__yesildau__m1_matched_three_model_retry_v1__training__olmo__20260822T155242Z_m1_matched_epoch_dense_olmo_seed42_30cd6396__epoch_snapshots__epoch-005/results_2026-08-23T14-51-10.422260.json,98bc77572f099e794fbc842937c406965509c68fd0c8a09bf89025305b18bbc2,12380,1.5798026045225246,62,0.026725381021455163,1.6916911609683396,direct_same_metric_and_denominator
olmo,olmo/epoch-005,epoch-005,5,35,False,exact_prefix_top1_accuracy,exact_prefix,0.988,fraction,higher,500,measured,/vol/tmp2/yesildau/m1_eval_v2_matched_three_model_v3/results/olmo/epoch-005/exact_prefix/raw/20260823T131734Z_158f12f2/summary_metrics.json,674deb6b865b70f0fd0bddd796e9101d1709e3ae1ea7bf2480096afedb88da76,1756,0.022,500,0.966,4390.909090909091,direct_same_metric_and_denominator
olmo,olmo/epoch-005,epoch-005,5,35,False,exact_prefix_top5_accuracy,exact_prefix,1.0,fraction,higher,500,measured,/vol/tmp2/yesildau/m1_eval_v2_matched_three_model_v3/results/olmo/epoch-005/exact_prefix/raw/20260823T131734Z_158f12f2/summary_metrics.json,674deb6b865b70f0fd0bddd796e9101d1709e3ae1ea7bf2480096afedb88da76,1756,,,,,no_m0_reference
olmo,olmo/epoch-005,epoch-005,5,35,False,exact_prefix_mrr,exact_prefix,0.9936666666666667,fraction,higher,500,measured,/vol/tmp2/yesildau/m1_eval_v2_matched_three_model_v3/results/olmo/epoch-005/exact_prefix/raw/20260823T131734Z_158f12f2/summary_metrics.json,674deb6b865b70f0fd0bddd796e9101d1709e3ae1ea7bf2480096afedb88da76,1756,,,,,no_m0_reference
olmo,olmo/epoch-005,epoch-005,5,35,False,exact_prefix_mean_rank,exact_prefix,1.014,rank,lower,500,measured,/vol/tmp2/yesildau/m1_eval_v2_matched_three_model_v3/results/olmo/epoch-005/exact_prefix/raw/20260823T131734Z_158f12f2/summary_metrics.json,674deb6b865b70f0fd0bddd796e9101d1709e3ae1ea7bf2480096afedb88da76,1756,,,,,no_m0_reference
olmo,olmo/epoch-005,epoch-005,5,35,False,exact_prefix_mean_score_margin,exact_prefix,2.4793981904752203,logprob,higher,500,measured,/vol/tmp2/yesildau/m1_eval_v2_matched_three_model_v3/results/olmo/epoch-005/exact_prefix/raw/20260823T131734Z_158f12f2/summary_metrics.json,674deb6b865b70f0fd0bddd796e9101d1709e3ae1ea7bf2480096afedb88da76,1756,,,,,no_m0_reference
olmo,olmo/epoch-005,epoch-005,5,35,False,factual_cheap_top1_count,factual_cheap,646,count,higher,1500,completed,/vol/tmp2/yesildau/m1_eval_v2_matched_three_model_v3/results/olmo/epoch-005/factual_cheap/raw/summary.json,923a0d3102493a5704474891cdd89402fefee88b6520827039b291e1ac024fa3,323,,,,,no_m0_reference
olmo,olmo/epoch-005,epoch-005,5,35,False,turkish_bpb,turkish_cross_domain,2.031098882452399,bits/byte,lower,9653767,measured,/vol/tmp2/yesildau/m1_eval_v2_matched_three_model_v3/results/olmo/epoch-005/turkish_perplexity/raw/trwiki_cross_domain/summary.json,62c6560e61c9b3e1fb2f78be6e9b5bd173b4c1730c6e1a2307367ea815e41dca,936,1.6476820673132215,9653767,0.38341681513917725,23.270072712777203,direct_same_metric_and_denominator
olmo,olmo/epoch-005,epoch-005,5,35,False,turkish_ppl,turkish_cross_domain,46.289616975453214,PPL,lower,9653767,measured,/vol/tmp2/yesildau/m1_eval_v2_matched_three_model_v3/results/olmo/epoch-005/turkish_perplexity/raw/trwiki_cross_domain/summary.json,62c6560e61c9b3e1fb2f78be6e9b5bd173b4c1730c6e1a2307367ea815e41dca,936,22.443216640433842,9653767,23.84640033501937,106.25215055874631,direct_same_metric_and_denominator
olmo,olmo/epoch-005,epoch-005,5,35,False,turkish_byte_ppl,turkish_cross_domain,4.0871604556152965,PPL,lower,9653767,measured,/vol/tmp2/yesildau/m1_eval_v2_matched_three_model_v3/results/olmo/epoch-005/turkish_perplexity/raw/trwiki_cross_domain/summary.json,62c6560e61c9b3e1fb2f78be6e9b5bd173b4c1730c6e1a2307367ea815e41dca,936,3.1332981738003447,9653767,0.9538622818149518,30.442754851448505,direct_same_metric_and_denominator
olmo,olmo/epoch-005,epoch-005,5,35,False,generation_top1_accuracy,generation,1.0,fraction,higher,30,measured,/vol/tmp2/yesildau/m1_eval_v2_matched_three_model_v3/results/olmo/epoch-005/generation_integrity/raw/20260823T131950Z_m1_olmo_epoch-005_generation/summary_metrics.json,d0aa7dec11c7bbe9df075a295f01d3cefa5aa5306749026c59d161dc5f564f70,1084,1.0,30,0.0,0.0,direct_same_metric_and_denominator
olmo,olmo/epoch-005,epoch-005,5,35,False,generation_empty_or_near_empty,generation,0,count,lower,30,measured,/vol/tmp2/yesildau/m1_eval_v2_matched_three_model_v3/results/olmo/epoch-005/generation_integrity/raw/20260823T131950Z_m1_olmo_epoch-005_generation/summary_metrics.json,d0aa7dec11c7bbe9df075a295f01d3cefa5aa5306749026c59d161dc5f564f70,1084,1,30,-1,-100.0,direct_same_metric_and_denominator
olmo,olmo/epoch-005,epoch-005,5,35,False,generation_distinct_2,generation,0.624949124949125,fraction,higher,30,measured,/vol/tmp2/yesildau/m1_eval_v2_matched_three_model_v3/results/olmo/epoch-005/generation_integrity/raw/20260823T131950Z_m1_olmo_epoch-005_generation/summary_metrics.json,d0aa7dec11c7bbe9df075a295f01d3cefa5aa5306749026c59d161dc5f564f70,1084,0.5930820105820105,30,0.031867114367114535,5.373137913227601,direct_same_metric_and_denominator
olmo,olmo/epoch-005,epoch-005,5,35,False,generation_repeated_3gram,generation,0.44838709677419364,fraction,lower,30,measured,/vol/tmp2/yesildau/m1_eval_v2_matched_three_model_v3/results/olmo/epoch-005/generation_integrity/raw/20260823T131950Z_m1_olmo_epoch-005_generation/summary_metrics.json,d0aa7dec11c7bbe9df075a295f01d3cefa5aa5306749026c59d161dc5f564f70,1084,0.49161841742486906,30,-0.04323132065067542,-8.793673938646164,direct_same_metric_and_denominator
olmo,olmo/epoch-005,epoch-005,5,35,False,generation_repeated_4gram,generation,0.39234972677595614,fraction,lower,30,measured,/vol/tmp2/yesildau/m1_eval_v2_matched_three_model_v3/results/olmo/epoch-005/generation_integrity/raw/20260823T131950Z_m1_olmo_epoch-005_generation/summary_metrics.json,d0aa7dec11c7bbe9df075a295f01d3cefa5aa5306749026c59d161dc5f564f70,1084,,,,,no_m0_reference
olmo,olmo/epoch-005,epoch-005,5,35,False,generation_ppl,generation,22.968353935417113,PPL,lower,291485,measured,/vol/tmp2/yesildau/m1_eval_v2_matched_three_model_v3/results/olmo/epoch-005/generation_integrity/raw/20260823T131950Z_m1_olmo_epoch-005_generation/summary_metrics.json,d0aa7dec11c7bbe9df075a295f01d3cefa5aa5306749026c59d161dc5f564f70,1084,16.80073153464442,291485,6.167622400772693,36.71043959041054,direct_same_metric_and_denominator
olmo,olmo/epoch-006,epoch-006,6,42,False,wikitext_bpb,wikitext,0.6865628640842965,bits/byte,lower,62,measured,/vol/tmp2/yesildau/m1_eval_v2_matched_three_model_v3/results/olmo/epoch-006/harness/raw/__vol__tmp2__yesildau__m1_matched_three_model_retry_v1__training__olmo__20260822T155242Z_m1_matched_epoch_dense_olmo_seed42_30cd6396__epoch_snapshots__epoch-006/results_2026-08-23T14-58-50.195813.json,ff1c02b0797faec66a8958e6049108a756f9237c00e5d83d8cab1f6959ead33c,12378,0.6597443057015225,62,0.026818558382773916,4.064992778415431,direct_same_metric_and_denominator
olmo,olmo/epoch-006,epoch-006,6,42,False,wikitext_word_ppl,wikitext,12.740597444835352,PPL,lower,62,measured,/vol/tmp2/yesildau/m1_eval_v2_matched_three_model_v3/results/olmo/epoch-006/harness/raw/__vol__tmp2__yesildau__m1_matched_three_model_retry_v1__training__olmo__20260822T155242Z_m1_matched_epoch_dense_olmo_seed42_30cd6396__epoch_snapshots__epoch-006/results_2026-08-23T14-58-50.195813.json,ff1c02b0797faec66a8958e6049108a756f9237c00e5d83d8cab1f6959ead33c,12378,11.535032064152116,62,1.205565380683236,10.451339657995579,direct_same_metric_and_denominator
olmo,olmo/epoch-006,epoch-006,6,42,False,wikitext_byte_ppl,wikitext,1.609444540418994,PPL,lower,62,measured,/vol/tmp2/yesildau/m1_eval_v2_matched_three_model_v3/results/olmo/epoch-006/harness/raw/__vol__tmp2__yesildau__m1_matched_three_model_retry_v1__training__olmo__20260822T155242Z_m1_matched_epoch_dense_olmo_seed42_30cd6396__epoch_snapshots__epoch-006/results_2026-08-23T14-58-50.195813.json,ff1c02b0797faec66a8958e6049108a756f9237c00e5d83d8cab1f6959ead33c,12378,1.5798026045225246,62,0.029641935896469462,1.876306306345682,direct_same_metric_and_denominator
olmo,olmo/epoch-006,epoch-006,6,42,False,exact_prefix_top1_accuracy,exact_prefix,0.998,fraction,higher,500,measured,/vol/tmp2/yesildau/m1_eval_v2_matched_three_model_v3/results/olmo/epoch-006/exact_prefix/raw/20260823T132620Z_b7100178/summary_metrics.json,7bebaa6ae474aca4792814198bfce7aaa4ee16eff0a5f83df3cf76b317486ae7,1728,0.022,500,0.976,4436.363636363636,direct_same_metric_and_denominator
olmo,olmo/epoch-006,epoch-006,6,42,False,exact_prefix_top5_accuracy,exact_prefix,1.0,fraction,higher,500,measured,/vol/tmp2/yesildau/m1_eval_v2_matched_three_model_v3/results/olmo/epoch-006/exact_prefix/raw/20260823T132620Z_b7100178/summary_metrics.json,7bebaa6ae474aca4792814198bfce7aaa4ee16eff0a5f83df3cf76b317486ae7,1728,,,,,no_m0_reference
olmo,olmo/epoch-006,epoch-006,6,42,False,exact_prefix_mrr,exact_prefix,0.9985,fraction,higher,500,measured,/vol/tmp2/yesildau/m1_eval_v2_matched_three_model_v3/results/olmo/epoch-006/exact_prefix/raw/20260823T132620Z_b7100178/summary_metrics.json,7bebaa6ae474aca4792814198bfce7aaa4ee16eff0a5f83df3cf76b317486ae7,1728,,,,,no_m0_reference
olmo,olmo/epoch-006,epoch-006,6,42,False,exact_prefix_mean_rank,exact_prefix,1.006,rank,lower,500,measured,/vol/tmp2/yesildau/m1_eval_v2_matched_three_model_v3/results/olmo/epoch-006/exact_prefix/raw/20260823T132620Z_b7100178/summary_metrics.json,7bebaa6ae474aca4792814198bfce7aaa4ee16eff0a5f83df3cf76b317486ae7,1728,,,,,no_m0_reference
olmo,olmo/epoch-006,epoch-006,6,42,False,exact_prefix_mean_score_margin,exact_prefix,3.4454099868209758,logprob,higher,500,measured,/vol/tmp2/yesildau/m1_eval_v2_matched_three_model_v3/results/olmo/epoch-006/exact_prefix/raw/20260823T132620Z_b7100178/summary_metrics.json,7bebaa6ae474aca4792814198bfce7aaa4ee16eff0a5f83df3cf76b317486ae7,1728,,,,,no_m0_reference
olmo,olmo/epoch-006,epoch-006,6,42,False,factual_cheap_top1_count,factual_cheap,645,count,higher,1500,completed,/vol/tmp2/yesildau/m1_eval_v2_matched_three_model_v3/results/olmo/epoch-006/factual_cheap/raw/summary.json,ec5221627527aac6c0fbef39f513433441081196a7c50b10eae4f0b7c5a831fd,323,,,,,no_m0_reference
olmo,olmo/epoch-006,epoch-006,6,42,False,turkish_bpb,turkish_cross_domain,2.0886321941701245,bits/byte,lower,9653767,measured,/vol/tmp2/yesildau/m1_eval_v2_matched_three_model_v3/results/olmo/epoch-006/turkish_perplexity/raw/trwiki_cross_domain/summary.json,9e2e3a6614babb60e0c5d3d5e73015d0f2412f1ba871f4b0ffeefbcad0c57896,933,1.6476820673132215,9653767,0.44095012685690294,26.7618453586701,direct_same_metric_and_denominator
olmo,olmo/epoch-006,epoch-006,6,42,False,turkish_ppl,turkish_cross_domain,51.60127198343007,PPL,lower,9653767,measured,/vol/tmp2/yesildau/m1_eval_v2_matched_three_model_v3/results/olmo/epoch-006/turkish_perplexity/raw/trwiki_cross_domain/summary.json,9e2e3a6614babb60e0c5d3d5e73015d0f2412f1ba871f4b0ffeefbcad0c57896,933,22.443216640433842,9653767,29.158055342996224,129.91923488571993,direct_same_metric_and_denominator
olmo,olmo/epoch-006,epoch-006,6,42,False,turkish_byte_ppl,turkish_cross_domain,4.253446164565125,PPL,lower,9653767,measured,/vol/tmp2/yesildau/m1_eval_v2_matched_three_model_v3/results/olmo/epoch-006/turkish_perplexity/raw/trwiki_cross_domain/summary.json,9e2e3a6614babb60e0c5d3d5e73015d0f2412f1ba871f4b0ffeefbcad0c57896,933,3.1332981738003447,9653767,1.1201479907647807,35.74980511370116,direct_same_metric_and_denominator
olmo,olmo/epoch-006,epoch-006,6,42,False,generation_top1_accuracy,generation,1.0,fraction,higher,30,measured,/vol/tmp2/yesildau/m1_eval_v2_matched_three_model_v3/results/olmo/epoch-006/generation_integrity/raw/20260823T132836Z_m1_olmo_epoch-006_generation/summary_metrics.json,ad01dbcc9d13f207e9509a740f1c818a4f7f688aafd9ac72bd29ef76bf61cbcd,1084,1.0,30,0.0,0.0,direct_same_metric_and_denominator
olmo,olmo/epoch-006,epoch-006,6,42,False,generation_empty_or_near_empty,generation,0,count,lower,30,measured,/vol/tmp2/yesildau/m1_eval_v2_matched_three_model_v3/results/olmo/epoch-006/generation_integrity/raw/20260823T132836Z_m1_olmo_epoch-006_generation/summary_metrics.json,ad01dbcc9d13f207e9509a740f1c818a4f7f688aafd9ac72bd29ef76bf61cbcd,1084,1,30,-1,-100.0,direct_same_metric_and_denominator
olmo,olmo/epoch-006,epoch-006,6,42,False,generation_distinct_2,generation,0.5959788359788359,fraction,higher,30,measured,/vol/tmp2/yesildau/m1_eval_v2_matched_three_model_v3/results/olmo/epoch-006/generation_integrity/raw/20260823T132836Z_m1_olmo_epoch-006_generation/summary_metrics.json,ad01dbcc9d13f207e9509a740f1c818a4f7f688aafd9ac72bd29ef76bf61cbcd,1084,0.5930820105820105,30,0.002896825396825453,0.4884358900015708,direct_same_metric_and_denominator
olmo,olmo/epoch-006,epoch-006,6,42,False,generation_repeated_3gram,generation,0.5192012288786482,fraction,lower,30,measured,/vol/tmp2/yesildau/m1_eval_v2_matched_three_model_v3/results/olmo/epoch-006/generation_integrity/raw/20260823T132836Z_m1_olmo_epoch-006_generation/summary_metrics.json,ad01dbcc9d13f207e9509a740f1c818a4f7f688aafd9ac72bd29ef76bf61cbcd,1084,0.49161841742486906,30,0.02758281145377911,5.610613938806394,direct_same_metric_and_denominator
olmo,olmo/epoch-006,epoch-006,6,42,False,generation_repeated_4gram,generation,0.4690626313577135,fraction,lower,30,measured,/vol/tmp2/yesildau/m1_eval_v2_matched_three_model_v3/results/olmo/epoch-006/generation_integrity/raw/20260823T132836Z_m1_olmo_epoch-006_generation/summary_metrics.json,ad01dbcc9d13f207e9509a740f1c818a4f7f688aafd9ac72bd29ef76bf61cbcd,1084,,,,,no_m0_reference
olmo,olmo/epoch-006,epoch-006,6,42,False,generation_ppl,generation,23.985723011457225,PPL,lower,291485,measured,/vol/tmp2/yesildau/m1_eval_v2_matched_three_model_v3/results/olmo/epoch-006/generation_integrity/raw/20260823T132836Z_m1_olmo_epoch-006_generation/summary_metrics.json,ad01dbcc9d13f207e9509a740f1c818a4f7f688aafd9ac72bd29ef76bf61cbcd,1084,16.80073153464442,291485,7.1849914768128045,42.76594422092152,direct_same_metric_and_denominator
olmo,olmo/epoch-007,epoch-007,7,49,False,wikitext_bpb,wikitext,0.6868649796811033,bits/byte,lower,62,measured,/vol/tmp2/yesildau/m1_eval_v2_matched_three_model_v3/results/olmo/epoch-007/harness/raw/__vol__tmp2__yesildau__m1_matched_three_model_retry_v1__training__olmo__20260822T155242Z_m1_matched_epoch_dense_olmo_seed42_30cd6396__epoch_snapshots__epoch-007/results_2026-08-23T15-07-55.142911.json,b6d11ce1506f00925c97172efdc355e505e93c872fbfcf5268974b1c62b8380b,12379,0.6597443057015225,62,0.027120673979580734,4.110785609698086,direct_same_metric_and_denominator
olmo,olmo/epoch-007,epoch-007,7,49,False,wikitext_word_ppl,wikitext,12.754872518980651,PPL,lower,62,measured,/vol/tmp2/yesildau/m1_eval_v2_matched_three_model_v3/results/olmo/epoch-007/harness/raw/__vol__tmp2__yesildau__m1_matched_three_model_retry_v1__training__olmo__20260822T155242Z_m1_matched_epoch_dense_olmo_seed42_30cd6396__epoch_snapshots__epoch-007/results_2026-08-23T15-07-55.142911.json,b6d11ce1506f00925c97172efdc355e505e93c872fbfcf5268974b1c62b8380b,12379,11.535032064152116,62,1.2198404548285353,10.575093749582914,direct_same_metric_and_denominator
olmo,olmo/epoch-007,epoch-007,7,49,False,wikitext_byte_ppl,wikitext,1.6097816104160123,PPL,lower,62,measured,/vol/tmp2/yesildau/m1_eval_v2_matched_three_model_v3/results/olmo/epoch-007/harness/raw/__vol__tmp2__yesildau__m1_matched_three_model_retry_v1__training__olmo__20260822T155242Z_m1_matched_epoch_dense_olmo_seed42_30cd6396__epoch_snapshots__epoch-007/results_2026-08-23T15-07-55.142911.json,b6d11ce1506f00925c97172efdc355e505e93c872fbfcf5268974b1c62b8380b,12379,1.5798026045225246,62,0.029979005893487676,1.89764251607551,direct_same_metric_and_denominator
olmo,olmo/epoch-007,epoch-007,7,49,False,exact_prefix_top1_accuracy,exact_prefix,1.0,fraction,higher,500,measured,/vol/tmp2/yesildau/m1_eval_v2_matched_three_model_v3/results/olmo/epoch-007/exact_prefix/raw/20260823T133905Z_58d0a6b8/summary_metrics.json,3a29d3728ffb7c3d9331d5a37960bcd3c2877ed8be17733f407b2f746da7a285,1711,0.022,500,0.978,4445.454545454546,direct_same_metric_and_denominator
olmo,olmo/epoch-007,epoch-007,7,49,False,exact_prefix_top5_accuracy,exact_prefix,1.0,fraction,higher,500,measured,/vol/tmp2/yesildau/m1_eval_v2_matched_three_model_v3/results/olmo/epoch-007/exact_prefix/raw/20260823T133905Z_58d0a6b8/summary_metrics.json,3a29d3728ffb7c3d9331d5a37960bcd3c2877ed8be17733f407b2f746da7a285,1711,,,,,no_m0_reference
olmo,olmo/epoch-007,epoch-007,7,49,False,exact_prefix_mrr,exact_prefix,1.0,fraction,higher,500,measured,/vol/tmp2/yesildau/m1_eval_v2_matched_three_model_v3/results/olmo/epoch-007/exact_prefix/raw/20260823T133905Z_58d0a6b8/summary_metrics.json,3a29d3728ffb7c3d9331d5a37960bcd3c2877ed8be17733f407b2f746da7a285,1711,,,,,no_m0_reference
olmo,olmo/epoch-007,epoch-007,7,49,False,exact_prefix_mean_rank,exact_prefix,1,rank,lower,500,measured,/vol/tmp2/yesildau/m1_eval_v2_matched_three_model_v3/results/olmo/epoch-007/exact_prefix/raw/20260823T133905Z_58d0a6b8/summary_metrics.json,3a29d3728ffb7c3d9331d5a37960bcd3c2877ed8be17733f407b2f746da7a285,1711,,,,,no_m0_reference
olmo,olmo/epoch-007,epoch-007,7,49,False,exact_prefix_mean_score_margin,exact_prefix,3.707871079552056,logprob,higher,500,measured,/vol/tmp2/yesildau/m1_eval_v2_matched_three_model_v3/results/olmo/epoch-007/exact_prefix/raw/20260823T133905Z_58d0a6b8/summary_metrics.json,3a29d3728ffb7c3d9331d5a37960bcd3c2877ed8be17733f407b2f746da7a285,1711,,,,,no_m0_reference
olmo,olmo/epoch-007,epoch-007,7,49,False,factual_cheap_top1_count,factual_cheap,646,count,higher,1500,completed,/vol/tmp2/yesildau/m1_eval_v2_matched_three_model_v3/results/olmo/epoch-007/factual_cheap/raw/summary.json,e1b156356bc7bab77cc47545e3d0b855bf0b738c843ba526bbbf9774a560ddd5,323,,,,,no_m0_reference
olmo,olmo/epoch-007,epoch-007,7,49,False,turkish_bpb,turkish_cross_domain,2.0904108662455387,bits/byte,lower,9653767,measured,/vol/tmp2/yesildau/m1_eval_v2_matched_three_model_v3/results/olmo/epoch-007/turkish_perplexity/raw/trwiki_cross_domain/summary.json,948222856591253fbcb0c0ffda28cb99ba2c30a122a23debdb9c085df2f119cb,935,1.6476820673132215,9653767,0.4427287989323172,26.86979531519992,direct_same_metric_and_denominator
olmo,olmo/epoch-007,epoch-007,7,49,False,turkish_ppl,turkish_cross_domain,51.77485639626883,PPL,lower,9653767,measured,/vol/tmp2/yesildau/m1_eval_v2_matched_three_model_v3/results/olmo/epoch-007/turkish_perplexity/raw/trwiki_cross_domain/summary.json,948222856591253fbcb0c0ffda28cb99ba2c30a122a23debdb9c085df2f119cb,935,22.443216640433842,9653767,29.33163975583499,130.69267309477786,direct_same_metric_and_denominator
olmo,olmo/epoch-007,epoch-007,7,49,False,turkish_byte_ppl,turkish_cross_domain,4.258693393739523,PPL,lower,9653767,measured,/vol/tmp2/yesildau/m1_eval_v2_matched_three_model_v3/results/olmo/epoch-007/turkish_perplexity/raw/trwiki_cross_domain/summary.json,948222856591253fbcb0c0ffda28cb99ba2c30a122a23debdb9c085df2f119cb,935,3.1332981738003447,9653767,1.1253952199391781,35.91727175375071,direct_same_metric_and_denominator
olmo,olmo/epoch-007,epoch-007,7,49,False,generation_top1_accuracy,generation,1.0,fraction,higher,30,measured,/vol/tmp2/yesildau/m1_eval_v2_matched_three_model_v3/results/olmo/epoch-007/generation_integrity/raw/20260823T134107Z_m1_olmo_epoch-007_generation/summary_metrics.json,3b41c9f59cb575df07f56ffd9579915dc964cfda7bd85c77b20a8e8ec21799a5,1081,1.0,30,0.0,0.0,direct_same_metric_and_denominator
olmo,olmo/epoch-007,epoch-007,7,49,False,generation_empty_or_near_empty,generation,0,count,lower,30,measured,/vol/tmp2/yesildau/m1_eval_v2_matched_three_model_v3/results/olmo/epoch-007/generation_integrity/raw/20260823T134107Z_m1_olmo_epoch-007_generation/summary_metrics.json,3b41c9f59cb575df07f56ffd9579915dc964cfda7bd85c77b20a8e8ec21799a5,1081,1,30,-1,-100.0,direct_same_metric_and_denominator
olmo,olmo/epoch-007,epoch-007,7,49,False,generation_distinct_2,generation,0.5976625116355427,fraction,higher,30,measured,/vol/tmp2/yesildau/m1_eval_v2_matched_three_model_v3/results/olmo/epoch-007/generation_integrity/raw/20260823T134107Z_m1_olmo_epoch-007_generation/summary_metrics.json,3b41c9f59cb575df07f56ffd9579915dc964cfda7bd85c77b20a8e8ec21799a5,1081,0.5930820105820105,30,0.004580501053532249,0.7723216978099294,direct_same_metric_and_denominator
olmo,olmo/epoch-007,epoch-007,7,49,False,generation_repeated_3gram,generation,0.5188948375048944,fraction,lower,30,measured,/vol/tmp2/yesildau/m1_eval_v2_matched_three_model_v3/results/olmo/epoch-007/generation_integrity/raw/20260823T134107Z_m1_olmo_epoch-007_generation/summary_metrics.json,3b41c9f59cb575df07f56ffd9579915dc964cfda7bd85c77b20a8e8ec21799a5,1081,0.49161841742486906,30,0.027276420080025343,5.548290933220342,direct_same_metric_and_denominator
olmo,olmo/epoch-007,epoch-007,7,49,False,generation_repeated_4gram,generation,0.4567735306224884,fraction,lower,30,measured,/vol/tmp2/yesildau/m1_eval_v2_matched_three_model_v3/results/olmo/epoch-007/generation_integrity/raw/20260823T134107Z_m1_olmo_epoch-007_generation/summary_metrics.json,3b41c9f59cb575df07f56ffd9579915dc964cfda7bd85c77b20a8e8ec21799a5,1081,,,,,no_m0_reference
olmo,olmo/epoch-007,epoch-007,7,49,False,generation_ppl,generation,24.04547493079773,PPL,lower,291485,measured,/vol/tmp2/yesildau/m1_eval_v2_matched_three_model_v3/results/olmo/epoch-007/generation_integrity/raw/20260823T134107Z_m1_olmo_epoch-007_generation/summary_metrics.json,3b41c9f59cb575df07f56ffd9579915dc964cfda7bd85c77b20a8e8ec21799a5,1081,16.80073153464442,291485,7.244743396153311,43.1215949211145,direct_same_metric_and_denominator
olmo,olmo/epoch-008,epoch-008,8,56,False,wikitext_bpb,wikitext,0.6870905183366287,bits/byte,lower,62,measured,/vol/tmp2/yesildau/m1_eval_v2_matched_three_model_v3/results/olmo/epoch-008/harness/raw/__vol__tmp2__yesildau__m1_matched_three_model_retry_v1__training__olmo__20260822T155242Z_m1_matched_epoch_dense_olmo_seed42_30cd6396__epoch_snapshots__epoch-008/results_2026-08-23T15-23-01.203808.json,da87f27908ba9ad7b040d02a07ac022215705dc606de668e3793b9de2fc234f6,12379,0.6597443057015225,62,0.02734621263510617,4.144971377362365,direct_same_metric_and_denominator
olmo,olmo/epoch-008,epoch-008,8,56,False,wikitext_word_ppl,wikitext,12.765539730266692,PPL,lower,62,measured,/vol/tmp2/yesildau/m1_eval_v2_matched_three_model_v3/results/olmo/epoch-008/harness/raw/__vol__tmp2__yesildau__m1_matched_three_model_retry_v1__training__olmo__20260822T155242Z_m1_matched_epoch_dense_olmo_seed42_30cd6396__epoch_snapshots__epoch-008/results_2026-08-23T15-23-01.203808.json,da87f27908ba9ad7b040d02a07ac022215705dc606de668e3793b9de2fc234f6,12379,11.535032064152116,62,1.2305076661145762,10.667570400074348,direct_same_metric_and_denominator
olmo,olmo/epoch-008,epoch-008,8,56,False,wikitext_byte_ppl,wikitext,1.6100332896349523,PPL,lower,62,measured,/vol/tmp2/yesildau/m1_eval_v2_matched_three_model_v3/results/olmo/epoch-008/harness/raw/__vol__tmp2__yesildau__m1_matched_three_model_retry_v1__training__olmo__20260822T155242Z_m1_matched_epoch_dense_olmo_seed42_30cd6396__epoch_snapshots__epoch-008/results_2026-08-23T15-23-01.203808.json,da87f27908ba9ad7b040d02a07ac022215705dc606de668e3793b9de2fc234f6,12379,1.5798026045225246,62,0.030230685112427658,1.9135735708933395,direct_same_metric_and_denominator
olmo,olmo/epoch-008,epoch-008,8,56,False,exact_prefix_top1_accuracy,exact_prefix,1.0,fraction,higher,500,measured,/vol/tmp2/yesildau/m1_eval_v2_matched_three_model_v3/results/olmo/epoch-008/exact_prefix/raw/20260823T134912Z_d53a18e0/summary_metrics.json,96defdd09d038da874d7c544da6823cc4e272a6941748fca3d79fee211f40e6d,1710,0.022,500,0.978,4445.454545454546,direct_same_metric_and_denominator
olmo,olmo/epoch-008,epoch-008,8,56,False,exact_prefix_top5_accuracy,exact_prefix,1.0,fraction,higher,500,measured,/vol/tmp2/yesildau/m1_eval_v2_matched_three_model_v3/results/olmo/epoch-008/exact_prefix/raw/20260823T134912Z_d53a18e0/summary_metrics.json,96defdd09d038da874d7c544da6823cc4e272a6941748fca3d79fee211f40e6d,1710,,,,,no_m0_reference
olmo,olmo/epoch-008,epoch-008,8,56,False,exact_prefix_mrr,exact_prefix,1.0,fraction,higher,500,measured,/vol/tmp2/yesildau/m1_eval_v2_matched_three_model_v3/results/olmo/epoch-008/exact_prefix/raw/20260823T134912Z_d53a18e0/summary_metrics.json,96defdd09d038da874d7c544da6823cc4e272a6941748fca3d79fee211f40e6d,1710,,,,,no_m0_reference
olmo,olmo/epoch-008,epoch-008,8,56,False,exact_prefix_mean_rank,exact_prefix,1,rank,lower,500,measured,/vol/tmp2/yesildau/m1_eval_v2_matched_three_model_v3/results/olmo/epoch-008/exact_prefix/raw/20260823T134912Z_d53a18e0/summary_metrics.json,96defdd09d038da874d7c544da6823cc4e272a6941748fca3d79fee211f40e6d,1710,,,,,no_m0_reference
olmo,olmo/epoch-008,epoch-008,8,56,False,exact_prefix_mean_score_margin,exact_prefix,3.8834529194666128,logprob,higher,500,measured,/vol/tmp2/yesildau/m1_eval_v2_matched_three_model_v3/results/olmo/epoch-008/exact_prefix/raw/20260823T134912Z_d53a18e0/summary_metrics.json,96defdd09d038da874d7c544da6823cc4e272a6941748fca3d79fee211f40e6d,1710,,,,,no_m0_reference
olmo,olmo/epoch-008,epoch-008,8,56,False,factual_cheap_top1_count,factual_cheap,653,count,higher,1500,completed,/vol/tmp2/yesildau/m1_eval_v2_matched_three_model_v3/results/olmo/epoch-008/factual_cheap/raw/summary.json,e96ac09485453a86133908d317d68708969fa08dec1346f40f27525b95556664,323,,,,,no_m0_reference
olmo,olmo/epoch-008,epoch-008,8,56,False,turkish_bpb,turkish_cross_domain,2.0946526038922064,bits/byte,lower,9653767,measured,/vol/tmp2/yesildau/m1_eval_v2_matched_three_model_v3/results/olmo/epoch-008/turkish_perplexity/raw/trwiki_cross_domain/summary.json,1df32c1283868a22ebcb9533152634dd32d5db92feeab517a87edd9bf1d2c577,936,1.6476820673132215,9653767,0.4469705365789849,27.127231973085287,direct_same_metric_and_denominator
olmo,olmo/epoch-008,epoch-008,8,56,False,turkish_ppl,turkish_cross_domain,52.19117703411213,PPL,lower,9653767,measured,/vol/tmp2/yesildau/m1_eval_v2_matched_three_model_v3/results/olmo/epoch-008/turkish_perplexity/raw/trwiki_cross_domain/summary.json,1df32c1283868a22ebcb9533152634dd32d5db92feeab517a87edd9bf1d2c577,936,22.443216640433842,9653767,29.747960393678287,132.5476685016896,direct_same_metric_and_denominator
olmo,olmo/epoch-008,epoch-008,8,56,False,turkish_byte_ppl,turkish_cross_domain,4.2712330098259255,PPL,lower,9653767,measured,/vol/tmp2/yesildau/m1_eval_v2_matched_three_model_v3/results/olmo/epoch-008/turkish_perplexity/raw/trwiki_cross_domain/summary.json,1df32c1283868a22ebcb9533152634dd32d5db92feeab517a87edd9bf1d2c577,936,3.1332981738003447,9653767,1.1379348360255808,36.317476757897936,direct_same_metric_and_denominator
olmo,olmo/epoch-008,epoch-008,8,56,False,generation_top1_accuracy,generation,1.0,fraction,higher,30,measured,/vol/tmp2/yesildau/m1_eval_v2_matched_three_model_v3/results/olmo/epoch-008/generation_integrity/raw/20260823T135125Z_m1_olmo_epoch-008_generation/summary_metrics.json,2b56f21ed93940a3371a4796f8d72ed667b958f422561aeca17005a90e972963,1081,1.0,30,0.0,0.0,direct_same_metric_and_denominator
olmo,olmo/epoch-008,epoch-008,8,56,False,generation_empty_or_near_empty,generation,0,count,lower,30,measured,/vol/tmp2/yesildau/m1_eval_v2_matched_three_model_v3/results/olmo/epoch-008/generation_integrity/raw/20260823T135125Z_m1_olmo_epoch-008_generation/summary_metrics.json,2b56f21ed93940a3371a4796f8d72ed667b958f422561aeca17005a90e972963,1081,1,30,-1,-100.0,direct_same_metric_and_denominator
olmo,olmo/epoch-008,epoch-008,8,56,False,generation_distinct_2,generation,0.6299176592268249,fraction,higher,30,measured,/vol/tmp2/yesildau/m1_eval_v2_matched_three_model_v3/results/olmo/epoch-008/generation_integrity/raw/20260823T135125Z_m1_olmo_epoch-008_generation/summary_metrics.json,2b56f21ed93940a3371a4796f8d72ed667b958f422561aeca17005a90e972963,1081,0.5930820105820105,30,0.03683564864481437,6.210886182277955,direct_same_metric_and_denominator
olmo,olmo/epoch-008,epoch-008,8,56,False,generation_repeated_3gram,generation,0.47658901840306017,fraction,lower,30,measured,/vol/tmp2/yesildau/m1_eval_v2_matched_three_model_v3/results/olmo/epoch-008/generation_integrity/raw/20260823T135125Z_m1_olmo_epoch-008_generation/summary_metrics.json,2b56f21ed93940a3371a4796f8d72ed667b958f422561aeca17005a90e972963,1081,0.49161841742486906,30,-0.015029399021808887,-3.0571269279401507,direct_same_metric_and_denominator
olmo,olmo/epoch-008,epoch-008,8,56,False,generation_repeated_4gram,generation,0.4146987789918048,fraction,lower,30,measured,/vol/tmp2/yesildau/m1_eval_v2_matched_three_model_v3/results/olmo/epoch-008/generation_integrity/raw/20260823T135125Z_m1_olmo_epoch-008_generation/summary_metrics.json,2b56f21ed93940a3371a4796f8d72ed667b958f422561aeca17005a90e972963,1081,,,,,no_m0_reference
olmo,olmo/epoch-008,epoch-008,8,56,False,generation_ppl,generation,24.13379247112434,PPL,lower,291485,measured,/vol/tmp2/yesildau/m1_eval_v2_matched_three_model_v3/results/olmo/epoch-008/generation_integrity/raw/20260823T135125Z_m1_olmo_epoch-008_generation/summary_metrics.json,2b56f21ed93940a3371a4796f8d72ed667b958f422561aeca17005a90e972963,1081,16.80073153464442,291485,7.333060936479921,43.64727167598968,direct_same_metric_and_denominator
olmo,olmo/epoch-009,epoch-009,9,63,False,wikitext_bpb,wikitext,0.6872436722191914,bits/byte,lower,62,measured,/vol/tmp2/yesildau/m1_eval_v2_matched_three_model_v3/results/olmo/epoch-009/harness/raw/__vol__tmp2__yesildau__m1_matched_three_model_retry_v1__training__olmo__20260822T155242Z_m1_matched_epoch_dense_olmo_seed42_30cd6396__epoch_snapshots__epoch-009/results_2026-08-23T15-33-40.047688.json,18beed20a87711082e05342dbb6b3afcf2d4b0a3ac88cf13082fda5cfa442683,12379,0.6597443057015225,62,0.027499366517668822,4.168185504599098,direct_same_metric_and_denominator
olmo,olmo/epoch-009,epoch-009,9,63,False,wikitext_word_ppl,wikitext,12.77278847344516,PPL,lower,62,measured,/vol/tmp2/yesildau/m1_eval_v2_matched_three_model_v3/results/olmo/epoch-009/harness/raw/__vol__tmp2__yesildau__m1_matched_three_model_retry_v1__training__olmo__20260822T155242Z_m1_matched_epoch_dense_olmo_seed42_30cd6396__epoch_snapshots__epoch-009/results_2026-08-23T15-33-40.047688.json,18beed20a87711082e05342dbb6b3afcf2d4b0a3ac88cf13082fda5cfa442683,12379,11.535032064152116,62,1.2377564092930449,10.73041151866123,direct_same_metric_and_denominator
olmo,olmo/epoch-009,epoch-009,9,63,False,wikitext_byte_ppl,wikitext,1.6102042169142665,PPL,lower,62,measured,/vol/tmp2/yesildau/m1_eval_v2_matched_three_model_v3/results/olmo/epoch-009/harness/raw/__vol__tmp2__yesildau__m1_matched_three_model_retry_v1__training__olmo__20260822T155242Z_m1_matched_epoch_dense_olmo_seed42_30cd6396__epoch_snapshots__epoch-009/results_2026-08-23T15-33-40.047688.json,18beed20a87711082e05342dbb6b3afcf2d4b0a3ac88cf13082fda5cfa442683,12379,1.5798026045225246,62,0.030401612391741883,1.9243931048544123,direct_same_metric_and_denominator
olmo,olmo/epoch-009,epoch-009,9,63,False,exact_prefix_top1_accuracy,exact_prefix,1.0,fraction,higher,500,measured,/vol/tmp2/yesildau/m1_eval_v2_matched_three_model_v3/results/olmo/epoch-009/exact_prefix/raw/20260823T140042Z_bbc438ca/summary_metrics.json,f3e50391c7d6e9de1a7b4140c0e252c63572e1066183c5da4766d39e3e31c316,1709,0.022,500,0.978,4445.454545454546,direct_same_metric_and_denominator
olmo,olmo/epoch-009,epoch-009,9,63,False,exact_prefix_top5_accuracy,exact_prefix,1.0,fraction,higher,500,measured,/vol/tmp2/yesildau/m1_eval_v2_matched_three_model_v3/results/olmo/epoch-009/exact_prefix/raw/20260823T140042Z_bbc438ca/summary_metrics.json,f3e50391c7d6e9de1a7b4140c0e252c63572e1066183c5da4766d39e3e31c316,1709,,,,,no_m0_reference
olmo,olmo/epoch-009,epoch-009,9,63,False,exact_prefix_mrr,exact_prefix,1.0,fraction,higher,500,measured,/vol/tmp2/yesildau/m1_eval_v2_matched_three_model_v3/results/olmo/epoch-009/exact_prefix/raw/20260823T140042Z_bbc438ca/summary_metrics.json,f3e50391c7d6e9de1a7b4140c0e252c63572e1066183c5da4766d39e3e31c316,1709,,,,,no_m0_reference
olmo,olmo/epoch-009,epoch-009,9,63,False,exact_prefix_mean_rank,exact_prefix,1,rank,lower,500,measured,/vol/tmp2/yesildau/m1_eval_v2_matched_three_model_v3/results/olmo/epoch-009/exact_prefix/raw/20260823T140042Z_bbc438ca/summary_metrics.json,f3e50391c7d6e9de1a7b4140c0e252c63572e1066183c5da4766d39e3e31c316,1709,,,,,no_m0_reference
olmo,olmo/epoch-009,epoch-009,9,63,False,exact_prefix_mean_score_margin,exact_prefix,3.9726987880456477,logprob,higher,500,measured,/vol/tmp2/yesildau/m1_eval_v2_matched_three_model_v3/results/olmo/epoch-009/exact_prefix/raw/20260823T140042Z_bbc438ca/summary_metrics.json,f3e50391c7d6e9de1a7b4140c0e252c63572e1066183c5da4766d39e3e31c316,1709,,,,,no_m0_reference
olmo,olmo/epoch-009,epoch-009,9,63,False,factual_cheap_top1_count,factual_cheap,656,count,higher,1500,completed,/vol/tmp2/yesildau/m1_eval_v2_matched_three_model_v3/results/olmo/epoch-009/factual_cheap/raw/summary.json,c428dd7a8e5c55fdfeeed2e893a0c9e01cb18d5a5a1beb219f285e9cae5ad373,323,,,,,no_m0_reference
olmo,olmo/epoch-009,epoch-009,9,63,False,turkish_bpb,turkish_cross_domain,2.0978853613013557,bits/byte,lower,9653767,measured,/vol/tmp2/yesildau/m1_eval_v2_matched_three_model_v3/results/olmo/epoch-009/turkish_perplexity/raw/trwiki_cross_domain/summary.json,dbeb4ca9b812697449bd1bc0b3d78085be397a43bf4529f47876a8c463df99d0,935,1.6476820673132215,9653767,0.4502032939881342,27.323432288260214,direct_same_metric_and_denominator
olmo,olmo/epoch-009,epoch-009,9,63,False,turkish_ppl,turkish_cross_domain,52.51071412468757,PPL,lower,9653767,measured,/vol/tmp2/yesildau/m1_eval_v2_matched_three_model_v3/results/olmo/epoch-009/turkish_perplexity/raw/trwiki_cross_domain/summary.json,dbeb4ca9b812697449bd1bc0b3d78085be397a43bf4529f47876a8c463df99d0,935,22.443216640433842,9653767,30.067497484253725,133.97142649366904,direct_same_metric_and_denominator
olmo,olmo/epoch-009,epoch-009,9,63,False,turkish_byte_ppl,turkish_cross_domain,4.280814620279986,PPL,lower,9653767,measured,/vol/tmp2/yesildau/m1_eval_v2_matched_three_model_v3/results/olmo/epoch-009/turkish_perplexity/raw/trwiki_cross_domain/summary.json,dbeb4ca9b812697449bd1bc0b3d78085be397a43bf4529f47876a8c463df99d0,935,3.1332981738003447,9653767,1.1475164464796412,36.623276267634324,direct_same_metric_and_denominator
olmo,olmo/epoch-009,epoch-009,9,63,False,generation_top1_accuracy,generation,1.0,fraction,higher,30,measured,/vol/tmp2/yesildau/m1_eval_v2_matched_three_model_v3/results/olmo/epoch-009/generation_integrity/raw/20260823T140217Z_m1_olmo_epoch-009_generation/summary_metrics.json,7d5096089320ba22524bbb5d575e392164071774b027b2d32281c0ee51b78e9c,1081,1.0,30,0.0,0.0,direct_same_metric_and_denominator
olmo,olmo/epoch-009,epoch-009,9,63,False,generation_empty_or_near_empty,generation,0,count,lower,30,measured,/vol/tmp2/yesildau/m1_eval_v2_matched_three_model_v3/results/olmo/epoch-009/generation_integrity/raw/20260823T140217Z_m1_olmo_epoch-009_generation/summary_metrics.json,7d5096089320ba22524bbb5d575e392164071774b027b2d32281c0ee51b78e9c,1081,1,30,-1,-100.0,direct_same_metric_and_denominator
olmo,olmo/epoch-009,epoch-009,9,63,False,generation_distinct_2,generation,0.5699156242247898,fraction,higher,30,measured,/vol/tmp2/yesildau/m1_eval_v2_matched_three_model_v3/results/olmo/epoch-009/generation_integrity/raw/20260823T140217Z_m1_olmo_epoch-009_generation/summary_metrics.json,7d5096089320ba22524bbb5d575e392164071774b027b2d32281c0ee51b78e9c,1081,0.5930820105820105,30,-0.02316638635722068,-3.9061016763072547,direct_same_metric_and_denominator
olmo,olmo/epoch-009,epoch-009,9,63,False,generation_repeated_3gram,generation,0.5439303635432668,fraction,lower,30,measured,/vol/tmp2/yesildau/m1_eval_v2_matched_three_model_v3/results/olmo/epoch-009/generation_integrity/raw/20260823T140217Z_m1_olmo_epoch-009_generation/summary_metrics.json,7d5096089320ba22524bbb5d575e392164071774b027b2d32281c0ee51b78e9c,1081,0.49161841742486906,30,0.05231194611839779,10.640762075678806,direct_same_metric_and_denominator
olmo,olmo/epoch-009,epoch-009,9,63,False,generation_repeated_4gram,generation,0.48290642926502875,fraction,lower,30,measured,/vol/tmp2/yesildau/m1_eval_v2_matched_three_model_v3/results/olmo/epoch-009/generation_integrity/raw/20260823T140217Z_m1_olmo_epoch-009_generation/summary_metrics.json,7d5096089320ba22524bbb5d575e392164071774b027b2d32281c0ee51b78e9c,1081,,,,,no_m0_reference
olmo,olmo/epoch-009,epoch-009,9,63,False,generation_ppl,generation,24.19205239001728,PPL,lower,291485,measured,/vol/tmp2/yesildau/m1_eval_v2_matched_three_model_v3/results/olmo/epoch-009/generation_integrity/raw/20260823T140217Z_m1_olmo_epoch-009_generation/summary_metrics.json,7d5096089320ba22524bbb5d575e392164071774b027b2d32281c0ee51b78e9c,1081,16.80073153464442,291485,7.391320855372861,43.99404180783069,direct_same_metric_and_denominator
olmo,olmo/epoch-010,epoch-010,10,70,False,wikitext_bpb,wikitext,0.6873181530763134,bits/byte,lower,62,measured,/vol/tmp2/yesildau/m1_eval_v2_matched_three_model_v3/results/olmo/epoch-010/harness/raw/__vol__tmp2__yesildau__m1_matched_three_model_retry_v1__training__olmo__20260822T155242Z_m1_matched_epoch_dense_olmo_seed42_30cd6396__epoch_snapshots__epoch-010/results_2026-08-23T15-46-16.140773.json,5ddd7b3f64a8bbc75e892eb3986cca741e5bb6d2a8bc83adb727d5ae65c704ae,12381,0.6597443057015225,62,0.02757384737479085,4.1794748566220505,direct_same_metric_and_denominator
olmo,olmo/epoch-010,epoch-010,10,70,False,wikitext_word_ppl,wikitext,12.776315125228885,PPL,lower,62,measured,/vol/tmp2/yesildau/m1_eval_v2_matched_three_model_v3/results/olmo/epoch-010/harness/raw/__vol__tmp2__yesildau__m1_matched_three_model_retry_v1__training__olmo__20260822T155242Z_m1_matched_epoch_dense_olmo_seed42_30cd6396__epoch_snapshots__epoch-010/results_2026-08-23T15-46-16.140773.json,5ddd7b3f64a8bbc75e892eb3986cca741e5bb6d2a8bc83adb727d5ae65c704ae,12381,11.535032064152116,62,1.2412830610767696,10.760984921180714,direct_same_metric_and_denominator
olmo,olmo/epoch-010,epoch-010,10,70,False,wikitext_byte_ppl,wikitext,1.6102873477788087,PPL,lower,62,measured,/vol/tmp2/yesildau/m1_eval_v2_matched_three_model_v3/results/olmo/epoch-010/harness/raw/__vol__tmp2__yesildau__m1_matched_three_model_retry_v1__training__olmo__20260822T155242Z_m1_matched_epoch_dense_olmo_seed42_30cd6396__epoch_snapshots__epoch-010/results_2026-08-23T15-46-16.140773.json,5ddd7b3f64a8bbc75e892eb3986cca741e5bb6d2a8bc83adb727d5ae65c704ae,12381,1.5798026045225246,62,0.03048474325628403,1.9296552093922936,direct_same_metric_and_denominator
olmo,olmo/epoch-010,epoch-010,10,70,False,exact_prefix_top1_accuracy,exact_prefix,1.0,fraction,higher,500,measured,/vol/tmp2/yesildau/m1_eval_v2_matched_three_model_v3/results/olmo/epoch-010/exact_prefix/raw/20260823T141639Z_de6a09eb/summary_metrics.json,dca15c3f2acebac50db41e975d8901713705558a0aea1c53e56d6007dc43f951,1708,0.022,500,0.978,4445.454545454546,direct_same_metric_and_denominator
olmo,olmo/epoch-010,epoch-010,10,70,False,exact_prefix_top5_accuracy,exact_prefix,1.0,fraction,higher,500,measured,/vol/tmp2/yesildau/m1_eval_v2_matched_three_model_v3/results/olmo/epoch-010/exact_prefix/raw/20260823T141639Z_de6a09eb/summary_metrics.json,dca15c3f2acebac50db41e975d8901713705558a0aea1c53e56d6007dc43f951,1708,,,,,no_m0_reference
olmo,olmo/epoch-010,epoch-010,10,70,False,exact_prefix_mrr,exact_prefix,1.0,fraction,higher,500,measured,/vol/tmp2/yesildau/m1_eval_v2_matched_three_model_v3/results/olmo/epoch-010/exact_prefix/raw/20260823T141639Z_de6a09eb/summary_metrics.json,dca15c3f2acebac50db41e975d8901713705558a0aea1c53e56d6007dc43f951,1708,,,,,no_m0_reference
olmo,olmo/epoch-010,epoch-010,10,70,False,exact_prefix_mean_rank,exact_prefix,1,rank,lower,500,measured,/vol/tmp2/yesildau/m1_eval_v2_matched_three_model_v3/results/olmo/epoch-010/exact_prefix/raw/20260823T141639Z_de6a09eb/summary_metrics.json,dca15c3f2acebac50db41e975d8901713705558a0aea1c53e56d6007dc43f951,1708,,,,,no_m0_reference
olmo,olmo/epoch-010,epoch-010,10,70,False,exact_prefix_mean_score_margin,exact_prefix,4.025313632672052,logprob,higher,500,measured,/vol/tmp2/yesildau/m1_eval_v2_matched_three_model_v3/results/olmo/epoch-010/exact_prefix/raw/20260823T141639Z_de6a09eb/summary_metrics.json,dca15c3f2acebac50db41e975d8901713705558a0aea1c53e56d6007dc43f951,1708,,,,,no_m0_reference
olmo,olmo/epoch-010,epoch-010,10,70,False,factual_cheap_top1_count,factual_cheap,655,count,higher,1500,completed,/vol/tmp2/yesildau/m1_eval_v2_matched_three_model_v3/results/olmo/epoch-010/factual_cheap/raw/summary.json,a1e8a8c62cea26dd16606dd72559d0cdd30b6c8eec82c76551ab78d77d5be2e8,323,,,,,no_m0_reference
olmo,olmo/epoch-010,epoch-010,10,70,False,turkish_bpb,turkish_cross_domain,2.100033635698581,bits/byte,lower,9653767,measured,/vol/tmp2/yesildau/m1_eval_v2_matched_three_model_v3/results/olmo/epoch-010/turkish_perplexity/raw/trwiki_cross_domain/summary.json,2669d597dc01e49e75906a74dbb9426c9d965c51bec14f6c0924bbf9a8cd1f05,932,1.6476820673132215,9653767,0.4523515683853596,27.4538138976643,direct_same_metric_and_denominator
olmo,olmo/epoch-010,epoch-010,10,70,False,turkish_ppl,turkish_cross_domain,52.72413836138881,PPL,lower,9653767,measured,/vol/tmp2/yesildau/m1_eval_v2_matched_three_model_v3/results/olmo/epoch-010/turkish_perplexity/raw/trwiki_cross_domain/summary.json,2669d597dc01e49e75906a74dbb9426c9d965c51bec14f6c0924bbf9a8cd1f05,932,22.443216640433842,9653767,30.280921720954968,134.92237857919469,direct_same_metric_and_denominator
olmo,olmo/epoch-010,epoch-010,10,70,False,turkish_byte_ppl,turkish_cross_domain,4.287193802715485,PPL,lower,9653767,measured,/vol/tmp2/yesildau/m1_eval_v2_matched_three_model_v3/results/olmo/epoch-010/turkish_perplexity/raw/trwiki_cross_domain/summary.json,2669d597dc01e49e75906a74dbb9426c9d965c51bec14f6c0924bbf9a8cd1f05,932,3.1332981738003447,9653767,1.1538956289151399,36.82686948097225,direct_same_metric_and_denominator
olmo,olmo/epoch-010,epoch-010,10,70,False,generation_top1_accuracy,generation,1.0,fraction,higher,30,measured,/vol/tmp2/yesildau/m1_eval_v2_matched_three_model_v3/results/olmo/epoch-010/generation_integrity/raw/20260823T141835Z_m1_olmo_epoch-010_generation/summary_metrics.json,58c8a4835d598f9fc838fa7eab4cfaf2a420ef5b09c11aa2d4b0b4217a393f4e,1084,1.0,30,0.0,0.0,direct_same_metric_and_denominator
olmo,olmo/epoch-010,epoch-010,10,70,False,generation_empty_or_near_empty,generation,0,count,lower,30,measured,/vol/tmp2/yesildau/m1_eval_v2_matched_three_model_v3/results/olmo/epoch-010/generation_integrity/raw/20260823T141835Z_m1_olmo_epoch-010_generation/summary_metrics.json,58c8a4835d598f9fc838fa7eab4cfaf2a420ef5b09c11aa2d4b0b4217a393f4e,1084,1,30,-1,-100.0,direct_same_metric_and_denominator
olmo,olmo/epoch-010,epoch-010,10,70,False,generation_distinct_2,generation,0.5976630971225261,fraction,higher,30,measured,/vol/tmp2/yesildau/m1_eval_v2_matched_three_model_v3/results/olmo/epoch-010/generation_integrity/raw/20260823T141835Z_m1_olmo_epoch-010_generation/summary_metrics.json,58c8a4835d598f9fc838fa7eab4cfaf2a420ef5b09c11aa2d4b0b4217a393f4e,1084,0.5930820105820105,30,0.004581086540515589,0.7724204172067234,direct_same_metric_and_denominator
olmo,olmo/epoch-010,epoch-010,10,70,False,generation_repeated_3gram,generation,0.5083291399615092,fraction,lower,30,measured,/vol/tmp2/yesildau/m1_eval_v2_matched_three_model_v3/results/olmo/epoch-010/generation_integrity/raw/20260823T141835Z_m1_olmo_epoch-010_generation/summary_metrics.json,58c8a4835d598f9fc838fa7eab4cfaf2a420ef5b09c11aa2d4b0b4217a393f4e,1084,0.49161841742486906,30,0.016710722536640132,3.399124594268059,direct_same_metric_and_denominator
olmo,olmo/epoch-010,epoch-010,10,70,False,generation_repeated_4gram,generation,0.44719925144288447,fraction,lower,30,measured,/vol/tmp2/yesildau/m1_eval_v2_matched_three_model_v3/results/olmo/epoch-010/generation_integrity/raw/20260823T141835Z_m1_olmo_epoch-010_generation/summary_metrics.json,58c8a4835d598f9fc838fa7eab4cfaf2a420ef5b09c11aa2d4b0b4217a393f4e,1084,,,,,no_m0_reference
olmo,olmo/epoch-010,epoch-010,10,70,False,generation_ppl,generation,24.239022967955762,PPL,lower,291485,measured,/vol/tmp2/yesildau/m1_eval_v2_matched_three_model_v3/results/olmo/epoch-010/generation_integrity/raw/20260823T141835Z_m1_olmo_epoch-010_generation/summary_metrics.json,58c8a4835d598f9fc838fa7eab4cfaf2a420ef5b09c11aa2d4b0b4217a393f4e,1084,16.80073153464442,291485,7.438291433311342,44.27361640755347,direct_same_metric_and_denominator
olmo,olmo/epoch-011,epoch-011,11,77,False,wikitext_bpb,wikitext,0.6873797779505927,bits/byte,lower,62,measured,/vol/tmp2/yesildau/m1_eval_v2_matched_three_model_v3/results/olmo/epoch-011/harness/raw/__vol__tmp2__yesildau__m1_matched_three_model_retry_v1__training__olmo__20260822T155242Z_m1_matched_epoch_dense_olmo_seed42_30cd6396__epoch_snapshots__epoch-011/results_2026-08-23T15-57-28.336029.json,00c5156f4d5355e3fef8990737dc0ad29a3525d4974ae8ea9560abd2bb6a0f69,12380,0.6597443057015225,62,0.027635472249070148,4.188815577526609,direct_same_metric_and_denominator
olmo,olmo/epoch-011,epoch-011,11,77,False,wikitext_word_ppl,wikitext,12.779233785239999,PPL,lower,62,measured,/vol/tmp2/yesildau/m1_eval_v2_matched_three_model_v3/results/olmo/epoch-011/harness/raw/__vol__tmp2__yesildau__m1_matched_three_model_retry_v1__training__olmo__20260822T155242Z_m1_matched_epoch_dense_olmo_seed42_30cd6396__epoch_snapshots__epoch-011/results_2026-08-23T15-57-28.336029.json,00c5156f4d5355e3fef8990737dc0ad29a3525d4974ae8ea9560abd2bb6a0f69,12380,11.535032064152116,62,1.244201721087883,10.78628749506938,direct_same_metric_and_denominator
olmo,olmo/epoch-011,epoch-011,11,77,False,wikitext_byte_ppl,wikitext,1.6103561328456235,PPL,lower,62,measured,/vol/tmp2/yesildau/m1_eval_v2_matched_three_model_v3/results/olmo/epoch-011/harness/raw/__vol__tmp2__yesildau__m1_matched_three_model_retry_v1__training__olmo__20260822T155242Z_m1_matched_epoch_dense_olmo_seed42_30cd6396__epoch_snapshots__epoch-011/results_2026-08-23T15-57-28.336029.json,00c5156f4d5355e3fef8990737dc0ad29a3525d4974ae8ea9560abd2bb6a0f69,12380,1.5798026045225246,62,0.030553528323098877,1.9340092385993561,direct_same_metric_and_denominator
olmo,olmo/epoch-011,epoch-011,11,77,False,exact_prefix_top1_accuracy,exact_prefix,1.0,fraction,higher,500,measured,/vol/tmp2/yesildau/m1_eval_v2_matched_three_model_v3/results/olmo/epoch-011/exact_prefix/raw/20260823T142506Z_af58679b/summary_metrics.json,0f9fb90df88a5a2ec173ec76422a8af665a1c96abde01c29a343ee33609228fb,1711,0.022,500,0.978,4445.454545454546,direct_same_metric_and_denominator
olmo,olmo/epoch-011,epoch-011,11,77,False,exact_prefix_top5_accuracy,exact_prefix,1.0,fraction,higher,500,measured,/vol/tmp2/yesildau/m1_eval_v2_matched_three_model_v3/results/olmo/epoch-011/exact_prefix/raw/20260823T142506Z_af58679b/summary_metrics.json,0f9fb90df88a5a2ec173ec76422a8af665a1c96abde01c29a343ee33609228fb,1711,,,,,no_m0_reference
olmo,olmo/epoch-011,epoch-011,11,77,False,exact_prefix_mrr,exact_prefix,1.0,fraction,higher,500,measured,/vol/tmp2/yesildau/m1_eval_v2_matched_three_model_v3/results/olmo/epoch-011/exact_prefix/raw/20260823T142506Z_af58679b/summary_metrics.json,0f9fb90df88a5a2ec173ec76422a8af665a1c96abde01c29a343ee33609228fb,1711,,,,,no_m0_reference
olmo,olmo/epoch-011,epoch-011,11,77,False,exact_prefix_mean_rank,exact_prefix,1,rank,lower,500,measured,/vol/tmp2/yesildau/m1_eval_v2_matched_three_model_v3/results/olmo/epoch-011/exact_prefix/raw/20260823T142506Z_af58679b/summary_metrics.json,0f9fb90df88a5a2ec173ec76422a8af665a1c96abde01c29a343ee33609228fb,1711,,,,,no_m0_reference
olmo,olmo/epoch-011,epoch-011,11,77,False,exact_prefix_mean_score_margin,exact_prefix,4.0550292496894444,logprob,higher,500,measured,/vol/tmp2/yesildau/m1_eval_v2_matched_three_model_v3/results/olmo/epoch-011/exact_prefix/raw/20260823T142506Z_af58679b/summary_metrics.json,0f9fb90df88a5a2ec173ec76422a8af665a1c96abde01c29a343ee33609228fb,1711,,,,,no_m0_reference
olmo,olmo/epoch-011,epoch-011,11,77,False,factual_cheap_top1_count,factual_cheap,661,count,higher,1500,completed,/vol/tmp2/yesildau/m1_eval_v2_matched_three_model_v3/results/olmo/epoch-011/factual_cheap/raw/summary.json,56ef2f108177e2b51a79eb6e3484584313999fabcf21dbdb4cfaaabf24af7766,323,,,,,no_m0_reference
olmo,olmo/epoch-011,epoch-011,11,77,False,turkish_bpb,turkish_cross_domain,2.101466208970893,bits/byte,lower,9653767,measured,/vol/tmp2/yesildau/m1_eval_v2_matched_three_model_v3/results/olmo/epoch-011/turkish_perplexity/raw/trwiki_cross_domain/summary.json,41ac3a61f1707ff0c56e71bc6daec0c80169edddd2131067bf2ee3021198a7fc,934,1.6476820673132215,9653767,0.45378414165767134,27.54075866090055,direct_same_metric_and_denominator
olmo,olmo/epoch-011,epoch-011,11,77,False,turkish_ppl,turkish_cross_domain,52.86694184280042,PPL,lower,9653767,measured,/vol/tmp2/yesildau/m1_eval_v2_matched_three_model_v3/results/olmo/epoch-011/turkish_perplexity/raw/trwiki_cross_domain/summary.json,41ac3a61f1707ff0c56e71bc6daec0c80169edddd2131067bf2ee3021198a7fc,934,22.443216640433842,9653767,30.42372520236658,135.55866652178102,direct_same_metric_and_denominator
olmo,olmo/epoch-011,epoch-011,11,77,False,turkish_byte_ppl,turkish_cross_domain,4.291453032424642,PPL,lower,9653767,measured,/vol/tmp2/yesildau/m1_eval_v2_matched_three_model_v3/results/olmo/epoch-011/turkish_perplexity/raw/trwiki_cross_domain/summary.json,41ac3a61f1707ff0c56e71bc6daec0c80169edddd2131067bf2ee3021198a7fc,934,3.1332981738003447,9653767,1.1581548586242976,36.96280386936758,direct_same_metric_and_denominator
olmo,olmo/epoch-011,epoch-011,11,77,False,generation_top1_accuracy,generation,1.0,fraction,higher,30,measured,/vol/tmp2/yesildau/m1_eval_v2_matched_three_model_v3/results/olmo/epoch-011/generation_integrity/raw/20260823T142729Z_m1_olmo_epoch-011_generation/summary_metrics.json,bdc820242aa12e2e7627ee602d882cfcfd99f3d83ce0bd18bc6243b595103cc7,1077,1.0,30,0.0,0.0,direct_same_metric_and_denominator
olmo,olmo/epoch-011,epoch-011,11,77,False,generation_empty_or_near_empty,generation,0,count,lower,30,measured,/vol/tmp2/yesildau/m1_eval_v2_matched_three_model_v3/results/olmo/epoch-011/generation_integrity/raw/20260823T142729Z_m1_olmo_epoch-011_generation/summary_metrics.json,bdc820242aa12e2e7627ee602d882cfcfd99f3d83ce0bd18bc6243b595103cc7,1077,1,30,-1,-100.0,direct_same_metric_and_denominator
olmo,olmo/epoch-011,epoch-011,11,77,False,generation_distinct_2,generation,0.613309234766014,fraction,higher,30,measured,/vol/tmp2/yesildau/m1_eval_v2_matched_three_model_v3/results/olmo/epoch-011/generation_integrity/raw/20260823T142729Z_m1_olmo_epoch-011_generation/summary_metrics.json,bdc820242aa12e2e7627ee602d882cfcfd99f3d83ce0bd18bc6243b595103cc7,1077,0.5930820105820105,30,0.020227224184003467,3.41052735087241,direct_same_metric_and_denominator
olmo,olmo/epoch-011,epoch-011,11,77,False,generation_repeated_3gram,generation,0.47313797313797307,fraction,lower,30,measured,/vol/tmp2/yesildau/m1_eval_v2_matched_three_model_v3/results/olmo/epoch-011/generation_integrity/raw/20260823T142729Z_m1_olmo_epoch-011_generation/summary_metrics.json,bdc820242aa12e2e7627ee602d882cfcfd99f3d83ce0bd18bc6243b595103cc7,1077,0.49161841742486906,30,-0.01848044428689599,-3.7591033272711436,direct_same_metric_and_denominator
olmo,olmo/epoch-011,epoch-011,11,77,False,generation_repeated_4gram,generation,0.4207867179925415,fraction,lower,30,measured,/vol/tmp2/yesildau/m1_eval_v2_matched_three_model_v3/results/olmo/epoch-011/generation_integrity/raw/20260823T142729Z_m1_olmo_epoch-011_generation/summary_metrics.json,bdc820242aa12e2e7627ee602d882cfcfd99f3d83ce0bd18bc6243b595103cc7,1077,,,,,no_m0_reference
olmo,olmo/epoch-011,epoch-011,11,77,False,generation_ppl,generation,24.2678407341296,PPL,lower,291485,measured,/vol/tmp2/yesildau/m1_eval_v2_matched_three_model_v3/results/olmo/epoch-011/generation_integrity/raw/20260823T142729Z_m1_olmo_epoch-011_generation/summary_metrics.json,bdc820242aa12e2e7627ee602d882cfcfd99f3d83ce0bd18bc6243b595103cc7,1077,16.80073153464442,291485,7.467109199485179,44.44514326109799,direct_same_metric_and_denominator
olmo,olmo/epoch-012,epoch-012,12,84,False,wikitext_bpb,wikitext,0.6874295250146367,bits/byte,lower,62,measured,/vol/tmp2/yesildau/m1_eval_v2_matched_three_model_v3/results/olmo/epoch-012/harness/raw/__vol__tmp2__yesildau__m1_matched_three_model_retry_v1__training__olmo__20260822T155242Z_m1_matched_epoch_dense_olmo_seed42_30cd6396__epoch_snapshots__epoch-012/results_2026-08-23T16-06-31.439550.json,3cd8fc754bd57aae85db90268ed2aed18c3135d59f40ff8d23310624e473e54d,12380,0.6597443057015225,62,0.027685219313114184,4.196355932723937,direct_same_metric_and_denominator
olmo,olmo/epoch-012,epoch-012,12,84,False,wikitext_word_ppl,wikitext,12.781590378092352,PPL,lower,62,measured,/vol/tmp2/yesildau/m1_eval_v2_matched_three_model_v3/results/olmo/epoch-012/harness/raw/__vol__tmp2__yesildau__m1_matched_three_model_retry_v1__training__olmo__20260822T155242Z_m1_matched_epoch_dense_olmo_seed42_30cd6396__epoch_snapshots__epoch-012/results_2026-08-23T16-06-31.439550.json,3cd8fc754bd57aae85db90268ed2aed18c3135d59f40ff8d23310624e473e54d,12380,11.535032064152116,62,1.2465583139402359,10.806717371980398,direct_same_metric_and_denominator
olmo,olmo/epoch-012,epoch-012,12,84,False,wikitext_byte_ppl,wikitext,1.610411662163051,PPL,lower,62,measured,/vol/tmp2/yesildau/m1_eval_v2_matched_three_model_v3/results/olmo/epoch-012/harness/raw/__vol__tmp2__yesildau__m1_matched_three_model_retry_v1__training__olmo__20260822T155242Z_m1_matched_epoch_dense_olmo_seed42_30cd6396__epoch_snapshots__epoch-012/results_2026-08-23T16-06-31.439550.json,3cd8fc754bd57aae85db90268ed2aed18c3135d59f40ff8d23310624e473e54d,12380,1.5798026045225246,62,0.03060905764052646,1.9375241914971815,direct_same_metric_and_denominator
olmo,olmo/epoch-012,epoch-012,12,84,False,exact_prefix_top1_accuracy,exact_prefix,1.0,fraction,higher,500,measured,/vol/tmp2/yesildau/m1_eval_v2_matched_three_model_v3/results/olmo/epoch-012/exact_prefix/raw/20260823T143345Z_06aeb179/summary_metrics.json,decf756c95921c1107bb2309b1d42a3c9d157d744a712cc964b9d67ea9af7e15,1710,0.022,500,0.978,4445.454545454546,direct_same_metric_and_denominator
olmo,olmo/epoch-012,epoch-012,12,84,False,exact_prefix_top5_accuracy,exact_prefix,1.0,fraction,higher,500,measured,/vol/tmp2/yesildau/m1_eval_v2_matched_three_model_v3/results/olmo/epoch-012/exact_prefix/raw/20260823T143345Z_06aeb179/summary_metrics.json,decf756c95921c1107bb2309b1d42a3c9d157d744a712cc964b9d67ea9af7e15,1710,,,,,no_m0_reference
olmo,olmo/epoch-012,epoch-012,12,84,False,exact_prefix_mrr,exact_prefix,1.0,fraction,higher,500,measured,/vol/tmp2/yesildau/m1_eval_v2_matched_three_model_v3/results/olmo/epoch-012/exact_prefix/raw/20260823T143345Z_06aeb179/summary_metrics.json,decf756c95921c1107bb2309b1d42a3c9d157d744a712cc964b9d67ea9af7e15,1710,,,,,no_m0_reference
olmo,olmo/epoch-012,epoch-012,12,84,False,exact_prefix_mean_rank,exact_prefix,1,rank,lower,500,measured,/vol/tmp2/yesildau/m1_eval_v2_matched_three_model_v3/results/olmo/epoch-012/exact_prefix/raw/20260823T143345Z_06aeb179/summary_metrics.json,decf756c95921c1107bb2309b1d42a3c9d157d744a712cc964b9d67ea9af7e15,1710,,,,,no_m0_reference
olmo,olmo/epoch-012,epoch-012,12,84,False,exact_prefix_mean_score_margin,exact_prefix,4.073850250367421,logprob,higher,500,measured,/vol/tmp2/yesildau/m1_eval_v2_matched_three_model_v3/results/olmo/epoch-012/exact_prefix/raw/20260823T143345Z_06aeb179/summary_metrics.json,decf756c95921c1107bb2309b1d42a3c9d157d744a712cc964b9d67ea9af7e15,1710,,,,,no_m0_reference
olmo,olmo/epoch-012,epoch-012,12,84,False,factual_cheap_top1_count,factual_cheap,660,count,higher,1500,completed,/vol/tmp2/yesildau/m1_eval_v2_matched_three_model_v3/results/olmo/epoch-012/factual_cheap/raw/summary.json,57db82db8647ceb7e03f4a37a15b94fd507f5dfd6aec3763ba174f5d9f68f524,323,,,,,no_m0_reference
olmo,olmo/epoch-012,epoch-012,12,84,False,turkish_bpb,turkish_cross_domain,2.1026314513825173,bits/byte,lower,9653767,measured,/vol/tmp2/yesildau/m1_eval_v2_matched_three_model_v3/results/olmo/epoch-012/turkish_perplexity/raw/trwiki_cross_domain/summary.json,27d4618cee846592ef1aab4e5b295c5444a355feb06af2aae487d87f0eab51b9,933,1.6476820673132215,9653767,0.45494938406929575,27.611478761260965,direct_same_metric_and_denominator
olmo,olmo/epoch-012,epoch-012,12,84,False,turkish_ppl,turkish_cross_domain,52.98338213399313,PPL,lower,9653767,measured,/vol/tmp2/yesildau/m1_eval_v2_matched_three_model_v3/results/olmo/epoch-012/turkish_perplexity/raw/trwiki_cross_domain/summary.json,27d4618cee846592ef1aab4e5b295c5444a355feb06af2aae487d87f0eab51b9,933,22.443216640433842,9653767,30.54016549355929,136.07748828007982,direct_same_metric_and_denominator
olmo,olmo/epoch-012,epoch-012,12,84,False,turkish_byte_ppl,turkish_cross_domain,4.29492057263903,PPL,lower,9653767,measured,/vol/tmp2/yesildau/m1_eval_v2_matched_three_model_v3/results/olmo/epoch-012/turkish_perplexity/raw/trwiki_cross_domain/summary.json,27d4618cee846592ef1aab4e5b295c5444a355feb06af2aae487d87f0eab51b9,933,3.1332981738003447,9653767,1.1616223988386851,37.07347128823572,direct_same_metric_and_denominator
olmo,olmo/epoch-012,epoch-012,12,84,False,generation_top1_accuracy,generation,1.0,fraction,higher,30,measured,/vol/tmp2/yesildau/m1_eval_v2_matched_three_model_v3/results/olmo/epoch-012/generation_integrity/raw/20260823T143532Z_m1_olmo_epoch-012_generation/summary_metrics.json,78aec5917889fef1ed05f1fa7f6cc709c290982dc1ff014ec613716c495cfd89,1081,1.0,30,0.0,0.0,direct_same_metric_and_denominator
olmo,olmo/epoch-012,epoch-012,12,84,False,generation_empty_or_near_empty,generation,0,count,lower,30,measured,/vol/tmp2/yesildau/m1_eval_v2_matched_three_model_v3/results/olmo/epoch-012/generation_integrity/raw/20260823T143532Z_m1_olmo_epoch-012_generation/summary_metrics.json,78aec5917889fef1ed05f1fa7f6cc709c290982dc1ff014ec613716c495cfd89,1081,1,30,-1,-100.0,direct_same_metric_and_denominator
olmo,olmo/epoch-012,epoch-012,12,84,False,generation_distinct_2,generation,0.5834729851536574,fraction,higher,30,measured,/vol/tmp2/yesildau/m1_eval_v2_matched_three_model_v3/results/olmo/epoch-012/generation_integrity/raw/20260823T143532Z_m1_olmo_epoch-012_generation/summary_metrics.json,78aec5917889fef1ed05f1fa7f6cc709c290982dc1ff014ec613716c495cfd89,1081,0.5930820105820105,30,-0.009609025428353068,-1.6201849418638448,direct_same_metric_and_denominator
olmo,olmo/epoch-012,epoch-012,12,84,False,generation_repeated_3gram,generation,0.5234139784946236,fraction,lower,30,measured,/vol/tmp2/yesildau/m1_eval_v2_matched_three_model_v3/results/olmo/epoch-012/generation_integrity/raw/20260823T143532Z_m1_olmo_epoch-012_generation/summary_metrics.json,78aec5917889fef1ed05f1fa7f6cc709c290982dc1ff014ec613716c495cfd89,1081,0.49161841742486906,30,0.03179556106975451,6.467528461667858,direct_same_metric_and_denominator
olmo,olmo/epoch-012,epoch-012,12,84,False,generation_repeated_4gram,generation,0.4651765694069746,fraction,lower,30,measured,/vol/tmp2/yesildau/m1_eval_v2_matched_three_model_v3/results/olmo/epoch-012/generation_integrity/raw/20260823T143532Z_m1_olmo_epoch-012_generation/summary_metrics.json,78aec5917889fef1ed05f1fa7f6cc709c290982dc1ff014ec613716c495cfd89,1081,,,,,no_m0_reference
olmo,olmo/epoch-012,epoch-012,12,84,False,generation_ppl,generation,24.297502279979337,PPL,lower,291485,measured,/vol/tmp2/yesildau/m1_eval_v2_matched_three_model_v3/results/olmo/epoch-012/generation_integrity/raw/20260823T143532Z_m1_olmo_epoch-012_generation/summary_metrics.json,78aec5917889fef1ed05f1fa7f6cc709c290982dc1ff014ec613716c495cfd89,1081,16.80073153464442,291485,7.496770745334917,44.62169239402457,direct_same_metric_and_denominator
olmo,olmo/epoch-013,epoch-013,13,91,False,wikitext_bpb,wikitext,0.6874666955737259,bits/byte,lower,62,measured,/vol/tmp2/yesildau/m1_eval_v2_matched_three_model_v3/results/olmo/epoch-013/harness/raw/__vol__tmp2__yesildau__m1_matched_three_model_retry_v1__training__olmo__20260822T155242Z_m1_matched_epoch_dense_olmo_seed42_30cd6396__epoch_snapshots__epoch-013/results_2026-08-23T16-21-59.405196.json,2e3e48bc585cfc40f55ff351c3041e5000464322227a1e86abdadd2c340ba831,12380,0.6597443057015225,62,0.027722389872203324,4.201990018348914,direct_same_metric_and_denominator
olmo,olmo/epoch-013,epoch-013,13,91,False,wikitext_word_ppl,wikitext,12.783351486749744,PPL,lower,62,measured,/vol/tmp2/yesildau/m1_eval_v2_matched_three_model_v3/results/olmo/epoch-013/harness/raw/__vol__tmp2__yesildau__m1_matched_three_model_retry_v1__training__olmo__20260822T155242Z_m1_matched_epoch_dense_olmo_seed42_30cd6396__epoch_snapshots__epoch-013/results_2026-08-23T16-21-59.405196.json,2e3e48bc585cfc40f55ff351c3041e5000464322227a1e86abdadd2c340ba831,12380,11.535032064152116,62,1.2483194225976284,10.82198485149496,direct_same_metric_and_denominator
olmo,olmo/epoch-013,epoch-013,13,91,False,wikitext_byte_ppl,wikitext,1.6104531544197591,PPL,lower,62,measured,/vol/tmp2/yesildau/m1_eval_v2_matched_three_model_v3/results/olmo/epoch-013/harness/raw/__vol__tmp2__yesildau__m1_matched_three_model_retry_v1__training__olmo__20260822T155242Z_m1_matched_epoch_dense_olmo_seed42_30cd6396__epoch_snapshots__epoch-013/results_2026-08-23T16-21-59.405196.json,2e3e48bc585cfc40f55ff351c3041e5000464322227a1e86abdadd2c340ba831,12380,1.5798026045225246,62,0.03065054989723448,1.9401506118226854,direct_same_metric_and_denominator
olmo,olmo/epoch-013,epoch-013,13,91,False,exact_prefix_top1_accuracy,exact_prefix,1.0,fraction,higher,500,measured,/vol/tmp2/yesildau/m1_eval_v2_matched_three_model_v3/results/olmo/epoch-013/exact_prefix/raw/20260823T145103Z_797fafca/summary_metrics.json,31e927f199ece136f9148295b523f4188e8ddc6eeb6554b29162acf333cb1c47,1710,0.022,500,0.978,4445.454545454546,direct_same_metric_and_denominator
olmo,olmo/epoch-013,epoch-013,13,91,False,exact_prefix_top5_accuracy,exact_prefix,1.0,fraction,higher,500,measured,/vol/tmp2/yesildau/m1_eval_v2_matched_three_model_v3/results/olmo/epoch-013/exact_prefix/raw/20260823T145103Z_797fafca/summary_metrics.json,31e927f199ece136f9148295b523f4188e8ddc6eeb6554b29162acf333cb1c47,1710,,,,,no_m0_reference
olmo,olmo/epoch-013,epoch-013,13,91,False,exact_prefix_mrr,exact_prefix,1.0,fraction,higher,500,measured,/vol/tmp2/yesildau/m1_eval_v2_matched_three_model_v3/results/olmo/epoch-013/exact_prefix/raw/20260823T145103Z_797fafca/summary_metrics.json,31e927f199ece136f9148295b523f4188e8ddc6eeb6554b29162acf333cb1c47,1710,,,,,no_m0_reference
olmo,olmo/epoch-013,epoch-013,13,91,False,exact_prefix_mean_rank,exact_prefix,1,rank,lower,500,measured,/vol/tmp2/yesildau/m1_eval_v2_matched_three_model_v3/results/olmo/epoch-013/exact_prefix/raw/20260823T145103Z_797fafca/summary_metrics.json,31e927f199ece136f9148295b523f4188e8ddc6eeb6554b29162acf333cb1c47,1710,,,,,no_m0_reference
olmo,olmo/epoch-013,epoch-013,13,91,False,exact_prefix_mean_score_margin,exact_prefix,4.091876558284152,logprob,higher,500,measured,/vol/tmp2/yesildau/m1_eval_v2_matched_three_model_v3/results/olmo/epoch-013/exact_prefix/raw/20260823T145103Z_797fafca/summary_metrics.json,31e927f199ece136f9148295b523f4188e8ddc6eeb6554b29162acf333cb1c47,1710,,,,,no_m0_reference
olmo,olmo/epoch-013,epoch-013,13,91,False,factual_cheap_top1_count,factual_cheap,659,count,higher,1500,completed,/vol/tmp2/yesildau/m1_eval_v2_matched_three_model_v3/results/olmo/epoch-013/factual_cheap/raw/summary.json,3ec27f9250ddfdcfa1d4e9460b650b72696db7c04b71c2bf07cd541a5a1fff06,323,,,,,no_m0_reference
olmo,olmo/epoch-013,epoch-013,13,91,False,turkish_bpb,turkish_cross_domain,2.1035909650249107,bits/byte,lower,9653767,measured,/vol/tmp2/yesildau/m1_eval_v2_matched_three_model_v3/results/olmo/epoch-013/turkish_perplexity/raw/trwiki_cross_domain/summary.json,a9742281a8b7068007bacdf00e0612d7f1b9a00d8e1e1ab84c982baa0ec9831c,936,1.6476820673132215,9653767,0.4559088977116892,27.669712911005522,direct_same_metric_and_denominator
olmo,olmo/epoch-013,epoch-013,13,91,False,turkish_ppl,turkish_cross_domain,53.07945688465542,PPL,lower,9653767,measured,/vol/tmp2/yesildau/m1_eval_v2_matched_three_model_v3/results/olmo/epoch-013/turkish_perplexity/raw/trwiki_cross_domain/summary.json,a9742281a8b7068007bacdf00e0612d7f1b9a00d8e1e1ab84c982baa0ec9831c,936,22.443216640433842,9653767,30.63624024422158,136.50556751756847,direct_same_metric_and_denominator
olmo,olmo/epoch-013,epoch-013,13,91,False,turkish_byte_ppl,turkish_cross_domain,4.297778006460464,PPL,lower,9653767,measured,/vol/tmp2/yesildau/m1_eval_v2_matched_three_model_v3/results/olmo/epoch-013/turkish_perplexity/raw/trwiki_cross_domain/summary.json,a9742281a8b7068007bacdf00e0612d7f1b9a00d8e1e1ab84c982baa0ec9831c,936,3.1332981738003447,9653767,1.1644798326601196,37.16466700798329,direct_same_metric_and_denominator
olmo,olmo/epoch-013,epoch-013,13,91,False,generation_top1_accuracy,generation,1.0,fraction,higher,30,measured,/vol/tmp2/yesildau/m1_eval_v2_matched_three_model_v3/results/olmo/epoch-013/generation_integrity/raw/20260823T145325Z_m1_olmo_epoch-013_generation/summary_metrics.json,efd97fa7287991102b1ed90062b4e79ba38cda17c418f5ce0bef7e89aa828fcf,1081,1.0,30,0.0,0.0,direct_same_metric_and_denominator
olmo,olmo/epoch-013,epoch-013,13,91,False,generation_empty_or_near_empty,generation,0,count,lower,30,measured,/vol/tmp2/yesildau/m1_eval_v2_matched_three_model_v3/results/olmo/epoch-013/generation_integrity/raw/20260823T145325Z_m1_olmo_epoch-013_generation/summary_metrics.json,efd97fa7287991102b1ed90062b4e79ba38cda17c418f5ce0bef7e89aa828fcf,1081,1,30,-1,-100.0,direct_same_metric_and_denominator
olmo,olmo/epoch-013,epoch-013,13,91,False,generation_distinct_2,generation,0.5528256771348427,fraction,higher,30,measured,/vol/tmp2/yesildau/m1_eval_v2_matched_three_model_v3/results/olmo/epoch-013/generation_integrity/raw/20260823T145325Z_m1_olmo_epoch-013_generation/summary_metrics.json,efd97fa7287991102b1ed90062b4e79ba38cda17c418f5ce0bef7e89aa828fcf,1081,0.5930820105820105,30,-0.040256333447167836,-6.7876503972297195,direct_same_metric_and_denominator
olmo,olmo/epoch-013,epoch-013,13,91,False,generation_repeated_3gram,generation,0.5627657927395489,fraction,lower,30,measured,/vol/tmp2/yesildau/m1_eval_v2_matched_three_model_v3/results/olmo/epoch-013/generation_integrity/raw/20260823T145325Z_m1_olmo_epoch-013_generation/summary_metrics.json,efd97fa7287991102b1ed90062b4e79ba38cda17c418f5ce0bef7e89aa828fcf,1081,0.49161841742486906,30,0.0711473753146798,14.472072809508363,direct_same_metric_and_denominator
olmo,olmo/epoch-013,epoch-013,13,91,False,generation_repeated_4gram,generation,0.500863844000284,fraction,lower,30,measured,/vol/tmp2/yesildau/m1_eval_v2_matched_three_model_v3/results/olmo/epoch-013/generation_integrity/raw/20260823T145325Z_m1_olmo_epoch-013_generation/summary_metrics.json,efd97fa7287991102b1ed90062b4e79ba38cda17c418f5ce0bef7e89aa828fcf,1081,,,,,no_m0_reference
olmo,olmo/epoch-013,epoch-013,13,91,False,generation_ppl,generation,24.31151267074488,PPL,lower,291485,measured,/vol/tmp2/yesildau/m1_eval_v2_matched_three_model_v3/results/olmo/epoch-013/generation_integrity/raw/20260823T145325Z_m1_olmo_epoch-013_generation/summary_metrics.json,efd97fa7287991102b1ed90062b4e79ba38cda17c418f5ce0bef7e89aa828fcf,1081,16.80073153464442,291485,7.510781136100459,44.70508394597367,direct_same_metric_and_denominator
olmo,olmo/epoch-014,epoch-014,14,98,False,wikitext_bpb,wikitext,0.6875121107305076,bits/byte,lower,62,measured,/vol/tmp2/yesildau/m1_eval_v2_matched_three_model_v3/results/olmo/epoch-014/harness/raw/__vol__tmp2__yesildau__m1_matched_three_model_retry_v1__training__olmo__20260822T155242Z_m1_matched_epoch_dense_olmo_seed42_30cd6396__epoch_snapshots__epoch-014/results_2026-08-23T16-33-17.114401.json,9eb2e758434a414ca3ca72bcfe02c8daa4f6d41cc2c330b7774433c3d02dfbc7,12381,0.6597443057015225,62,0.027767805028985015,4.208873769582417,direct_same_metric_and_denominator
olmo,olmo/epoch-014,epoch-014,14,98,False,wikitext_word_ppl,wikitext,12.785503546611091,PPL,lower,62,measured,/vol/tmp2/yesildau/m1_eval_v2_matched_three_model_v3/results/olmo/epoch-014/harness/raw/__vol__tmp2__yesildau__m1_matched_three_model_retry_v1__training__olmo__20260822T155242Z_m1_matched_epoch_dense_olmo_seed42_30cd6396__epoch_snapshots__epoch-014/results_2026-08-23T16-33-17.114401.json,9eb2e758434a414ca3ca72bcfe02c8daa4f6d41cc2c330b7774433c3d02dfbc7,12381,11.535032064152116,62,1.250471482458975,10.840641582134095,direct_same_metric_and_denominator
olmo,olmo/epoch-014,epoch-014,14,98,False,wikitext_byte_ppl,wikitext,1.6105038512972156,PPL,lower,62,measured,/vol/tmp2/yesildau/m1_eval_v2_matched_three_model_v3/results/olmo/epoch-014/harness/raw/__vol__tmp2__yesildau__m1_matched_three_model_retry_v1__training__olmo__20260822T155242Z_m1_matched_epoch_dense_olmo_seed42_30cd6396__epoch_snapshots__epoch-014/results_2026-08-23T16-33-17.114401.json,9eb2e758434a414ca3ca72bcfe02c8daa4f6d41cc2c330b7774433c3d02dfbc7,12381,1.5798026045225246,62,0.030701246774690993,1.94335967587356,direct_same_metric_and_denominator
olmo,olmo/epoch-014,epoch-014,14,98,False,exact_prefix_top1_accuracy,exact_prefix,1.0,fraction,higher,500,measured,/vol/tmp2/yesildau/m1_eval_v2_matched_three_model_v3/results/olmo/epoch-014/exact_prefix/raw/20260823T150037Z_a09e8ddd/summary_metrics.json,5110f7b092378580421f06545ffe1995ab07a2da0eba332f1b0fb075e58ae4be,1709,0.022,500,0.978,4445.454545454546,direct_same_metric_and_denominator
olmo,olmo/epoch-014,epoch-014,14,98,False,exact_prefix_top5_accuracy,exact_prefix,1.0,fraction,higher,500,measured,/vol/tmp2/yesildau/m1_eval_v2_matched_three_model_v3/results/olmo/epoch-014/exact_prefix/raw/20260823T150037Z_a09e8ddd/summary_metrics.json,5110f7b092378580421f06545ffe1995ab07a2da0eba332f1b0fb075e58ae4be,1709,,,,,no_m0_reference
olmo,olmo/epoch-014,epoch-014,14,98,False,exact_prefix_mrr,exact_prefix,1.0,fraction,higher,500,measured,/vol/tmp2/yesildau/m1_eval_v2_matched_three_model_v3/results/olmo/epoch-014/exact_prefix/raw/20260823T150037Z_a09e8ddd/summary_metrics.json,5110f7b092378580421f06545ffe1995ab07a2da0eba332f1b0fb075e58ae4be,1709,,,,,no_m0_reference
olmo,olmo/epoch-014,epoch-014,14,98,False,exact_prefix_mean_rank,exact_prefix,1,rank,lower,500,measured,/vol/tmp2/yesildau/m1_eval_v2_matched_three_model_v3/results/olmo/epoch-014/exact_prefix/raw/20260823T150037Z_a09e8ddd/summary_metrics.json,5110f7b092378580421f06545ffe1995ab07a2da0eba332f1b0fb075e58ae4be,1709,,,,,no_m0_reference
olmo,olmo/epoch-014,epoch-014,14,98,False,exact_prefix_mean_score_margin,exact_prefix,4.106822648598471,logprob,higher,500,measured,/vol/tmp2/yesildau/m1_eval_v2_matched_three_model_v3/results/olmo/epoch-014/exact_prefix/raw/20260823T150037Z_a09e8ddd/summary_metrics.json,5110f7b092378580421f06545ffe1995ab07a2da0eba332f1b0fb075e58ae4be,1709,,,,,no_m0_reference
olmo,olmo/epoch-014,epoch-014,14,98,False,factual_cheap_top1_count,factual_cheap,658,count,higher,1500,completed,/vol/tmp2/yesildau/m1_eval_v2_matched_three_model_v3/results/olmo/epoch-014/factual_cheap/raw/summary.json,859a19b7e7d4bbca8a5d71bcfa4109b326d121aa009f5136ed9b72d00206109f,323,,,,,no_m0_reference
olmo,olmo/epoch-014,epoch-014,14,98,False,turkish_bpb,turkish_cross_domain,2.104360856808758,bits/byte,lower,9653767,measured,/vol/tmp2/yesildau/m1_eval_v2_matched_three_model_v3/results/olmo/epoch-014/turkish_perplexity/raw/trwiki_cross_domain/summary.json,8cb36d6986b4097e7570a49ab647e049887c69e5822b82db595d4a3ba307b99d,930,1.6476820673132215,9653767,0.4566787894955364,27.716438659808667,direct_same_metric_and_denominator
olmo,olmo/epoch-014,epoch-014,14,98,False,turkish_ppl,turkish_cross_domain,53.156671022160864,PPL,lower,9653767,measured,/vol/tmp2/yesildau/m1_eval_v2_matched_three_model_v3/results/olmo/epoch-014/turkish_perplexity/raw/trwiki_cross_domain/summary.json,8cb36d6986b4097e7570a49ab647e049887c69e5822b82db595d4a3ba307b99d,930,22.443216640433842,9653767,30.713454381727022,136.84960972302636,direct_same_metric_and_denominator
olmo,olmo/epoch-014,epoch-014,14,98,False,turkish_byte_ppl,turkish_cross_domain,4.300072120540997,PPL,lower,9653767,measured,/vol/tmp2/yesildau/m1_eval_v2_matched_three_model_v3/results/olmo/epoch-014/turkish_perplexity/raw/trwiki_cross_domain/summary.json,8cb36d6986b4097e7570a49ab647e049887c69e5822b82db595d4a3ba307b99d,930,3.1332981738003447,9653767,1.1667739467406522,37.23788423638865,direct_same_metric_and_denominator
olmo,olmo/epoch-014,epoch-014,14,98,False,generation_top1_accuracy,generation,1.0,fraction,higher,30,measured,/vol/tmp2/yesildau/m1_eval_v2_matched_three_model_v3/results/olmo/epoch-014/generation_integrity/raw/20260823T150320Z_m1_olmo_epoch-014_generation/summary_metrics.json,82a3d8a825519af7f5f53be01c18a039b430be0117872a31e36e38b020b2f200,1083,1.0,30,0.0,0.0,direct_same_metric_and_denominator
olmo,olmo/epoch-014,epoch-014,14,98,False,generation_empty_or_near_empty,generation,0,count,lower,30,measured,/vol/tmp2/yesildau/m1_eval_v2_matched_three_model_v3/results/olmo/epoch-014/generation_integrity/raw/20260823T150320Z_m1_olmo_epoch-014_generation/summary_metrics.json,82a3d8a825519af7f5f53be01c18a039b430be0117872a31e36e38b020b2f200,1083,1,30,-1,-100.0,direct_same_metric_and_denominator
olmo,olmo/epoch-014,epoch-014,14,98,False,generation_distinct_2,generation,0.6029548935723754,fraction,higher,30,measured,/vol/tmp2/yesildau/m1_eval_v2_matched_three_model_v3/results/olmo/epoch-014/generation_integrity/raw/20260823T150320Z_m1_olmo_epoch-014_generation/summary_metrics.json,82a3d8a825519af7f5f53be01c18a039b430be0117872a31e36e38b020b2f200,1083,0.5930820105820105,30,0.009872882990364928,1.6646741621241135,direct_same_metric_and_denominator
olmo,olmo/epoch-014,epoch-014,14,98,False,generation_repeated_3gram,generation,0.49827067669172925,fraction,lower,30,measured,/vol/tmp2/yesildau/m1_eval_v2_matched_three_model_v3/results/olmo/epoch-014/generation_integrity/raw/20260823T150320Z_m1_olmo_epoch-014_generation/summary_metrics.json,82a3d8a825519af7f5f53be01c18a039b430be0117872a31e36e38b020b2f200,1083,0.49161841742486906,30,0.006652259266860194,1.3531346733723248,direct_same_metric_and_denominator
olmo,olmo/epoch-014,epoch-014,14,98,False,generation_repeated_4gram,generation,0.4420036747205881,fraction,lower,30,measured,/vol/tmp2/yesildau/m1_eval_v2_matched_three_model_v3/results/olmo/epoch-014/generation_integrity/raw/20260823T150320Z_m1_olmo_epoch-014_generation/summary_metrics.json,82a3d8a825519af7f5f53be01c18a039b430be0117872a31e36e38b020b2f200,1083,,,,,no_m0_reference
olmo,olmo/epoch-014,epoch-014,14,98,False,generation_ppl,generation,24.333704567525473,PPL,lower,291485,measured,/vol/tmp2/yesildau/m1_eval_v2_matched_three_model_v3/results/olmo/epoch-014/generation_integrity/raw/20260823T150320Z_m1_olmo_epoch-014_generation/summary_metrics.json,82a3d8a825519af7f5f53be01c18a039b430be0117872a31e36e38b020b2f200,1083,16.80073153464442,291485,7.532973032881053,44.83717281802566,direct_same_metric_and_denominator
olmo,olmo/epoch-015,epoch-015,15,105,False,wikitext_bpb,wikitext,0.6875346087004826,bits/byte,lower,62,measured,/vol/tmp2/yesildau/m1_eval_v2_matched_three_model_v3/results/olmo/epoch-015/harness/raw/__vol__tmp2__yesildau__m1_matched_three_model_retry_v1__training__olmo__20260822T155242Z_m1_matched_epoch_dense_olmo_seed42_30cd6396__epoch_snapshots__epoch-015/results_2026-08-23T16-40-32.856133.json,9a8ba5b1d867d9cd0d284fc2ceaeb96b04f9e396172cac52f5b9b44114993925,12378,0.6597443057015225,62,0.027790302998960015,4.212283874039639,direct_same_metric_and_denominator
olmo,olmo/epoch-015,epoch-015,15,105,False,wikitext_word_ppl,wikitext,12.786569778146843,PPL,lower,62,measured,/vol/tmp2/yesildau/m1_eval_v2_matched_three_model_v3/results/olmo/epoch-015/harness/raw/__vol__tmp2__yesildau__m1_matched_three_model_retry_v1__training__olmo__20260822T155242Z_m1_matched_epoch_dense_olmo_seed42_30cd6396__epoch_snapshots__epoch-015/results_2026-08-23T16-40-32.856133.json,9a8ba5b1d867d9cd0d284fc2ceaeb96b04f9e396172cac52f5b9b44114993925,12378,11.535032064152116,62,1.2515377139947272,10.849885002783664,direct_same_metric_and_denominator
olmo,olmo/epoch-015,epoch-015,15,105,False,wikitext_byte_ppl,wikitext,1.610528966341478,PPL,lower,62,measured,/vol/tmp2/yesildau/m1_eval_v2_matched_three_model_v3/results/olmo/epoch-015/harness/raw/__vol__tmp2__yesildau__m1_matched_three_model_retry_v1__training__olmo__20260822T155242Z_m1_matched_epoch_dense_olmo_seed42_30cd6396__epoch_snapshots__epoch-015/results_2026-08-23T16-40-32.856133.json,9a8ba5b1d867d9cd0d284fc2ceaeb96b04f9e396172cac52f5b9b44114993925,12378,1.5798026045225246,62,0.030726361818953274,1.9449494342516247,direct_same_metric_and_denominator
olmo,olmo/epoch-015,epoch-015,15,105,False,exact_prefix_top1_accuracy,exact_prefix,1.0,fraction,higher,500,measured,/vol/tmp2/yesildau/m1_eval_v2_matched_three_model_v3/results/olmo/epoch-015/exact_prefix/raw/20260823T150808Z_79aeac87/summary_metrics.json,3b9b71b860e8da2301a324197080d142dad1c598c37932646f5947e4a0acfa14,1709,0.022,500,0.978,4445.454545454546,direct_same_metric_and_denominator
olmo,olmo/epoch-015,epoch-015,15,105,False,exact_prefix_top5_accuracy,exact_prefix,1.0,fraction,higher,500,measured,/vol/tmp2/yesildau/m1_eval_v2_matched_three_model_v3/results/olmo/epoch-015/exact_prefix/raw/20260823T150808Z_79aeac87/summary_metrics.json,3b9b71b860e8da2301a324197080d142dad1c598c37932646f5947e4a0acfa14,1709,,,,,no_m0_reference
olmo,olmo/epoch-015,epoch-015,15,105,False,exact_prefix_mrr,exact_prefix,1.0,fraction,higher,500,measured,/vol/tmp2/yesildau/m1_eval_v2_matched_three_model_v3/results/olmo/epoch-015/exact_prefix/raw/20260823T150808Z_79aeac87/summary_metrics.json,3b9b71b860e8da2301a324197080d142dad1c598c37932646f5947e4a0acfa14,1709,,,,,no_m0_reference
olmo,olmo/epoch-015,epoch-015,15,105,False,exact_prefix_mean_rank,exact_prefix,1,rank,lower,500,measured,/vol/tmp2/yesildau/m1_eval_v2_matched_three_model_v3/results/olmo/epoch-015/exact_prefix/raw/20260823T150808Z_79aeac87/summary_metrics.json,3b9b71b860e8da2301a324197080d142dad1c598c37932646f5947e4a0acfa14,1709,,,,,no_m0_reference
olmo,olmo/epoch-015,epoch-015,15,105,False,exact_prefix_mean_score_margin,exact_prefix,4.121519011615375,logprob,higher,500,measured,/vol/tmp2/yesildau/m1_eval_v2_matched_three_model_v3/results/olmo/epoch-015/exact_prefix/raw/20260823T150808Z_79aeac87/summary_metrics.json,3b9b71b860e8da2301a324197080d142dad1c598c37932646f5947e4a0acfa14,1709,,,,,no_m0_reference
olmo,olmo/epoch-015,epoch-015,15,105,False,factual_cheap_top1_count,factual_cheap,661,count,higher,1500,completed,/vol/tmp2/yesildau/m1_eval_v2_matched_three_model_v3/results/olmo/epoch-015/factual_cheap/raw/summary.json,10d8b2ffbc9da441673b7d9c0b0ce770abd5dcee3e68967b9278add71f9378f3,323,,,,,no_m0_reference
olmo,olmo/epoch-015,epoch-015,15,105,False,turkish_bpb,turkish_cross_domain,2.1051891447600557,bits/byte,lower,9653767,measured,/vol/tmp2/yesildau/m1_eval_v2_matched_three_model_v3/results/olmo/epoch-015/turkish_perplexity/raw/trwiki_cross_domain/summary.json,6a76993a08de1b2eeb93f19156c2bb07f90c6404c2fcdba8362d22565bc96fcb,937,1.6476820673132215,9653767,0.45750707744683417,27.766708549111303,direct_same_metric_and_denominator
olmo,olmo/epoch-015,epoch-015,15,105,False,turkish_ppl,turkish_cross_domain,53.23986726932846,PPL,lower,9653767,measured,/vol/tmp2/yesildau/m1_eval_v2_matched_three_model_v3/results/olmo/epoch-015/turkish_perplexity/raw/trwiki_cross_domain/summary.json,6a76993a08de1b2eeb93f19156c2bb07f90c6404c2fcdba8362d22565bc96fcb,937,22.443216640433842,9653767,30.796650628894614,137.2203063504327,direct_same_metric_and_denominator
olmo,olmo/epoch-015,epoch-015,15,105,False,turkish_byte_ppl,turkish_cross_domain,4.302541610247832,PPL,lower,9653767,measured,/vol/tmp2/yesildau/m1_eval_v2_matched_three_model_v3/results/olmo/epoch-015/turkish_perplexity/raw/trwiki_cross_domain/summary.json,6a76993a08de1b2eeb93f19156c2bb07f90c6404c2fcdba8362d22565bc96fcb,937,3.1332981738003447,9653767,1.1692434364474877,37.31669862205692,direct_same_metric_and_denominator
olmo,olmo/epoch-015,epoch-015,15,105,False,generation_top1_accuracy,generation,1.0,fraction,higher,30,measured,/vol/tmp2/yesildau/m1_eval_v2_matched_three_model_v3/results/olmo/epoch-015/generation_integrity/raw/20260823T151012Z_m1_olmo_epoch-015_generation/summary_metrics.json,3593d2c049108663d284543f782a5eeca3f6524ed682e027930bdf69858ee6de,1083,1.0,30,0.0,0.0,direct_same_metric_and_denominator
olmo,olmo/epoch-015,epoch-015,15,105,False,generation_empty_or_near_empty,generation,0,count,lower,30,measured,/vol/tmp2/yesildau/m1_eval_v2_matched_three_model_v3/results/olmo/epoch-015/generation_integrity/raw/20260823T151012Z_m1_olmo_epoch-015_generation/summary_metrics.json,3593d2c049108663d284543f782a5eeca3f6524ed682e027930bdf69858ee6de,1083,1,30,-1,-100.0,direct_same_metric_and_denominator
olmo,olmo/epoch-015,epoch-015,15,105,False,generation_distinct_2,generation,0.5925460958794292,fraction,higher,30,measured,/vol/tmp2/yesildau/m1_eval_v2_matched_three_model_v3/results/olmo/epoch-015/generation_integrity/raw/20260823T151012Z_m1_olmo_epoch-015_generation/summary_metrics.json,3593d2c049108663d284543f782a5eeca3f6524ed682e027930bdf69858ee6de,1083,0.5930820105820105,30,-0.0005359147025812971,-0.09036097757465056,direct_same_metric_and_denominator
olmo,olmo/epoch-015,epoch-015,15,105,False,generation_repeated_3gram,generation,0.49862037543284116,fraction,lower,30,measured,/vol/tmp2/yesildau/m1_eval_v2_matched_three_model_v3/results/olmo/epoch-015/generation_integrity/raw/20260823T151012Z_m1_olmo_epoch-015_generation/summary_metrics.json,3593d2c049108663d284543f782a5eeca3f6524ed682e027930bdf69858ee6de,1083,0.49161841742486906,30,0.007001958007972098,1.424266821541966,direct_same_metric_and_denominator
olmo,olmo/epoch-015,epoch-015,15,105,False,generation_repeated_4gram,generation,0.43325796118334275,fraction,lower,30,measured,/vol/tmp2/yesildau/m1_eval_v2_matched_three_model_v3/results/olmo/epoch-015/generation_integrity/raw/20260823T151012Z_m1_olmo_epoch-015_generation/summary_metrics.json,3593d2c049108663d284543f782a5eeca3f6524ed682e027930bdf69858ee6de,1083,,,,,no_m0_reference
olmo,olmo/epoch-015,epoch-015,15,105,False,generation_ppl,generation,24.3504268157342,PPL,lower,291485,measured,/vol/tmp2/yesildau/m1_eval_v2_matched_three_model_v3/results/olmo/epoch-015/generation_integrity/raw/20260823T151012Z_m1_olmo_epoch-015_generation/summary_metrics.json,3593d2c049108663d284543f782a5eeca3f6524ed682e027930bdf69858ee6de,1083,16.80073153464442,291485,7.549695281089779,44.9367056757125,direct_same_metric_and_denominator
olmo,olmo/epoch-016,epoch-016,16,112,False,wikitext_bpb,wikitext,0.6875776482952173,bits/byte,lower,62,measured,/vol/tmp2/yesildau/m1_eval_v2_matched_three_model_v3/results/olmo/epoch-016/harness/raw/__vol__tmp2__yesildau__m1_matched_three_model_retry_v1__training__olmo__20260822T155242Z_m1_matched_epoch_dense_olmo_seed42_30cd6396__epoch_snapshots__epoch-016/results_2026-08-23T16-56-50.422954.json,913cc46dffcddcfffb0a2c7792dc074e00851ad5596903d45479faf26da6a8c3,12378,0.6597443057015225,62,0.027833342593694743,4.218807552131709,direct_same_metric_and_denominator
olmo,olmo/epoch-016,epoch-016,16,112,False,wikitext_word_ppl,wikitext,12.788609773196546,PPL,lower,62,measured,/vol/tmp2/yesildau/m1_eval_v2_matched_three_model_v3/results/olmo/epoch-016/harness/raw/__vol__tmp2__yesildau__m1_matched_three_model_retry_v1__training__olmo__20260822T155242Z_m1_matched_epoch_dense_olmo_seed42_30cd6396__epoch_snapshots__epoch-016/results_2026-08-23T16-56-50.422954.json,913cc46dffcddcfffb0a2c7792dc074e00851ad5596903d45479faf26da6a8c3,12378,11.535032064152116,62,1.2535777090444302,10.867570216299825,direct_same_metric_and_denominator
olmo,olmo/epoch-016,epoch-016,16,112,False,wikitext_byte_ppl,wikitext,1.610577013604425,PPL,lower,62,measured,/vol/tmp2/yesildau/m1_eval_v2_matched_three_model_v3/results/olmo/epoch-016/harness/raw/__vol__tmp2__yesildau__m1_matched_three_model_retry_v1__training__olmo__20260822T155242Z_m1_matched_epoch_dense_olmo_seed42_30cd6396__epoch_snapshots__epoch-016/results_2026-08-23T16-56-50.422954.json,913cc46dffcddcfffb0a2c7792dc074e00851ad5596903d45479faf26da6a8c3,12378,1.5798026045225246,62,0.030774409081900433,1.9479907802279899,direct_same_metric_and_denominator
olmo,olmo/epoch-016,epoch-016,16,112,False,exact_prefix_top1_accuracy,exact_prefix,1.0,fraction,higher,500,measured,/vol/tmp2/yesildau/m1_eval_v2_matched_three_model_v3/results/olmo/epoch-016/exact_prefix/raw/20260823T152616Z_27cd2cb2/summary_metrics.json,8e6b9cdd66b1fd8e11a97478baa2f1ace3ed11039436dfcc6b2ac4645d0b9041,1709,0.022,500,0.978,4445.454545454546,direct_same_metric_and_denominator
olmo,olmo/epoch-016,epoch-016,16,112,False,exact_prefix_top5_accuracy,exact_prefix,1.0,fraction,higher,500,measured,/vol/tmp2/yesildau/m1_eval_v2_matched_three_model_v3/results/olmo/epoch-016/exact_prefix/raw/20260823T152616Z_27cd2cb2/summary_metrics.json,8e6b9cdd66b1fd8e11a97478baa2f1ace3ed11039436dfcc6b2ac4645d0b9041,1709,,,,,no_m0_reference
olmo,olmo/epoch-016,epoch-016,16,112,False,exact_prefix_mrr,exact_prefix,1.0,fraction,higher,500,measured,/vol/tmp2/yesildau/m1_eval_v2_matched_three_model_v3/results/olmo/epoch-016/exact_prefix/raw/20260823T152616Z_27cd2cb2/summary_metrics.json,8e6b9cdd66b1fd8e11a97478baa2f1ace3ed11039436dfcc6b2ac4645d0b9041,1709,,,,,no_m0_reference
olmo,olmo/epoch-016,epoch-016,16,112,False,exact_prefix_mean_rank,exact_prefix,1,rank,lower,500,measured,/vol/tmp2/yesildau/m1_eval_v2_matched_three_model_v3/results/olmo/epoch-016/exact_prefix/raw/20260823T152616Z_27cd2cb2/summary_metrics.json,8e6b9cdd66b1fd8e11a97478baa2f1ace3ed11039436dfcc6b2ac4645d0b9041,1709,,,,,no_m0_reference
olmo,olmo/epoch-016,epoch-016,16,112,False,exact_prefix_mean_score_margin,exact_prefix,4.132278896715342,logprob,higher,500,measured,/vol/tmp2/yesildau/m1_eval_v2_matched_three_model_v3/results/olmo/epoch-016/exact_prefix/raw/20260823T152616Z_27cd2cb2/summary_metrics.json,8e6b9cdd66b1fd8e11a97478baa2f1ace3ed11039436dfcc6b2ac4645d0b9041,1709,,,,,no_m0_reference
olmo,olmo/epoch-016,epoch-016,16,112,False,factual_cheap_top1_count,factual_cheap,662,count,higher,1500,completed,/vol/tmp2/yesildau/m1_eval_v2_matched_three_model_v3/results/olmo/epoch-016/factual_cheap/raw/summary.json,a745ea212014cb1806b0637468de6bee7ba13df4d454910281d577834d139cec,322,,,,,no_m0_reference
olmo,olmo/epoch-016,epoch-016,16,112,False,turkish_bpb,turkish_cross_domain,2.1058602934054416,bits/byte,lower,9653767,measured,/vol/tmp2/yesildau/m1_eval_v2_matched_three_model_v3/results/olmo/epoch-016/turkish_perplexity/raw/trwiki_cross_domain/summary.json,3769de4b57bfb658d3f4c4bcc6c2c57ca663f6f4ebb4585ed6390b7810880ea2,937,1.6476820673132215,9653767,0.45817822609222003,27.80744144647665,direct_same_metric_and_denominator
olmo,olmo/epoch-016,epoch-016,16,112,False,turkish_ppl,turkish_cross_domain,53.307375365104896,PPL,lower,9653767,measured,/vol/tmp2/yesildau/m1_eval_v2_matched_three_model_v3/results/olmo/epoch-016/turkish_perplexity/raw/trwiki_cross_domain/summary.json,3769de4b57bfb658d3f4c4bcc6c2c57ca663f6f4ebb4585ed6390b7810880ea2,937,22.443216640433842,9653767,30.864158724671054,137.52110144971815,direct_same_metric_and_denominator
olmo,olmo/epoch-016,epoch-016,16,112,False,turkish_byte_ppl,turkish_cross_domain,4.3045436388601725,PPL,lower,9653767,measured,/vol/tmp2/yesildau/m1_eval_v2_matched_three_model_v3/results/olmo/epoch-016/turkish_perplexity/raw/trwiki_cross_domain/summary.json,3769de4b57bfb658d3f4c4bcc6c2c57ca663f6f4ebb4585ed6390b7810880ea2,937,3.1332981738003447,9653767,1.1712454650598279,37.3805938692147,direct_same_metric_and_denominator
olmo,olmo/epoch-016,epoch-016,16,112,False,generation_top1_accuracy,generation,1.0,fraction,higher,30,measured,/vol/tmp2/yesildau/m1_eval_v2_matched_three_model_v3/results/olmo/epoch-016/generation_integrity/raw/20260823T152844Z_m1_olmo_epoch-016_generation/summary_metrics.json,ac752475d2c07f5a71e992fb9c415fca38cb7b35d522eed66818d6eb67fffe31,1080,1.0,30,0.0,0.0,direct_same_metric_and_denominator
olmo,olmo/epoch-016,epoch-016,16,112,False,generation_empty_or_near_empty,generation,0,count,lower,30,measured,/vol/tmp2/yesildau/m1_eval_v2_matched_three_model_v3/results/olmo/epoch-016/generation_integrity/raw/20260823T152844Z_m1_olmo_epoch-016_generation/summary_metrics.json,ac752475d2c07f5a71e992fb9c415fca38cb7b35d522eed66818d6eb67fffe31,1080,1,30,-1,-100.0,direct_same_metric_and_denominator
olmo,olmo/epoch-016,epoch-016,16,112,False,generation_distinct_2,generation,0.5877967381628811,fraction,higher,30,measured,/vol/tmp2/yesildau/m1_eval_v2_matched_three_model_v3/results/olmo/epoch-016/generation_integrity/raw/20260823T152844Z_m1_olmo_epoch-016_generation/summary_metrics.json,ac752475d2c07f5a71e992fb9c415fca38cb7b35d522eed66818d6eb67fffe31,1080,0.5930820105820105,30,-0.00528527241912935,-0.8911537232334432,direct_same_metric_and_denominator
olmo,olmo/epoch-016,epoch-016,16,112,False,generation_repeated_3gram,generation,0.519033676144384,fraction,lower,30,measured,/vol/tmp2/yesildau/m1_eval_v2_matched_three_model_v3/results/olmo/epoch-016/generation_integrity/raw/20260823T152844Z_m1_olmo_epoch-016_generation/summary_metrics.json,ac752475d2c07f5a71e992fb9c415fca38cb7b35d522eed66818d6eb67fffe31,1080,0.49161841742486906,30,0.027415258719514946,5.576532071991514,direct_same_metric_and_denominator
olmo,olmo/epoch-016,epoch-016,16,112,False,generation_repeated_4gram,generation,0.45920328729708737,fraction,lower,30,measured,/vol/tmp2/yesildau/m1_eval_v2_matched_three_model_v3/results/olmo/epoch-016/generation_integrity/raw/20260823T152844Z_m1_olmo_epoch-016_generation/summary_metrics.json,ac752475d2c07f5a71e992fb9c415fca38cb7b35d522eed66818d6eb67fffe31,1080,,,,,no_m0_reference
olmo,olmo/epoch-016,epoch-016,16,112,False,generation_ppl,generation,24.369875290641797,PPL,lower,291485,measured,/vol/tmp2/yesildau/m1_eval_v2_matched_three_model_v3/results/olmo/epoch-016/generation_integrity/raw/20260823T152844Z_m1_olmo_epoch-016_generation/summary_metrics.json,ac752475d2c07f5a71e992fb9c415fca38cb7b35d522eed66818d6eb67fffe31,1080,16.80073153464442,291485,7.569143755997377,45.05246536669675,direct_same_metric_and_denominator
olmo,olmo/epoch-017,epoch-017,17,119,False,wikitext_bpb,wikitext,0.687623203190943,bits/byte,lower,62,measured,/vol/tmp2/yesildau/m1_eval_v2_matched_three_model_v3/results/olmo/epoch-017/harness/raw/__vol__tmp2__yesildau__m1_matched_three_model_retry_v1__training__olmo__20260822T155242Z_m1_matched_epoch_dense_olmo_seed42_30cd6396__epoch_snapshots__epoch-017/results_2026-08-23T17-09-33.758135.json,83b432753782d33cbdbac51acab6e3fc632aa0433c09ac7382f575442fd1cc89,12377,0.6597443057015225,62,0.027878897489420518,4.225712484138259,direct_same_metric_and_denominator
olmo,olmo/epoch-017,epoch-017,17,119,False,wikitext_word_ppl,wikitext,12.79076934328899,PPL,lower,62,measured,/vol/tmp2/yesildau/m1_eval_v2_matched_three_model_v3/results/olmo/epoch-017/harness/raw/__vol__tmp2__yesildau__m1_matched_three_model_retry_v1__training__olmo__20260822T155242Z_m1_matched_epoch_dense_olmo_seed42_30cd6396__epoch_snapshots__epoch-017/results_2026-08-23T17-09-33.758135.json,83b432753782d33cbdbac51acab6e3fc632aa0433c09ac7382f575442fd1cc89,12377,11.535032064152116,62,1.2557372791368735,10.886292054959942,direct_same_metric_and_denominator
olmo,olmo/epoch-017,epoch-017,17,119,False,wikitext_byte_ppl,wikitext,1.6106278703858066,PPL,lower,62,measured,/vol/tmp2/yesildau/m1_eval_v2_matched_three_model_v3/results/olmo/epoch-017/harness/raw/__vol__tmp2__yesildau__m1_matched_three_model_retry_v1__training__olmo__20260822T155242Z_m1_matched_epoch_dense_olmo_seed42_30cd6396__epoch_snapshots__epoch-017/results_2026-08-23T17-09-33.758135.json,83b432753782d33cbdbac51acab6e3fc632aa0433c09ac7382f575442fd1cc89,12377,1.5798026045225246,62,0.030825265863281937,1.9512099660449973,direct_same_metric_and_denominator
olmo,olmo/epoch-017,epoch-017,17,119,False,exact_prefix_top1_accuracy,exact_prefix,1.0,fraction,higher,500,measured,/vol/tmp2/yesildau/m1_eval_v2_matched_three_model_v3/results/olmo/epoch-017/exact_prefix/raw/20260823T153750Z_b425ff4d/summary_metrics.json,be6029d59c5e50f118e3fb51885301a781a08e2a4e02f58aa20f64e1d7b1e073,1708,0.022,500,0.978,4445.454545454546,direct_same_metric_and_denominator
olmo,olmo/epoch-017,epoch-017,17,119,False,exact_prefix_top5_accuracy,exact_prefix,1.0,fraction,higher,500,measured,/vol/tmp2/yesildau/m1_eval_v2_matched_three_model_v3/results/olmo/epoch-017/exact_prefix/raw/20260823T153750Z_b425ff4d/summary_metrics.json,be6029d59c5e50f118e3fb51885301a781a08e2a4e02f58aa20f64e1d7b1e073,1708,,,,,no_m0_reference
olmo,olmo/epoch-017,epoch-017,17,119,False,exact_prefix_mrr,exact_prefix,1.0,fraction,higher,500,measured,/vol/tmp2/yesildau/m1_eval_v2_matched_three_model_v3/results/olmo/epoch-017/exact_prefix/raw/20260823T153750Z_b425ff4d/summary_metrics.json,be6029d59c5e50f118e3fb51885301a781a08e2a4e02f58aa20f64e1d7b1e073,1708,,,,,no_m0_reference
olmo,olmo/epoch-017,epoch-017,17,119,False,exact_prefix_mean_rank,exact_prefix,1,rank,lower,500,measured,/vol/tmp2/yesildau/m1_eval_v2_matched_three_model_v3/results/olmo/epoch-017/exact_prefix/raw/20260823T153750Z_b425ff4d/summary_metrics.json,be6029d59c5e50f118e3fb51885301a781a08e2a4e02f58aa20f64e1d7b1e073,1708,,,,,no_m0_reference
olmo,olmo/epoch-017,epoch-017,17,119,False,exact_prefix_mean_score_margin,exact_prefix,4.14321623996042,logprob,higher,500,measured,/vol/tmp2/yesildau/m1_eval_v2_matched_three_model_v3/results/olmo/epoch-017/exact_prefix/raw/20260823T153750Z_b425ff4d/summary_metrics.json,be6029d59c5e50f118e3fb51885301a781a08e2a4e02f58aa20f64e1d7b1e073,1708,,,,,no_m0_reference
olmo,olmo/epoch-017,epoch-017,17,119,False,factual_cheap_top1_count,factual_cheap,661,count,higher,1500,completed,/vol/tmp2/yesildau/m1_eval_v2_matched_three_model_v3/results/olmo/epoch-017/factual_cheap/raw/summary.json,5923d1385741cfbd9281390b658413e9d5f44092bc5e1f75e1211ec41760c32b,323,,,,,no_m0_reference
olmo,olmo/epoch-017,epoch-017,17,119,False,turkish_bpb,turkish_cross_domain,2.1065316801490317,bits/byte,lower,9653767,measured,/vol/tmp2/yesildau/m1_eval_v2_matched_three_model_v3/results/olmo/epoch-017/turkish_perplexity/raw/trwiki_cross_domain/summary.json,0aa0d1e2188f394041ec2df4dfd409b542059d39ae102e7c0850ebf88b85761f,936,1.6476820673132215,9653767,0.45884961283581016,27.848188794336355,direct_same_metric_and_denominator
olmo,olmo/epoch-017,epoch-017,17,119,False,turkish_ppl,turkish_cross_domain,53.37499305596969,PPL,lower,9653767,measured,/vol/tmp2/yesildau/m1_eval_v2_matched_three_model_v3/results/olmo/epoch-017/turkish_perplexity/raw/trwiki_cross_domain/summary.json,0aa0d1e2188f394041ec2df4dfd409b542059d39ae102e7c0850ebf88b85761f,936,22.443216640433842,9653767,30.931776415535847,137.82238487066493,direct_same_metric_and_denominator
olmo,olmo/epoch-017,epoch-017,17,119,False,turkish_byte_ppl,turkish_cross_domain,4.306547309782499,PPL,lower,9653767,measured,/vol/tmp2/yesildau/m1_eval_v2_matched_three_model_v3/results/olmo/epoch-017/turkish_perplexity/raw/trwiki_cross_domain/summary.json,0aa0d1e2188f394041ec2df4dfd409b542059d39ae102e7c0850ebf88b85761f,936,3.1332981738003447,9653767,1.1732491359821546,37.44454153110915,direct_same_metric_and_denominator
olmo,olmo/epoch-017,epoch-017,17,119,False,generation_top1_accuracy,generation,1.0,fraction,higher,30,measured,/vol/tmp2/yesildau/m1_eval_v2_matched_three_model_v3/results/olmo/epoch-017/generation_integrity/raw/20260823T154018Z_m1_olmo_epoch-017_generation/summary_metrics.json,80a04e13343cc9e6aae7f14665977847cc0a3ea9de047eeb61e2ad5aeb93809e,1083,1.0,30,0.0,0.0,direct_same_metric_and_denominator
olmo,olmo/epoch-017,epoch-017,17,119,False,generation_empty_or_near_empty,generation,0,count,lower,30,measured,/vol/tmp2/yesildau/m1_eval_v2_matched_three_model_v3/results/olmo/epoch-017/generation_integrity/raw/20260823T154018Z_m1_olmo_epoch-017_generation/summary_metrics.json,80a04e13343cc9e6aae7f14665977847cc0a3ea9de047eeb61e2ad5aeb93809e,1083,1,30,-1,-100.0,direct_same_metric_and_denominator
olmo,olmo/epoch-017,epoch-017,17,119,False,generation_distinct_2,generation,0.6169259435040166,fraction,higher,30,measured,/vol/tmp2/yesildau/m1_eval_v2_matched_three_model_v3/results/olmo/epoch-017/generation_integrity/raw/20260823T154018Z_m1_olmo_epoch-017_generation/summary_metrics.json,80a04e13343cc9e6aae7f14665977847cc0a3ea9de047eeb61e2ad5aeb93809e,1083,0.5930820105820105,30,0.02384393292200615,4.020343307767392,direct_same_metric_and_denominator
olmo,olmo/epoch-017,epoch-017,17,119,False,generation_repeated_3gram,generation,0.4743683288038127,fraction,lower,30,measured,/vol/tmp2/yesildau/m1_eval_v2_matched_three_model_v3/results/olmo/epoch-017/generation_integrity/raw/20260823T154018Z_m1_olmo_epoch-017_generation/summary_metrics.json,80a04e13343cc9e6aae7f14665977847cc0a3ea9de047eeb61e2ad5aeb93809e,1083,0.49161841742486906,30,-0.01725008862105637,-3.5088369372761736,direct_same_metric_and_denominator
olmo,olmo/epoch-017,epoch-017,17,119,False,generation_repeated_4gram,generation,0.4084010537628921,fraction,lower,30,measured,/vol/tmp2/yesildau/m1_eval_v2_matched_three_model_v3/results/olmo/epoch-017/generation_integrity/raw/20260823T154018Z_m1_olmo_epoch-017_generation/summary_metrics.json,80a04e13343cc9e6aae7f14665977847cc0a3ea9de047eeb61e2ad5aeb93809e,1083,,,,,no_m0_reference
olmo,olmo/epoch-017,epoch-017,17,119,False,generation_ppl,generation,24.38299694695127,PPL,lower,291485,measured,/vol/tmp2/yesildau/m1_eval_v2_matched_three_model_v3/results/olmo/epoch-017/generation_integrity/raw/20260823T154018Z_m1_olmo_epoch-017_generation/summary_metrics.json,80a04e13343cc9e6aae7f14665977847cc0a3ea9de047eeb61e2ad5aeb93809e,1083,16.80073153464442,291485,7.58226541230685,45.13056706293786,direct_same_metric_and_denominator
olmo,olmo/epoch-018,epoch-018,18,126,True,wikitext_bpb,wikitext,0.6876424871652073,bits/byte,lower,62,measured,/vol/tmp2/yesildau/m1_eval_v2_matched_three_model_v3/results/olmo/epoch-018/harness/raw/__vol__tmp2__yesildau__m1_matched_three_model_retry_v1__training__olmo__20260822T155242Z_m1_matched_epoch_dense_olmo_seed42_30cd6396__epoch_snapshots__epoch-018/results_2026-08-25T19-58-29.877202.json,485f258b83f53101fc2a85b459ecfbbe4e95b7296c183d47e3ea42445d118a7e,233818,0.6597443057015225,62,0.027898181463684724,4.228635430815866,direct_same_metric_and_denominator
olmo,olmo/epoch-018,epoch-018,18,126,True,wikitext_word_ppl,wikitext,12.791683626989135,PPL,lower,62,measured,/vol/tmp2/yesildau/m1_eval_v2_matched_three_model_v3/results/olmo/epoch-018/harness/raw/__vol__tmp2__yesildau__m1_matched_three_model_retry_v1__training__olmo__20260822T155242Z_m1_matched_epoch_dense_olmo_seed42_30cd6396__epoch_snapshots__epoch-018/results_2026-08-25T19-58-29.877202.json,485f258b83f53101fc2a85b459ecfbbe4e95b7296c183d47e3ea42445d118a7e,233818,11.535032064152116,62,1.2566515628370194,10.894218202846321,direct_same_metric_and_denominator
olmo,olmo/epoch-018,epoch-018,18,126,True,wikitext_byte_ppl,wikitext,1.6106493992003528,PPL,lower,62,measured,/vol/tmp2/yesildau/m1_eval_v2_matched_three_model_v3/results/olmo/epoch-018/harness/raw/__vol__tmp2__yesildau__m1_matched_three_model_retry_v1__training__olmo__20260822T155242Z_m1_matched_epoch_dense_olmo_seed42_30cd6396__epoch_snapshots__epoch-018/results_2026-08-25T19-58-29.877202.json,485f258b83f53101fc2a85b459ecfbbe4e95b7296c183d47e3ea42445d118a7e,233818,1.5798026045225246,62,0.030846794677828138,1.9525727194981548,direct_same_metric_and_denominator
olmo,olmo/epoch-018,epoch-018,18,126,True,blimp_accuracy,blimp,0.7173283582089554,fraction,higher,67000,measured,/vol/tmp2/yesildau/m1_eval_v2_matched_three_model_v3/results/olmo/epoch-018/harness/raw/__vol__tmp2__yesildau__m1_matched_three_model_retry_v1__training__olmo__20260822T155242Z_m1_matched_epoch_dense_olmo_seed42_30cd6396__epoch_snapshots__epoch-018/results_2026-08-25T19-58-29.877202.json,485f258b83f53101fc2a85b459ecfbbe4e95b7296c183d47e3ea42445d118a7e,233818,0.8221641791044775,67000,-0.10483582089552212,-12.751202686756802,direct_same_metric_and_denominator
olmo,olmo/epoch-018,epoch-018,18,126,True,hellaswag_accuracy,hellaswag,0.4993029277036447,fraction,higher,10042,measured,/vol/tmp2/yesildau/m1_eval_v2_matched_three_model_v3/results/olmo/epoch-018/harness/raw/__vol__tmp2__yesildau__m1_matched_three_model_retry_v1__training__olmo__20260822T155242Z_m1_matched_epoch_dense_olmo_seed42_30cd6396__epoch_snapshots__epoch-018/results_2026-08-25T19-58-29.877202.json,485f258b83f53101fc2a85b459ecfbbe4e95b7296c183d47e3ea42445d118a7e,233818,0.507966540529775,10042,-0.008663612826130263,-1.7055479317780846,direct_same_metric_and_denominator
olmo,olmo/epoch-018,epoch-018,18,126,True,hellaswag_acc_norm,hellaswag,0.662617008564031,fraction,higher,10042,measured,/vol/tmp2/yesildau/m1_eval_v2_matched_three_model_v3/results/olmo/epoch-018/harness/raw/__vol__tmp2__yesildau__m1_matched_three_model_retry_v1__training__olmo__20260822T155242Z_m1_matched_epoch_dense_olmo_seed42_30cd6396__epoch_snapshots__epoch-018/results_2026-08-25T19-58-29.877202.json,485f258b83f53101fc2a85b459ecfbbe4e95b7296c183d47e3ea42445d118a7e,233818,0.682832105158335,10042,-0.020215096594303983,-2.9604783432988273,direct_same_metric_and_denominator
olmo,olmo/epoch-018,epoch-018,18,126,True,winogender_female,winogender,0.5916666666666667,fraction,higher,240,measured,/vol/tmp2/yesildau/m1_eval_v2_matched_three_model_v3/results/olmo/epoch-018/harness/raw/__vol__tmp2__yesildau__m1_matched_three_model_retry_v1__training__olmo__20260822T155242Z_m1_matched_epoch_dense_olmo_seed42_30cd6396__epoch_snapshots__epoch-018/results_2026-08-25T19-58-29.877202.json,485f258b83f53101fc2a85b459ecfbbe4e95b7296c183d47e3ea42445d118a7e,233818,0.5875,240,0.004166666666666652,0.7092198581560258,direct_same_metric_and_denominator
olmo,olmo/epoch-018,epoch-018,18,126,True,winogender_male,winogender,0.5625,fraction,higher,240,measured,/vol/tmp2/yesildau/m1_eval_v2_matched_three_model_v3/results/olmo/epoch-018/harness/raw/__vol__tmp2__yesildau__m1_matched_three_model_retry_v1__training__olmo__20260822T155242Z_m1_matched_epoch_dense_olmo_seed42_30cd6396__epoch_snapshots__epoch-018/results_2026-08-25T19-58-29.877202.json,485f258b83f53101fc2a85b459ecfbbe4e95b7296c183d47e3ea42445d118a7e,233818,0.5666666666666667,240,-0.004166666666666652,-0.7352941176470562,direct_same_metric_and_denominator
olmo,olmo/epoch-018,epoch-018,18,126,True,winogender_neutral,winogender,0.575,fraction,higher,240,measured,/vol/tmp2/yesildau/m1_eval_v2_matched_three_model_v3/results/olmo/epoch-018/harness/raw/__vol__tmp2__yesildau__m1_matched_three_model_retry_v1__training__olmo__20260822T155242Z_m1_matched_epoch_dense_olmo_seed42_30cd6396__epoch_snapshots__epoch-018/results_2026-08-25T19-58-29.877202.json,485f258b83f53101fc2a85b459ecfbbe4e95b7296c183d47e3ea42445d118a7e,233818,0.5625,240,0.012499999999999956,2.2222222222222143,direct_same_metric_and_denominator
olmo,olmo/epoch-018,epoch-018,18,126,True,turblimp_acc_norm,turblimp,0.5496875,fraction,higher,16000,measured,/vol/tmp2/yesildau/m1_eval_v2_matched_three_model_v3/results/olmo/epoch-018/harness/raw/__vol__tmp2__yesildau__m1_matched_three_model_retry_v1__training__olmo__20260822T155242Z_m1_matched_epoch_dense_olmo_seed42_30cd6396__epoch_snapshots__epoch-018/results_2026-08-25T19-58-29.877202.json,485f258b83f53101fc2a85b459ecfbbe4e95b7296c183d47e3ea42445d118a7e,233818,0.5735,16000,-0.023812500000000014,-4.152136006974719,direct_same_metric_and_denominator
olmo,olmo/epoch-018,epoch-018,18,126,True,exact_prefix_top1_accuracy,exact_prefix,1.0,fraction,higher,500,measured,/vol/tmp2/yesildau/m1_eval_v2_matched_three_model_v3/results/olmo/epoch-018/exact_prefix/raw/20260825T203314Z_47d347b8/summary_metrics.json,2094738ee1f3bc2df30afdf1b9d4ed35c77f20e51866185587ff389ba094427f,1710,0.022,500,0.978,4445.454545454546,direct_same_metric_and_denominator
olmo,olmo/epoch-018,epoch-018,18,126,True,exact_prefix_top5_accuracy,exact_prefix,1.0,fraction,higher,500,measured,/vol/tmp2/yesildau/m1_eval_v2_matched_three_model_v3/results/olmo/epoch-018/exact_prefix/raw/20260825T203314Z_47d347b8/summary_metrics.json,2094738ee1f3bc2df30afdf1b9d4ed35c77f20e51866185587ff389ba094427f,1710,,,,,no_m0_reference
olmo,olmo/epoch-018,epoch-018,18,126,True,exact_prefix_mrr,exact_prefix,1.0,fraction,higher,500,measured,/vol/tmp2/yesildau/m1_eval_v2_matched_three_model_v3/results/olmo/epoch-018/exact_prefix/raw/20260825T203314Z_47d347b8/summary_metrics.json,2094738ee1f3bc2df30afdf1b9d4ed35c77f20e51866185587ff389ba094427f,1710,,,,,no_m0_reference
olmo,olmo/epoch-018,epoch-018,18,126,True,exact_prefix_mean_rank,exact_prefix,1,rank,lower,500,measured,/vol/tmp2/yesildau/m1_eval_v2_matched_three_model_v3/results/olmo/epoch-018/exact_prefix/raw/20260825T203314Z_47d347b8/summary_metrics.json,2094738ee1f3bc2df30afdf1b9d4ed35c77f20e51866185587ff389ba094427f,1710,,,,,no_m0_reference
olmo,olmo/epoch-018,epoch-018,18,126,True,exact_prefix_mean_score_margin,exact_prefix,4.156904598841289,logprob,higher,500,measured,/vol/tmp2/yesildau/m1_eval_v2_matched_three_model_v3/results/olmo/epoch-018/exact_prefix/raw/20260825T203314Z_47d347b8/summary_metrics.json,2094738ee1f3bc2df30afdf1b9d4ed35c77f20e51866185587ff389ba094427f,1710,,,,,no_m0_reference
olmo,olmo/epoch-018,epoch-018,18,126,True,factual_cheap_top1_count,factual_cheap,659,count,higher,1500,completed_derived_from_full_without_rescoring,/vol/tmp2/yesildau/m1_eval_v2_matched_three_model_v3/results/olmo/epoch-018/factual_cheap/summary.json,bab57205ee9efd90b7954a1588a1d8869cfc5418f544e9b83c32478dda0cef28,671,,,,,no_m0_reference
olmo,olmo/epoch-018,epoch-018,18,126,True,factual_cheap_top1_rate,factual_cheap,0.43933333333333335,fraction,higher,1500,completed_derived_from_full_without_rescoring,/vol/tmp2/yesildau/m1_eval_v2_matched_three_model_v3/results/olmo/epoch-018/factual_cheap/summary.json,bab57205ee9efd90b7954a1588a1d8869cfc5418f544e9b83c32478dda0cef28,671,,,,,no_m0_reference
olmo,olmo/epoch-018,epoch-018,18,126,True,factual_top1_count,factual_full,5309,count,higher,12000,measured,/vol/tmp2/yesildau/m1_eval_v2_matched_three_model_v3/results/olmo/epoch-018/factual_full/raw/summary.json,4caf47416d738317c6b2bdf646bd0ea0b47c6856c74581db27fb6de35f67ff00,330,182,12000,5127,2817.032967032967,direct_same_metric_and_denominator
olmo,olmo/epoch-018,epoch-018,18,126,True,factual_top1_rate,factual_full,0.4424166666666667,fraction,higher,12000,measured,/vol/tmp2/yesildau/m1_eval_v2_matched_three_model_v3/results/olmo/epoch-018/factual_full/raw/summary.json,4caf47416d738317c6b2bdf646bd0ea0b47c6856c74581db27fb6de35f67ff00,330,0.015166666666666667,12000,0.42725,2817.032967032967,direct_same_metric_and_denominator
olmo,olmo/epoch-018,epoch-018,18,126,True,factual_forced_choice_rate,factual_full,0.6704166666666667,fraction,higher,4800,measured,/vol/tmp2/yesildau/m1_eval_v2_matched_three_model_v3/results/olmo/epoch-018/factual_full/raw/summary.json,4caf47416d738317c6b2bdf646bd0ea0b47c6856c74581db27fb6de35f67ff00,330,0.505,4800,0.16541666666666666,32.75577557755775,direct_same_metric_and_denominator
olmo,olmo/epoch-018,epoch-018,18,126,True,factual_failure_early_eos,factual_full,587,count,lower,12000,measured,/vol/tmp2/yesildau/m1_eval_v2_matched_three_model_v3/results/olmo/epoch-018/factual_full/raw/summary.json,4caf47416d738317c6b2bdf646bd0ea0b47c6856c74581db27fb6de35f67ff00,330,,,,,no_m0_reference
olmo,olmo/epoch-018,epoch-018,18,126,True,factual_failure_none,factual_full,5309,count,lower,12000,measured,/vol/tmp2/yesildau/m1_eval_v2_matched_three_model_v3/results/olmo/epoch-018/factual_full/raw/summary.json,4caf47416d738317c6b2bdf646bd0ea0b47c6856c74581db27fb6de35f67ff00,330,,,,,no_m0_reference
olmo,olmo/epoch-018,epoch-018,18,126,True,factual_prompt_form_failures,factual_full,5300,count,lower,12000,measured,/vol/tmp2/yesildau/m1_eval_v2_matched_three_model_v3/results/olmo/epoch-018/factual_full/raw/summary.json,4caf47416d738317c6b2bdf646bd0ea0b47c6856c74581db27fb6de35f67ff00,330,1000,12000,4300,430.0,direct_same_metric_and_denominator
olmo,olmo/epoch-018,epoch-018,18,126,True,factual_failure_relation_swap,factual_full,804,count,lower,12000,measured,/vol/tmp2/yesildau/m1_eval_v2_matched_three_model_v3/results/olmo/epoch-018/factual_full/raw/summary.json,4caf47416d738317c6b2bdf646bd0ea0b47c6856c74581db27fb6de35f67ff00,330,,,,,no_m0_reference
olmo,olmo/epoch-018,epoch-018,18,126,True,turkish_bpb,turkish_cross_domain,2.1072037082769133,bits/byte,lower,9653767,measured,/vol/tmp2/yesildau/m1_eval_v2_matched_three_model_v3/results/olmo/epoch-018/turkish_perplexity/raw/trwiki_cross_domain/summary.json,343787a28436ed0ec2535660153be94d7cad6ea74f043a227acedd591c3aab8f,934,1.6476820673132215,9653767,0.45952164096369175,27.88897506865549,direct_same_metric_and_denominator
olmo,olmo/epoch-018,epoch-018,18,126,True,turkish_ppl,turkish_cross_domain,53.44276123545049,PPL,lower,9653767,measured,/vol/tmp2/yesildau/m1_eval_v2_matched_three_model_v3/results/olmo/epoch-018/turkish_perplexity/raw/trwiki_cross_domain/summary.json,343787a28436ed0ec2535660153be94d7cad6ea74f043a227acedd591c3aab8f,934,22.443216640433842,9653767,30.999544595016648,138.1243388221262,direct_same_metric_and_denominator
olmo,olmo/epoch-018,epoch-018,18,126,True,turkish_byte_ppl,turkish_cross_domain,4.30855382883917,PPL,lower,9653767,measured,/vol/tmp2/yesildau/m1_eval_v2_matched_three_model_v3/results/olmo/epoch-018/turkish_perplexity/raw/trwiki_cross_domain/summary.json,343787a28436ed0ec2535660153be94d7cad6ea74f043a227acedd591c3aab8f,934,3.1332981738003447,9653767,1.175255655038825,37.50858009192817,direct_same_metric_and_denominator
olmo,olmo/epoch-018,epoch-018,18,126,True,generation_top1_accuracy,generation,1.0,fraction,higher,30,measured,/vol/tmp2/yesildau/m1_eval_v2_matched_three_model_v3/results/olmo/epoch-018/generation_integrity/raw/20260825T203438Z_m1_olmo_epoch-018_generation/summary_metrics.json,4aa1a72dfd9539279dcfc519f98ca4d41b60576b5acb6b5d6cb849fc166a92d5,1083,1.0,30,0.0,0.0,direct_same_metric_and_denominator
olmo,olmo/epoch-018,epoch-018,18,126,True,generation_empty_or_near_empty,generation,0,count,lower,30,measured,/vol/tmp2/yesildau/m1_eval_v2_matched_three_model_v3/results/olmo/epoch-018/generation_integrity/raw/20260825T203438Z_m1_olmo_epoch-018_generation/summary_metrics.json,4aa1a72dfd9539279dcfc519f98ca4d41b60576b5acb6b5d6cb849fc166a92d5,1083,1,30,-1,-100.0,direct_same_metric_and_denominator
olmo,olmo/epoch-018,epoch-018,18,126,True,generation_distinct_2,generation,0.5706589706589708,fraction,higher,30,measured,/vol/tmp2/yesildau/m1_eval_v2_matched_three_model_v3/results/olmo/epoch-018/generation_integrity/raw/20260825T203438Z_m1_olmo_epoch-018_generation/summary_metrics.json,4aa1a72dfd9539279dcfc519f98ca4d41b60576b5acb6b5d6cb849fc166a92d5,1083,0.5930820105820105,30,-0.022423039923039734,-3.7807654798086494,direct_same_metric_and_denominator
olmo,olmo/epoch-018,epoch-018,18,126,True,generation_repeated_3gram,generation,0.5405376344086023,fraction,lower,30,measured,/vol/tmp2/yesildau/m1_eval_v2_matched_three_model_v3/results/olmo/epoch-018/generation_integrity/raw/20260825T203438Z_m1_olmo_epoch-018_generation/summary_metrics.json,4aa1a72dfd9539279dcfc519f98ca4d41b60576b5acb6b5d6cb849fc166a92d5,1083,0.49161841742486906,30,0.048919216983733194,9.950647748303531,direct_same_metric_and_denominator
olmo,olmo/epoch-018,epoch-018,18,126,True,generation_repeated_4gram,generation,0.4748633879781421,fraction,lower,30,measured,/vol/tmp2/yesildau/m1_eval_v2_matched_three_model_v3/results/olmo/epoch-018/generation_integrity/raw/20260825T203438Z_m1_olmo_epoch-018_generation/summary_metrics.json,4aa1a72dfd9539279dcfc519f98ca4d41b60576b5acb6b5d6cb849fc166a92d5,1083,,,,,no_m0_reference
olmo,olmo/epoch-018,epoch-018,18,126,True,generation_ppl,generation,24.39626079616708,PPL,lower,291485,measured,/vol/tmp2/yesildau/m1_eval_v2_matched_three_model_v3/results/olmo/epoch-018/generation_integrity/raw/20260825T203438Z_m1_olmo_epoch-018_generation/summary_metrics.json,4aa1a72dfd9539279dcfc519f98ca4d41b60576b5acb6b5d6cb849fc166a92d5,1083,16.80073153464442,291485,7.59552926152266,45.20951510867302,direct_same_metric_and_denominator
olmo,olmo/epoch-019,epoch-019,19,133,False,wikitext_bpb,wikitext,0.6876584174048169,bits/byte,lower,62,measured,/vol/tmp2/yesildau/m1_eval_v2_matched_three_model_v3/results/olmo/epoch-019/harness/raw/__vol__tmp2__yesildau__m1_matched_three_model_retry_v1__training__olmo__20260822T155242Z_m1_matched_epoch_dense_olmo_seed42_30cd6396__epoch_snapshots__epoch-019/results_2026-08-23T17-32-08.220543.json,dcdf4e0b43b00e43a7d698fbb6f8a4077dd79e9a42e66c2cb312dd5e46a433a7,12380,0.6597443057015225,62,0.027914111703294386,4.231050038940862,direct_same_metric_and_denominator
olmo,olmo/epoch-019,epoch-019,19,133,False,wikitext_word_ppl,wikitext,12.792438954120868,PPL,lower,62,measured,/vol/tmp2/yesildau/m1_eval_v2_matched_three_model_v3/results/olmo/epoch-019/harness/raw/__vol__tmp2__yesildau__m1_matched_three_model_retry_v1__training__olmo__20260822T155242Z_m1_matched_epoch_dense_olmo_seed42_30cd6396__epoch_snapshots__epoch-019/results_2026-08-23T17-32-08.220543.json,dcdf4e0b43b00e43a7d698fbb6f8a4077dd79e9a42e66c2cb312dd5e46a433a7,12380,11.535032064152116,62,1.2574068899687525,10.900766317559242,direct_same_metric_and_denominator
olmo,olmo/epoch-019,epoch-019,19,133,False,wikitext_byte_ppl,wikitext,1.6106671840902897,PPL,lower,62,measured,/vol/tmp2/yesildau/m1_eval_v2_matched_three_model_v3/results/olmo/epoch-019/harness/raw/__vol__tmp2__yesildau__m1_matched_three_model_retry_v1__training__olmo__20260822T155242Z_m1_matched_epoch_dense_olmo_seed42_30cd6396__epoch_snapshots__epoch-019/results_2026-08-23T17-32-08.220543.json,dcdf4e0b43b00e43a7d698fbb6f8a4077dd79e9a42e66c2cb312dd5e46a433a7,12380,1.5798026045225246,62,0.030864579567765116,1.9536984860898836,direct_same_metric_and_denominator
olmo,olmo/epoch-019,epoch-019,19,133,False,exact_prefix_top1_accuracy,exact_prefix,1.0,fraction,higher,500,measured,/vol/tmp2/yesildau/m1_eval_v2_matched_three_model_v3/results/olmo/epoch-019/exact_prefix/raw/20260823T160115Z_a13a8fef/summary_metrics.json,99ee0457d12249c67fc52bf0988c501ae82208b45cde4cb914b97924357d5026,1710,0.022,500,0.978,4445.454545454546,direct_same_metric_and_denominator
olmo,olmo/epoch-019,epoch-019,19,133,False,exact_prefix_top5_accuracy,exact_prefix,1.0,fraction,higher,500,measured,/vol/tmp2/yesildau/m1_eval_v2_matched_three_model_v3/results/olmo/epoch-019/exact_prefix/raw/20260823T160115Z_a13a8fef/summary_metrics.json,99ee0457d12249c67fc52bf0988c501ae82208b45cde4cb914b97924357d5026,1710,,,,,no_m0_reference
olmo,olmo/epoch-019,epoch-019,19,133,False,exact_prefix_mrr,exact_prefix,1.0,fraction,higher,500,measured,/vol/tmp2/yesildau/m1_eval_v2_matched_three_model_v3/results/olmo/epoch-019/exact_prefix/raw/20260823T160115Z_a13a8fef/summary_metrics.json,99ee0457d12249c67fc52bf0988c501ae82208b45cde4cb914b97924357d5026,1710,,,,,no_m0_reference
olmo,olmo/epoch-019,epoch-019,19,133,False,exact_prefix_mean_rank,exact_prefix,1,rank,lower,500,measured,/vol/tmp2/yesildau/m1_eval_v2_matched_three_model_v3/results/olmo/epoch-019/exact_prefix/raw/20260823T160115Z_a13a8fef/summary_metrics.json,99ee0457d12249c67fc52bf0988c501ae82208b45cde4cb914b97924357d5026,1710,,,,,no_m0_reference
olmo,olmo/epoch-019,epoch-019,19,133,False,exact_prefix_mean_score_margin,exact_prefix,4.165226345725553,logprob,higher,500,measured,/vol/tmp2/yesildau/m1_eval_v2_matched_three_model_v3/results/olmo/epoch-019/exact_prefix/raw/20260823T160115Z_a13a8fef/summary_metrics.json,99ee0457d12249c67fc52bf0988c501ae82208b45cde4cb914b97924357d5026,1710,,,,,no_m0_reference
olmo,olmo/epoch-019,epoch-019,19,133,False,factual_cheap_top1_count,factual_cheap,659,count,higher,1500,completed,/vol/tmp2/yesildau/m1_eval_v2_matched_three_model_v3/results/olmo/epoch-019/factual_cheap/raw/summary.json,f0d295603a4057eb2c27e457c2779b2c8c9b31c17e375115f981eb9fb04067dc,323,,,,,no_m0_reference
olmo,olmo/epoch-019,epoch-019,19,133,False,turkish_bpb,turkish_cross_domain,2.1077828719777423,bits/byte,lower,9653767,measured,/vol/tmp2/yesildau/m1_eval_v2_matched_three_model_v3/results/olmo/epoch-019/turkish_perplexity/raw/trwiki_cross_domain/summary.json,f376111de0d87aa6600e668911dc570f9cc85d6b928b51c87e279ebb5cc8018e,934,1.6476820673132215,9653767,0.46010080466452075,27.92412527829353,direct_same_metric_and_denominator
olmo,olmo/epoch-019,epoch-019,19,133,False,turkish_ppl,turkish_cross_domain,53.50123387221585,PPL,lower,9653767,measured,/vol/tmp2/yesildau/m1_eval_v2_matched_three_model_v3/results/olmo/epoch-019/turkish_perplexity/raw/trwiki_cross_domain/summary.json,f376111de0d87aa6600e668911dc570f9cc85d6b928b51c87e279ebb5cc8018e,934,22.443216640433842,9653767,31.058017231782006,138.38487472347293,direct_same_metric_and_denominator
olmo,olmo/epoch-019,epoch-019,19,133,False,turkish_byte_ppl,turkish_cross_domain,4.3102838264148,PPL,lower,9653767,measured,/vol/tmp2/yesildau/m1_eval_v2_matched_three_model_v3/results/olmo/epoch-019/turkish_perplexity/raw/trwiki_cross_domain/summary.json,f376111de0d87aa6600e668911dc570f9cc85d6b928b51c87e279ebb5cc8018e,934,3.1332981738003447,9653767,1.176985652614455,37.56379340006768,direct_same_metric_and_denominator
olmo,olmo/epoch-019,epoch-019,19,133,False,generation_top1_accuracy,generation,1.0,fraction,higher,30,measured,/vol/tmp2/yesildau/m1_eval_v2_matched_three_model_v3/results/olmo/epoch-019/generation_integrity/raw/20260823T160343Z_m1_olmo_epoch-019_generation/summary_metrics.json,9ba09a16cb4debca408a7486735fed239bf1f7e2e88399886c4067bf77d9788a,1084,1.0,30,0.0,0.0,direct_same_metric_and_denominator
olmo,olmo/epoch-019,epoch-019,19,133,False,generation_empty_or_near_empty,generation,0,count,lower,30,measured,/vol/tmp2/yesildau/m1_eval_v2_matched_three_model_v3/results/olmo/epoch-019/generation_integrity/raw/20260823T160343Z_m1_olmo_epoch-019_generation/summary_metrics.json,9ba09a16cb4debca408a7486735fed239bf1f7e2e88399886c4067bf77d9788a,1084,1,30,-1,-100.0,direct_same_metric_and_denominator
olmo,olmo/epoch-019,epoch-019,19,133,False,generation_distinct_2,generation,0.5822751322751324,fraction,higher,30,measured,/vol/tmp2/yesildau/m1_eval_v2_matched_three_model_v3/results/olmo/epoch-019/generation_integrity/raw/20260823T160343Z_m1_olmo_epoch-019_generation/summary_metrics.json,9ba09a16cb4debca408a7486735fed239bf1f7e2e88399886c4067bf77d9788a,1084,0.5930820105820105,30,-0.010806878306878098,-1.8221558088185748,direct_same_metric_and_denominator
olmo,olmo/epoch-019,epoch-019,19,133,False,generation_repeated_3gram,generation,0.5143741123960235,fraction,lower,30,measured,/vol/tmp2/yesildau/m1_eval_v2_matched_three_model_v3/results/olmo/epoch-019/generation_integrity/raw/20260823T160343Z_m1_olmo_epoch-019_generation/summary_metrics.json,9ba09a16cb4debca408a7486735fed239bf1f7e2e88399886c4067bf77d9788a,1084,0.49161841742486906,30,0.022755694971154428,4.628731179427801,direct_same_metric_and_denominator
olmo,olmo/epoch-019,epoch-019,19,133,False,generation_repeated_4gram,generation,0.46727616645649434,fraction,lower,30,measured,/vol/tmp2/yesildau/m1_eval_v2_matched_three_model_v3/results/olmo/epoch-019/generation_integrity/raw/20260823T160343Z_m1_olmo_epoch-019_generation/summary_metrics.json,9ba09a16cb4debca408a7486735fed239bf1f7e2e88399886c4067bf77d9788a,1084,,,,,no_m0_reference
olmo,olmo/epoch-019,epoch-019,19,133,False,generation_ppl,generation,24.405727810538135,PPL,lower,291485,measured,/vol/tmp2/yesildau/m1_eval_v2_matched_three_model_v3/results/olmo/epoch-019/generation_integrity/raw/20260823T160343Z_m1_olmo_epoch-019_generation/summary_metrics.json,9ba09a16cb4debca408a7486735fed239bf1f7e2e88399886c4067bf77d9788a,1084,16.80073153464442,291485,7.604996275893715,45.26586393105335,direct_same_metric_and_denominator
olmo,olmo/epoch-020,epoch-020,20,140,False,wikitext_bpb,wikitext,0.6876740681665385,bits/byte,lower,62,measured,/vol/tmp2/yesildau/m1_eval_v2_matched_three_model_v3/results/olmo/epoch-020/harness/raw/__vol__tmp2__yesildau__m1_matched_three_model_retry_v1__training__olmo__20260822T155242Z_m1_matched_epoch_dense_olmo_seed42_30cd6396__epoch_snapshots__epoch-020/results_2026-08-23T17-45-29.681738.json,08f7d9898cec56a9870bf6ea9191b4c849168edee268b346392827f80fd610fe,12380,0.6597443057015225,62,0.027929762465015995,4.233422285519779,direct_same_metric_and_denominator
olmo,olmo/epoch-020,epoch-020,20,140,False,wikitext_word_ppl,wikitext,12.79318107333334,PPL,lower,62,measured,/vol/tmp2/yesildau/m1_eval_v2_matched_three_model_v3/results/olmo/epoch-020/harness/raw/__vol__tmp2__yesildau__m1_matched_three_model_retry_v1__training__olmo__20260822T155242Z_m1_matched_epoch_dense_olmo_seed42_30cd6396__epoch_snapshots__epoch-020/results_2026-08-23T17-45-29.681738.json,08f7d9898cec56a9870bf6ea9191b4c849168edee268b346392827f80fd610fe,12380,11.535032064152116,62,1.2581490091812242,10.907199929605957,direct_same_metric_and_denominator
olmo,olmo/epoch-020,epoch-020,20,140,False,wikitext_byte_ppl,wikitext,1.6106846571558577,PPL,lower,62,measured,/vol/tmp2/yesildau/m1_eval_v2_matched_three_model_v3/results/olmo/epoch-020/harness/raw/__vol__tmp2__yesildau__m1_matched_three_model_retry_v1__training__olmo__20260822T155242Z_m1_matched_epoch_dense_olmo_seed42_30cd6396__epoch_snapshots__epoch-020/results_2026-08-23T17-45-29.681738.json,08f7d9898cec56a9870bf6ea9191b4c849168edee268b346392827f80fd610fe,12380,1.5798026045225246,62,0.0308820526333331,1.9548045144960886,direct_same_metric_and_denominator
olmo,olmo/epoch-020,epoch-020,20,140,False,exact_prefix_top1_accuracy,exact_prefix,1.0,fraction,higher,500,measured,/vol/tmp2/yesildau/m1_eval_v2_matched_three_model_v3/results/olmo/epoch-020/exact_prefix/raw/20260823T161317Z_db076e0d/summary_metrics.json,bc4482fb2f088c20174303173425fff14d420b2291076e17d94e6a21febf0360,1708,0.022,500,0.978,4445.454545454546,direct_same_metric_and_denominator
olmo,olmo/epoch-020,epoch-020,20,140,False,exact_prefix_top5_accuracy,exact_prefix,1.0,fraction,higher,500,measured,/vol/tmp2/yesildau/m1_eval_v2_matched_three_model_v3/results/olmo/epoch-020/exact_prefix/raw/20260823T161317Z_db076e0d/summary_metrics.json,bc4482fb2f088c20174303173425fff14d420b2291076e17d94e6a21febf0360,1708,,,,,no_m0_reference
olmo,olmo/epoch-020,epoch-020,20,140,False,exact_prefix_mrr,exact_prefix,1.0,fraction,higher,500,measured,/vol/tmp2/yesildau/m1_eval_v2_matched_three_model_v3/results/olmo/epoch-020/exact_prefix/raw/20260823T161317Z_db076e0d/summary_metrics.json,bc4482fb2f088c20174303173425fff14d420b2291076e17d94e6a21febf0360,1708,,,,,no_m0_reference
olmo,olmo/epoch-020,epoch-020,20,140,False,exact_prefix_mean_rank,exact_prefix,1,rank,lower,500,measured,/vol/tmp2/yesildau/m1_eval_v2_matched_three_model_v3/results/olmo/epoch-020/exact_prefix/raw/20260823T161317Z_db076e0d/summary_metrics.json,bc4482fb2f088c20174303173425fff14d420b2291076e17d94e6a21febf0360,1708,,,,,no_m0_reference
olmo,olmo/epoch-020,epoch-020,20,140,False,exact_prefix_mean_score_margin,exact_prefix,4.172140322875462,logprob,higher,500,measured,/vol/tmp2/yesildau/m1_eval_v2_matched_three_model_v3/results/olmo/epoch-020/exact_prefix/raw/20260823T161317Z_db076e0d/summary_metrics.json,bc4482fb2f088c20174303173425fff14d420b2291076e17d94e6a21febf0360,1708,,,,,no_m0_reference
olmo,olmo/epoch-020,epoch-020,20,140,False,factual_cheap_top1_count,factual_cheap,660,count,higher,1500,completed,/vol/tmp2/yesildau/m1_eval_v2_matched_three_model_v3/results/olmo/epoch-020/factual_cheap/raw/summary.json,30d8129f951c6eeb9d10e09ae58b745518916702747148ae3ea9a0c58ef86e52,322,,,,,no_m0_reference
olmo,olmo/epoch-020,epoch-020,20,140,False,turkish_bpb,turkish_cross_domain,2.108324238740051,bits/byte,lower,9653767,measured,/vol/tmp2/yesildau/m1_eval_v2_matched_three_model_v3/results/olmo/epoch-020/turkish_perplexity/raw/trwiki_cross_domain/summary.json,7a686a2031aa55af7549bc25ba0801482161774abf1dffddda79d7d2a190bc31,934,1.6476820673132215,9653767,0.4606421714268294,27.956981541831766,direct_same_metric_and_denominator
olmo,olmo/epoch-020,epoch-020,20,140,False,turkish_ppl,turkish_cross_domain,53.55594836052852,PPL,lower,9653767,measured,/vol/tmp2/yesildau/m1_eval_v2_matched_three_model_v3/results/olmo/epoch-020/turkish_perplexity/raw/trwiki_cross_domain/summary.json,7a686a2031aa55af7549bc25ba0801482161774abf1dffddda79d7d2a190bc31,934,22.443216640433842,9653767,31.112731720094676,138.62866548301182,direct_same_metric_and_denominator
olmo,olmo/epoch-020,epoch-020,20,140,False,turkish_byte_ppl,turkish_cross_domain,4.311901550325385,PPL,lower,9653767,measured,/vol/tmp2/yesildau/m1_eval_v2_matched_three_model_v3/results/olmo/epoch-020/turkish_perplexity/raw/trwiki_cross_domain/summary.json,7a686a2031aa55af7549bc25ba0801482161774abf1dffddda79d7d2a190bc31,934,3.1332981738003447,9653767,1.1786033765250403,37.61542346592327,direct_same_metric_and_denominator
olmo,olmo/epoch-020,epoch-020,20,140,False,generation_top1_accuracy,generation,1.0,fraction,higher,30,measured,/vol/tmp2/yesildau/m1_eval_v2_matched_three_model_v3/results/olmo/epoch-020/generation_integrity/raw/20260823T161528Z_m1_olmo_epoch-020_generation/summary_metrics.json,cc3706261f04e6b97cd4f53b5d2ba301696e4bfe7c2a1de3824f92c4fdb5ec35,1079,1.0,30,0.0,0.0,direct_same_metric_and_denominator
olmo,olmo/epoch-020,epoch-020,20,140,False,generation_empty_or_near_empty,generation,0,count,lower,30,measured,/vol/tmp2/yesildau/m1_eval_v2_matched_three_model_v3/results/olmo/epoch-020/generation_integrity/raw/20260823T161528Z_m1_olmo_epoch-020_generation/summary_metrics.json,cc3706261f04e6b97cd4f53b5d2ba301696e4bfe7c2a1de3824f92c4fdb5ec35,1079,1,30,-1,-100.0,direct_same_metric_and_denominator
olmo,olmo/epoch-020,epoch-020,20,140,False,generation_distinct_2,generation,0.6059080128045646,fraction,higher,30,measured,/vol/tmp2/yesildau/m1_eval_v2_matched_three_model_v3/results/olmo/epoch-020/generation_integrity/raw/20260823T161528Z_m1_olmo_epoch-020_generation/summary_metrics.json,cc3706261f04e6b97cd4f53b5d2ba301696e4bfe7c2a1de3824f92c4fdb5ec35,1079,0.5930820105820105,30,0.012826002222554145,2.1626017976784655,direct_same_metric_and_denominator
olmo,olmo/epoch-020,epoch-020,20,140,False,generation_repeated_3gram,generation,0.5035446142237314,fraction,lower,30,measured,/vol/tmp2/yesildau/m1_eval_v2_matched_three_model_v3/results/olmo/epoch-020/generation_integrity/raw/20260823T161528Z_m1_olmo_epoch-020_generation/summary_metrics.json,cc3706261f04e6b97cd4f53b5d2ba301696e4bfe7c2a1de3824f92c4fdb5ec35,1079,0.49161841742486906,30,0.011926196798862365,2.4259052094371487,direct_same_metric_and_denominator
olmo,olmo/epoch-020,epoch-020,20,140,False,generation_repeated_4gram,generation,0.44533567525370804,fraction,lower,30,measured,/vol/tmp2/yesildau/m1_eval_v2_matched_three_model_v3/results/olmo/epoch-020/generation_integrity/raw/20260823T161528Z_m1_olmo_epoch-020_generation/summary_metrics.json,cc3706261f04e6b97cd4f53b5d2ba301696e4bfe7c2a1de3824f92c4fdb5ec35,1079,,,,,no_m0_reference
olmo,olmo/epoch-020,epoch-020,20,140,False,generation_ppl,generation,24.42420557599848,PPL,lower,291485,measured,/vol/tmp2/yesildau/m1_eval_v2_matched_three_model_v3/results/olmo/epoch-020/generation_integrity/raw/20260823T161528Z_m1_olmo_epoch-020_generation/summary_metrics.json,cc3706261f04e6b97cd4f53b5d2ba301696e4bfe7c2a1de3824f92c4fdb5ec35,1079,16.80073153464442,291485,7.623474041354061,45.375845841199606,direct_same_metric_and_denominator
olmo,olmo/epoch-021,epoch-021,21,147,False,wikitext_bpb,wikitext,0.687688042060933,bits/byte,lower,62,measured,/vol/tmp2/yesildau/m1_eval_v2_matched_three_model_v3/results/olmo/epoch-021/harness/raw/__vol__tmp2__yesildau__m1_matched_three_model_retry_v1__training__olmo__20260822T155242Z_m1_matched_epoch_dense_olmo_seed42_30cd6396__epoch_snapshots__epoch-021/results_2026-08-23T18-10-21.352889.json,9e9b693fa712db1c981da805898890a104766357dd1815dd5692e1bbf4c671ff,12380,0.6597443057015225,62,0.027943736359410498,4.235540362822416,direct_same_metric_and_denominator
olmo,olmo/epoch-021,epoch-021,21,147,False,wikitext_word_ppl,wikitext,12.793843716153068,PPL,lower,62,measured,/vol/tmp2/yesildau/m1_eval_v2_matched_three_model_v3/results/olmo/epoch-021/harness/raw/__vol__tmp2__yesildau__m1_matched_three_model_retry_v1__training__olmo__20260822T155242Z_m1_matched_epoch_dense_olmo_seed42_30cd6396__epoch_snapshots__epoch-021/results_2026-08-23T18-10-21.352889.json,9e9b693fa712db1c981da805898890a104766357dd1815dd5692e1bbf4c671ff,12380,11.535032064152116,62,1.2588116520009525,10.912944541463496,direct_same_metric_and_denominator
olmo,olmo/epoch-021,epoch-021,21,147,False,wikitext_byte_ppl,wikitext,1.6107002582674357,PPL,lower,62,measured,/vol/tmp2/yesildau/m1_eval_v2_matched_three_model_v3/results/olmo/epoch-021/harness/raw/__vol__tmp2__yesildau__m1_matched_three_model_retry_v1__training__olmo__20260822T155242Z_m1_matched_epoch_dense_olmo_seed42_30cd6396__epoch_snapshots__epoch-021/results_2026-08-23T18-10-21.352889.json,9e9b693fa712db1c981da805898890a104766357dd1815dd5692e1bbf4c671ff,12380,1.5798026045225246,62,0.030897653744911047,1.9557920499978838,direct_same_metric_and_denominator
olmo,olmo/epoch-021,epoch-021,21,147,False,exact_prefix_top1_accuracy,exact_prefix,1.0,fraction,higher,500,measured,/vol/tmp2/yesildau/m1_eval_v2_matched_three_model_v3/results/olmo/epoch-021/exact_prefix/raw/20260823T164102Z_344d8eaf/summary_metrics.json,a464f2763d734e82f473f65522d4d954b6b7541944733cd739b26a90d71166d3,1709,0.022,500,0.978,4445.454545454546,direct_same_metric_and_denominator
olmo,olmo/epoch-021,epoch-021,21,147,False,exact_prefix_top5_accuracy,exact_prefix,1.0,fraction,higher,500,measured,/vol/tmp2/yesildau/m1_eval_v2_matched_three_model_v3/results/olmo/epoch-021/exact_prefix/raw/20260823T164102Z_344d8eaf/summary_metrics.json,a464f2763d734e82f473f65522d4d954b6b7541944733cd739b26a90d71166d3,1709,,,,,no_m0_reference
olmo,olmo/epoch-021,epoch-021,21,147,False,exact_prefix_mrr,exact_prefix,1.0,fraction,higher,500,measured,/vol/tmp2/yesildau/m1_eval_v2_matched_three_model_v3/results/olmo/epoch-021/exact_prefix/raw/20260823T164102Z_344d8eaf/summary_metrics.json,a464f2763d734e82f473f65522d4d954b6b7541944733cd739b26a90d71166d3,1709,,,,,no_m0_reference
olmo,olmo/epoch-021,epoch-021,21,147,False,exact_prefix_mean_rank,exact_prefix,1,rank,lower,500,measured,/vol/tmp2/yesildau/m1_eval_v2_matched_three_model_v3/results/olmo/epoch-021/exact_prefix/raw/20260823T164102Z_344d8eaf/summary_metrics.json,a464f2763d734e82f473f65522d4d954b6b7541944733cd739b26a90d71166d3,1709,,,,,no_m0_reference
olmo,olmo/epoch-021,epoch-021,21,147,False,exact_prefix_mean_score_margin,exact_prefix,4.182081303189937,logprob,higher,500,measured,/vol/tmp2/yesildau/m1_eval_v2_matched_three_model_v3/results/olmo/epoch-021/exact_prefix/raw/20260823T164102Z_344d8eaf/summary_metrics.json,a464f2763d734e82f473f65522d4d954b6b7541944733cd739b26a90d71166d3,1709,,,,,no_m0_reference
olmo,olmo/epoch-021,epoch-021,21,147,False,factual_cheap_top1_count,factual_cheap,659,count,higher,1500,completed,/vol/tmp2/yesildau/m1_eval_v2_matched_three_model_v3/results/olmo/epoch-021/factual_cheap/raw/summary.json,07743d28a059de57198c7ab7395cab1dd0f6fbf59b4437d5cb65e3e886ce2dd1,323,,,,,no_m0_reference
olmo,olmo/epoch-021,epoch-021,21,147,False,turkish_bpb,turkish_cross_domain,2.1089644791095634,bits/byte,lower,9653767,measured,/vol/tmp2/yesildau/m1_eval_v2_matched_three_model_v3/results/olmo/epoch-021/turkish_perplexity/raw/trwiki_cross_domain/summary.json,eb895d6dabd2d96aa5c9be125e390fa505418c5e182769202c4700e0f0868f8e,936,1.6476820673132215,9653767,0.4612824117963419,27.99583857512803,direct_same_metric_and_denominator
olmo,olmo/epoch-021,epoch-021,21,147,False,turkish_ppl,turkish_cross_domain,53.62072796166476,PPL,lower,9653767,measured,/vol/tmp2/yesildau/m1_eval_v2_matched_three_model_v3/results/olmo/epoch-021/turkish_perplexity/raw/trwiki_cross_domain/summary.json,eb895d6dabd2d96aa5c9be125e390fa505418c5e182769202c4700e0f0868f8e,936,22.443216640433842,9653767,31.17751132123092,138.9173032579533,direct_same_metric_and_denominator
olmo,olmo/epoch-021,epoch-021,21,147,False,turkish_byte_ppl,turkish_cross_domain,4.3138155141339185,PPL,lower,9653767,measured,/vol/tmp2/yesildau/m1_eval_v2_matched_three_model_v3/results/olmo/epoch-021/turkish_perplexity/raw/trwiki_cross_domain/summary.json,eb895d6dabd2d96aa5c9be125e390fa505418c5e182769202c4700e0f0868f8e,936,3.1332981738003447,9653767,1.1805173403335738,37.67650810269795,direct_same_metric_and_denominator
olmo,olmo/epoch-021,epoch-021,21,147,False,generation_top1_accuracy,generation,1.0,fraction,higher,30,measured,/vol/tmp2/yesildau/m1_eval_v2_matched_three_model_v3/results/olmo/epoch-021/generation_integrity/raw/20260823T164324Z_m1_olmo_epoch-021_generation/summary_metrics.json,37693e75b96d6f9adce53880599c6851184aa237338a0f1210727be3a31f74b2,1083,1.0,30,0.0,0.0,direct_same_metric_and_denominator
olmo,olmo/epoch-021,epoch-021,21,147,False,generation_empty_or_near_empty,generation,0,count,lower,30,measured,/vol/tmp2/yesildau/m1_eval_v2_matched_three_model_v3/results/olmo/epoch-021/generation_integrity/raw/20260823T164324Z_m1_olmo_epoch-021_generation/summary_metrics.json,37693e75b96d6f9adce53880599c6851184aa237338a0f1210727be3a31f74b2,1083,1,30,-1,-100.0,direct_same_metric_and_denominator
olmo,olmo/epoch-021,epoch-021,21,147,False,generation_distinct_2,generation,0.5686757461605332,fraction,higher,30,measured,/vol/tmp2/yesildau/m1_eval_v2_matched_three_model_v3/results/olmo/epoch-021/generation_integrity/raw/20260823T164324Z_m1_olmo_epoch-021_generation/summary_metrics.json,37693e75b96d6f9adce53880599c6851184aa237338a0f1210727be3a31f74b2,1083,0.5930820105820105,30,-0.02440626442147731,-4.1151584411617295,direct_same_metric_and_denominator
olmo,olmo/epoch-021,epoch-021,21,147,False,generation_repeated_3gram,generation,0.5340392378796452,fraction,lower,30,measured,/vol/tmp2/yesildau/m1_eval_v2_matched_three_model_v3/results/olmo/epoch-021/generation_integrity/raw/20260823T164324Z_m1_olmo_epoch-021_generation/summary_metrics.json,37693e75b96d6f9adce53880599c6851184aa237338a0f1210727be3a31f74b2,1083,0.49161841742486906,30,0.04242082045477619,8.628810262434705,direct_same_metric_and_denominator
olmo,olmo/epoch-021,epoch-021,21,147,False,generation_repeated_4gram,generation,0.47091836734693887,fraction,lower,30,measured,/vol/tmp2/yesildau/m1_eval_v2_matched_three_model_v3/results/olmo/epoch-021/generation_integrity/raw/20260823T164324Z_m1_olmo_epoch-021_generation/summary_metrics.json,37693e75b96d6f9adce53880599c6851184aa237338a0f1210727be3a31f74b2,1083,,,,,no_m0_reference
olmo,olmo/epoch-021,epoch-021,21,147,False,generation_ppl,generation,24.4421858234761,PPL,lower,291485,measured,/vol/tmp2/yesildau/m1_eval_v2_matched_three_model_v3/results/olmo/epoch-021/generation_integrity/raw/20260823T164324Z_m1_olmo_epoch-021_generation/summary_metrics.json,37693e75b96d6f9adce53880599c6851184aa237338a0f1210727be3a31f74b2,1083,16.80073153464442,291485,7.641454288831678,45.482866463727504,direct_same_metric_and_denominator
olmo,olmo/epoch-022,epoch-022,22,154,False,wikitext_bpb,wikitext,0.6877372301692012,bits/byte,lower,62,measured,/vol/tmp2/yesildau/m1_eval_v2_matched_three_model_v3/results/olmo/epoch-022/harness/raw/__vol__tmp2__yesildau__m1_matched_three_model_retry_v1__training__olmo__20260822T155242Z_m1_matched_epoch_dense_olmo_seed42_30cd6396__epoch_snapshots__epoch-022/results_2026-08-23T18-20-46.391691.json,496be5fdfe63eb767307f186337c8de724c4fa55164239ec27a5aef994f862f1,12381,0.6597443057015225,62,0.027992924467678648,4.242995994927622,direct_same_metric_and_denominator
olmo,olmo/epoch-022,epoch-022,22,154,False,wikitext_word_ppl,wikitext,12.796176491933696,PPL,lower,62,measured,/vol/tmp2/yesildau/m1_eval_v2_matched_three_model_v3/results/olmo/epoch-022/harness/raw/__vol__tmp2__yesildau__m1_matched_three_model_retry_v1__training__olmo__20260822T155242Z_m1_matched_epoch_dense_olmo_seed42_30cd6396__epoch_snapshots__epoch-022/results_2026-08-23T18-20-46.391691.json,496be5fdfe63eb767307f186337c8de724c4fa55164239ec27a5aef994f862f1,12381,11.535032064152116,62,1.2611444277815806,10.93316794238388,direct_same_metric_and_denominator
olmo,olmo/epoch-022,epoch-022,22,154,False,wikitext_byte_ppl,wikitext,1.6107551753823302,PPL,lower,62,measured,/vol/tmp2/yesildau/m1_eval_v2_matched_three_model_v3/results/olmo/epoch-022/harness/raw/__vol__tmp2__yesildau__m1_matched_three_model_retry_v1__training__olmo__20260822T155242Z_m1_matched_epoch_dense_olmo_seed42_30cd6396__epoch_snapshots__epoch-022/results_2026-08-23T18-20-46.391691.json,496be5fdfe63eb767307f186337c8de724c4fa55164239ec27a5aef994f862f1,12381,1.5798026045225246,62,0.030952570859805517,1.9592682510585264,direct_same_metric_and_denominator
olmo,olmo/epoch-022,epoch-022,22,154,False,exact_prefix_top1_accuracy,exact_prefix,1.0,fraction,higher,500,measured,/vol/tmp2/yesildau/m1_eval_v2_matched_three_model_v3/results/olmo/epoch-022/exact_prefix/raw/20260823T164755Z_e7c6b7df/summary_metrics.json,bd5d8744dce6e9e9f1ecd19848bdf539b0b403873d218e80ce8655f2ff7d6457,1707,0.022,500,0.978,4445.454545454546,direct_same_metric_and_denominator
olmo,olmo/epoch-022,epoch-022,22,154,False,exact_prefix_top5_accuracy,exact_prefix,1.0,fraction,higher,500,measured,/vol/tmp2/yesildau/m1_eval_v2_matched_three_model_v3/results/olmo/epoch-022/exact_prefix/raw/20260823T164755Z_e7c6b7df/summary_metrics.json,bd5d8744dce6e9e9f1ecd19848bdf539b0b403873d218e80ce8655f2ff7d6457,1707,,,,,no_m0_reference
olmo,olmo/epoch-022,epoch-022,22,154,False,exact_prefix_mrr,exact_prefix,1.0,fraction,higher,500,measured,/vol/tmp2/yesildau/m1_eval_v2_matched_three_model_v3/results/olmo/epoch-022/exact_prefix/raw/20260823T164755Z_e7c6b7df/summary_metrics.json,bd5d8744dce6e9e9f1ecd19848bdf539b0b403873d218e80ce8655f2ff7d6457,1707,,,,,no_m0_reference
olmo,olmo/epoch-022,epoch-022,22,154,False,exact_prefix_mean_rank,exact_prefix,1,rank,lower,500,measured,/vol/tmp2/yesildau/m1_eval_v2_matched_three_model_v3/results/olmo/epoch-022/exact_prefix/raw/20260823T164755Z_e7c6b7df/summary_metrics.json,bd5d8744dce6e9e9f1ecd19848bdf539b0b403873d218e80ce8655f2ff7d6457,1707,,,,,no_m0_reference
olmo,olmo/epoch-022,epoch-022,22,154,False,exact_prefix_mean_score_margin,exact_prefix,4.191802581855766,logprob,higher,500,measured,/vol/tmp2/yesildau/m1_eval_v2_matched_three_model_v3/results/olmo/epoch-022/exact_prefix/raw/20260823T164755Z_e7c6b7df/summary_metrics.json,bd5d8744dce6e9e9f1ecd19848bdf539b0b403873d218e80ce8655f2ff7d6457,1707,,,,,no_m0_reference
olmo,olmo/epoch-022,epoch-022,22,154,False,factual_cheap_top1_count,factual_cheap,664,count,higher,1500,completed,/vol/tmp2/yesildau/m1_eval_v2_matched_three_model_v3/results/olmo/epoch-022/factual_cheap/raw/summary.json,771444f65654b0c8df864043bec5ac5a3ab1180509fa2acf10f719ee629742d8,323,,,,,no_m0_reference
olmo,olmo/epoch-022,epoch-022,22,154,False,turkish_bpb,turkish_cross_domain,2.1093879246285065,bits/byte,lower,9653767,measured,/vol/tmp2/yesildau/m1_eval_v2_matched_three_model_v3/results/olmo/epoch-022/turkish_perplexity/raw/trwiki_cross_domain/summary.json,5812cad61662acd4a8b9796f58d0f7826416272eda002f79f3bddad382beb596,933,1.6476820673132215,9653767,0.461705857315285,28.021538042722142,direct_same_metric_and_denominator
olmo,olmo/epoch-022,epoch-022,22,154,False,turkish_ppl,turkish_cross_domain,53.66361527572901,PPL,lower,9653767,measured,/vol/tmp2/yesildau/m1_eval_v2_matched_three_model_v3/results/olmo/epoch-022/turkish_perplexity/raw/trwiki_cross_domain/summary.json,5812cad61662acd4a8b9796f58d0f7826416272eda002f79f3bddad382beb596,933,22.443216640433842,9653767,31.220398635295165,139.10839580387196,direct_same_metric_and_denominator
olmo,olmo/epoch-022,epoch-022,22,154,False,turkish_byte_ppl,turkish_cross_domain,4.315081848248798,PPL,lower,9653767,measured,/vol/tmp2/yesildau/m1_eval_v2_matched_three_model_v3/results/olmo/epoch-022/turkish_perplexity/raw/trwiki_cross_domain/summary.json,5812cad61662acd4a8b9796f58d0f7826416272eda002f79f3bddad382beb596,933,3.1332981738003447,9653767,1.181783674448453,37.716923474763966,direct_same_metric_and_denominator
olmo,olmo/epoch-022,epoch-022,22,154,False,generation_top1_accuracy,generation,1.0,fraction,higher,30,measured,/vol/tmp2/yesildau/m1_eval_v2_matched_three_model_v3/results/olmo/epoch-022/generation_integrity/raw/20260823T164942Z_m1_olmo_epoch-022_generation/summary_metrics.json,db3f06539ab7301b884fe964bfb36a9097d198455bf20466f16a1dc0ad217481,1085,1.0,30,0.0,0.0,direct_same_metric_and_denominator
olmo,olmo/epoch-022,epoch-022,22,154,False,generation_empty_or_near_empty,generation,0,count,lower,30,measured,/vol/tmp2/yesildau/m1_eval_v2_matched_three_model_v3/results/olmo/epoch-022/generation_integrity/raw/20260823T164942Z_m1_olmo_epoch-022_generation/summary_metrics.json,db3f06539ab7301b884fe964bfb36a9097d198455bf20466f16a1dc0ad217481,1085,1,30,-1,-100.0,direct_same_metric_and_denominator
olmo,olmo/epoch-022,epoch-022,22,154,False,generation_distinct_2,generation,0.6061087061087062,fraction,higher,30,measured,/vol/tmp2/yesildau/m1_eval_v2_matched_three_model_v3/results/olmo/epoch-022/generation_integrity/raw/20260823T164942Z_m1_olmo_epoch-022_generation/summary_metrics.json,db3f06539ab7301b884fe964bfb36a9097d198455bf20466f16a1dc0ad217481,1085,0.5930820105820105,30,0.013026695526695664,2.196440845324603,direct_same_metric_and_denominator
olmo,olmo/epoch-022,epoch-022,22,154,False,generation_repeated_3gram,generation,0.49053763440860215,fraction,lower,30,measured,/vol/tmp2/yesildau/m1_eval_v2_matched_three_model_v3/results/olmo/epoch-022/generation_integrity/raw/20260823T164942Z_m1_olmo_epoch-022_generation/summary_metrics.json,db3f06539ab7301b884fe964bfb36a9097d198455bf20466f16a1dc0ad217481,1085,0.49161841742486906,30,-0.0010807830162669063,-0.2198418484661583,direct_same_metric_and_denominator
olmo,olmo/epoch-022,epoch-022,22,154,False,generation_repeated_4gram,generation,0.4284153005464481,fraction,lower,30,measured,/vol/tmp2/yesildau/m1_eval_v2_matched_three_model_v3/results/olmo/epoch-022/generation_integrity/raw/20260823T164942Z_m1_olmo_epoch-022_generation/summary_metrics.json,db3f06539ab7301b884fe964bfb36a9097d198455bf20466f16a1dc0ad217481,1085,,,,,no_m0_reference
olmo,olmo/epoch-022,epoch-022,22,154,False,generation_ppl,generation,24.45482731443794,PPL,lower,291485,measured,/vol/tmp2/yesildau/m1_eval_v2_matched_three_model_v3/results/olmo/epoch-022/generation_integrity/raw/20260823T164942Z_m1_olmo_epoch-022_generation/summary_metrics.json,db3f06539ab7301b884fe964bfb36a9097d198455bf20466f16a1dc0ad217481,1085,16.80073153464442,291485,7.6540957797935185,45.55811015734747,direct_same_metric_and_denominator
olmo,olmo/epoch-023,epoch-023,23,161,False,wikitext_bpb,wikitext,0.6877507848467638,bits/byte,lower,62,measured,/vol/tmp2/yesildau/m1_eval_v2_matched_three_model_v3/results/olmo/epoch-023/harness/raw/__vol__tmp2__yesildau__m1_matched_three_model_retry_v1__training__olmo__20260822T155242Z_m1_matched_epoch_dense_olmo_seed42_30cd6396__epoch_snapshots__epoch-023/results_2026-08-23T18-48-56.618379.json,f287b9908b3dae2ae56242246cbfc98c481aa5e4850c4723eb9c887a2ca91eb4,12380,0.6597443057015225,62,0.028006479145241236,4.245050529911167,direct_same_metric_and_denominator
olmo,olmo/epoch-023,epoch-023,23,161,False,wikitext_word_ppl,wikitext,12.79681940546715,PPL,lower,62,measured,/vol/tmp2/yesildau/m1_eval_v2_matched_three_model_v3/results/olmo/epoch-023/harness/raw/__vol__tmp2__yesildau__m1_matched_three_model_retry_v1__training__olmo__20260822T155242Z_m1_matched_epoch_dense_olmo_seed42_30cd6396__epoch_snapshots__epoch-023/results_2026-08-23T18-48-56.618379.json,f287b9908b3dae2ae56242246cbfc98c481aa5e4850c4723eb9c887a2ca91eb4,12380,11.535032064152116,62,1.261787341315035,10.938741516257613,direct_same_metric_and_denominator
olmo,olmo/epoch-023,epoch-023,23,161,False,wikitext_byte_ppl,wikitext,1.6107703091209111,PPL,lower,62,measured,/vol/tmp2/yesildau/m1_eval_v2_matched_three_model_v3/results/olmo/epoch-023/harness/raw/__vol__tmp2__yesildau__m1_matched_three_model_retry_v1__training__olmo__20260822T155242Z_m1_matched_epoch_dense_olmo_seed42_30cd6396__epoch_snapshots__epoch-023/results_2026-08-23T18-48-56.618379.json,f287b9908b3dae2ae56242246cbfc98c481aa5e4850c4723eb9c887a2ca91eb4,12380,1.5798026045225246,62,0.030967704598386492,1.960226202294817,direct_same_metric_and_denominator
olmo,olmo/epoch-023,epoch-023,23,161,False,exact_prefix_top1_accuracy,exact_prefix,1.0,fraction,higher,500,measured,/vol/tmp2/yesildau/m1_eval_v2_matched_three_model_v3/results/olmo/epoch-023/exact_prefix/raw/20260823T171936Z_46b5ce93/summary_metrics.json,af269635babc283288ad438d4ce5b0368beec41b2302b66d5bf78fe9f929606d,1711,0.022,500,0.978,4445.454545454546,direct_same_metric_and_denominator
olmo,olmo/epoch-023,epoch-023,23,161,False,exact_prefix_top5_accuracy,exact_prefix,1.0,fraction,higher,500,measured,/vol/tmp2/yesildau/m1_eval_v2_matched_three_model_v3/results/olmo/epoch-023/exact_prefix/raw/20260823T171936Z_46b5ce93/summary_metrics.json,af269635babc283288ad438d4ce5b0368beec41b2302b66d5bf78fe9f929606d,1711,,,,,no_m0_reference
olmo,olmo/epoch-023,epoch-023,23,161,False,exact_prefix_mrr,exact_prefix,1.0,fraction,higher,500,measured,/vol/tmp2/yesildau/m1_eval_v2_matched_three_model_v3/results/olmo/epoch-023/exact_prefix/raw/20260823T171936Z_46b5ce93/summary_metrics.json,af269635babc283288ad438d4ce5b0368beec41b2302b66d5bf78fe9f929606d,1711,,,,,no_m0_reference
olmo,olmo/epoch-023,epoch-023,23,161,False,exact_prefix_mean_rank,exact_prefix,1,rank,lower,500,measured,/vol/tmp2/yesildau/m1_eval_v2_matched_three_model_v3/results/olmo/epoch-023/exact_prefix/raw/20260823T171936Z_46b5ce93/summary_metrics.json,af269635babc283288ad438d4ce5b0368beec41b2302b66d5bf78fe9f929606d,1711,,,,,no_m0_reference
olmo,olmo/epoch-023,epoch-023,23,161,False,exact_prefix_mean_score_margin,exact_prefix,4.1980330905513386,logprob,higher,500,measured,/vol/tmp2/yesildau/m1_eval_v2_matched_three_model_v3/results/olmo/epoch-023/exact_prefix/raw/20260823T171936Z_46b5ce93/summary_metrics.json,af269635babc283288ad438d4ce5b0368beec41b2302b66d5bf78fe9f929606d,1711,,,,,no_m0_reference
olmo,olmo/epoch-023,epoch-023,23,161,False,factual_cheap_top1_count,factual_cheap,658,count,higher,1500,completed,/vol/tmp2/yesildau/m1_eval_v2_matched_three_model_v3/results/olmo/epoch-023/factual_cheap/raw/summary.json,a63b01c6ca55f409edae43cf23a598de397d27c7e3d29bc3f18bd8180c7fdf66,323,,,,,no_m0_reference
olmo,olmo/epoch-023,epoch-023,23,161,False,turkish_bpb,turkish_cross_domain,2.109917843009242,bits/byte,lower,9653767,measured,/vol/tmp2/yesildau/m1_eval_v2_matched_three_model_v3/results/olmo/epoch-023/turkish_perplexity/raw/trwiki_cross_domain/summary.json,a916b01ca8dd927fe6ffabdf35433cabb94aa13742c9f4dac00b87c83698141f,935,1.6476820673132215,9653767,0.46223577569602026,28.053699488868084,direct_same_metric_and_denominator
olmo,olmo/epoch-023,epoch-023,23,161,False,turkish_ppl,turkish_cross_domain,53.717334678062464,PPL,lower,9653767,measured,/vol/tmp2/yesildau/m1_eval_v2_matched_three_model_v3/results/olmo/epoch-023/turkish_perplexity/raw/trwiki_cross_domain/summary.json,a916b01ca8dd927fe6ffabdf35433cabb94aa13742c9f4dac00b87c83698141f,935,22.443216640433842,9653767,31.27411803762862,139.34775276947144,direct_same_metric_and_denominator
olmo,olmo/epoch-023,epoch-023,23,161,False,turkish_byte_ppl,turkish_cross_domain,4.316667118265739,PPL,lower,9653767,measured,/vol/tmp2/yesildau/m1_eval_v2_matched_three_model_v3/results/olmo/epoch-023/turkish_perplexity/raw/trwiki_cross_domain/summary.json,a916b01ca8dd927fe6ffabdf35433cabb94aa13742c9f4dac00b87c83698141f,935,3.1332981738003447,9653767,1.1833689444653945,37.76751776643391,direct_same_metric_and_denominator
olmo,olmo/epoch-023,epoch-023,23,161,False,generation_top1_accuracy,generation,1.0,fraction,higher,30,measured,/vol/tmp2/yesildau/m1_eval_v2_matched_three_model_v3/results/olmo/epoch-023/generation_integrity/raw/20260823T172150Z_m1_olmo_epoch-023_generation/summary_metrics.json,b65a82557ef085ca760ed1ddbb6ad5af08bfd5516cdf0f9cf99cc7dd04119d4c,1082,1.0,30,0.0,0.0,direct_same_metric_and_denominator
olmo,olmo/epoch-023,epoch-023,23,161,False,generation_empty_or_near_empty,generation,0,count,lower,30,measured,/vol/tmp2/yesildau/m1_eval_v2_matched_three_model_v3/results/olmo/epoch-023/generation_integrity/raw/20260823T172150Z_m1_olmo_epoch-023_generation/summary_metrics.json,b65a82557ef085ca760ed1ddbb6ad5af08bfd5516cdf0f9cf99cc7dd04119d4c,1082,1,30,-1,-100.0,direct_same_metric_and_denominator
olmo,olmo/epoch-023,epoch-023,23,161,False,generation_distinct_2,generation,0.6418868487834004,fraction,higher,30,measured,/vol/tmp2/yesildau/m1_eval_v2_matched_three_model_v3/results/olmo/epoch-023/generation_integrity/raw/20260823T172150Z_m1_olmo_epoch-023_generation/summary_metrics.json,b65a82557ef085ca760ed1ddbb6ad5af08bfd5516cdf0f9cf99cc7dd04119d4c,1082,0.5930820105820105,30,0.04880483820138992,8.229020157515174,direct_same_metric_and_denominator
olmo,olmo/epoch-023,epoch-023,23,161,False,generation_repeated_3gram,generation,0.4288134314280324,fraction,lower,30,measured,/vol/tmp2/yesildau/m1_eval_v2_matched_three_model_v3/results/olmo/epoch-023/generation_integrity/raw/20260823T172150Z_m1_olmo_epoch-023_generation/summary_metrics.json,b65a82557ef085ca760ed1ddbb6ad5af08bfd5516cdf0f9cf99cc7dd04119d4c,1082,0.49161841742486906,30,-0.06280498599683665,-12.77514913412184,direct_same_metric_and_denominator
olmo,olmo/epoch-023,epoch-023,23,161,False,generation_repeated_4gram,generation,0.3535323965651834,fraction,lower,30,measured,/vol/tmp2/yesildau/m1_eval_v2_matched_three_model_v3/results/olmo/epoch-023/generation_integrity/raw/20260823T172150Z_m1_olmo_epoch-023_generation/summary_metrics.json,b65a82557ef085ca760ed1ddbb6ad5af08bfd5516cdf0f9cf99cc7dd04119d4c,1082,,,,,no_m0_reference
olmo,olmo/epoch-023,epoch-023,23,161,False,generation_ppl,generation,24.458559562909773,PPL,lower,291485,measured,/vol/tmp2/yesildau/m1_eval_v2_matched_three_model_v3/results/olmo/epoch-023/generation_integrity/raw/20260823T172150Z_m1_olmo_epoch-023_generation/summary_metrics.json,b65a82557ef085ca760ed1ddbb6ad5af08bfd5516cdf0f9cf99cc7dd04119d4c,1082,16.80073153464442,291485,7.657828028265353,45.580324954745656,direct_same_metric_and_denominator
olmo,olmo/epoch-024,epoch-024,24,168,False,wikitext_bpb,wikitext,0.6877609857896717,bits/byte,lower,62,measured,/vol/tmp2/yesildau/m1_eval_v2_matched_three_model_v3/results/olmo/epoch-024/harness/raw/__vol__tmp2__yesildau__m1_matched_three_model_retry_v1__training__olmo__20260822T155242Z_m1_matched_epoch_dense_olmo_seed42_30cd6396__epoch_snapshots__epoch-024/results_2026-08-23T18-54-33.443799.json,082f97451074039d228d6c91b95a9f5db27a08a52cd32c0224ff8745f75394a4,12380,0.6597443057015225,62,0.02801668008814917,4.2465967263420845,direct_same_metric_and_denominator
olmo,olmo/epoch-024,epoch-024,24,168,False,wikitext_word_ppl,wikitext,12.797303268912934,PPL,lower,62,measured,/vol/tmp2/yesildau/m1_eval_v2_matched_three_model_v3/results/olmo/epoch-024/harness/raw/__vol__tmp2__yesildau__m1_matched_three_model_retry_v1__training__olmo__20260822T155242Z_m1_matched_epoch_dense_olmo_seed42_30cd6396__epoch_snapshots__epoch-024/results_2026-08-23T18-54-33.443799.json,082f97451074039d228d6c91b95a9f5db27a08a52cd32c0224ff8745f75394a4,12380,11.535032064152116,62,1.2622712047608182,10.942936246216682,direct_same_metric_and_denominator
olmo,olmo/epoch-024,epoch-024,24,168,False,wikitext_byte_ppl,wikitext,1.610781698523097,PPL,lower,62,measured,/vol/tmp2/yesildau/m1_eval_v2_matched_three_model_v3/results/olmo/epoch-024/harness/raw/__vol__tmp2__yesildau__m1_matched_three_model_retry_v1__training__olmo__20260822T155242Z_m1_matched_epoch_dense_olmo_seed42_30cd6396__epoch_snapshots__epoch-024/results_2026-08-23T18-54-33.443799.json,082f97451074039d228d6c91b95a9f5db27a08a52cd32c0224ff8745f75394a4,12380,1.5798026045225246,62,0.030979094000572305,1.9609471406040215,direct_same_metric_and_denominator
olmo,olmo/epoch-024,epoch-024,24,168,False,exact_prefix_top1_accuracy,exact_prefix,1.0,fraction,higher,500,measured,/vol/tmp2/yesildau/m1_eval_v2_matched_three_model_v3/results/olmo/epoch-024/exact_prefix/raw/20260823T172228Z_95f9c653/summary_metrics.json,a3440d1197c55f19010680f58bcaf21938785b8edea591c4a1c8454bae81fc74,1710,0.022,500,0.978,4445.454545454546,direct_same_metric_and_denominator
olmo,olmo/epoch-024,epoch-024,24,168,False,exact_prefix_top5_accuracy,exact_prefix,1.0,fraction,higher,500,measured,/vol/tmp2/yesildau/m1_eval_v2_matched_three_model_v3/results/olmo/epoch-024/exact_prefix/raw/20260823T172228Z_95f9c653/summary_metrics.json,a3440d1197c55f19010680f58bcaf21938785b8edea591c4a1c8454bae81fc74,1710,,,,,no_m0_reference
olmo,olmo/epoch-024,epoch-024,24,168,False,exact_prefix_mrr,exact_prefix,1.0,fraction,higher,500,measured,/vol/tmp2/yesildau/m1_eval_v2_matched_three_model_v3/results/olmo/epoch-024/exact_prefix/raw/20260823T172228Z_95f9c653/summary_metrics.json,a3440d1197c55f19010680f58bcaf21938785b8edea591c4a1c8454bae81fc74,1710,,,,,no_m0_reference
olmo,olmo/epoch-024,epoch-024,24,168,False,exact_prefix_mean_rank,exact_prefix,1,rank,lower,500,measured,/vol/tmp2/yesildau/m1_eval_v2_matched_three_model_v3/results/olmo/epoch-024/exact_prefix/raw/20260823T172228Z_95f9c653/summary_metrics.json,a3440d1197c55f19010680f58bcaf21938785b8edea591c4a1c8454bae81fc74,1710,,,,,no_m0_reference
olmo,olmo/epoch-024,epoch-024,24,168,False,exact_prefix_mean_score_margin,exact_prefix,4.207518940262135,logprob,higher,500,measured,/vol/tmp2/yesildau/m1_eval_v2_matched_three_model_v3/results/olmo/epoch-024/exact_prefix/raw/20260823T172228Z_95f9c653/summary_metrics.json,a3440d1197c55f19010680f58bcaf21938785b8edea591c4a1c8454bae81fc74,1710,,,,,no_m0_reference
olmo,olmo/epoch-024,epoch-024,24,168,False,factual_cheap_top1_count,factual_cheap,662,count,higher,1500,completed,/vol/tmp2/yesildau/m1_eval_v2_matched_three_model_v3/results/olmo/epoch-024/factual_cheap/raw/summary.json,48706e61b227575de7d325453d6a91769c59ffa6a84ea19f32a3a1af10244cce,322,,,,,no_m0_reference
olmo,olmo/epoch-024,epoch-024,24,168,False,turkish_bpb,turkish_cross_domain,2.110433506209062,bits/byte,lower,9653767,measured,/vol/tmp2/yesildau/m1_eval_v2_matched_three_model_v3/results/olmo/epoch-024/turkish_perplexity/raw/trwiki_cross_domain/summary.json,21222ba31e0d1e3f6b838c355f87bd972f4fea70f20aaa2385d741d2feba6225,935,1.6476820673132215,9653767,0.46275143889584025,28.084995769264022,direct_same_metric_and_denominator
olmo,olmo/epoch-024,epoch-024,24,168,False,turkish_ppl,turkish_cross_domain,53.76966061466163,PPL,lower,9653767,measured,/vol/tmp2/yesildau/m1_eval_v2_matched_three_model_v3/results/olmo/epoch-024/turkish_perplexity/raw/trwiki_cross_domain/summary.json,21222ba31e0d1e3f6b838c355f87bd972f4fea70f20aaa2385d741d2feba6225,935,22.443216640433842,9653767,31.32644397422779,139.58090088472375,direct_same_metric_and_denominator
olmo,olmo/epoch-024,epoch-024,24,168,False,turkish_byte_ppl,turkish_cross_domain,4.318210302496376,PPL,lower,9653767,measured,/vol/tmp2/yesildau/m1_eval_v2_matched_three_model_v3/results/olmo/epoch-024/turkish_perplexity/raw/trwiki_cross_domain/summary.json,21222ba31e0d1e3f6b838c355f87bd972f4fea70f20aaa2385d741d2feba6225,935,3.1332981738003447,9653767,1.1849121286960314,37.81676887963918,direct_same_metric_and_denominator
olmo,olmo/epoch-024,epoch-024,24,168,False,generation_top1_accuracy,generation,1.0,fraction,higher,30,measured,/vol/tmp2/yesildau/m1_eval_v2_matched_three_model_v3/results/olmo/epoch-024/generation_integrity/raw/20260823T172420Z_m1_olmo_epoch-024_generation/summary_metrics.json,445cc406497bbf79464a7e6c53301d56c156566b83d59b3f7919ee4389b6ba17,1083,1.0,30,0.0,0.0,direct_same_metric_and_denominator
olmo,olmo/epoch-024,epoch-024,24,168,False,generation_empty_or_near_empty,generation,0,count,lower,30,measured,/vol/tmp2/yesildau/m1_eval_v2_matched_three_model_v3/results/olmo/epoch-024/generation_integrity/raw/20260823T172420Z_m1_olmo_epoch-024_generation/summary_metrics.json,445cc406497bbf79464a7e6c53301d56c156566b83d59b3f7919ee4389b6ba17,1083,1,30,-1,-100.0,direct_same_metric_and_denominator
olmo,olmo/epoch-024,epoch-024,24,168,False,generation_distinct_2,generation,0.5854945761120581,fraction,higher,30,measured,/vol/tmp2/yesildau/m1_eval_v2_matched_three_model_v3/results/olmo/epoch-024/generation_integrity/raw/20260823T172420Z_m1_olmo_epoch-024_generation/summary_metrics.json,445cc406497bbf79464a7e6c53301d56c156566b83d59b3f7919ee4389b6ba17,1083,0.5930820105820105,30,-0.007587434469952359,-1.2793229830907473,direct_same_metric_and_denominator
olmo,olmo/epoch-024,epoch-024,24,168,False,generation_repeated_3gram,generation,0.4998835799175357,fraction,lower,30,measured,/vol/tmp2/yesildau/m1_eval_v2_matched_three_model_v3/results/olmo/epoch-024/generation_integrity/raw/20260823T172420Z_m1_olmo_epoch-024_generation/summary_metrics.json,445cc406497bbf79464a7e6c53301d56c156566b83d59b3f7919ee4389b6ba17,1083,0.49161841742486906,30,0.008265162492666622,1.6812149829455352,direct_same_metric_and_denominator
olmo,olmo/epoch-024,epoch-024,24,168,False,generation_repeated_4gram,generation,0.42561023209763715,fraction,lower,30,measured,/vol/tmp2/yesildau/m1_eval_v2_matched_three_model_v3/results/olmo/epoch-024/generation_integrity/raw/20260823T172420Z_m1_olmo_epoch-024_generation/summary_metrics.json,445cc406497bbf79464a7e6c53301d56c156566b83d59b3f7919ee4389b6ba17,1083,,,,,no_m0_reference
olmo,olmo/epoch-024,epoch-024,24,168,False,generation_ppl,generation,24.47524669339039,PPL,lower,291485,measured,/vol/tmp2/yesildau/m1_eval_v2_matched_three_model_v3/results/olmo/epoch-024/generation_integrity/raw/20260823T172420Z_m1_olmo_epoch-024_generation/summary_metrics.json,445cc406497bbf79464a7e6c53301d56c156566b83d59b3f7919ee4389b6ba17,1083,16.80073153464442,291485,7.674515158745969,45.67964878743833,direct_same_metric_and_denominator
olmo,olmo/epoch-025,epoch-025,25,175,False,wikitext_bpb,wikitext,0.6877619639622793,bits/byte,lower,62,measured,/vol/tmp2/yesildau/m1_eval_v2_matched_three_model_v3/results/olmo/epoch-025/harness/raw/__vol__tmp2__yesildau__m1_matched_three_model_retry_v1__training__olmo__20260822T155242Z_m1_matched_epoch_dense_olmo_seed42_30cd6396__epoch_snapshots__epoch-025/results_2026-08-23T19-27-07.913965.json,43bcf68c2345497dd73ea8c9387bf5fb1aa8948691d92b09e6c1310c25b2f26e,12380,0.6597443057015225,62,0.02801765826075675,4.246744991753264,direct_same_metric_and_denominator
olmo,olmo/epoch-025,epoch-025,25,175,False,wikitext_word_ppl,wikitext,12.797349667738882,PPL,lower,62,measured,/vol/tmp2/yesildau/m1_eval_v2_matched_three_model_v3/results/olmo/epoch-025/harness/raw/__vol__tmp2__yesildau__m1_matched_three_model_retry_v1__training__olmo__20260822T155242Z_m1_matched_epoch_dense_olmo_seed42_30cd6396__epoch_snapshots__epoch-025/results_2026-08-23T19-27-07.913965.json,43bcf68c2345497dd73ea8c9387bf5fb1aa8948691d92b09e6c1310c25b2f26e,12380,11.535032064152116,62,1.2623176035867658,10.94333848892992,direct_same_metric_and_denominator
olmo,olmo/epoch-025,epoch-025,25,175,False,wikitext_byte_ppl,wikitext,1.6107827906617846,PPL,lower,62,measured,/vol/tmp2/yesildau/m1_eval_v2_matched_three_model_v3/results/olmo/epoch-025/harness/raw/__vol__tmp2__yesildau__m1_matched_three_model_retry_v1__training__olmo__20260822T155242Z_m1_matched_epoch_dense_olmo_seed42_30cd6396__epoch_snapshots__epoch-025/results_2026-08-23T19-27-07.913965.json,43bcf68c2345497dd73ea8c9387bf5fb1aa8948691d92b09e6c1310c25b2f26e,12380,1.5798026045225246,62,0.030980186139260013,1.9610162719426192,direct_same_metric_and_denominator
olmo,olmo/epoch-025,epoch-025,25,175,False,exact_prefix_top1_accuracy,exact_prefix,1.0,fraction,higher,500,measured,/vol/tmp2/yesildau/m1_eval_v2_matched_three_model_v3/results/olmo/epoch-025/exact_prefix/raw/20260823T175737Z_1104bb6c/summary_metrics.json,78aa41fd17d371dc535b97d0a34a4e5610f6b5275a610982a72148f3b8e1f3cb,1711,0.022,500,0.978,4445.454545454546,direct_same_metric_and_denominator
olmo,olmo/epoch-025,epoch-025,25,175,False,exact_prefix_top5_accuracy,exact_prefix,1.0,fraction,higher,500,measured,/vol/tmp2/yesildau/m1_eval_v2_matched_three_model_v3/results/olmo/epoch-025/exact_prefix/raw/20260823T175737Z_1104bb6c/summary_metrics.json,78aa41fd17d371dc535b97d0a34a4e5610f6b5275a610982a72148f3b8e1f3cb,1711,,,,,no_m0_reference
olmo,olmo/epoch-025,epoch-025,25,175,False,exact_prefix_mrr,exact_prefix,1.0,fraction,higher,500,measured,/vol/tmp2/yesildau/m1_eval_v2_matched_three_model_v3/results/olmo/epoch-025/exact_prefix/raw/20260823T175737Z_1104bb6c/summary_metrics.json,78aa41fd17d371dc535b97d0a34a4e5610f6b5275a610982a72148f3b8e1f3cb,1711,,,,,no_m0_reference
olmo,olmo/epoch-025,epoch-025,25,175,False,exact_prefix_mean_rank,exact_prefix,1,rank,lower,500,measured,/vol/tmp2/yesildau/m1_eval_v2_matched_three_model_v3/results/olmo/epoch-025/exact_prefix/raw/20260823T175737Z_1104bb6c/summary_metrics.json,78aa41fd17d371dc535b97d0a34a4e5610f6b5275a610982a72148f3b8e1f3cb,1711,,,,,no_m0_reference
olmo,olmo/epoch-025,epoch-025,25,175,False,exact_prefix_mean_score_margin,exact_prefix,4.215135258452666,logprob,higher,500,measured,/vol/tmp2/yesildau/m1_eval_v2_matched_three_model_v3/results/olmo/epoch-025/exact_prefix/raw/20260823T175737Z_1104bb6c/summary_metrics.json,78aa41fd17d371dc535b97d0a34a4e5610f6b5275a610982a72148f3b8e1f3cb,1711,,,,,no_m0_reference
olmo,olmo/epoch-025,epoch-025,25,175,False,factual_cheap_top1_count,factual_cheap,660,count,higher,1500,completed,/vol/tmp2/yesildau/m1_eval_v2_matched_three_model_v3/results/olmo/epoch-025/factual_cheap/raw/summary.json,8c926d0d73c9642025da484072a0fe8451c8ef6e8e82439b299092ea3edb5b1c,323,,,,,no_m0_reference
olmo,olmo/epoch-025,epoch-025,25,175,False,turkish_bpb,turkish_cross_domain,2.110902978911471,bits/byte,lower,9653767,measured,/vol/tmp2/yesildau/m1_eval_v2_matched_three_model_v3/results/olmo/epoch-025/turkish_perplexity/raw/trwiki_cross_domain/summary.json,abed4c34fd8ec2e0b27dbb2ce8f9f56f87c71492b3f871560d6b561509024efa,936,1.6476820673132215,9653767,0.4632209115982493,28.11348868738958,direct_same_metric_and_denominator
olmo,olmo/epoch-025,epoch-025,25,175,False,turkish_ppl,turkish_cross_domain,53.817343784156925,PPL,lower,9653767,measured,/vol/tmp2/yesildau/m1_eval_v2_matched_three_model_v3/results/olmo/epoch-025/turkish_perplexity/raw/trwiki_cross_domain/summary.json,abed4c34fd8ec2e0b27dbb2ce8f9f56f87c71492b3f871560d6b561509024efa,936,22.443216640433842,9653767,31.374127143723083,139.7933622723191,direct_same_metric_and_denominator
olmo,olmo/epoch-025,epoch-025,25,175,False,turkish_byte_ppl,turkish_cross_domain,4.319615735863252,PPL,lower,9653767,measured,/vol/tmp2/yesildau/m1_eval_v2_matched_three_model_v3/results/olmo/epoch-025/turkish_perplexity/raw/trwiki_cross_domain/summary.json,abed4c34fd8ec2e0b27dbb2ce8f9f56f87c71492b3f871560d6b561509024efa,936,3.1332981738003447,9653767,1.1863175620629072,37.86162363934981,direct_same_metric_and_denominator
olmo,olmo/epoch-025,epoch-025,25,175,False,generation_top1_accuracy,generation,1.0,fraction,higher,30,measured,/vol/tmp2/yesildau/m1_eval_v2_matched_three_model_v3/results/olmo/epoch-025/generation_integrity/raw/20260823T175947Z_m1_olmo_epoch-025_generation/summary_metrics.json,3d430f28dc2c85eac2bd580dc4f58cc657c9911fbafd51eda59989e5299086c8,1084,1.0,30,0.0,0.0,direct_same_metric_and_denominator
olmo,olmo/epoch-025,epoch-025,25,175,False,generation_empty_or_near_empty,generation,0,count,lower,30,measured,/vol/tmp2/yesildau/m1_eval_v2_matched_three_model_v3/results/olmo/epoch-025/generation_integrity/raw/20260823T175947Z_m1_olmo_epoch-025_generation/summary_metrics.json,3d430f28dc2c85eac2bd580dc4f58cc657c9911fbafd51eda59989e5299086c8,1084,1,30,-1,-100.0,direct_same_metric_and_denominator
olmo,olmo/epoch-025,epoch-025,25,175,False,generation_distinct_2,generation,0.6013468013468013,fraction,higher,30,measured,/vol/tmp2/yesildau/m1_eval_v2_matched_three_model_v3/results/olmo/epoch-025/generation_integrity/raw/20260823T175947Z_m1_olmo_epoch-025_generation/summary_metrics.json,3d430f28dc2c85eac2bd580dc4f58cc657c9911fbafd51eda59989e5299086c8,1084,0.5930820105820105,30,0.008264790764790808,1.3935325329932537,direct_same_metric_and_denominator
olmo,olmo/epoch-025,epoch-025,25,175,False,generation_repeated_3gram,generation,0.4803225806451613,fraction,lower,30,measured,/vol/tmp2/yesildau/m1_eval_v2_matched_three_model_v3/results/olmo/epoch-025/generation_integrity/raw/20260823T175947Z_m1_olmo_epoch-025_generation/summary_metrics.json,3d430f28dc2c85eac2bd580dc4f58cc657c9911fbafd51eda59989e5299086c8,1084,0.49161841742486906,30,-0.011295836779707746,-2.297683809096517,direct_same_metric_and_denominator
olmo,olmo/epoch-025,epoch-025,25,175,False,generation_repeated_4gram,generation,0.41092896174863386,fraction,lower,30,measured,/vol/tmp2/yesildau/m1_eval_v2_matched_three_model_v3/results/olmo/epoch-025/generation_integrity/raw/20260823T175947Z_m1_olmo_epoch-025_generation/summary_metrics.json,3d430f28dc2c85eac2bd580dc4f58cc657c9911fbafd51eda59989e5299086c8,1084,,,,,no_m0_reference
olmo,olmo/epoch-025,epoch-025,25,175,False,generation_ppl,generation,24.48302117286936,PPL,lower,291485,measured,/vol/tmp2/yesildau/m1_eval_v2_matched_three_model_v3/results/olmo/epoch-025/generation_integrity/raw/20260823T175947Z_m1_olmo_epoch-025_generation/summary_metrics.json,3d430f28dc2c85eac2bd580dc4f58cc657c9911fbafd51eda59989e5299086c8,1084,16.80073153464442,291485,7.68228963822494,45.725923436032886,direct_same_metric_and_denominator
olmo,olmo/epoch-026,epoch-026,26,182,False,wikitext_bpb,wikitext,0.6877734225556826,bits/byte,lower,62,measured,/vol/tmp2/yesildau/m1_eval_v2_matched_three_model_v3/results/olmo/epoch-026/harness/raw/__vol__tmp2__yesildau__m1_matched_three_model_retry_v1__training__olmo__20260822T155242Z_m1_matched_epoch_dense_olmo_seed42_30cd6396__epoch_snapshots__epoch-026/results_2026-08-23T19-28-34.844268.json,75bbcd37e6974720f1c4192ef1b2e266e5c680ae63de712f5da2d0b555c3cc2b,12380,0.6597443057015225,62,0.028029116854160097,4.248481815141404,direct_same_metric_and_denominator
olmo,olmo/epoch-026,epoch-026,26,182,False,wikitext_word_ppl,wikitext,12.797893209370743,PPL,lower,62,measured,/vol/tmp2/yesildau/m1_eval_v2_matched_three_model_v3/results/olmo/epoch-026/harness/raw/__vol__tmp2__yesildau__m1_matched_three_model_retry_v1__training__olmo__20260822T155242Z_m1_matched_epoch_dense_olmo_seed42_30cd6396__epoch_snapshots__epoch-026/results_2026-08-23T19-28-34.844268.json,75bbcd37e6974720f1c4192ef1b2e266e5c680ae63de712f5da2d0b555c3cc2b,12380,11.535032064152116,62,1.2628611452186274,10.948050583606715,direct_same_metric_and_denominator
olmo,olmo/epoch-026,epoch-026,26,182,False,wikitext_byte_ppl,wikitext,1.610795584341554,PPL,lower,62,measured,/vol/tmp2/yesildau/m1_eval_v2_matched_three_model_v3/results/olmo/epoch-026/harness/raw/__vol__tmp2__yesildau__m1_matched_three_model_retry_v1__training__olmo__20260822T155242Z_m1_matched_epoch_dense_olmo_seed42_30cd6396__epoch_snapshots__epoch-026/results_2026-08-23T19-28-34.844268.json,75bbcd37e6974720f1c4192ef1b2e266e5c680ae63de712f5da2d0b555c3cc2b,12380,1.5798026045225246,62,0.030992979819029376,1.9618260996851953,direct_same_metric_and_denominator
olmo,olmo/epoch-026,epoch-026,26,182,False,exact_prefix_top1_accuracy,exact_prefix,1.0,fraction,higher,500,measured,/vol/tmp2/yesildau/m1_eval_v2_matched_three_model_v3/results/olmo/epoch-026/exact_prefix/raw/20260823T175628Z_86f810a1/summary_metrics.json,26bc27e0cff3d590110107837b5859181014ba3125e89b52e51a46da6d12264f,1708,0.022,500,0.978,4445.454545454546,direct_same_metric_and_denominator
olmo,olmo/epoch-026,epoch-026,26,182,False,exact_prefix_top5_accuracy,exact_prefix,1.0,fraction,higher,500,measured,/vol/tmp2/yesildau/m1_eval_v2_matched_three_model_v3/results/olmo/epoch-026/exact_prefix/raw/20260823T175628Z_86f810a1/summary_metrics.json,26bc27e0cff3d590110107837b5859181014ba3125e89b52e51a46da6d12264f,1708,,,,,no_m0_reference
olmo,olmo/epoch-026,epoch-026,26,182,False,exact_prefix_mrr,exact_prefix,1.0,fraction,higher,500,measured,/vol/tmp2/yesildau/m1_eval_v2_matched_three_model_v3/results/olmo/epoch-026/exact_prefix/raw/20260823T175628Z_86f810a1/summary_metrics.json,26bc27e0cff3d590110107837b5859181014ba3125e89b52e51a46da6d12264f,1708,,,,,no_m0_reference
olmo,olmo/epoch-026,epoch-026,26,182,False,exact_prefix_mean_rank,exact_prefix,1,rank,lower,500,measured,/vol/tmp2/yesildau/m1_eval_v2_matched_three_model_v3/results/olmo/epoch-026/exact_prefix/raw/20260823T175628Z_86f810a1/summary_metrics.json,26bc27e0cff3d590110107837b5859181014ba3125e89b52e51a46da6d12264f,1708,,,,,no_m0_reference
olmo,olmo/epoch-026,epoch-026,26,182,False,exact_prefix_mean_score_margin,exact_prefix,4.222731736692088,logprob,higher,500,measured,/vol/tmp2/yesildau/m1_eval_v2_matched_three_model_v3/results/olmo/epoch-026/exact_prefix/raw/20260823T175628Z_86f810a1/summary_metrics.json,26bc27e0cff3d590110107837b5859181014ba3125e89b52e51a46da6d12264f,1708,,,,,no_m0_reference
olmo,olmo/epoch-026,epoch-026,26,182,False,factual_cheap_top1_count,factual_cheap,659,count,higher,1500,completed,/vol/tmp2/yesildau/m1_eval_v2_matched_three_model_v3/results/olmo/epoch-026/factual_cheap/raw/summary.json,7548c5da372c6d02a1135a51267f0ac8670d3520a6c9fd4039498eb93ba98a36,322,,,,,no_m0_reference
olmo,olmo/epoch-026,epoch-026,26,182,False,turkish_bpb,turkish_cross_domain,2.1113326449893424,bits/byte,lower,9653767,measured,/vol/tmp2/yesildau/m1_eval_v2_matched_three_model_v3/results/olmo/epoch-026/turkish_perplexity/raw/trwiki_cross_domain/summary.json,6a2ab134d74e48987d8d0b90233f78efda232aa427a20e3afd42862258d53b5b,940,1.6476820673132215,9653767,0.46365057767612083,28.139565688917685,direct_same_metric_and_denominator
olmo,olmo/epoch-026,epoch-026,26,182,False,turkish_ppl,turkish_cross_domain,53.861020952860464,PPL,lower,9653767,measured,/vol/tmp2/yesildau/m1_eval_v2_matched_three_model_v3/results/olmo/epoch-026/turkish_perplexity/raw/trwiki_cross_domain/summary.json,6a2ab134d74e48987d8d0b90233f78efda232aa427a20e3afd42862258d53b5b,940,22.443216640433842,9653767,31.41780431242662,139.98797416509407,direct_same_metric_and_denominator
olmo,olmo/epoch-026,epoch-026,26,182,False,turkish_byte_ppl,turkish_cross_domain,4.320902403317904,PPL,lower,9653767,measured,/vol/tmp2/yesildau/m1_eval_v2_matched_three_model_v3/results/olmo/epoch-026/turkish_perplexity/raw/trwiki_cross_domain/summary.json,6a2ab134d74e48987d8d0b90233f78efda232aa427a20e3afd42862258d53b5b,940,3.1332981738003447,9653767,1.187604229517559,37.90268795507343,direct_same_metric_and_denominator
olmo,olmo/epoch-026,epoch-026,26,182,False,generation_top1_accuracy,generation,1.0,fraction,higher,30,measured,/vol/tmp2/yesildau/m1_eval_v2_matched_three_model_v3/results/olmo/epoch-026/generation_integrity/raw/20260823T175849Z_m1_olmo_epoch-026_generation/summary_metrics.json,04357e51d1a94b3bbde43b105f4b1d1f588c9cfb7eda049d6797b47c4c522eaa,1081,1.0,30,0.0,0.0,direct_same_metric_and_denominator
olmo,olmo/epoch-026,epoch-026,26,182,False,generation_empty_or_near_empty,generation,0,count,lower,30,measured,/vol/tmp2/yesildau/m1_eval_v2_matched_three_model_v3/results/olmo/epoch-026/generation_integrity/raw/20260823T175849Z_m1_olmo_epoch-026_generation/summary_metrics.json,04357e51d1a94b3bbde43b105f4b1d1f588c9cfb7eda049d6797b47c4c522eaa,1081,1,30,-1,-100.0,direct_same_metric_and_denominator
olmo,olmo/epoch-026,epoch-026,26,182,False,generation_distinct_2,generation,0.5701298701298702,fraction,higher,30,measured,/vol/tmp2/yesildau/m1_eval_v2_matched_three_model_v3/results/olmo/epoch-026/generation_integrity/raw/20260823T175849Z_m1_olmo_epoch-026_generation/summary_metrics.json,04357e51d1a94b3bbde43b105f4b1d1f588c9cfb7eda049d6797b47c4c522eaa,1081,0.5930820105820105,30,-0.022952140452140335,-3.869977514512143,direct_same_metric_and_denominator
olmo,olmo/epoch-026,epoch-026,26,182,False,generation_repeated_3gram,generation,0.5238709677419354,fraction,lower,30,measured,/vol/tmp2/yesildau/m1_eval_v2_matched_three_model_v3/results/olmo/epoch-026/generation_integrity/raw/20260823T175849Z_m1_olmo_epoch-026_generation/summary_metrics.json,04357e51d1a94b3bbde43b105f4b1d1f588c9cfb7eda049d6797b47c4c522eaa,1081,0.49161841742486906,30,0.032252550317066364,6.560484549380275,direct_same_metric_and_denominator
olmo,olmo/epoch-026,epoch-026,26,182,False,generation_repeated_4gram,generation,0.4617486338797815,fraction,lower,30,measured,/vol/tmp2/yesildau/m1_eval_v2_matched_three_model_v3/results/olmo/epoch-026/generation_integrity/raw/20260823T175849Z_m1_olmo_epoch-026_generation/summary_metrics.json,04357e51d1a94b3bbde43b105f4b1d1f588c9cfb7eda049d6797b47c4c522eaa,1081,,,,,no_m0_reference
olmo,olmo/epoch-026,epoch-026,26,182,False,generation_ppl,generation,24.495329504363585,PPL,lower,291485,measured,/vol/tmp2/yesildau/m1_eval_v2_matched_three_model_v3/results/olmo/epoch-026/generation_integrity/raw/20260823T175849Z_m1_olmo_epoch-026_generation/summary_metrics.json,04357e51d1a94b3bbde43b105f4b1d1f588c9cfb7eda049d6797b47c4c522eaa,1081,16.80073153464442,291485,7.694597969719165,45.79918412393117,direct_same_metric_and_denominator
olmo,olmo/epoch-027,epoch-027,27,189,False,wikitext_bpb,wikitext,0.6878012306055276,bits/byte,lower,62,measured,/vol/tmp2/yesildau/m1_eval_v2_matched_three_model_v3/results/olmo/epoch-027/harness/raw/__vol__tmp2__yesildau__m1_matched_three_model_retry_v1__training__olmo__20260822T155242Z_m1_matched_epoch_dense_olmo_seed42_30cd6396__epoch_snapshots__epoch-027/results_2026-08-23T20-04-19.211464.json,b855cf4934df712a79d36bea0f7006fa8d01e04a044b5340a66db429611799b6,12379,0.6597443057015225,62,0.02805692490400502,4.252696788973631,direct_same_metric_and_denominator
olmo,olmo/epoch-027,epoch-027,27,189,False,wikitext_word_ppl,wikitext,12.799212388108124,PPL,lower,62,measured,/vol/tmp2/yesildau/m1_eval_v2_matched_three_model_v3/results/olmo/epoch-027/harness/raw/__vol__tmp2__yesildau__m1_matched_three_model_retry_v1__training__olmo__20260822T155242Z_m1_matched_epoch_dense_olmo_seed42_30cd6396__epoch_snapshots__epoch-027/results_2026-08-23T20-04-19.211464.json,b855cf4934df712a79d36bea0f7006fa8d01e04a044b5340a66db429611799b6,12379,11.535032064152116,62,1.2641803239560083,10.959486865101594,direct_same_metric_and_denominator
olmo,olmo/epoch-027,epoch-027,27,189,False,wikitext_byte_ppl,wikitext,1.6108266328405973,PPL,lower,62,measured,/vol/tmp2/yesildau/m1_eval_v2_matched_three_model_v3/results/olmo/epoch-027/harness/raw/__vol__tmp2__yesildau__m1_matched_three_model_retry_v1__training__olmo__20260822T155242Z_m1_matched_epoch_dense_olmo_seed42_30cd6396__epoch_snapshots__epoch-027/results_2026-08-23T20-04-19.211464.json,b855cf4934df712a79d36bea0f7006fa8d01e04a044b5340a66db429611799b6,12379,1.5798026045225246,62,0.031024028318072716,1.9637914400988936,direct_same_metric_and_denominator
olmo,olmo/epoch-027,epoch-027,27,189,False,exact_prefix_top1_accuracy,exact_prefix,1.0,fraction,higher,500,measured,/vol/tmp2/yesildau/m1_eval_v2_matched_three_model_v3/results/olmo/epoch-027/exact_prefix/raw/20260823T183134Z_d49a2ec1/summary_metrics.json,abf610c9f6aa0cd8a9e467c12a0c462472d7ea2010be0b659da63899d8178135,1708,0.022,500,0.978,4445.454545454546,direct_same_metric_and_denominator
olmo,olmo/epoch-027,epoch-027,27,189,False,exact_prefix_top5_accuracy,exact_prefix,1.0,fraction,higher,500,measured,/vol/tmp2/yesildau/m1_eval_v2_matched_three_model_v3/results/olmo/epoch-027/exact_prefix/raw/20260823T183134Z_d49a2ec1/summary_metrics.json,abf610c9f6aa0cd8a9e467c12a0c462472d7ea2010be0b659da63899d8178135,1708,,,,,no_m0_reference
olmo,olmo/epoch-027,epoch-027,27,189,False,exact_prefix_mrr,exact_prefix,1.0,fraction,higher,500,measured,/vol/tmp2/yesildau/m1_eval_v2_matched_three_model_v3/results/olmo/epoch-027/exact_prefix/raw/20260823T183134Z_d49a2ec1/summary_metrics.json,abf610c9f6aa0cd8a9e467c12a0c462472d7ea2010be0b659da63899d8178135,1708,,,,,no_m0_reference
olmo,olmo/epoch-027,epoch-027,27,189,False,exact_prefix_mean_rank,exact_prefix,1,rank,lower,500,measured,/vol/tmp2/yesildau/m1_eval_v2_matched_three_model_v3/results/olmo/epoch-027/exact_prefix/raw/20260823T183134Z_d49a2ec1/summary_metrics.json,abf610c9f6aa0cd8a9e467c12a0c462472d7ea2010be0b659da63899d8178135,1708,,,,,no_m0_reference
olmo,olmo/epoch-027,epoch-027,27,189,False,exact_prefix_mean_score_margin,exact_prefix,4.231292909778027,logprob,higher,500,measured,/vol/tmp2/yesildau/m1_eval_v2_matched_three_model_v3/results/olmo/epoch-027/exact_prefix/raw/20260823T183134Z_d49a2ec1/summary_metrics.json,abf610c9f6aa0cd8a9e467c12a0c462472d7ea2010be0b659da63899d8178135,1708,,,,,no_m0_reference
olmo,olmo/epoch-027,epoch-027,27,189,False,factual_cheap_top1_count,factual_cheap,666,count,higher,1500,completed,/vol/tmp2/yesildau/m1_eval_v2_matched_three_model_v3/results/olmo/epoch-027/factual_cheap/raw/summary.json,917f09a6a9fa4c3435b197dce6c99943efe585f448ba038d2cac01a72de427d9,323,,,,,no_m0_reference
olmo,olmo/epoch-027,epoch-027,27,189,False,turkish_bpb,turkish_cross_domain,2.111823976490012,bits/byte,lower,9653767,measured,/vol/tmp2/yesildau/m1_eval_v2_matched_three_model_v3/results/olmo/epoch-027/turkish_perplexity/raw/trwiki_cross_domain/summary.json,f38e5bb2711357b9b49e15c575fc32ce82587024b17e09b67920a592cb8f6553,938,1.6476820673132215,9653767,0.46414190917679066,28.16938524636853,direct_same_metric_and_denominator
olmo,olmo/epoch-027,epoch-027,27,189,False,turkish_ppl,turkish_cross_domain,53.911010088600925,PPL,lower,9653767,measured,/vol/tmp2/yesildau/m1_eval_v2_matched_three_model_v3/results/olmo/epoch-027/turkish_perplexity/raw/trwiki_cross_domain/summary.json,f38e5bb2711357b9b49e15c575fc32ce82587024b17e09b67920a592cb8f6553,938,22.443216640433842,9653767,31.467793448167082,140.21071022178927,direct_same_metric_and_denominator
olmo,olmo/epoch-027,epoch-027,27,189,False,turkish_byte_ppl,turkish_cross_domain,4.322374202244187,PPL,lower,9653767,measured,/vol/tmp2/yesildau/m1_eval_v2_matched_three_model_v3/results/olmo/epoch-027/turkish_perplexity/raw/trwiki_cross_domain/summary.json,f38e5bb2711357b9b49e15c575fc32ce82587024b17e09b67920a592cb8f6553,938,3.1332981738003447,9653767,1.189076028443842,37.949660788319555,direct_same_metric_and_denominator
olmo,olmo/epoch-027,epoch-027,27,189,False,generation_top1_accuracy,generation,1.0,fraction,higher,30,measured,/vol/tmp2/yesildau/m1_eval_v2_matched_three_model_v3/results/olmo/epoch-027/generation_integrity/raw/20260823T183357Z_m1_olmo_epoch-027_generation/summary_metrics.json,3856ffec443d99097a1cb10cf4bdcb5deee8814dff62b7ab6c4e4ca118691890,1081,1.0,30,0.0,0.0,direct_same_metric_and_denominator
olmo,olmo/epoch-027,epoch-027,27,189,False,generation_empty_or_near_empty,generation,0,count,lower,30,measured,/vol/tmp2/yesildau/m1_eval_v2_matched_three_model_v3/results/olmo/epoch-027/generation_integrity/raw/20260823T183357Z_m1_olmo_epoch-027_generation/summary_metrics.json,3856ffec443d99097a1cb10cf4bdcb5deee8814dff62b7ab6c4e4ca118691890,1081,1,30,-1,-100.0,direct_same_metric_and_denominator
olmo,olmo/epoch-027,epoch-027,27,189,False,generation_distinct_2,generation,0.554390031874819,fraction,higher,30,measured,/vol/tmp2/yesildau/m1_eval_v2_matched_three_model_v3/results/olmo/epoch-027/generation_integrity/raw/20260823T183357Z_m1_olmo_epoch-027_generation/summary_metrics.json,3856ffec443d99097a1cb10cf4bdcb5deee8814dff62b7ab6c4e4ca118691890,1081,0.5930820105820105,30,-0.03869197870719154,-6.523883378155722,direct_same_metric_and_denominator
olmo,olmo/epoch-027,epoch-027,27,189,False,generation_repeated_3gram,generation,0.5464048292774948,fraction,lower,30,measured,/vol/tmp2/yesildau/m1_eval_v2_matched_three_model_v3/results/olmo/epoch-027/generation_integrity/raw/20260823T183357Z_m1_olmo_epoch-027_generation/summary_metrics.json,3856ffec443d99097a1cb10cf4bdcb5deee8814dff62b7ab6c4e4ca118691890,1081,0.49161841742486906,30,0.05478641185262573,11.14409263582937,direct_same_metric_and_denominator
olmo,olmo/epoch-027,epoch-027,27,189,False,generation_repeated_4gram,generation,0.4916833946693432,fraction,lower,30,measured,/vol/tmp2/yesildau/m1_eval_v2_matched_three_model_v3/results/olmo/epoch-027/generation_integrity/raw/20260823T183357Z_m1_olmo_epoch-027_generation/summary_metrics.json,3856ffec443d99097a1cb10cf4bdcb5deee8814dff62b7ab6c4e4ca118691890,1081,,,,,no_m0_reference
olmo,olmo/epoch-027,epoch-027,27,189,False,generation_ppl,generation,24.503278063843865,PPL,lower,291485,measured,/vol/tmp2/yesildau/m1_eval_v2_matched_three_model_v3/results/olmo/epoch-027/generation_integrity/raw/20260823T183357Z_m1_olmo_epoch-027_generation/summary_metrics.json,3856ffec443d99097a1cb10cf4bdcb5deee8814dff62b7ab6c4e4ca118691890,1081,16.80073153464442,291485,7.702546529199445,45.84649491789207,direct_same_metric_and_denominator
olmo,olmo/epoch-028,epoch-028,28,196,False,wikitext_bpb,wikitext,0.6877855798438058,bits/byte,lower,62,measured,/vol/tmp2/yesildau/m1_eval_v2_matched_three_model_v3/results/olmo/epoch-028/harness/raw/__vol__tmp2__yesildau__m1_matched_three_model_retry_v1__training__olmo__20260822T155242Z_m1_matched_epoch_dense_olmo_seed42_30cd6396__epoch_snapshots__epoch-028/results_2026-08-23T20-04-20.785452.json,508f51ad2c2f3dd64be7c93b96e36065eddc5f322ac718a2a83e82bf5b8e3ecf,12380,0.6597443057015225,62,0.0280412741422833,4.250324542394696,direct_same_metric_and_denominator
olmo,olmo/epoch-028,epoch-028,28,196,False,wikitext_word_ppl,wikitext,12.798469919025315,PPL,lower,62,measured,/vol/tmp2/yesildau/m1_eval_v2_matched_three_model_v3/results/olmo/epoch-028/harness/raw/__vol__tmp2__yesildau__m1_matched_three_model_retry_v1__training__olmo__20260822T155242Z_m1_matched_epoch_dense_olmo_seed42_30cd6396__epoch_snapshots__epoch-028/results_2026-08-23T20-04-20.785452.json,508f51ad2c2f3dd64be7c93b96e36065eddc5f322ac718a2a83e82bf5b8e3ecf,12380,11.535032064152116,62,1.2634378548731995,10.953050219943785,direct_same_metric_and_denominator
olmo,olmo/epoch-028,epoch-028,28,196,False,wikitext_byte_ppl,wikitext,1.6108091582348454,PPL,lower,62,measured,/vol/tmp2/yesildau/m1_eval_v2_matched_three_model_v3/results/olmo/epoch-028/harness/raw/__vol__tmp2__yesildau__m1_matched_three_model_retry_v1__training__olmo__20260822T155242Z_m1_matched_epoch_dense_olmo_seed42_30cd6396__epoch_snapshots__epoch-028/results_2026-08-23T20-04-20.785452.json,508f51ad2c2f3dd64be7c93b96e36065eddc5f322ac718a2a83e82bf5b8e3ecf,12380,1.5798026045225246,62,0.03100655371232075,1.9626853142005098,direct_same_metric_and_denominator
olmo,olmo/epoch-028,epoch-028,28,196,False,exact_prefix_top1_accuracy,exact_prefix,1.0,fraction,higher,500,measured,/vol/tmp2/yesildau/m1_eval_v2_matched_three_model_v3/results/olmo/epoch-028/exact_prefix/raw/20260823T183438Z_a60e27fe/summary_metrics.json,66fbdc4845fa2ccc2de2441933b7d1a68fed03a809c8eefbc41475965e8cfde1,1711,0.022,500,0.978,4445.454545454546,direct_same_metric_and_denominator
olmo,olmo/epoch-028,epoch-028,28,196,False,exact_prefix_top5_accuracy,exact_prefix,1.0,fraction,higher,500,measured,/vol/tmp2/yesildau/m1_eval_v2_matched_three_model_v3/results/olmo/epoch-028/exact_prefix/raw/20260823T183438Z_a60e27fe/summary_metrics.json,66fbdc4845fa2ccc2de2441933b7d1a68fed03a809c8eefbc41475965e8cfde1,1711,,,,,no_m0_reference
olmo,olmo/epoch-028,epoch-028,28,196,False,exact_prefix_mrr,exact_prefix,1.0,fraction,higher,500,measured,/vol/tmp2/yesildau/m1_eval_v2_matched_three_model_v3/results/olmo/epoch-028/exact_prefix/raw/20260823T183438Z_a60e27fe/summary_metrics.json,66fbdc4845fa2ccc2de2441933b7d1a68fed03a809c8eefbc41475965e8cfde1,1711,,,,,no_m0_reference
olmo,olmo/epoch-028,epoch-028,28,196,False,exact_prefix_mean_rank,exact_prefix,1,rank,lower,500,measured,/vol/tmp2/yesildau/m1_eval_v2_matched_three_model_v3/results/olmo/epoch-028/exact_prefix/raw/20260823T183438Z_a60e27fe/summary_metrics.json,66fbdc4845fa2ccc2de2441933b7d1a68fed03a809c8eefbc41475965e8cfde1,1711,,,,,no_m0_reference
olmo,olmo/epoch-028,epoch-028,28,196,False,exact_prefix_mean_score_margin,exact_prefix,4.2378296824411095,logprob,higher,500,measured,/vol/tmp2/yesildau/m1_eval_v2_matched_three_model_v3/results/olmo/epoch-028/exact_prefix/raw/20260823T183438Z_a60e27fe/summary_metrics.json,66fbdc4845fa2ccc2de2441933b7d1a68fed03a809c8eefbc41475965e8cfde1,1711,,,,,no_m0_reference
olmo,olmo/epoch-028,epoch-028,28,196,False,factual_cheap_top1_count,factual_cheap,662,count,higher,1500,completed,/vol/tmp2/yesildau/m1_eval_v2_matched_three_model_v3/results/olmo/epoch-028/factual_cheap/raw/summary.json,e9423eb9f75d1c60dd24b019819fb83aec936809354e2fef3d1f982c3240f4e9,322,,,,,no_m0_reference
olmo,olmo/epoch-028,epoch-028,28,196,False,turkish_bpb,turkish_cross_domain,2.1123015541354535,bits/byte,lower,9653767,measured,/vol/tmp2/yesildau/m1_eval_v2_matched_three_model_v3/results/olmo/epoch-028/turkish_perplexity/raw/trwiki_cross_domain/summary.json,f71096e0890e3c1fc3954a836905c3a0845c88f85987eb377ea566b91719e40e,935,1.6476820673132215,9653767,0.464619486822232,28.19837006418718,direct_same_metric_and_denominator
olmo,olmo/epoch-028,epoch-028,28,196,False,turkish_ppl,turkish_cross_domain,53.959644342440676,PPL,lower,9653767,measured,/vol/tmp2/yesildau/m1_eval_v2_matched_three_model_v3/results/olmo/epoch-028/turkish_perplexity/raw/trwiki_cross_domain/summary.json,f71096e0890e3c1fc3954a836905c3a0845c88f85987eb377ea566b91719e40e,935,22.443216640433842,9653767,31.516427702006833,140.4274093457113,direct_same_metric_and_denominator
olmo,olmo/epoch-028,epoch-028,28,196,False,turkish_byte_ppl,turkish_cross_domain,4.323805281538561,PPL,lower,9653767,measured,/vol/tmp2/yesildau/m1_eval_v2_matched_three_model_v3/results/olmo/epoch-028/turkish_perplexity/raw/trwiki_cross_domain/summary.json,f71096e0890e3c1fc3954a836905c3a0845c88f85987eb377ea566b91719e40e,935,3.1332981738003447,9653767,1.1905071077382159,37.99533404426245,direct_same_metric_and_denominator
olmo,olmo/epoch-028,epoch-028,28,196,False,generation_top1_accuracy,generation,1.0,fraction,higher,30,measured,/vol/tmp2/yesildau/m1_eval_v2_matched_three_model_v3/results/olmo/epoch-028/generation_integrity/raw/20260823T183638Z_m1_olmo_epoch-028_generation/summary_metrics.json,c6cfafb5f8f50047486b65b3b5b02f89680c543a08d4e3357cf2acad97e1a915,1082,1.0,30,0.0,0.0,direct_same_metric_and_denominator
olmo,olmo/epoch-028,epoch-028,28,196,False,generation_empty_or_near_empty,generation,0,count,lower,30,measured,/vol/tmp2/yesildau/m1_eval_v2_matched_three_model_v3/results/olmo/epoch-028/generation_integrity/raw/20260823T183638Z_m1_olmo_epoch-028_generation/summary_metrics.json,c6cfafb5f8f50047486b65b3b5b02f89680c543a08d4e3357cf2acad97e1a915,1082,1,30,-1,-100.0,direct_same_metric_and_denominator
olmo,olmo/epoch-028,epoch-028,28,196,False,generation_distinct_2,generation,0.5683558271793566,fraction,higher,30,measured,/vol/tmp2/yesildau/m1_eval_v2_matched_three_model_v3/results/olmo/epoch-028/generation_integrity/raw/20260823T183638Z_m1_olmo_epoch-028_generation/summary_metrics.json,c6cfafb5f8f50047486b65b3b5b02f89680c543a08d4e3357cf2acad97e1a915,1082,0.5930820105820105,30,-0.024726183402653867,-4.169100219106168,direct_same_metric_and_denominator
olmo,olmo/epoch-028,epoch-028,28,196,False,generation_repeated_3gram,generation,0.5138709677419354,fraction,lower,30,measured,/vol/tmp2/yesildau/m1_eval_v2_matched_three_model_v3/results/olmo/epoch-028/generation_integrity/raw/20260823T183638Z_m1_olmo_epoch-028_generation/summary_metrics.json,c6cfafb5f8f50047486b65b3b5b02f89680c543a08d4e3357cf2acad97e1a915,1082,0.49161841742486906,30,0.022252550317066355,4.526386630026339,direct_same_metric_and_denominator
olmo,olmo/epoch-028,epoch-028,28,196,False,generation_repeated_4gram,generation,0.4443069030891046,fraction,lower,30,measured,/vol/tmp2/yesildau/m1_eval_v2_matched_three_model_v3/results/olmo/epoch-028/generation_integrity/raw/20260823T183638Z_m1_olmo_epoch-028_generation/summary_metrics.json,c6cfafb5f8f50047486b65b3b5b02f89680c543a08d4e3357cf2acad97e1a915,1082,,,,,no_m0_reference
olmo,olmo/epoch-028,epoch-028,28,196,False,generation_ppl,generation,24.514619350466997,PPL,lower,291485,measured,/vol/tmp2/yesildau/m1_eval_v2_matched_three_model_v3/results/olmo/epoch-028/generation_integrity/raw/20260823T183638Z_m1_olmo_epoch-028_generation/summary_metrics.json,c6cfafb5f8f50047486b65b3b5b02f89680c543a08d4e3357cf2acad97e1a915,1082,16.80073153464442,291485,7.713887815822577,45.913999636955914,direct_same_metric_and_denominator
olmo,olmo/epoch-029,epoch-029,29,203,False,wikitext_bpb,wikitext,0.6878269425712132,bits/byte,lower,62,measured,/vol/tmp2/yesildau/m1_eval_v2_matched_three_model_v3/results/olmo/epoch-029/harness/raw/__vol__tmp2__yesildau__m1_matched_three_model_retry_v1__training__olmo__20260822T155242Z_m1_matched_epoch_dense_olmo_seed42_30cd6396__epoch_snapshots__epoch-029/results_2026-08-23T20-39-34.187699.json,b70669a14d3231ec150b6beb8ee943e79ef81ec69999dee9b67d46f5d8da05b5,12379,0.6597443057015225,62,0.028082636869690702,4.256594051210452,direct_same_metric_and_denominator
olmo,olmo/epoch-029,epoch-029,29,203,False,wikitext_word_ppl,wikitext,12.800432252251918,PPL,lower,62,measured,/vol/tmp2/yesildau/m1_eval_v2_matched_three_model_v3/results/olmo/epoch-029/harness/raw/__vol__tmp2__yesildau__m1_matched_three_model_retry_v1__training__olmo__20260822T155242Z_m1_matched_epoch_dense_olmo_seed42_30cd6396__epoch_snapshots__epoch-029/results_2026-08-23T20-39-34.187699.json,b70669a14d3231ec150b6beb8ee943e79ef81ec69999dee9b67d46f5d8da05b5,12379,11.535032064152116,62,1.265400188099802,10.97006216421658,direct_same_metric_and_denominator
olmo,olmo/epoch-029,epoch-029,29,203,False,wikitext_byte_ppl,wikitext,1.6108553415330187,PPL,lower,62,measured,/vol/tmp2/yesildau/m1_eval_v2_matched_three_model_v3/results/olmo/epoch-029/harness/raw/__vol__tmp2__yesildau__m1_matched_three_model_retry_v1__training__olmo__20260822T155242Z_m1_matched_epoch_dense_olmo_seed42_30cd6396__epoch_snapshots__epoch-029/results_2026-08-23T20-39-34.187699.json,b70669a14d3231ec150b6beb8ee943e79ef81ec69999dee9b67d46f5d8da05b5,12379,1.5798026045225246,62,0.031052737010494047,1.965608672982239,direct_same_metric_and_denominator
olmo,olmo/epoch-029,epoch-029,29,203,False,exact_prefix_top1_accuracy,exact_prefix,1.0,fraction,higher,500,measured,/vol/tmp2/yesildau/m1_eval_v2_matched_three_model_v3/results/olmo/epoch-029/exact_prefix/raw/20260823T190656Z_dac41d48/summary_metrics.json,443ba44e12969808b47f5a3dbda9ab2ad2457caf19070d5aaedf4baec6b5520e,1710,0.022,500,0.978,4445.454545454546,direct_same_metric_and_denominator
olmo,olmo/epoch-029,epoch-029,29,203,False,exact_prefix_top5_accuracy,exact_prefix,1.0,fraction,higher,500,measured,/vol/tmp2/yesildau/m1_eval_v2_matched_three_model_v3/results/olmo/epoch-029/exact_prefix/raw/20260823T190656Z_dac41d48/summary_metrics.json,443ba44e12969808b47f5a3dbda9ab2ad2457caf19070d5aaedf4baec6b5520e,1710,,,,,no_m0_reference
olmo,olmo/epoch-029,epoch-029,29,203,False,exact_prefix_mrr,exact_prefix,1.0,fraction,higher,500,measured,/vol/tmp2/yesildau/m1_eval_v2_matched_three_model_v3/results/olmo/epoch-029/exact_prefix/raw/20260823T190656Z_dac41d48/summary_metrics.json,443ba44e12969808b47f5a3dbda9ab2ad2457caf19070d5aaedf4baec6b5520e,1710,,,,,no_m0_reference
olmo,olmo/epoch-029,epoch-029,29,203,False,exact_prefix_mean_rank,exact_prefix,1,rank,lower,500,measured,/vol/tmp2/yesildau/m1_eval_v2_matched_three_model_v3/results/olmo/epoch-029/exact_prefix/raw/20260823T190656Z_dac41d48/summary_metrics.json,443ba44e12969808b47f5a3dbda9ab2ad2457caf19070d5aaedf4baec6b5520e,1710,,,,,no_m0_reference
olmo,olmo/epoch-029,epoch-029,29,203,False,exact_prefix_mean_score_margin,exact_prefix,4.240295073470118,logprob,higher,500,measured,/vol/tmp2/yesildau/m1_eval_v2_matched_three_model_v3/results/olmo/epoch-029/exact_prefix/raw/20260823T190656Z_dac41d48/summary_metrics.json,443ba44e12969808b47f5a3dbda9ab2ad2457caf19070d5aaedf4baec6b5520e,1710,,,,,no_m0_reference
olmo,olmo/epoch-029,epoch-029,29,203,False,factual_cheap_top1_count,factual_cheap,659,count,higher,1500,completed,/vol/tmp2/yesildau/m1_eval_v2_matched_three_model_v3/results/olmo/epoch-029/factual_cheap/raw/summary.json,e829c002eca6f846de8e046e7e784b92dbf2ef19f07f012f95f8fcc84a3acb3c,323,,,,,no_m0_reference
olmo,olmo/epoch-029,epoch-029,29,203,False,turkish_bpb,turkish_cross_domain,2.1125551790412467,bits/byte,lower,9653767,measured,/vol/tmp2/yesildau/m1_eval_v2_matched_three_model_v3/results/olmo/epoch-029/turkish_perplexity/raw/trwiki_cross_domain/summary.json,217b933c4261c429fe95a8eec071cdb579718e16dfa0140f7231242526d78994,937,1.6476820673132215,9653767,0.46487311172802515,28.21376289456536,direct_same_metric_and_denominator
olmo,olmo/epoch-029,epoch-029,29,203,False,turkish_ppl,turkish_cross_domain,53.98549014040921,PPL,lower,9653767,measured,/vol/tmp2/yesildau/m1_eval_v2_matched_three_model_v3/results/olmo/epoch-029/turkish_perplexity/raw/trwiki_cross_domain/summary.json,217b933c4261c429fe95a8eec071cdb579718e16dfa0140f7231242526d78994,937,22.443216640433842,9653767,31.54227349997537,140.5425701908906,direct_same_metric_and_denominator
olmo,olmo/epoch-029,epoch-029,29,203,False,turkish_byte_ppl,turkish_cross_domain,4.3245654706809225,PPL,lower,9653767,measured,/vol/tmp2/yesildau/m1_eval_v2_matched_three_model_v3/results/olmo/epoch-029/turkish_perplexity/raw/trwiki_cross_domain/summary.json,217b933c4261c429fe95a8eec071cdb579718e16dfa0140f7231242526d78994,937,3.1332981738003447,9653767,1.1912672968805778,38.01959567211256,direct_same_metric_and_denominator
olmo,olmo/epoch-029,epoch-029,29,203,False,generation_top1_accuracy,generation,1.0,fraction,higher,30,measured,/vol/tmp2/yesildau/m1_eval_v2_matched_three_model_v3/results/olmo/epoch-029/generation_integrity/raw/20260823T190818Z_m1_olmo_epoch-029_generation/summary_metrics.json,f237dfc24e56c28ee96f1c92a29c1b0600f1aadec2691758c968ea11e6ae58f1,1083,1.0,30,0.0,0.0,direct_same_metric_and_denominator
olmo,olmo/epoch-029,epoch-029,29,203,False,generation_empty_or_near_empty,generation,0,count,lower,30,measured,/vol/tmp2/yesildau/m1_eval_v2_matched_three_model_v3/results/olmo/epoch-029/generation_integrity/raw/20260823T190818Z_m1_olmo_epoch-029_generation/summary_metrics.json,f237dfc24e56c28ee96f1c92a29c1b0600f1aadec2691758c968ea11e6ae58f1,1083,1,30,-1,-100.0,direct_same_metric_and_denominator
olmo,olmo/epoch-029,epoch-029,29,203,False,generation_distinct_2,generation,0.6095238095238095,fraction,higher,30,measured,/vol/tmp2/yesildau/m1_eval_v2_matched_three_model_v3/results/olmo/epoch-029/generation_integrity/raw/20260823T190818Z_m1_olmo_epoch-029_generation/summary_metrics.json,f237dfc24e56c28ee96f1c92a29c1b0600f1aadec2691758c968ea11e6ae58f1,1083,0.5930820105820105,30,0.01644179894179898,2.7722639784106944,direct_same_metric_and_denominator
olmo,olmo/epoch-029,epoch-029,29,203,False,generation_repeated_3gram,generation,0.4672043010752688,fraction,lower,30,measured,/vol/tmp2/yesildau/m1_eval_v2_matched_three_model_v3/results/olmo/epoch-029/generation_integrity/raw/20260823T190818Z_m1_olmo_epoch-029_generation/summary_metrics.json,f237dfc24e56c28ee96f1c92a29c1b0600f1aadec2691758c968ea11e6ae58f1,1083,0.49161841742486906,30,-0.02441411634960028,-4.96607032695868,direct_same_metric_and_denominator
olmo,olmo/epoch-029,epoch-029,29,203,False,generation_repeated_4gram,generation,0.4005464480874317,fraction,lower,30,measured,/vol/tmp2/yesildau/m1_eval_v2_matched_three_model_v3/results/olmo/epoch-029/generation_integrity/raw/20260823T190818Z_m1_olmo_epoch-029_generation/summary_metrics.json,f237dfc24e56c28ee96f1c92a29c1b0600f1aadec2691758c968ea11e6ae58f1,1083,,,,,no_m0_reference
olmo,olmo/epoch-029,epoch-029,29,203,False,generation_ppl,generation,24.526100819125364,PPL,lower,291485,measured,/vol/tmp2/yesildau/m1_eval_v2_matched_three_model_v3/results/olmo/epoch-029/generation_integrity/raw/20260823T190818Z_m1_olmo_epoch-029_generation/summary_metrics.json,f237dfc24e56c28ee96f1c92a29c1b0600f1aadec2691758c968ea11e6ae58f1,1083,16.80073153464442,291485,7.725369284480944,45.98233873656412,direct_same_metric_and_denominator
olmo,olmo/epoch-030,epoch-030,30,210,False,wikitext_bpb,wikitext,0.6878493008022443,bits/byte,lower,62,measured,/vol/tmp2/yesildau/m1_eval_v2_matched_three_model_v3/results/olmo/epoch-030/harness/raw/__vol__tmp2__yesildau__m1_matched_three_model_retry_v1__training__olmo__20260822T155242Z_m1_matched_epoch_dense_olmo_seed42_30cd6396__epoch_snapshots__epoch-030/results_2026-08-23T20-41-25.257961.json,2d8815ffc574fcca8a19856cedce378904c85937a81904a0b7f71e976383273f,12378,0.6597443057015225,62,0.02810499510072173,4.259982974894643,direct_same_metric_and_denominator
olmo,olmo/epoch-030,epoch-030,30,210,False,wikitext_word_ppl,wikitext,12.8014930981854,PPL,lower,62,measured,/vol/tmp2/yesildau/m1_eval_v2_matched_three_model_v3/results/olmo/epoch-030/harness/raw/__vol__tmp2__yesildau__m1_matched_three_model_retry_v1__training__olmo__20260822T155242Z_m1_matched_epoch_dense_olmo_seed42_30cd6396__epoch_snapshots__epoch-030/results_2026-08-23T20-41-25.257961.json,2d8815ffc574fcca8a19856cedce378904c85937a81904a0b7f71e976383273f,12378,11.535032064152116,62,1.2664610340332842,10.97925889576949,direct_same_metric_and_denominator
olmo,olmo/epoch-030,epoch-030,30,210,False,wikitext_byte_ppl,wikitext,1.6108803060292864,PPL,lower,62,measured,/vol/tmp2/yesildau/m1_eval_v2_matched_three_model_v3/results/olmo/epoch-030/harness/raw/__vol__tmp2__yesildau__m1_matched_three_model_retry_v1__training__olmo__20260822T155242Z_m1_matched_epoch_dense_olmo_seed42_30cd6396__epoch_snapshots__epoch-030/results_2026-08-23T20-41-25.257961.json,2d8815ffc574fcca8a19856cedce378904c85937a81904a0b7f71e976383273f,12378,1.5798026045225246,62,0.031077701506761812,1.9671889018156579,direct_same_metric_and_denominator
olmo,olmo/epoch-030,epoch-030,30,210,False,exact_prefix_top1_accuracy,exact_prefix,1.0,fraction,higher,500,measured,/vol/tmp2/yesildau/m1_eval_v2_matched_three_model_v3/results/olmo/epoch-030/exact_prefix/raw/20260823T191128Z_f3ea0d1d/summary_metrics.json,b679fa7ad3b2acad8bd628efaf5c568e48a9b94a66daa8a5524f856a531b36e9,1709,0.022,500,0.978,4445.454545454546,direct_same_metric_and_denominator
olmo,olmo/epoch-030,epoch-030,30,210,False,exact_prefix_top5_accuracy,exact_prefix,1.0,fraction,higher,500,measured,/vol/tmp2/yesildau/m1_eval_v2_matched_three_model_v3/results/olmo/epoch-030/exact_prefix/raw/20260823T191128Z_f3ea0d1d/summary_metrics.json,b679fa7ad3b2acad8bd628efaf5c568e48a9b94a66daa8a5524f856a531b36e9,1709,,,,,no_m0_reference
olmo,olmo/epoch-030,epoch-030,30,210,False,exact_prefix_mrr,exact_prefix,1.0,fraction,higher,500,measured,/vol/tmp2/yesildau/m1_eval_v2_matched_three_model_v3/results/olmo/epoch-030/exact_prefix/raw/20260823T191128Z_f3ea0d1d/summary_metrics.json,b679fa7ad3b2acad8bd628efaf5c568e48a9b94a66daa8a5524f856a531b36e9,1709,,,,,no_m0_reference
olmo,olmo/epoch-030,epoch-030,30,210,False,exact_prefix_mean_rank,exact_prefix,1,rank,lower,500,measured,/vol/tmp2/yesildau/m1_eval_v2_matched_three_model_v3/results/olmo/epoch-030/exact_prefix/raw/20260823T191128Z_f3ea0d1d/summary_metrics.json,b679fa7ad3b2acad8bd628efaf5c568e48a9b94a66daa8a5524f856a531b36e9,1709,,,,,no_m0_reference
olmo,olmo/epoch-030,epoch-030,30,210,False,exact_prefix_mean_score_margin,exact_prefix,4.251142747188105,logprob,higher,500,measured,/vol/tmp2/yesildau/m1_eval_v2_matched_three_model_v3/results/olmo/epoch-030/exact_prefix/raw/20260823T191128Z_f3ea0d1d/summary_metrics.json,b679fa7ad3b2acad8bd628efaf5c568e48a9b94a66daa8a5524f856a531b36e9,1709,,,,,no_m0_reference
olmo,olmo/epoch-030,epoch-030,30,210,False,factual_cheap_top1_count,factual_cheap,663,count,higher,1500,completed,/vol/tmp2/yesildau/m1_eval_v2_matched_three_model_v3/results/olmo/epoch-030/factual_cheap/raw/summary.json,f32489e6595ad9e0a87f7363d5de605aa689b3e4855a7f763e1abdcf9fb8e773,322,,,,,no_m0_reference
olmo,olmo/epoch-030,epoch-030,30,210,False,turkish_bpb,turkish_cross_domain,2.1130771357710088,bits/byte,lower,9653767,measured,/vol/tmp2/yesildau/m1_eval_v2_matched_three_model_v3/results/olmo/epoch-030/turkish_perplexity/raw/trwiki_cross_domain/summary.json,8a5a382de04428453c039a25c35be10f8a4bfade7679559fe8c8cb4863ef5e8a,934,1.6476820673132215,9653767,0.4653950684577872,28.245441137602455,direct_same_metric_and_denominator
olmo,olmo/epoch-030,epoch-030,30,210,False,turkish_ppl,turkish_cross_domain,54.0387194148598,PPL,lower,9653767,measured,/vol/tmp2/yesildau/m1_eval_v2_matched_three_model_v3/results/olmo/epoch-030/turkish_perplexity/raw/trwiki_cross_domain/summary.json,8a5a382de04428453c039a25c35be10f8a4bfade7679559fe8c8cb4863ef5e8a,934,22.443216640433842,9653767,31.595502774425956,140.779743298932,direct_same_metric_and_denominator
olmo,olmo/epoch-030,epoch-030,30,210,False,turkish_byte_ppl,turkish_cross_domain,4.326130350549429,PPL,lower,9653767,measured,/vol/tmp2/yesildau/m1_eval_v2_matched_three_model_v3/results/olmo/epoch-030/turkish_perplexity/raw/trwiki_cross_domain/summary.json,8a5a382de04428453c039a25c35be10f8a4bfade7679559fe8c8cb4863ef5e8a,934,3.1332981738003447,9653767,1.192832176749084,38.069539207062135,direct_same_metric_and_denominator
olmo,olmo/epoch-030,epoch-030,30,210,False,generation_top1_accuracy,generation,1.0,fraction,higher,30,measured,/vol/tmp2/yesildau/m1_eval_v2_matched_three_model_v3/results/olmo/epoch-030/generation_integrity/raw/20260823T191250Z_m1_olmo_epoch-030_generation/summary_metrics.json,9d38da3c636f6a9f3678b45ae00f89d6cb49181ba223f68727de974a251d7bf6,1081,1.0,30,0.0,0.0,direct_same_metric_and_denominator
olmo,olmo/epoch-030,epoch-030,30,210,False,generation_empty_or_near_empty,generation,0,count,lower,30,measured,/vol/tmp2/yesildau/m1_eval_v2_matched_three_model_v3/results/olmo/epoch-030/generation_integrity/raw/20260823T191250Z_m1_olmo_epoch-030_generation/summary_metrics.json,9d38da3c636f6a9f3678b45ae00f89d6cb49181ba223f68727de974a251d7bf6,1081,1,30,-1,-100.0,direct_same_metric_and_denominator
olmo,olmo/epoch-030,epoch-030,30,210,False,generation_distinct_2,generation,0.5368173274348094,fraction,higher,30,measured,/vol/tmp2/yesildau/m1_eval_v2_matched_three_model_v3/results/olmo/epoch-030/generation_integrity/raw/20260823T191250Z_m1_olmo_epoch-030_generation/summary_metrics.json,9d38da3c636f6a9f3678b45ae00f89d6cb49181ba223f68727de974a251d7bf6,1081,0.5930820105820105,30,-0.05626468314720112,-9.486830175811061,direct_same_metric_and_denominator
olmo,olmo/epoch-030,epoch-030,30,210,False,generation_repeated_3gram,generation,0.5735394938960303,fraction,lower,30,measured,/vol/tmp2/yesildau/m1_eval_v2_matched_three_model_v3/results/olmo/epoch-030/generation_integrity/raw/20260823T191250Z_m1_olmo_epoch-030_generation/summary_metrics.json,9d38da3c636f6a9f3678b45ae00f89d6cb49181ba223f68727de974a251d7bf6,1081,0.49161841742486906,30,0.08192107647116126,16.663549120122365,direct_same_metric_and_denominator
olmo,olmo/epoch-030,epoch-030,30,210,False,generation_repeated_4gram,generation,0.5124954779992765,fraction,lower,30,measured,/vol/tmp2/yesildau/m1_eval_v2_matched_three_model_v3/results/olmo/epoch-030/generation_integrity/raw/20260823T191250Z_m1_olmo_epoch-030_generation/summary_metrics.json,9d38da3c636f6a9f3678b45ae00f89d6cb49181ba223f68727de974a251d7bf6,1081,,,,,no_m0_reference
olmo,olmo/epoch-030,epoch-030,30,210,False,generation_ppl,generation,24.53643729991757,PPL,lower,291485,measured,/vol/tmp2/yesildau/m1_eval_v2_matched_three_model_v3/results/olmo/epoch-030/generation_integrity/raw/20260823T191250Z_m1_olmo_epoch-030_generation/summary_metrics.json,9d38da3c636f6a9f3678b45ae00f89d6cb49181ba223f68727de974a251d7bf6,1081,16.80073153464442,291485,7.735705765273149,46.043862728962246,direct_same_metric_and_denominator
olmo,olmo/epoch-031,epoch-031,31,217,False,wikitext_bpb,wikitext,0.6878738948563784,bits/byte,lower,62,measured,/vol/tmp2/yesildau/m1_eval_v2_matched_three_model_v3/results/olmo/epoch-031/harness/raw/__vol__tmp2__yesildau__m1_matched_three_model_retry_v1__training__olmo__20260822T155242Z_m1_matched_epoch_dense_olmo_seed42_30cd6396__epoch_snapshots__epoch-031/results_2026-08-23T21-11-49.001341.json,110d34da18df9a7e64f4ab120e0b79ff930b72b4a94040ad91229176829e9e90,12380,0.6597443057015225,62,0.02812958915485586,4.263710790947255,direct_same_metric_and_denominator
olmo,olmo/epoch-031,epoch-031,31,217,False,wikitext_word_ppl,wikitext,12.802660130258323,PPL,lower,62,measured,/vol/tmp2/yesildau/m1_eval_v2_matched_three_model_v3/results/olmo/epoch-031/harness/raw/__vol__tmp2__yesildau__m1_matched_three_model_retry_v1__training__olmo__20260822T155242Z_m1_matched_epoch_dense_olmo_seed42_30cd6396__epoch_snapshots__epoch-031/results_2026-08-23T21-11-49.001341.json,110d34da18df9a7e64f4ab120e0b79ff930b72b4a94040ad91229176829e9e90,12380,11.535032064152116,62,1.267628066106207,10.989376180805476,direct_same_metric_and_denominator
olmo,olmo/epoch-031,epoch-031,31,217,False,wikitext_byte_ppl,wikitext,1.6109077674220407,PPL,lower,62,measured,/vol/tmp2/yesildau/m1_eval_v2_matched_three_model_v3/results/olmo/epoch-031/harness/raw/__vol__tmp2__yesildau__m1_matched_three_model_retry_v1__training__olmo__20260822T155242Z_m1_matched_epoch_dense_olmo_seed42_30cd6396__epoch_snapshots__epoch-031/results_2026-08-23T21-11-49.001341.json,110d34da18df9a7e64f4ab120e0b79ff930b72b4a94040ad91229176829e9e90,12380,1.5798026045225246,62,0.031105162899516037,1.9689271818182108,direct_same_metric_and_denominator
olmo,olmo/epoch-031,epoch-031,31,217,False,exact_prefix_top1_accuracy,exact_prefix,1.0,fraction,higher,500,measured,/vol/tmp2/yesildau/m1_eval_v2_matched_three_model_v3/results/olmo/epoch-031/exact_prefix/raw/20260823T193750Z_55214068/summary_metrics.json,c77d946d4b53e15ddde764516b49d9dc3a9f67775741e18cdc5edecb7f944cc3,1707,0.022,500,0.978,4445.454545454546,direct_same_metric_and_denominator
olmo,olmo/epoch-031,epoch-031,31,217,False,exact_prefix_top5_accuracy,exact_prefix,1.0,fraction,higher,500,measured,/vol/tmp2/yesildau/m1_eval_v2_matched_three_model_v3/results/olmo/epoch-031/exact_prefix/raw/20260823T193750Z_55214068/summary_metrics.json,c77d946d4b53e15ddde764516b49d9dc3a9f67775741e18cdc5edecb7f944cc3,1707,,,,,no_m0_reference
olmo,olmo/epoch-031,epoch-031,31,217,False,exact_prefix_mrr,exact_prefix,1.0,fraction,higher,500,measured,/vol/tmp2/yesildau/m1_eval_v2_matched_three_model_v3/results/olmo/epoch-031/exact_prefix/raw/20260823T193750Z_55214068/summary_metrics.json,c77d946d4b53e15ddde764516b49d9dc3a9f67775741e18cdc5edecb7f944cc3,1707,,,,,no_m0_reference
olmo,olmo/epoch-031,epoch-031,31,217,False,exact_prefix_mean_rank,exact_prefix,1,rank,lower,500,measured,/vol/tmp2/yesildau/m1_eval_v2_matched_three_model_v3/results/olmo/epoch-031/exact_prefix/raw/20260823T193750Z_55214068/summary_metrics.json,c77d946d4b53e15ddde764516b49d9dc3a9f67775741e18cdc5edecb7f944cc3,1707,,,,,no_m0_reference
olmo,olmo/epoch-031,epoch-031,31,217,False,exact_prefix_mean_score_margin,exact_prefix,4.255216517002513,logprob,higher,500,measured,/vol/tmp2/yesildau/m1_eval_v2_matched_three_model_v3/results/olmo/epoch-031/exact_prefix/raw/20260823T193750Z_55214068/summary_metrics.json,c77d946d4b53e15ddde764516b49d9dc3a9f67775741e18cdc5edecb7f944cc3,1707,,,,,no_m0_reference
olmo,olmo/epoch-031,epoch-031,31,217,False,factual_cheap_top1_count,factual_cheap,660,count,higher,1500,completed,/vol/tmp2/yesildau/m1_eval_v2_matched_three_model_v3/results/olmo/epoch-031/factual_cheap/raw/summary.json,51a7d38fb5e70b9a4798c15044dbf93e382d21129217b31f323eb1dc65a56e0c,322,,,,,no_m0_reference
olmo,olmo/epoch-031,epoch-031,31,217,False,turkish_bpb,turkish_cross_domain,2.1134687272057895,bits/byte,lower,9653767,measured,/vol/tmp2/yesildau/m1_eval_v2_matched_three_model_v3/results/olmo/epoch-031/turkish_perplexity/raw/trwiki_cross_domain/summary.json,296ccd32dc7ea0ce74bb9abd6ff8f3456e4268d629e057babede5bfb39e2ca2b,938,1.6476820673132215,9653767,0.46578665989256796,28.269207338773732,direct_same_metric_and_denominator
olmo,olmo/epoch-031,epoch-031,31,217,False,turkish_ppl,turkish_cross_domain,54.07868845991256,PPL,lower,9653767,measured,/vol/tmp2/yesildau/m1_eval_v2_matched_three_model_v3/results/olmo/epoch-031/turkish_perplexity/raw/trwiki_cross_domain/summary.json,296ccd32dc7ea0ce74bb9abd6ff8f3456e4268d629e057babede5bfb39e2ca2b,938,22.443216640433842,9653767,31.63547181947872,140.95783294487322,direct_same_metric_and_denominator
olmo,olmo/epoch-031,epoch-031,31,217,False,turkish_byte_ppl,turkish_cross_domain,4.327304753646199,PPL,lower,9653767,measured,/vol/tmp2/yesildau/m1_eval_v2_matched_three_model_v3/results/olmo/epoch-031/turkish_perplexity/raw/trwiki_cross_domain/summary.json,296ccd32dc7ea0ce74bb9abd6ff8f3456e4268d629e057babede5bfb39e2ca2b,938,3.1332981738003447,9653767,1.194006579845854,38.107020577542286,direct_same_metric_and_denominator
olmo,olmo/epoch-031,epoch-031,31,217,False,generation_top1_accuracy,generation,1.0,fraction,higher,30,measured,/vol/tmp2/yesildau/m1_eval_v2_matched_three_model_v3/results/olmo/epoch-031/generation_integrity/raw/20260823T193915Z_m1_olmo_epoch-031_generation/summary_metrics.json,9743d380f2c08c39ff11866151abfc296149d0889a2bfcaa4a690018d8f2d9e3,1083,1.0,30,0.0,0.0,direct_same_metric_and_denominator
olmo,olmo/epoch-031,epoch-031,31,217,False,generation_empty_or_near_empty,generation,0,count,lower,30,measured,/vol/tmp2/yesildau/m1_eval_v2_matched_three_model_v3/results/olmo/epoch-031/generation_integrity/raw/20260823T193915Z_m1_olmo_epoch-031_generation/summary_metrics.json,9743d380f2c08c39ff11866151abfc296149d0889a2bfcaa4a690018d8f2d9e3,1083,1,30,-1,-100.0,direct_same_metric_and_denominator
olmo,olmo/epoch-031,epoch-031,31,217,False,generation_distinct_2,generation,0.6214526214526214,fraction,higher,30,measured,/vol/tmp2/yesildau/m1_eval_v2_matched_three_model_v3/results/olmo/epoch-031/generation_integrity/raw/20260823T193915Z_m1_olmo_epoch-031_generation/summary_metrics.json,9743d380f2c08c39ff11866151abfc296149d0889a2bfcaa4a690018d8f2d9e3,1083,0.5930820105820105,30,0.02837061087061088,4.783589851725545,direct_same_metric_and_denominator
olmo,olmo/epoch-031,epoch-031,31,217,False,generation_repeated_3gram,generation,0.45075268817204306,fraction,lower,30,measured,/vol/tmp2/yesildau/m1_eval_v2_matched_three_model_v3/results/olmo/epoch-031/generation_integrity/raw/20260823T193915Z_m1_olmo_epoch-031_generation/summary_metrics.json,9743d380f2c08c39ff11866151abfc296149d0889a2bfcaa4a690018d8f2d9e3,1083,0.49161841742486906,30,-0.040865729252826,-8.312489484605457,direct_same_metric_and_denominator
olmo,olmo/epoch-031,epoch-031,31,217,False,generation_repeated_4gram,generation,0.3797814207650273,fraction,lower,30,measured,/vol/tmp2/yesildau/m1_eval_v2_matched_three_model_v3/results/olmo/epoch-031/generation_integrity/raw/20260823T193915Z_m1_olmo_epoch-031_generation/summary_metrics.json,9743d380f2c08c39ff11866151abfc296149d0889a2bfcaa4a690018d8f2d9e3,1083,,,,,no_m0_reference
olmo,olmo/epoch-031,epoch-031,31,217,False,generation_ppl,generation,24.541801690736445,PPL,lower,291485,measured,/vol/tmp2/yesildau/m1_eval_v2_matched_three_model_v3/results/olmo/epoch-031/generation_integrity/raw/20260823T193915Z_m1_olmo_epoch-031_generation/summary_metrics.json,9743d380f2c08c39ff11866151abfc296149d0889a2bfcaa4a690018d8f2d9e3,1083,16.80073153464442,291485,7.741070156092025,46.075792236363846,direct_same_metric_and_denominator
olmo,olmo/epoch-032,epoch-032,32,224,False,wikitext_bpb,wikitext,0.687887309794997,bits/byte,lower,62,measured,/vol/tmp2/yesildau/m1_eval_v2_matched_three_model_v3/results/olmo/epoch-032/harness/raw/__vol__tmp2__yesildau__m1_matched_three_model_retry_v1__training__olmo__20260822T155242Z_m1_matched_epoch_dense_olmo_seed42_30cd6396__epoch_snapshots__epoch-032/results_2026-08-23T21-16-26.861379.json,a4f28e56a7bfeb93c7aff7c3e11ed9e5cdd3f7855c34d2d9f83d81ba80809e61,12378,0.6597443057015225,62,0.028143004093474477,4.26574414515777,direct_same_metric_and_denominator
olmo,olmo/epoch-032,epoch-032,32,224,False,wikitext_word_ppl,wikitext,12.803296738049063,PPL,lower,62,measured,/vol/tmp2/yesildau/m1_eval_v2_matched_three_model_v3/results/olmo/epoch-032/harness/raw/__vol__tmp2__yesildau__m1_matched_three_model_retry_v1__training__olmo__20260822T155242Z_m1_matched_epoch_dense_olmo_seed42_30cd6396__epoch_snapshots__epoch-032/results_2026-08-23T21-16-26.861379.json,a4f28e56a7bfeb93c7aff7c3e11ed9e5cdd3f7855c34d2d9f83d81ba80809e61,12378,11.535032064152116,62,1.2682646738969474,10.99489508866113,direct_same_metric_and_denominator
olmo,olmo/epoch-032,epoch-032,32,224,False,wikitext_byte_ppl,wikitext,1.6109227465608607,PPL,lower,62,measured,/vol/tmp2/yesildau/m1_eval_v2_matched_three_model_v3/results/olmo/epoch-032/harness/raw/__vol__tmp2__yesildau__m1_matched_three_model_retry_v1__training__olmo__20260822T155242Z_m1_matched_epoch_dense_olmo_seed42_30cd6396__epoch_snapshots__epoch-032/results_2026-08-23T21-16-26.861379.json,a4f28e56a7bfeb93c7aff7c3e11ed9e5cdd3f7855c34d2d9f83d81ba80809e61,12378,1.5798026045225246,62,0.03112014203833602,1.9698753470368968,direct_same_metric_and_denominator
olmo,olmo/epoch-032,epoch-032,32,224,False,exact_prefix_top1_accuracy,exact_prefix,1.0,fraction,higher,500,measured,/vol/tmp2/yesildau/m1_eval_v2_matched_three_model_v3/results/olmo/epoch-032/exact_prefix/raw/20260823T194532Z_00f0ec6c/summary_metrics.json,fe6a6397bf6a357e6a020cb3dc81536f4c7d44064e61cfc0b6562c23339a88ef,1708,0.022,500,0.978,4445.454545454546,direct_same_metric_and_denominator
olmo,olmo/epoch-032,epoch-032,32,224,False,exact_prefix_top5_accuracy,exact_prefix,1.0,fraction,higher,500,measured,/vol/tmp2/yesildau/m1_eval_v2_matched_three_model_v3/results/olmo/epoch-032/exact_prefix/raw/20260823T194532Z_00f0ec6c/summary_metrics.json,fe6a6397bf6a357e6a020cb3dc81536f4c7d44064e61cfc0b6562c23339a88ef,1708,,,,,no_m0_reference
olmo,olmo/epoch-032,epoch-032,32,224,False,exact_prefix_mrr,exact_prefix,1.0,fraction,higher,500,measured,/vol/tmp2/yesildau/m1_eval_v2_matched_three_model_v3/results/olmo/epoch-032/exact_prefix/raw/20260823T194532Z_00f0ec6c/summary_metrics.json,fe6a6397bf6a357e6a020cb3dc81536f4c7d44064e61cfc0b6562c23339a88ef,1708,,,,,no_m0_reference
olmo,olmo/epoch-032,epoch-032,32,224,False,exact_prefix_mean_rank,exact_prefix,1,rank,lower,500,measured,/vol/tmp2/yesildau/m1_eval_v2_matched_three_model_v3/results/olmo/epoch-032/exact_prefix/raw/20260823T194532Z_00f0ec6c/summary_metrics.json,fe6a6397bf6a357e6a020cb3dc81536f4c7d44064e61cfc0b6562c23339a88ef,1708,,,,,no_m0_reference
olmo,olmo/epoch-032,epoch-032,32,224,False,exact_prefix_mean_score_margin,exact_prefix,4.260595266176368,logprob,higher,500,measured,/vol/tmp2/yesildau/m1_eval_v2_matched_three_model_v3/results/olmo/epoch-032/exact_prefix/raw/20260823T194532Z_00f0ec6c/summary_metrics.json,fe6a6397bf6a357e6a020cb3dc81536f4c7d44064e61cfc0b6562c23339a88ef,1708,,,,,no_m0_reference
olmo,olmo/epoch-032,epoch-032,32,224,False,factual_cheap_top1_count,factual_cheap,662,count,higher,1500,completed,/vol/tmp2/yesildau/m1_eval_v2_matched_three_model_v3/results/olmo/epoch-032/factual_cheap/raw/summary.json,c03f5b716d33aaaedc3715e67ed67122fd1ea02d215052be2f21ff5bed18bb0b,322,,,,,no_m0_reference
olmo,olmo/epoch-032,epoch-032,32,224,False,turkish_bpb,turkish_cross_domain,2.1137807067426397,bits/byte,lower,9653767,measured,/vol/tmp2/yesildau/m1_eval_v2_matched_three_model_v3/results/olmo/epoch-032/turkish_perplexity/raw/trwiki_cross_domain/summary.json,7f1403b1c29cda37ff1bb0a9471a36cb21d08821754b86907ca6586f2e35eaae,935,1.6476820673132215,9653767,0.4660986394294182,28.288141788752846,direct_same_metric_and_denominator
olmo,olmo/epoch-032,epoch-032,32,224,False,turkish_ppl,turkish_cross_domain,54.110552816580594,PPL,lower,9653767,measured,/vol/tmp2/yesildau/m1_eval_v2_matched_three_model_v3/results/olmo/epoch-032/turkish_perplexity/raw/trwiki_cross_domain/summary.json,7f1403b1c29cda37ff1bb0a9471a36cb21d08821754b86907ca6586f2e35eaae,935,22.443216640433842,9653767,31.66733617614675,141.09981061758623,direct_same_metric_and_denominator
olmo,olmo/epoch-032,epoch-032,32,224,False,turkish_byte_ppl,turkish_cross_domain,4.328240624690066,PPL,lower,9653767,measured,/vol/tmp2/yesildau/m1_eval_v2_matched_three_model_v3/results/olmo/epoch-032/turkish_perplexity/raw/trwiki_cross_domain/summary.json,7f1403b1c29cda37ff1bb0a9471a36cb21d08821754b86907ca6586f2e35eaae,935,3.1332981738003447,9653767,1.1949424508897213,38.13688913750548,direct_same_metric_and_denominator
olmo,olmo/epoch-032,epoch-032,32,224,False,generation_top1_accuracy,generation,1.0,fraction,higher,30,measured,/vol/tmp2/yesildau/m1_eval_v2_matched_three_model_v3/results/olmo/epoch-032/generation_integrity/raw/20260823T194645Z_m1_olmo_epoch-032_generation/summary_metrics.json,a823d5089cd0d533ab6ad36a20b7341386f9b08686e437584385c5c5f0bdc023,1083,1.0,30,0.0,0.0,direct_same_metric_and_denominator
olmo,olmo/epoch-032,epoch-032,32,224,False,generation_empty_or_near_empty,generation,0,count,lower,30,measured,/vol/tmp2/yesildau/m1_eval_v2_matched_three_model_v3/results/olmo/epoch-032/generation_integrity/raw/20260823T194645Z_m1_olmo_epoch-032_generation/summary_metrics.json,a823d5089cd0d533ab6ad36a20b7341386f9b08686e437584385c5c5f0bdc023,1083,1,30,-1,-100.0,direct_same_metric_and_denominator
olmo,olmo/epoch-032,epoch-032,32,224,False,generation_distinct_2,generation,0.5744024812990332,fraction,higher,30,measured,/vol/tmp2/yesildau/m1_eval_v2_matched_three_model_v3/results/olmo/epoch-032/generation_integrity/raw/20260823T194645Z_m1_olmo_epoch-032_generation/summary_metrics.json,a823d5089cd0d533ab6ad36a20b7341386f9b08686e437584385c5c5f0bdc023,1083,0.5930820105820105,30,-0.018679529282977336,-3.1495693596652026,direct_same_metric_and_denominator
olmo,olmo/epoch-032,epoch-032,32,224,False,generation_repeated_3gram,generation,0.5205338615355593,fraction,lower,30,measured,/vol/tmp2/yesildau/m1_eval_v2_matched_three_model_v3/results/olmo/epoch-032/generation_integrity/raw/20260823T194645Z_m1_olmo_epoch-032_generation/summary_metrics.json,a823d5089cd0d533ab6ad36a20b7341386f9b08686e437584385c5c5f0bdc023,1083,0.49161841742486906,30,0.02891544411069019,5.881684470274989,direct_same_metric_and_denominator
olmo,olmo/epoch-032,epoch-032,32,224,False,generation_repeated_4gram,generation,0.46227556596409064,fraction,lower,30,measured,/vol/tmp2/yesildau/m1_eval_v2_matched_three_model_v3/results/olmo/epoch-032/generation_integrity/raw/20260823T194645Z_m1_olmo_epoch-032_generation/summary_metrics.json,a823d5089cd0d533ab6ad36a20b7341386f9b08686e437584385c5c5f0bdc023,1083,,,,,no_m0_reference
olmo,olmo/epoch-032,epoch-032,32,224,False,generation_ppl,generation,24.55805923972975,PPL,lower,291485,measured,/vol/tmp2/yesildau/m1_eval_v2_matched_three_model_v3/results/olmo/epoch-032/generation_integrity/raw/20260823T194645Z_m1_olmo_epoch-032_generation/summary_metrics.json,a823d5089cd0d533ab6ad36a20b7341386f9b08686e437584385c5c5f0bdc023,1083,16.80073153464442,291485,7.757327705085331,46.172559147731846,direct_same_metric_and_denominator
olmo,olmo/epoch-033,epoch-033,33,231,False,wikitext_bpb,wikitext,0.6879019823841112,bits/byte,lower,62,measured,/vol/tmp2/yesildau/m1_eval_v2_matched_three_model_v3/results/olmo/epoch-033/harness/raw/__vol__tmp2__yesildau__m1_matched_three_model_retry_v1__training__olmo__20260822T155242Z_m1_matched_epoch_dense_olmo_seed42_30cd6396__epoch_snapshots__epoch-033/results_2026-08-23T21-42-29.584765.json,115d7a74aecd5703b9b23084c9b91e1e7642d8e10d240c6ced0af8a18aa6f19a,12379,0.6597443057015225,62,0.028157676682588617,4.267968126325525,direct_same_metric_and_denominator
olmo,olmo/epoch-033,epoch-033,33,231,False,wikitext_word_ppl,wikitext,12.803993064065947,PPL,lower,62,measured,/vol/tmp2/yesildau/m1_eval_v2_matched_three_model_v3/results/olmo/epoch-033/harness/raw/__vol__tmp2__yesildau__m1_matched_three_model_retry_v1__training__olmo__20260822T155242Z_m1_matched_epoch_dense_olmo_seed42_30cd6396__epoch_snapshots__epoch-033/results_2026-08-23T21-42-29.584765.json,115d7a74aecd5703b9b23084c9b91e1e7642d8e10d240c6ced0af8a18aa6f19a,12379,11.535032064152116,62,1.2689609999138316,11.000931708351578,direct_same_metric_and_denominator
olmo,olmo/epoch-033,epoch-033,33,231,False,wikitext_byte_ppl,wikitext,1.6109391301534284,PPL,lower,62,measured,/vol/tmp2/yesildau/m1_eval_v2_matched_three_model_v3/results/olmo/epoch-033/harness/raw/__vol__tmp2__yesildau__m1_matched_three_model_retry_v1__training__olmo__20260822T155242Z_m1_matched_epoch_dense_olmo_seed42_30cd6396__epoch_snapshots__epoch-033/results_2026-08-23T21-42-29.584765.json,115d7a74aecd5703b9b23084c9b91e1e7642d8e10d240c6ced0af8a18aa6f19a,12379,1.5798026045225246,62,0.031136525630903744,1.9709124128399804,direct_same_metric_and_denominator
olmo,olmo/epoch-033,epoch-033,33,231,False,exact_prefix_top1_accuracy,exact_prefix,1.0,fraction,higher,500,measured,/vol/tmp2/yesildau/m1_eval_v2_matched_three_model_v3/results/olmo/epoch-033/exact_prefix/raw/20260823T200747Z_2bd7394e/summary_metrics.json,25a0551434696d5eb28540a7960efef400ad51229817688b19f19f1e8e58b9c2,1707,0.022,500,0.978,4445.454545454546,direct_same_metric_and_denominator
olmo,olmo/epoch-033,epoch-033,33,231,False,exact_prefix_top5_accuracy,exact_prefix,1.0,fraction,higher,500,measured,/vol/tmp2/yesildau/m1_eval_v2_matched_three_model_v3/results/olmo/epoch-033/exact_prefix/raw/20260823T200747Z_2bd7394e/summary_metrics.json,25a0551434696d5eb28540a7960efef400ad51229817688b19f19f1e8e58b9c2,1707,,,,,no_m0_reference
olmo,olmo/epoch-033,epoch-033,33,231,False,exact_prefix_mrr,exact_prefix,1.0,fraction,higher,500,measured,/vol/tmp2/yesildau/m1_eval_v2_matched_three_model_v3/results/olmo/epoch-033/exact_prefix/raw/20260823T200747Z_2bd7394e/summary_metrics.json,25a0551434696d5eb28540a7960efef400ad51229817688b19f19f1e8e58b9c2,1707,,,,,no_m0_reference
olmo,olmo/epoch-033,epoch-033,33,231,False,exact_prefix_mean_rank,exact_prefix,1,rank,lower,500,measured,/vol/tmp2/yesildau/m1_eval_v2_matched_three_model_v3/results/olmo/epoch-033/exact_prefix/raw/20260823T200747Z_2bd7394e/summary_metrics.json,25a0551434696d5eb28540a7960efef400ad51229817688b19f19f1e8e58b9c2,1707,,,,,no_m0_reference
olmo,olmo/epoch-033,epoch-033,33,231,False,exact_prefix_mean_score_margin,exact_prefix,4.26607003462078,logprob,higher,500,measured,/vol/tmp2/yesildau/m1_eval_v2_matched_three_model_v3/results/olmo/epoch-033/exact_prefix/raw/20260823T200747Z_2bd7394e/summary_metrics.json,25a0551434696d5eb28540a7960efef400ad51229817688b19f19f1e8e58b9c2,1707,,,,,no_m0_reference
olmo,olmo/epoch-033,epoch-033,33,231,False,factual_cheap_top1_count,factual_cheap,661,count,higher,1500,completed,/vol/tmp2/yesildau/m1_eval_v2_matched_three_model_v3/results/olmo/epoch-033/factual_cheap/raw/summary.json,b46c9ace3636499120ed5213cf245377d56caa49e9fa4c0bb6ae5610e6b866b0,323,,,,,no_m0_reference
olmo,olmo/epoch-033,epoch-033,33,231,False,turkish_bpb,turkish_cross_domain,2.1141384179980354,bits/byte,lower,9653767,measured,/vol/tmp2/yesildau/m1_eval_v2_matched_three_model_v3/results/olmo/epoch-033/turkish_perplexity/raw/trwiki_cross_domain/summary.json,afbb158cca7b4da34a44fc42af4d9564ac18b0b1c76827d42db1d7b36bb47ba1,934,1.6476820673132215,9653767,0.46645635068481384,28.309851757107293,direct_same_metric_and_denominator
olmo,olmo/epoch-033,epoch-033,33,231,False,turkish_ppl,turkish_cross_domain,54.14711113602731,PPL,lower,9653767,measured,/vol/tmp2/yesildau/m1_eval_v2_matched_three_model_v3/results/olmo/epoch-033/turkish_perplexity/raw/trwiki_cross_domain/summary.json,afbb158cca7b4da34a44fc42af4d9564ac18b0b1c76827d42db1d7b36bb47ba1,934,22.443216640433842,9653767,31.70389449559347,141.2627031299762,direct_same_metric_and_denominator
olmo,olmo/epoch-033,epoch-033,33,231,False,turkish_byte_ppl,turkish_cross_domain,4.329313930068125,PPL,lower,9653767,measured,/vol/tmp2/yesildau/m1_eval_v2_matched_three_model_v3/results/olmo/epoch-033/turkish_perplexity/raw/trwiki_cross_domain/summary.json,afbb158cca7b4da34a44fc42af4d9564ac18b0b1c76827d42db1d7b36bb47ba1,934,3.1332981738003447,9653767,1.19601575626778,38.171143948842406,direct_same_metric_and_denominator
olmo,olmo/epoch-033,epoch-033,33,231,False,generation_top1_accuracy,generation,1.0,fraction,higher,30,measured,/vol/tmp2/yesildau/m1_eval_v2_matched_three_model_v3/results/olmo/epoch-033/generation_integrity/raw/20260823T200858Z_m1_olmo_epoch-033_generation/summary_metrics.json,6f53e8821dac31e2606f938ce474e30b3ace996d2ec22b014b0936ea16988204,1083,1.0,30,0.0,0.0,direct_same_metric_and_denominator
olmo,olmo/epoch-033,epoch-033,33,231,False,generation_empty_or_near_empty,generation,0,count,lower,30,measured,/vol/tmp2/yesildau/m1_eval_v2_matched_three_model_v3/results/olmo/epoch-033/generation_integrity/raw/20260823T200858Z_m1_olmo_epoch-033_generation/summary_metrics.json,6f53e8821dac31e2606f938ce474e30b3ace996d2ec22b014b0936ea16988204,1083,1,30,-1,-100.0,direct_same_metric_and_denominator
olmo,olmo/epoch-033,epoch-033,33,231,False,generation_distinct_2,generation,0.6090565519136948,fraction,higher,30,measured,/vol/tmp2/yesildau/m1_eval_v2_matched_three_model_v3/results/olmo/epoch-033/generation_integrity/raw/20260823T200858Z_m1_olmo_epoch-033_generation/summary_metrics.json,6f53e8821dac31e2606f938ce474e30b3ace996d2ec22b014b0936ea16988204,1083,0.5930820105820105,30,0.0159745413316843,2.693479324386853,direct_same_metric_and_denominator
olmo,olmo/epoch-033,epoch-033,33,231,False,generation_repeated_3gram,generation,0.48233870967741926,fraction,lower,30,measured,/vol/tmp2/yesildau/m1_eval_v2_matched_three_model_v3/results/olmo/epoch-033/generation_integrity/raw/20260823T200858Z_m1_olmo_epoch-033_generation/summary_metrics.json,6f53e8821dac31e2606f938ce474e30b3ace996d2ec22b014b0936ea16988204,1083,0.49161841742486906,30,-0.009279707747449795,-1.887583422130021,direct_same_metric_and_denominator
olmo,olmo/epoch-033,epoch-033,33,231,False,generation_repeated_4gram,generation,0.4246948029298919,fraction,lower,30,measured,/vol/tmp2/yesildau/m1_eval_v2_matched_three_model_v3/results/olmo/epoch-033/generation_integrity/raw/20260823T200858Z_m1_olmo_epoch-033_generation/summary_metrics.json,6f53e8821dac31e2606f938ce474e30b3ace996d2ec22b014b0936ea16988204,1083,,,,,no_m0_reference
olmo,olmo/epoch-033,epoch-033,33,231,False,generation_ppl,generation,24.56672519869592,PPL,lower,291485,measured,/vol/tmp2/yesildau/m1_eval_v2_matched_three_model_v3/results/olmo/epoch-033/generation_integrity/raw/20260823T200858Z_m1_olmo_epoch-033_generation/summary_metrics.json,6f53e8821dac31e2606f938ce474e30b3ace996d2ec22b014b0936ea16988204,1083,16.80073153464442,291485,7.7659936640515,46.224139990793944,direct_same_metric_and_denominator
olmo,olmo/epoch-034,epoch-034,34,238,False,wikitext_bpb,wikitext,0.6879239213983104,bits/byte,lower,62,measured,/vol/tmp2/yesildau/m1_eval_v2_matched_three_model_v3/results/olmo/epoch-034/harness/raw/__vol__tmp2__yesildau__m1_matched_three_model_retry_v1__training__olmo__20260822T155242Z_m1_matched_epoch_dense_olmo_seed42_30cd6396__epoch_snapshots__epoch-034/results_2026-08-23T21-49-51.709660.json,efc2ef1bfa0b0da5401c1e045230d39bf08106cb3c57320cb58ec4795e623c53,12379,0.6597443057015225,62,0.02817961569678784,4.271293507690643,direct_same_metric_and_denominator
olmo,olmo/epoch-034,epoch-034,34,238,False,wikitext_word_ppl,wikitext,12.805034307901066,PPL,lower,62,measured,/vol/tmp2/yesildau/m1_eval_v2_matched_three_model_v3/results/olmo/epoch-034/harness/raw/__vol__tmp2__yesildau__m1_matched_three_model_retry_v1__training__olmo__20260822T155242Z_m1_matched_epoch_dense_olmo_seed42_30cd6396__epoch_snapshots__epoch-034/results_2026-08-23T21-49-51.709660.json,efc2ef1bfa0b0da5401c1e045230d39bf08106cb3c57320cb58ec4795e623c53,12379,11.535032064152116,62,1.2700022437489498,11.009958504543622,direct_same_metric_and_denominator
olmo,olmo/epoch-034,epoch-034,34,238,False,wikitext_byte_ppl,wikitext,1.6109636278360124,PPL,lower,62,measured,/vol/tmp2/yesildau/m1_eval_v2_matched_three_model_v3/results/olmo/epoch-034/harness/raw/__vol__tmp2__yesildau__m1_matched_three_model_retry_v1__training__olmo__20260822T155242Z_m1_matched_epoch_dense_olmo_seed42_30cd6396__epoch_snapshots__epoch-034/results_2026-08-23T21-49-51.709660.json,efc2ef1bfa0b0da5401c1e045230d39bf08106cb3c57320cb58ec4795e623c53,12379,1.5798026045225246,62,0.0311610233134878,1.9724630928118914,direct_same_metric_and_denominator
olmo,olmo/epoch-034,epoch-034,34,238,False,exact_prefix_top1_accuracy,exact_prefix,1.0,fraction,higher,500,measured,/vol/tmp2/yesildau/m1_eval_v2_matched_three_model_v3/results/olmo/epoch-034/exact_prefix/raw/20260823T201859Z_bdee0cb0/summary_metrics.json,645de47914f1b78d9ccfb505f66eac1aef57686be62f05ff31a1b3e5a9605184,1708,0.022,500,0.978,4445.454545454546,direct_same_metric_and_denominator
olmo,olmo/epoch-034,epoch-034,34,238,False,exact_prefix_top5_accuracy,exact_prefix,1.0,fraction,higher,500,measured,/vol/tmp2/yesildau/m1_eval_v2_matched_three_model_v3/results/olmo/epoch-034/exact_prefix/raw/20260823T201859Z_bdee0cb0/summary_metrics.json,645de47914f1b78d9ccfb505f66eac1aef57686be62f05ff31a1b3e5a9605184,1708,,,,,no_m0_reference
olmo,olmo/epoch-034,epoch-034,34,238,False,exact_prefix_mrr,exact_prefix,1.0,fraction,higher,500,measured,/vol/tmp2/yesildau/m1_eval_v2_matched_three_model_v3/results/olmo/epoch-034/exact_prefix/raw/20260823T201859Z_bdee0cb0/summary_metrics.json,645de47914f1b78d9ccfb505f66eac1aef57686be62f05ff31a1b3e5a9605184,1708,,,,,no_m0_reference
olmo,olmo/epoch-034,epoch-034,34,238,False,exact_prefix_mean_rank,exact_prefix,1,rank,lower,500,measured,/vol/tmp2/yesildau/m1_eval_v2_matched_three_model_v3/results/olmo/epoch-034/exact_prefix/raw/20260823T201859Z_bdee0cb0/summary_metrics.json,645de47914f1b78d9ccfb505f66eac1aef57686be62f05ff31a1b3e5a9605184,1708,,,,,no_m0_reference
olmo,olmo/epoch-034,epoch-034,34,238,False,exact_prefix_mean_score_margin,exact_prefix,4.271445183886134,logprob,higher,500,measured,/vol/tmp2/yesildau/m1_eval_v2_matched_three_model_v3/results/olmo/epoch-034/exact_prefix/raw/20260823T201859Z_bdee0cb0/summary_metrics.json,645de47914f1b78d9ccfb505f66eac1aef57686be62f05ff31a1b3e5a9605184,1708,,,,,no_m0_reference
olmo,olmo/epoch-034,epoch-034,34,238,False,factual_cheap_top1_count,factual_cheap,661,count,higher,1500,completed,/vol/tmp2/yesildau/m1_eval_v2_matched_three_model_v3/results/olmo/epoch-034/factual_cheap/raw/summary.json,2cff6a8923c7dd40d743da80454dd294dc719f5bad60afaa0d2619cee03f3690,323,,,,,no_m0_reference
olmo,olmo/epoch-034,epoch-034,34,238,False,turkish_bpb,turkish_cross_domain,2.1145018353464984,bits/byte,lower,9653767,measured,/vol/tmp2/yesildau/m1_eval_v2_matched_three_model_v3/results/olmo/epoch-034/turkish_perplexity/raw/trwiki_cross_domain/summary.json,ed5b3d80e2928176cbe857bc024680643cfceaf3a6febe5ddc7d52dd24562dfd,936,1.6476820673132215,9653767,0.46681976803327685,28.33190803578341,direct_same_metric_and_denominator
olmo,olmo/epoch-034,epoch-034,34,238,False,turkish_ppl,turkish_cross_domain,54.18427791570641,PPL,lower,9653767,measured,/vol/tmp2/yesildau/m1_eval_v2_matched_three_model_v3/results/olmo/epoch-034/turkish_perplexity/raw/trwiki_cross_domain/summary.json,ed5b3d80e2928176cbe857bc024680643cfceaf3a6febe5ddc7d52dd24562dfd,936,22.443216640433842,9653767,31.741061275272568,141.42830675210644,direct_same_metric_and_denominator
olmo,olmo/epoch-034,epoch-034,34,238,False,turkish_byte_ppl,turkish_cross_domain,4.330404629020898,PPL,lower,9653767,measured,/vol/tmp2/yesildau/m1_eval_v2_matched_three_model_v3/results/olmo/epoch-034/turkish_perplexity/raw/trwiki_cross_domain/summary.json,ed5b3d80e2928176cbe857bc024680643cfceaf3a6febe5ddc7d52dd24562dfd,936,3.1332981738003447,9653767,1.1971064552205535,38.20595388049505,direct_same_metric_and_denominator
olmo,olmo/epoch-034,epoch-034,34,238,False,generation_top1_accuracy,generation,1.0,fraction,higher,30,measured,/vol/tmp2/yesildau/m1_eval_v2_matched_three_model_v3/results/olmo/epoch-034/generation_integrity/raw/20260823T202014Z_m1_olmo_epoch-034_generation/summary_metrics.json,9533b005c791e0c0ba87ff0a1f47f91fe74b9f8471d670ab827535d84df3c8ec,1081,1.0,30,0.0,0.0,direct_same_metric_and_denominator
olmo,olmo/epoch-034,epoch-034,34,238,False,generation_empty_or_near_empty,generation,0,count,lower,30,measured,/vol/tmp2/yesildau/m1_eval_v2_matched_three_model_v3/results/olmo/epoch-034/generation_integrity/raw/20260823T202014Z_m1_olmo_epoch-034_generation/summary_metrics.json,9533b005c791e0c0ba87ff0a1f47f91fe74b9f8471d670ab827535d84df3c8ec,1081,1,30,-1,-100.0,direct_same_metric_and_denominator
olmo,olmo/epoch-034,epoch-034,34,238,False,generation_distinct_2,generation,0.5943803110469777,fraction,higher,30,measured,/vol/tmp2/yesildau/m1_eval_v2_matched_three_model_v3/results/olmo/epoch-034/generation_integrity/raw/20260823T202014Z_m1_olmo_epoch-034_generation/summary_metrics.json,9533b005c791e0c0ba87ff0a1f47f91fe74b9f8471d670ab827535d84df3c8ec,1081,0.5930820105820105,30,0.0012983004649672614,0.21890740939742842,direct_same_metric_and_denominator
olmo,olmo/epoch-034,epoch-034,34,238,False,generation_repeated_3gram,generation,0.502761209170217,fraction,lower,30,measured,/vol/tmp2/yesildau/m1_eval_v2_matched_three_model_v3/results/olmo/epoch-034/generation_integrity/raw/20260823T202014Z_m1_olmo_epoch-034_generation/summary_metrics.json,9533b005c791e0c0ba87ff0a1f47f91fe74b9f8471d670ab827535d84df3c8ec,1081,0.49161841742486906,30,0.01114279174534799,2.266552950500654,direct_same_metric_and_denominator
olmo,olmo/epoch-034,epoch-034,34,238,False,generation_repeated_4gram,generation,0.4448717948717949,fraction,lower,30,measured,/vol/tmp2/yesildau/m1_eval_v2_matched_three_model_v3/results/olmo/epoch-034/generation_integrity/raw/20260823T202014Z_m1_olmo_epoch-034_generation/summary_metrics.json,9533b005c791e0c0ba87ff0a1f47f91fe74b9f8471d670ab827535d84df3c8ec,1081,,,,,no_m0_reference
olmo,olmo/epoch-034,epoch-034,34,238,False,generation_ppl,generation,24.573682387206887,PPL,lower,291485,measured,/vol/tmp2/yesildau/m1_eval_v2_matched_three_model_v3/results/olmo/epoch-034/generation_integrity/raw/20260823T202014Z_m1_olmo_epoch-034_generation/summary_metrics.json,9533b005c791e0c0ba87ff0a1f47f91fe74b9f8471d670ab827535d84df3c8ec,1081,16.80073153464442,291485,7.772950852562467,46.265550024021486,direct_same_metric_and_denominator
olmo,olmo/epoch-035,epoch-035,35,245,False,wikitext_bpb,wikitext,0.6879485154524444,bits/byte,lower,62,measured,/vol/tmp2/yesildau/m1_eval_v2_matched_three_model_v3/results/olmo/epoch-035/harness/raw/__vol__tmp2__yesildau__m1_matched_three_model_retry_v1__training__olmo__20260822T155242Z_m1_matched_epoch_dense_olmo_seed42_30cd6396__epoch_snapshots__epoch-035/results_2026-08-23T22-11-54.305854.json,daf4bc5e1060ed4c2cef14f5fa04773511df526c03662caf7bf4c714daf8539e,12380,0.6597443057015225,62,0.02820420975092186,4.275021323743237,direct_same_metric_and_denominator
olmo,olmo/epoch-035,epoch-035,35,245,False,wikitext_word_ppl,wikitext,12.806201662803932,PPL,lower,62,measured,/vol/tmp2/yesildau/m1_eval_v2_matched_three_model_v3/results/olmo/epoch-035/harness/raw/__vol__tmp2__yesildau__m1_matched_three_model_retry_v1__training__olmo__20260822T155242Z_m1_matched_epoch_dense_olmo_seed42_30cd6396__epoch_snapshots__epoch-035/results_2026-08-23T22-11-54.305854.json,daf4bc5e1060ed4c2cef14f5fa04773511df526c03662caf7bf4c714daf8539e,12380,11.535032064152116,62,1.2711695986518166,11.020078588270955,direct_same_metric_and_denominator
olmo,olmo/epoch-035,epoch-035,35,245,False,wikitext_byte_ppl,wikitext,1.6109910906491907,PPL,lower,62,measured,/vol/tmp2/yesildau/m1_eval_v2_matched_three_model_v3/results/olmo/epoch-035/harness/raw/__vol__tmp2__yesildau__m1_matched_three_model_retry_v1__training__olmo__20260822T155242Z_m1_matched_epoch_dense_olmo_seed42_30cd6396__epoch_snapshots__epoch-035/results_2026-08-23T22-11-54.305854.json,daf4bc5e1060ed4c2cef14f5fa04773511df526c03662caf7bf4c714daf8539e,12380,1.5798026045225246,62,0.031188486126666026,1.9742014627259303,direct_same_metric_and_denominator
olmo,olmo/epoch-035,epoch-035,35,245,False,exact_prefix_top1_accuracy,exact_prefix,1.0,fraction,higher,500,measured,/vol/tmp2/yesildau/m1_eval_v2_matched_three_model_v3/results/olmo/epoch-035/exact_prefix/raw/20260823T203657Z_b4f39e4a/summary_metrics.json,59e1e672a09c56741af8e4c2296afaa9cdeb24c7e2c62c9013d1b7107bf3b511,1709,0.022,500,0.978,4445.454545454546,direct_same_metric_and_denominator
olmo,olmo/epoch-035,epoch-035,35,245,False,exact_prefix_top5_accuracy,exact_prefix,1.0,fraction,higher,500,measured,/vol/tmp2/yesildau/m1_eval_v2_matched_three_model_v3/results/olmo/epoch-035/exact_prefix/raw/20260823T203657Z_b4f39e4a/summary_metrics.json,59e1e672a09c56741af8e4c2296afaa9cdeb24c7e2c62c9013d1b7107bf3b511,1709,,,,,no_m0_reference
olmo,olmo/epoch-035,epoch-035,35,245,False,exact_prefix_mrr,exact_prefix,1.0,fraction,higher,500,measured,/vol/tmp2/yesildau/m1_eval_v2_matched_three_model_v3/results/olmo/epoch-035/exact_prefix/raw/20260823T203657Z_b4f39e4a/summary_metrics.json,59e1e672a09c56741af8e4c2296afaa9cdeb24c7e2c62c9013d1b7107bf3b511,1709,,,,,no_m0_reference
olmo,olmo/epoch-035,epoch-035,35,245,False,exact_prefix_mean_rank,exact_prefix,1,rank,lower,500,measured,/vol/tmp2/yesildau/m1_eval_v2_matched_three_model_v3/results/olmo/epoch-035/exact_prefix/raw/20260823T203657Z_b4f39e4a/summary_metrics.json,59e1e672a09c56741af8e4c2296afaa9cdeb24c7e2c62c9013d1b7107bf3b511,1709,,,,,no_m0_reference
olmo,olmo/epoch-035,epoch-035,35,245,False,exact_prefix_mean_score_margin,exact_prefix,4.277536338299494,logprob,higher,500,measured,/vol/tmp2/yesildau/m1_eval_v2_matched_three_model_v3/results/olmo/epoch-035/exact_prefix/raw/20260823T203657Z_b4f39e4a/summary_metrics.json,59e1e672a09c56741af8e4c2296afaa9cdeb24c7e2c62c9013d1b7107bf3b511,1709,,,,,no_m0_reference
olmo,olmo/epoch-035,epoch-035,35,245,False,factual_cheap_top1_count,factual_cheap,661,count,higher,1500,completed,/vol/tmp2/yesildau/m1_eval_v2_matched_three_model_v3/results/olmo/epoch-035/factual_cheap/raw/summary.json,6ff57ea3dae8e777edbb08a50a5ea20802ba30febe48dcba6cd3ac12d677af2d,322,,,,,no_m0_reference
olmo,olmo/epoch-035,epoch-035,35,245,False,turkish_bpb,turkish_cross_domain,2.1148631350529987,bits/byte,lower,9653767,measured,/vol/tmp2/yesildau/m1_eval_v2_matched_three_model_v3/results/olmo/epoch-035/turkish_perplexity/raw/trwiki_cross_domain/summary.json,ba38b873cba75eb0ab1db3bfe8a6481c0c9789afd26d136a5ddaa7a0b86c9c69,935,1.6476820673132215,9653767,0.4671810677397772,28.35383579197302,direct_same_metric_and_denominator
olmo,olmo/epoch-035,epoch-035,35,245,False,turkish_ppl,turkish_cross_domain,54.22125341246495,PPL,lower,9653767,measured,/vol/tmp2/yesildau/m1_eval_v2_matched_three_model_v3/results/olmo/epoch-035/turkish_perplexity/raw/trwiki_cross_domain/summary.json,ba38b873cba75eb0ab1db3bfe8a6481c0c9789afd26d136a5ddaa7a0b86c9c69,935,22.443216640433842,9653767,31.778036772031104,141.59305807697632,direct_same_metric_and_denominator
olmo,olmo/epoch-035,epoch-035,35,245,False,turkish_byte_ppl,turkish_cross_domain,4.33148924482996,PPL,lower,9653767,measured,/vol/tmp2/yesildau/m1_eval_v2_matched_three_model_v3/results/olmo/epoch-035/turkish_perplexity/raw/trwiki_cross_domain/summary.json,ba38b873cba75eb0ab1db3bfe8a6481c0c9789afd26d136a5ddaa7a0b86c9c69,935,3.1332981738003447,9653767,1.1981910710296155,38.24056966708476,direct_same_metric_and_denominator
olmo,olmo/epoch-035,epoch-035,35,245,False,generation_top1_accuracy,generation,1.0,fraction,higher,30,measured,/vol/tmp2/yesildau/m1_eval_v2_matched_three_model_v3/results/olmo/epoch-035/generation_integrity/raw/20260823T203807Z_m1_olmo_epoch-035_generation/summary_metrics.json,d00cbab4a2b7f8f707ba36abb563eae605759b8b04a5b1685af2abe523c64dcb,1085,1.0,30,0.0,0.0,direct_same_metric_and_denominator
olmo,olmo/epoch-035,epoch-035,35,245,False,generation_empty_or_near_empty,generation,0,count,lower,30,measured,/vol/tmp2/yesildau/m1_eval_v2_matched_three_model_v3/results/olmo/epoch-035/generation_integrity/raw/20260823T203807Z_m1_olmo_epoch-035_generation/summary_metrics.json,d00cbab4a2b7f8f707ba36abb563eae605759b8b04a5b1685af2abe523c64dcb,1085,1,30,-1,-100.0,direct_same_metric_and_denominator
olmo,olmo/epoch-035,epoch-035,35,245,False,generation_distinct_2,generation,0.5957669193301377,fraction,higher,30,measured,/vol/tmp2/yesildau/m1_eval_v2_matched_three_model_v3/results/olmo/epoch-035/generation_integrity/raw/20260823T203807Z_m1_olmo_epoch-035_generation/summary_metrics.json,d00cbab4a2b7f8f707ba36abb563eae605759b8b04a5b1685af2abe523c64dcb,1085,0.5930820105820105,30,0.0026849087481272127,0.45270446586171537,direct_same_metric_and_denominator
olmo,olmo/epoch-035,epoch-035,35,245,False,generation_repeated_3gram,generation,0.48888646855523876,fraction,lower,30,measured,/vol/tmp2/yesildau/m1_eval_v2_matched_three_model_v3/results/olmo/epoch-035/generation_integrity/raw/20260823T203807Z_m1_olmo_epoch-035_generation/summary_metrics.json,d00cbab4a2b7f8f707ba36abb563eae605759b8b04a5b1685af2abe523c64dcb,1085,0.49161841742486906,30,-0.0027319488696302963,-0.5557051511496318,direct_same_metric_and_denominator
olmo,olmo/epoch-035,epoch-035,35,245,False,generation_repeated_4gram,generation,0.42955173242058486,fraction,lower,30,measured,/vol/tmp2/yesildau/m1_eval_v2_matched_three_model_v3/results/olmo/epoch-035/generation_integrity/raw/20260823T203807Z_m1_olmo_epoch-035_generation/summary_metrics.json,d00cbab4a2b7f8f707ba36abb563eae605759b8b04a5b1685af2abe523c64dcb,1085,,,,,no_m0_reference
olmo,olmo/epoch-035,epoch-035,35,245,False,generation_ppl,generation,24.577436315807773,PPL,lower,291485,measured,/vol/tmp2/yesildau/m1_eval_v2_matched_three_model_v3/results/olmo/epoch-035/generation_integrity/raw/20260823T203807Z_m1_olmo_epoch-035_generation/summary_metrics.json,d00cbab4a2b7f8f707ba36abb563eae605759b8b04a5b1685af2abe523c64dcb,1085,16.80073153464442,291485,7.776704781163353,46.28789386418788,direct_same_metric_and_denominator
olmo,olmo/epoch-036,epoch-036,36,252,True,wikitext_bpb,wikitext,0.6879687775993163,bits/byte,lower,62,measured,/vol/tmp2/yesildau/m1_eval_v2_matched_three_model_v3/results/olmo/epoch-036/harness/raw/__vol__tmp2__yesildau__m1_matched_three_model_retry_v1__training__olmo__20260822T155242Z_m1_matched_epoch_dense_olmo_seed42_30cd6396__epoch_snapshots__epoch-036/results_2026-08-25T19-56-45.027459.json,3de91badcba4998776c3e0d8c28fa7196bc0838b0efea84ffb3fc03b07f7028e,233933,0.6597443057015225,62,0.028224471897793757,4.278092535832041,direct_same_metric_and_denominator
olmo,olmo/epoch-036,epoch-036,36,252,True,wikitext_word_ppl,wikitext,12.80716348401318,PPL,lower,62,measured,/vol/tmp2/yesildau/m1_eval_v2_matched_three_model_v3/results/olmo/epoch-036/harness/raw/__vol__tmp2__yesildau__m1_matched_three_model_retry_v1__training__olmo__20260822T155242Z_m1_matched_epoch_dense_olmo_seed42_30cd6396__epoch_snapshots__epoch-036/results_2026-08-25T19-56-45.027459.json,3de91badcba4998776c3e0d8c28fa7196bc0838b0efea84ffb3fc03b07f7028e,233933,11.535032064152116,62,1.272131419861065,11.028416850391938,direct_same_metric_and_denominator
olmo,olmo/epoch-036,epoch-036,36,252,True,wikitext_byte_ppl,wikitext,1.6110137166140603,PPL,lower,62,measured,/vol/tmp2/yesildau/m1_eval_v2_matched_three_model_v3/results/olmo/epoch-036/harness/raw/__vol__tmp2__yesildau__m1_matched_three_model_retry_v1__training__olmo__20260822T155242Z_m1_matched_epoch_dense_olmo_seed42_30cd6396__epoch_snapshots__epoch-036/results_2026-08-25T19-56-45.027459.json,3de91badcba4998776c3e0d8c28fa7196bc0838b0efea84ffb3fc03b07f7028e,233933,1.5798026045225246,62,0.03121111209153571,1.9756336647494561,direct_same_metric_and_denominator
olmo,olmo/epoch-036,epoch-036,36,252,True,blimp_accuracy,blimp,0.7160298507462685,fraction,higher,67000,measured,/vol/tmp2/yesildau/m1_eval_v2_matched_three_model_v3/results/olmo/epoch-036/harness/raw/__vol__tmp2__yesildau__m1_matched_three_model_retry_v1__training__olmo__20260822T155242Z_m1_matched_epoch_dense_olmo_seed42_30cd6396__epoch_snapshots__epoch-036/results_2026-08-25T19-56-45.027459.json,3de91badcba4998776c3e0d8c28fa7196bc0838b0efea84ffb3fc03b07f7028e,233933,0.8221641791044775,67000,-0.10613432835820902,-12.909140419351921,direct_same_metric_and_denominator
olmo,olmo/epoch-036,epoch-036,36,252,True,hellaswag_accuracy,hellaswag,0.49880501892053375,fraction,higher,10042,measured,/vol/tmp2/yesildau/m1_eval_v2_matched_three_model_v3/results/olmo/epoch-036/harness/raw/__vol__tmp2__yesildau__m1_matched_three_model_retry_v1__training__olmo__20260822T155242Z_m1_matched_epoch_dense_olmo_seed42_30cd6396__epoch_snapshots__epoch-036/results_2026-08-25T19-56-45.027459.json,3de91badcba4998776c3e0d8c28fa7196bc0838b0efea84ffb3fc03b07f7028e,233933,0.507966540529775,10042,-0.009161521609241219,-1.8035679278572891,direct_same_metric_and_denominator
olmo,olmo/epoch-036,epoch-036,36,252,True,hellaswag_acc_norm,hellaswag,0.6609241187014538,fraction,higher,10042,measured,/vol/tmp2/yesildau/m1_eval_v2_matched_three_model_v3/results/olmo/epoch-036/harness/raw/__vol__tmp2__yesildau__m1_matched_three_model_retry_v1__training__olmo__20260822T155242Z_m1_matched_epoch_dense_olmo_seed42_30cd6396__epoch_snapshots__epoch-036/results_2026-08-25T19-56-45.027459.json,3de91badcba4998776c3e0d8c28fa7196bc0838b0efea84ffb3fc03b07f7028e,233933,0.682832105158335,10042,-0.02190798645688119,-3.208400175003659,direct_same_metric_and_denominator
olmo,olmo/epoch-036,epoch-036,36,252,True,winogender_female,winogender,0.5958333333333333,fraction,higher,240,measured,/vol/tmp2/yesildau/m1_eval_v2_matched_three_model_v3/results/olmo/epoch-036/harness/raw/__vol__tmp2__yesildau__m1_matched_three_model_retry_v1__training__olmo__20260822T155242Z_m1_matched_epoch_dense_olmo_seed42_30cd6396__epoch_snapshots__epoch-036/results_2026-08-25T19-56-45.027459.json,3de91badcba4998776c3e0d8c28fa7196bc0838b0efea84ffb3fc03b07f7028e,233933,0.5875,240,0.008333333333333304,1.4184397163120517,direct_same_metric_and_denominator
olmo,olmo/epoch-036,epoch-036,36,252,True,winogender_male,winogender,0.5583333333333333,fraction,higher,240,measured,/vol/tmp2/yesildau/m1_eval_v2_matched_three_model_v3/results/olmo/epoch-036/harness/raw/__vol__tmp2__yesildau__m1_matched_three_model_retry_v1__training__olmo__20260822T155242Z_m1_matched_epoch_dense_olmo_seed42_30cd6396__epoch_snapshots__epoch-036/results_2026-08-25T19-56-45.027459.json,3de91badcba4998776c3e0d8c28fa7196bc0838b0efea84ffb3fc03b07f7028e,233933,0.5666666666666667,240,-0.008333333333333304,-1.4705882352941124,direct_same_metric_and_denominator
olmo,olmo/epoch-036,epoch-036,36,252,True,winogender_neutral,winogender,0.575,fraction,higher,240,measured,/vol/tmp2/yesildau/m1_eval_v2_matched_three_model_v3/results/olmo/epoch-036/harness/raw/__vol__tmp2__yesildau__m1_matched_three_model_retry_v1__training__olmo__20260822T155242Z_m1_matched_epoch_dense_olmo_seed42_30cd6396__epoch_snapshots__epoch-036/results_2026-08-25T19-56-45.027459.json,3de91badcba4998776c3e0d8c28fa7196bc0838b0efea84ffb3fc03b07f7028e,233933,0.5625,240,0.012499999999999956,2.2222222222222143,direct_same_metric_and_denominator
olmo,olmo/epoch-036,epoch-036,36,252,True,turblimp_acc_norm,turblimp,0.5493750000000001,fraction,higher,16000,measured,/vol/tmp2/yesildau/m1_eval_v2_matched_three_model_v3/results/olmo/epoch-036/harness/raw/__vol__tmp2__yesildau__m1_matched_three_model_retry_v1__training__olmo__20260822T155242Z_m1_matched_epoch_dense_olmo_seed42_30cd6396__epoch_snapshots__epoch-036/results_2026-08-25T19-56-45.027459.json,3de91badcba4998776c3e0d8c28fa7196bc0838b0efea84ffb3fc03b07f7028e,233933,0.5735,16000,-0.024124999999999952,-4.2066259808195205,direct_same_metric_and_denominator
olmo,olmo/epoch-036,epoch-036,36,252,True,exact_prefix_top1_accuracy,exact_prefix,1.0,fraction,higher,500,measured,/vol/tmp2/yesildau/m1_eval_v2_matched_three_model_v3/results/olmo/epoch-036/exact_prefix/raw/20260825T203150Z_d6593e43/summary_metrics.json,59443c7779c6029bf41fb5515bea26efcce7a59078a856550591f3edd1804712,1711,0.022,500,0.978,4445.454545454546,direct_same_metric_and_denominator
olmo,olmo/epoch-036,epoch-036,36,252,True,exact_prefix_top5_accuracy,exact_prefix,1.0,fraction,higher,500,measured,/vol/tmp2/yesildau/m1_eval_v2_matched_three_model_v3/results/olmo/epoch-036/exact_prefix/raw/20260825T203150Z_d6593e43/summary_metrics.json,59443c7779c6029bf41fb5515bea26efcce7a59078a856550591f3edd1804712,1711,,,,,no_m0_reference
olmo,olmo/epoch-036,epoch-036,36,252,True,exact_prefix_mrr,exact_prefix,1.0,fraction,higher,500,measured,/vol/tmp2/yesildau/m1_eval_v2_matched_three_model_v3/results/olmo/epoch-036/exact_prefix/raw/20260825T203150Z_d6593e43/summary_metrics.json,59443c7779c6029bf41fb5515bea26efcce7a59078a856550591f3edd1804712,1711,,,,,no_m0_reference
olmo,olmo/epoch-036,epoch-036,36,252,True,exact_prefix_mean_rank,exact_prefix,1,rank,lower,500,measured,/vol/tmp2/yesildau/m1_eval_v2_matched_three_model_v3/results/olmo/epoch-036/exact_prefix/raw/20260825T203150Z_d6593e43/summary_metrics.json,59443c7779c6029bf41fb5515bea26efcce7a59078a856550591f3edd1804712,1711,,,,,no_m0_reference
olmo,olmo/epoch-036,epoch-036,36,252,True,exact_prefix_mean_score_margin,exact_prefix,4.283272942074394,logprob,higher,500,measured,/vol/tmp2/yesildau/m1_eval_v2_matched_three_model_v3/results/olmo/epoch-036/exact_prefix/raw/20260825T203150Z_d6593e43/summary_metrics.json,59443c7779c6029bf41fb5515bea26efcce7a59078a856550591f3edd1804712,1711,,,,,no_m0_reference
olmo,olmo/epoch-036,epoch-036,36,252,True,factual_cheap_top1_count,factual_cheap,663,count,higher,1500,completed_derived_from_full_without_rescoring,/vol/tmp2/yesildau/m1_eval_v2_matched_three_model_v3/results/olmo/epoch-036/factual_cheap/summary.json,c2201439eeea3c5ad94b43d91b53bd6eb8b3249a939b4e1fc1db3249d63601fd,657,,,,,no_m0_reference
olmo,olmo/epoch-036,epoch-036,36,252,True,factual_cheap_top1_rate,factual_cheap,0.442,fraction,higher,1500,completed_derived_from_full_without_rescoring,/vol/tmp2/yesildau/m1_eval_v2_matched_three_model_v3/results/olmo/epoch-036/factual_cheap/summary.json,c2201439eeea3c5ad94b43d91b53bd6eb8b3249a939b4e1fc1db3249d63601fd,657,,,,,no_m0_reference
olmo,olmo/epoch-036,epoch-036,36,252,True,factual_top1_count,factual_full,5312,count,higher,12000,measured,/vol/tmp2/yesildau/m1_eval_v2_matched_three_model_v3/results/olmo/epoch-036/factual_full/raw/summary.json,c27e28599505ffb9539140a2650ded55cf6b8275f1f1440ddbcb514ef3d34f21,330,182,12000,5130,2818.6813186813188,direct_same_metric_and_denominator
olmo,olmo/epoch-036,epoch-036,36,252,True,factual_top1_rate,factual_full,0.44266666666666665,fraction,higher,12000,measured,/vol/tmp2/yesildau/m1_eval_v2_matched_three_model_v3/results/olmo/epoch-036/factual_full/raw/summary.json,c27e28599505ffb9539140a2650ded55cf6b8275f1f1440ddbcb514ef3d34f21,330,0.015166666666666667,12000,0.4275,2818.6813186813188,direct_same_metric_and_denominator
olmo,olmo/epoch-036,epoch-036,36,252,True,factual_forced_choice_rate,factual_full,0.6727083333333334,fraction,higher,4800,measured,/vol/tmp2/yesildau/m1_eval_v2_matched_three_model_v3/results/olmo/epoch-036/factual_full/raw/summary.json,c27e28599505ffb9539140a2650ded55cf6b8275f1f1440ddbcb514ef3d34f21,330,0.505,4800,0.16770833333333335,33.209570957095714,direct_same_metric_and_denominator
olmo,olmo/epoch-036,epoch-036,36,252,True,factual_failure_early_eos,factual_full,579,count,lower,12000,measured,/vol/tmp2/yesildau/m1_eval_v2_matched_three_model_v3/results/olmo/epoch-036/factual_full/raw/summary.json,c27e28599505ffb9539140a2650ded55cf6b8275f1f1440ddbcb514ef3d34f21,330,,,,,no_m0_reference
olmo,olmo/epoch-036,epoch-036,36,252,True,factual_failure_none,factual_full,5312,count,lower,12000,measured,/vol/tmp2/yesildau/m1_eval_v2_matched_three_model_v3/results/olmo/epoch-036/factual_full/raw/summary.json,c27e28599505ffb9539140a2650ded55cf6b8275f1f1440ddbcb514ef3d34f21,330,,,,,no_m0_reference
olmo,olmo/epoch-036,epoch-036,36,252,True,factual_prompt_form_failures,factual_full,5326,count,lower,12000,measured,/vol/tmp2/yesildau/m1_eval_v2_matched_three_model_v3/results/olmo/epoch-036/factual_full/raw/summary.json,c27e28599505ffb9539140a2650ded55cf6b8275f1f1440ddbcb514ef3d34f21,330,1000,12000,4326,432.6,direct_same_metric_and_denominator
olmo,olmo/epoch-036,epoch-036,36,252,True,factual_failure_relation_swap,factual_full,783,count,lower,12000,measured,/vol/tmp2/yesildau/m1_eval_v2_matched_three_model_v3/results/olmo/epoch-036/factual_full/raw/summary.json,c27e28599505ffb9539140a2650ded55cf6b8275f1f1440ddbcb514ef3d34f21,330,,,,,no_m0_reference
olmo,olmo/epoch-036,epoch-036,36,252,True,turkish_bpb,turkish_cross_domain,2.1152210730164667,bits/byte,lower,9653767,measured,/vol/tmp2/yesildau/m1_eval_v2_matched_three_model_v3/results/olmo/epoch-036/turkish_perplexity/raw/trwiki_cross_domain/summary.json,adf50a012c2921c2065cf7a41c0937ae7f6150120c75e24dc78e8345c2e7304d,936,1.6476820673132215,9653767,0.46753900570324514,28.375559519539685,direct_same_metric_and_denominator
olmo,olmo/epoch-036,epoch-036,36,252,True,turkish_ppl,turkish_cross_domain,54.257909748708094,PPL,lower,9653767,measured,/vol/tmp2/yesildau/m1_eval_v2_matched_three_model_v3/results/olmo/epoch-036/turkish_perplexity/raw/trwiki_cross_domain/summary.json,adf50a012c2921c2065cf7a41c0937ae7f6150120c75e24dc78e8345c2e7304d,936,22.443216640433842,9653767,31.814693108274252,141.75638732175625,direct_same_metric_and_denominator
olmo,olmo/epoch-036,epoch-036,36,252,True,turkish_byte_ppl,turkish_cross_domain,4.332564036620025,PPL,lower,9653767,measured,/vol/tmp2/yesildau/m1_eval_v2_matched_three_model_v3/results/olmo/epoch-036/turkish_perplexity/raw/trwiki_cross_domain/summary.json,adf50a012c2921c2065cf7a41c0937ae7f6150120c75e24dc78e8345c2e7304d,936,3.1332981738003447,9653767,1.1992658628196802,38.27487191763505,direct_same_metric_and_denominator
olmo,olmo/epoch-036,epoch-036,36,252,True,generation_top1_accuracy,generation,1.0,fraction,higher,30,measured,/vol/tmp2/yesildau/m1_eval_v2_matched_three_model_v3/results/olmo/epoch-036/generation_integrity/raw/20260825T203347Z_m1_olmo_epoch-036_generation/summary_metrics.json,8f9b6cb43f9a460b0b4d930adf2fc36ee8058c6ac8563eaaf068cc54eb926bcc,1085,1.0,30,0.0,0.0,direct_same_metric_and_denominator
olmo,olmo/epoch-036,epoch-036,36,252,True,generation_empty_or_near_empty,generation,0,count,lower,30,measured,/vol/tmp2/yesildau/m1_eval_v2_matched_three_model_v3/results/olmo/epoch-036/generation_integrity/raw/20260825T203347Z_m1_olmo_epoch-036_generation/summary_metrics.json,8f9b6cb43f9a460b0b4d930adf2fc36ee8058c6ac8563eaaf068cc54eb926bcc,1085,1,30,-1,-100.0,direct_same_metric_and_denominator
olmo,olmo/epoch-036,epoch-036,36,252,True,generation_distinct_2,generation,0.6039041205707872,fraction,higher,30,measured,/vol/tmp2/yesildau/m1_eval_v2_matched_three_model_v3/results/olmo/epoch-036/generation_integrity/raw/20260825T203347Z_m1_olmo_epoch-036_generation/summary_metrics.json,8f9b6cb43f9a460b0b4d930adf2fc36ee8058c6ac8563eaaf068cc54eb926bcc,1085,0.5930820105820105,30,0.010822109988776751,1.8247240340600899,direct_same_metric_and_denominator
olmo,olmo/epoch-036,epoch-036,36,252,True,generation_repeated_3gram,generation,0.4877074457293568,fraction,lower,30,measured,/vol/tmp2/yesildau/m1_eval_v2_matched_three_model_v3/results/olmo/epoch-036/generation_integrity/raw/20260825T203347Z_m1_olmo_epoch-036_generation/summary_metrics.json,8f9b6cb43f9a460b0b4d930adf2fc36ee8058c6ac8563eaaf068cc54eb926bcc,1085,0.49161841742486906,30,-0.003910971695512244,-0.7955299388493584,direct_same_metric_and_denominator
olmo,olmo/epoch-036,epoch-036,36,252,True,generation_repeated_4gram,generation,0.4230138713745271,fraction,lower,30,measured,/vol/tmp2/yesildau/m1_eval_v2_matched_three_model_v3/results/olmo/epoch-036/generation_integrity/raw/20260825T203347Z_m1_olmo_epoch-036_generation/summary_metrics.json,8f9b6cb43f9a460b0b4d930adf2fc36ee8058c6ac8563eaaf068cc54eb926bcc,1085,,,,,no_m0_reference
olmo,olmo/epoch-036,epoch-036,36,252,True,generation_ppl,generation,24.590436779895274,PPL,lower,291485,measured,/vol/tmp2/yesildau/m1_eval_v2_matched_three_model_v3/results/olmo/epoch-036/generation_integrity/raw/20260825T203347Z_m1_olmo_epoch-036_generation/summary_metrics.json,8f9b6cb43f9a460b0b4d930adf2fc36ee8058c6ac8563eaaf068cc54eb926bcc,1085,16.80073153464442,291485,7.789705245250854,46.365274209565655,direct_same_metric_and_denominator
olmo,olmo/parent,parent,0,0,False,blimp_accuracy,m0_parent_projection,0.8221641791044775,fraction,higher,67000,projected_from_canonical_m0_evidence_without_rescoring,/vol/tmp2/yesildau/eval_v1_m0_scientific_three_model_v1/olmo/lanes/english_grammar_blimp/raw/__vol__tmp2__yesildau__m1_provenance_screen_v3__models__allenai__OLMo-2-0425-1B__a1847dff35000b4271fa70afc5db10fd29fedbdf/results_2026-08-16T15-37-50.018307.json,ab880273720a0c0ddde86e63e888786f40f8bf009292c772b0e70aa47e6cd8f1,,0.8221641791044775,67000,0,0,m0_parent_projection
olmo,olmo/parent,parent,0,0,False,exact_prefix_top1_accuracy,m0_parent_projection,0.022,fraction,higher,500,projected_from_canonical_m0_evidence_without_rescoring,/vol/tmp2/yesildau/eval_v1_m0_three_model_exact_prefix_supplement_a100_recovery_v1/olmo/lane_result.json,ec359ab7229aa898e39bc48af867794054ef9228a3e327870f31e6a907380712,,0.022,500,0,0,m0_parent_projection
olmo,olmo/parent,parent,0,0,False,factual_forced_choice_rate,m0_parent_projection,0.505,fraction,higher,4800,projected_from_canonical_m0_evidence_without_rescoring,/vol/tmp2/yesildau/eval_v1_m0_scientific_three_model_v1/olmo/lanes/factual_access/raw/frozen_suite/summary.json,f33a9e434f8f8cf1706a84a3a6ecbd2d712430c9d7f3899926f20d8ec1bf57db,330,0.505,4800,0,0,m0_parent_projection
olmo,olmo/parent,parent,0,0,False,factual_prompt_form_failures,m0_parent_projection,1000,count,lower,12000,projected_from_canonical_m0_evidence_without_rescoring,/vol/tmp2/yesildau/eval_v1_m0_scientific_three_model_v1/olmo/lanes/factual_access/raw/frozen_suite/summary.json,f33a9e434f8f8cf1706a84a3a6ecbd2d712430c9d7f3899926f20d8ec1bf57db,330,1000,12000,0,0,m0_parent_projection
olmo,olmo/parent,parent,0,0,False,factual_top1_count,m0_parent_projection,182,count,higher,12000,projected_from_canonical_m0_evidence_without_rescoring,/vol/tmp2/yesildau/eval_v1_m0_scientific_three_model_v1/olmo/lanes/factual_access/raw/frozen_suite/summary.json,f33a9e434f8f8cf1706a84a3a6ecbd2d712430c9d7f3899926f20d8ec1bf57db,330,182,12000,0,0,m0_parent_projection
olmo,olmo/parent,parent,0,0,False,factual_top1_rate,m0_parent_projection,0.015166666666666667,fraction,higher,12000,projected_from_canonical_m0_evidence_without_rescoring,/vol/tmp2/yesildau/eval_v1_m0_scientific_three_model_v1/olmo/lanes/factual_access/raw/frozen_suite/summary.json,f33a9e434f8f8cf1706a84a3a6ecbd2d712430c9d7f3899926f20d8ec1bf57db,,0.015166666666666667,12000,0,0,m0_parent_projection
olmo,olmo/parent,parent,0,0,False,generation_distinct_2,m0_parent_projection,0.5930820105820105,fraction,higher,30,projected_from_canonical_m0_evidence_without_rescoring,/vol/tmp2/yesildau/eval_v1_m0_scientific_three_model_v1/olmo/lanes/generation_integrity/raw/general_capability/20260816T140118Z_m0_olmo_scientific_generation/summary_metrics.json,40c5d8ef2f7b8c70227f2a89f37ecb3835dc03ce06543225af4c44d41338b857,1084,0.5930820105820105,30,0,0,m0_parent_projection
olmo,olmo/parent,parent,0,0,False,generation_empty_or_near_empty,m0_parent_projection,1,count,lower,30,projected_from_canonical_m0_evidence_without_rescoring,/vol/tmp2/yesildau/eval_v1_m0_scientific_three_model_v1/olmo/lanes/generation_integrity/raw/general_capability/20260816T140118Z_m0_olmo_scientific_generation/summary_metrics.json,40c5d8ef2f7b8c70227f2a89f37ecb3835dc03ce06543225af4c44d41338b857,1084,1,30,0,0,m0_parent_projection
olmo,olmo/parent,parent,0,0,False,generation_ppl,m0_parent_projection,16.80073153464442,PPL,lower,291485,projected_from_canonical_m0_evidence_without_rescoring,/vol/tmp2/yesildau/eval_v1_m0_scientific_three_model_v1/olmo/lanes/generation_integrity/raw/general_capability/20260816T140118Z_m0_olmo_scientific_generation/summary_metrics.json,40c5d8ef2f7b8c70227f2a89f37ecb3835dc03ce06543225af4c44d41338b857,1084,16.80073153464442,291485,0,0,m0_parent_projection
olmo,olmo/parent,parent,0,0,False,generation_repeated_3gram,m0_parent_projection,0.49161841742486906,fraction,lower,30,projected_from_canonical_m0_evidence_without_rescoring,/vol/tmp2/yesildau/eval_v1_m0_scientific_three_model_v1/olmo/lanes/generation_integrity/raw/general_capability/20260816T140118Z_m0_olmo_scientific_generation/summary_metrics.json,40c5d8ef2f7b8c70227f2a89f37ecb3835dc03ce06543225af4c44d41338b857,,0.49161841742486906,30,0,0,m0_parent_projection
olmo,olmo/parent,parent,0,0,False,generation_top1_accuracy,m0_parent_projection,1.0,fraction,higher,30,projected_from_canonical_m0_evidence_without_rescoring,/vol/tmp2/yesildau/eval_v1_m0_scientific_three_model_v1/olmo/lanes/generation_integrity/raw/general_capability/20260816T140118Z_m0_olmo_scientific_generation/summary_metrics.json,40c5d8ef2f7b8c70227f2a89f37ecb3835dc03ce06543225af4c44d41338b857,1084,1.0,30,0,0,m0_parent_projection
olmo,olmo/parent,parent,0,0,False,hellaswag_acc_norm,m0_parent_projection,0.682832105158335,fraction,higher,10042,projected_from_canonical_m0_evidence_without_rescoring,/vol/tmp2/yesildau/eval_v1_m0_scientific_three_model_recovery_isolation_v1/olmo/lanes/english_capability/raw/__vol__tmp2__yesildau__m1_provenance_screen_v3__models__allenai__OLMo-2-0425-1B__a1847dff35000b4271fa70afc5db10fd29fedbdf/results_2026-08-20T13-09-46.707643.json,dc22ed0f5baba26b129d386c4e83f36e9380fc28d2afbe55334844eddcc2eeab,,0.682832105158335,10042,0,0,m0_parent_projection
olmo,olmo/parent,parent,0,0,False,hellaswag_accuracy,m0_parent_projection,0.507966540529775,fraction,higher,10042,projected_from_canonical_m0_evidence_without_rescoring,/vol/tmp2/yesildau/eval_v1_m0_scientific_three_model_recovery_isolation_v1/olmo/lanes/english_capability/raw/__vol__tmp2__yesildau__m1_provenance_screen_v3__models__allenai__OLMo-2-0425-1B__a1847dff35000b4271fa70afc5db10fd29fedbdf/results_2026-08-20T13-09-46.707643.json,dc22ed0f5baba26b129d386c4e83f36e9380fc28d2afbe55334844eddcc2eeab,18232,0.507966540529775,10042,0,0,m0_parent_projection
olmo,olmo/parent,parent,0,0,False,turblimp_acc_norm,m0_parent_projection,0.5735,fraction,higher,16000,projected_from_canonical_m0_evidence_without_rescoring,/vol/tmp2/yesildau/eval_v1_m0_scientific_three_model_recovery_isolation_v1/olmo/lanes/turkish_capability/raw/__vol__tmp2__yesildau__m1_provenance_screen_v3__models__allenai__OLMo-2-0425-1B__a1847dff35000b4271fa70afc5db10fd29fedbdf/results_2026-08-20T13-19-32.292261.json,acc237a0ea3eb80b3c4202299a108efc13cc6a4e97578218fa6ba7fd73abb496,,0.5735,16000,0,0,m0_parent_projection
olmo,olmo/parent,parent,0,0,False,turkish_bpb,m0_parent_projection,1.6476820673132215,bits/byte,lower,9653767,projected_from_canonical_m0_evidence_without_rescoring,/vol/tmp2/yesildau/eval_v1_m0_scientific_three_model_recovery_retargeted_v1/olmo/lanes/turkish_perplexity/raw/corpora/trwiki_cross_domain/summary.json,630ab6f16573160df8a13343ffac05706df49892ee971b89fe05cd59f9ebb2e1,,1.6476820673132215,9653767,0,0,m0_parent_projection
olmo,olmo/parent,parent,0,0,False,turkish_byte_ppl,m0_parent_projection,3.1332981738003447,PPL,lower,9653767,projected_from_canonical_m0_evidence_without_rescoring,/vol/tmp2/yesildau/eval_v1_m0_scientific_three_model_recovery_retargeted_v1/olmo/lanes/turkish_perplexity/raw/corpora/trwiki_cross_domain/summary.json,630ab6f16573160df8a13343ffac05706df49892ee971b89fe05cd59f9ebb2e1,,3.1332981738003447,9653767,0,0,m0_parent_projection
olmo,olmo/parent,parent,0,0,False,turkish_ppl,m0_parent_projection,22.443216640433842,PPL,lower,9653767,projected_from_canonical_m0_evidence_without_rescoring,/vol/tmp2/yesildau/eval_v1_m0_scientific_three_model_recovery_retargeted_v1/olmo/lanes/turkish_perplexity/raw/corpora/trwiki_cross_domain/summary.json,630ab6f16573160df8a13343ffac05706df49892ee971b89fe05cd59f9ebb2e1,,22.443216640433842,9653767,0,0,m0_parent_projection
olmo,olmo/parent,parent,0,0,False,wikitext_bpb,m0_parent_projection,0.6597443057015225,bits/byte,lower,62,projected_from_canonical_m0_evidence_without_rescoring,/vol/tmp2/yesildau/eval_v1_m0_scientific_three_model_v1/olmo/lanes/english_retention_wikitext/raw/__vol__tmp2__yesildau__m1_provenance_screen_v3__models__allenai__OLMo-2-0425-1B__a1847dff35000b4271fa70afc5db10fd29fedbdf/results_2026-08-16T15-24-14.979390.json,5ab20c8eb77f6935eedf352031fdc825f623afb27ece42fe3ac987d82e6d380e,,0.6597443057015225,62,0,0,m0_parent_projection
olmo,olmo/parent,parent,0,0,False,wikitext_byte_ppl,m0_parent_projection,1.5798026045225246,PPL,lower,62,projected_from_canonical_m0_evidence_without_rescoring,/vol/tmp2/yesildau/eval_v1_m0_scientific_three_model_v1/olmo/lanes/english_retention_wikitext/raw/__vol__tmp2__yesildau__m1_provenance_screen_v3__models__allenai__OLMo-2-0425-1B__a1847dff35000b4271fa70afc5db10fd29fedbdf/results_2026-08-16T15-24-14.979390.json,5ab20c8eb77f6935eedf352031fdc825f623afb27ece42fe3ac987d82e6d380e,,1.5798026045225246,62,0,0,m0_parent_projection
olmo,olmo/parent,parent,0,0,False,wikitext_word_ppl,m0_parent_projection,11.535032064152116,PPL,lower,62,projected_from_canonical_m0_evidence_without_rescoring,/vol/tmp2/yesildau/eval_v1_m0_scientific_three_model_v1/olmo/lanes/english_retention_wikitext/raw/__vol__tmp2__yesildau__m1_provenance_screen_v3__models__allenai__OLMo-2-0425-1B__a1847dff35000b4271fa70afc5db10fd29fedbdf/results_2026-08-16T15-24-14.979390.json,5ab20c8eb77f6935eedf352031fdc825f623afb27ece42fe3ac987d82e6d380e,,11.535032064152116,62,0,0,m0_parent_projection
olmo,olmo/parent,parent,0,0,False,winogender_female,m0_parent_projection,0.5875,fraction,higher,240,projected_from_canonical_m0_evidence_without_rescoring,/vol/tmp2/yesildau/eval_v1_m0_scientific_three_model_recovery_isolation_v1/olmo/lanes/english_capability/raw/__vol__tmp2__yesildau__m1_provenance_screen_v3__models__allenai__OLMo-2-0425-1B__a1847dff35000b4271fa70afc5db10fd29fedbdf/results_2026-08-20T13-09-46.707643.json,dc22ed0f5baba26b129d386c4e83f36e9380fc28d2afbe55334844eddcc2eeab,18232,0.5875,240,0,0,m0_parent_projection
olmo,olmo/parent,parent,0,0,False,winogender_male,m0_parent_projection,0.5666666666666667,fraction,higher,240,projected_from_canonical_m0_evidence_without_rescoring,/vol/tmp2/yesildau/eval_v1_m0_scientific_three_model_recovery_isolation_v1/olmo/lanes/english_capability/raw/__vol__tmp2__yesildau__m1_provenance_screen_v3__models__allenai__OLMo-2-0425-1B__a1847dff35000b4271fa70afc5db10fd29fedbdf/results_2026-08-20T13-09-46.707643.json,dc22ed0f5baba26b129d386c4e83f36e9380fc28d2afbe55334844eddcc2eeab,18232,0.5666666666666667,240,0,0,m0_parent_projection
olmo,olmo/parent,parent,0,0,False,winogender_neutral,m0_parent_projection,0.5625,fraction,higher,240,projected_from_canonical_m0_evidence_without_rescoring,/vol/tmp2/yesildau/eval_v1_m0_scientific_three_model_recovery_isolation_v1/olmo/lanes/english_capability/raw/__vol__tmp2__yesildau__m1_provenance_screen_v3__models__allenai__OLMo-2-0425-1B__a1847dff35000b4271fa70afc5db10fd29fedbdf/results_2026-08-20T13-09-46.707643.json,dc22ed0f5baba26b129d386c4e83f36e9380fc28d2afbe55334844eddcc2eeab,18232,0.5625,240,0,0,m0_parent_projection
qwen,qwen/epoch-001,epoch-001,1,7,False,wikitext_bpb,wikitext,0.6877925667910031,bits/byte,lower,62,measured,/vol/tmp2/yesildau/m1_eval_v2_matched_three_model_v3/results/qwen/epoch-001/harness/raw/__vol__tmp2__yesildau__m1_matched_three_model_retry_v1__training__qwen__20260822T155241Z_m1_matched_epoch_dense_qwen_seed42_7c56e187__epoch_snapshots__epoch-001/results_2026-08-23T22-46-47.771512.json,b0fe273e6de11ac5d9ec508bf1dd85f7b697404028a1d877fa1975b8a944ab70,12376,0.6725931618582224,62,0.015199404932780713,2.259821507966005,direct_same_metric_and_denominator
qwen,qwen/epoch-001,epoch-001,1,7,False,wikitext_word_ppl,wikitext,12.798801373115205,PPL,lower,62,measured,/vol/tmp2/yesildau/m1_eval_v2_matched_three_model_v3/results/qwen/epoch-001/harness/raw/__vol__tmp2__yesildau__m1_matched_three_model_retry_v1__training__qwen__20260822T155241Z_m1_matched_epoch_dense_qwen_seed42_7c56e187__epoch_snapshots__epoch-001/results_2026-08-23T22-46-47.771512.json,b0fe273e6de11ac5d9ec508bf1dd85f7b697404028a1d877fa1975b8a944ab70,12376,12.097681956432362,62,0.7011194166828432,5.795485607968529,direct_same_metric_and_denominator
qwen,qwen/epoch-001,epoch-001,1,7,False,wikitext_byte_ppl,wikitext,1.6108169593747035,PPL,lower,62,measured,/vol/tmp2/yesildau/m1_eval_v2_matched_three_model_v3/results/qwen/epoch-001/harness/raw/__vol__tmp2__yesildau__m1_matched_three_model_retry_v1__training__qwen__20260822T155241Z_m1_matched_epoch_dense_qwen_seed42_7c56e187__epoch_snapshots__epoch-001/results_2026-08-23T22-46-47.771512.json,b0fe273e6de11ac5d9ec508bf1dd85f7b697404028a1d877fa1975b8a944ab70,12376,1.5939354019689935,62,0.016881557405709957,1.0591117673185573,direct_same_metric_and_denominator
qwen,qwen/epoch-001,epoch-001,1,7,False,exact_prefix_top1_accuracy,exact_prefix,0.028,fraction,higher,500,measured,/vol/tmp2/yesildau/m1_eval_v2_matched_three_model_v3/results/qwen/epoch-001/exact_prefix/raw/20260823T211942Z_9f4a0993/summary_metrics.json,d67c86b84d0d3da2088a2c65d01a9443c071c18dc16dda52cab49415ea619edf,1757,0.03,500,-0.0019999999999999983,-6.666666666666662,direct_same_metric_and_denominator
qwen,qwen/epoch-001,epoch-001,1,7,False,exact_prefix_top5_accuracy,exact_prefix,0.138,fraction,higher,500,measured,/vol/tmp2/yesildau/m1_eval_v2_matched_three_model_v3/results/qwen/epoch-001/exact_prefix/raw/20260823T211942Z_9f4a0993/summary_metrics.json,d67c86b84d0d3da2088a2c65d01a9443c071c18dc16dda52cab49415ea619edf,1757,,,,,no_m0_reference
qwen,qwen/epoch-001,epoch-001,1,7,False,exact_prefix_mrr,exact_prefix,0.1053298016063211,fraction,higher,500,measured,/vol/tmp2/yesildau/m1_eval_v2_matched_three_model_v3/results/qwen/epoch-001/exact_prefix/raw/20260823T211942Z_9f4a0993/summary_metrics.json,d67c86b84d0d3da2088a2c65d01a9443c071c18dc16dda52cab49415ea619edf,1757,,,,,no_m0_reference
qwen,qwen/epoch-001,epoch-001,1,7,False,exact_prefix_mean_rank,exact_prefix,35.422,rank,lower,500,measured,/vol/tmp2/yesildau/m1_eval_v2_matched_three_model_v3/results/qwen/epoch-001/exact_prefix/raw/20260823T211942Z_9f4a0993/summary_metrics.json,d67c86b84d0d3da2088a2c65d01a9443c071c18dc16dda52cab49415ea619edf,1757,,,,,no_m0_reference
qwen,qwen/epoch-001,epoch-001,1,7,False,exact_prefix_mean_score_margin,exact_prefix,-2.2025431008001686,logprob,higher,500,measured,/vol/tmp2/yesildau/m1_eval_v2_matched_three_model_v3/results/qwen/epoch-001/exact_prefix/raw/20260823T211942Z_9f4a0993/summary_metrics.json,d67c86b84d0d3da2088a2c65d01a9443c071c18dc16dda52cab49415ea619edf,1757,,,,,no_m0_reference
qwen,qwen/epoch-001,epoch-001,1,7,False,factual_cheap_top1_count,factual_cheap,34,count,higher,1500,completed,/vol/tmp2/yesildau/m1_eval_v2_matched_three_model_v3/results/qwen/epoch-001/factual_cheap/raw/summary.json,1370e0fe34ef27e9b15c93d10251f95092585321d31a3b9d9698b4114b66d970,321,,,,,no_m0_reference
qwen,qwen/epoch-001,epoch-001,1,7,False,turkish_bpb,turkish_cross_domain,1.2925131567761419,bits/byte,lower,9114536,measured,/vol/tmp2/yesildau/m1_eval_v2_matched_three_model_v3/results/qwen/epoch-001/turkish_perplexity/raw/trwiki_cross_domain/summary.json,69985865af48ee85ffd8deca4b339e5ae7cfc6c01c11a110b77c0fc0eeafc7f6,937,1.2466700436547986,9114536,0.04584311312134326,3.6772451022363026,direct_same_metric_and_denominator
qwen,qwen/epoch-001,epoch-001,1,7,False,turkish_ppl,turkish_cross_domain,13.26026215513795,PPL,lower,9114536,measured,/vol/tmp2/yesildau/m1_eval_v2_matched_three_model_v3/results/qwen/epoch-001/turkish_perplexity/raw/trwiki_cross_domain/summary.json,69985865af48ee85ffd8deca4b339e5ae7cfc6c01c11a110b77c0fc0eeafc7f6,937,12.09865824277937,9114536,1.1616039123585793,9.601096989840498,direct_same_metric_and_denominator
qwen,qwen/epoch-001,epoch-001,1,7,False,turkish_byte_ppl,turkish_cross_domain,2.449543915910325,PPL,lower,9114536,measured,/vol/tmp2/yesildau/m1_eval_v2_matched_three_model_v3/results/qwen/epoch-001/turkish_perplexity/raw/trwiki_cross_domain/summary.json,69985865af48ee85ffd8deca4b339e5ae7cfc6c01c11a110b77c0fc0eeafc7f6,937,2.3729308242478306,9114536,0.07661309166249453,3.228627268845027,direct_same_metric_and_denominator
qwen,qwen/epoch-001,epoch-001,1,7,False,generation_top1_accuracy,generation,0.9333333333333333,fraction,higher,30,measured,/vol/tmp2/yesildau/m1_eval_v2_matched_three_model_v3/results/qwen/epoch-001/generation_integrity/raw/20260823T212106Z_m1_qwen_epoch-001_generation/summary_metrics.json,c324a9a57d90084279b68ff9e35628a7c9b84c955d3c53b35e63b6c7b15a1fb6,1097,0.9,30,0.033333333333333326,3.703703703703703,direct_same_metric_and_denominator
qwen,qwen/epoch-001,epoch-001,1,7,False,generation_empty_or_near_empty,generation,1,count,lower,30,measured,/vol/tmp2/yesildau/m1_eval_v2_matched_three_model_v3/results/qwen/epoch-001/generation_integrity/raw/20260823T212106Z_m1_qwen_epoch-001_generation/summary_metrics.json,c324a9a57d90084279b68ff9e35628a7c9b84c955d3c53b35e63b6c7b15a1fb6,1097,0,30,1,,direct_same_metric_and_denominator
qwen,qwen/epoch-001,epoch-001,1,7,False,generation_distinct_2,generation,0.7420431420431421,fraction,higher,30,measured,/vol/tmp2/yesildau/m1_eval_v2_matched_three_model_v3/results/qwen/epoch-001/generation_integrity/raw/20260823T212106Z_m1_qwen_epoch-001_generation/summary_metrics.json,c324a9a57d90084279b68ff9e35628a7c9b84c955d3c53b35e63b6c7b15a1fb6,1097,0.8040854707710682,30,-0.06204232872792603,-7.715887300939698,direct_same_metric_and_denominator
qwen,qwen/epoch-001,epoch-001,1,7,False,generation_repeated_3gram,generation,0.317562724014337,fraction,lower,30,measured,/vol/tmp2/yesildau/m1_eval_v2_matched_three_model_v3/results/qwen/epoch-001/generation_integrity/raw/20260823T212106Z_m1_qwen_epoch-001_generation/summary_metrics.json,c324a9a57d90084279b68ff9e35628a7c9b84c955d3c53b35e63b6c7b15a1fb6,1097,0.20856557935534573,30,0.10899714465899127,52.260370573078255,direct_same_metric_and_denominator
qwen,qwen/epoch-001,epoch-001,1,7,False,generation_repeated_4gram,generation,0.27163437655240935,fraction,lower,30,measured,/vol/tmp2/yesildau/m1_eval_v2_matched_three_model_v3/results/qwen/epoch-001/generation_integrity/raw/20260823T212106Z_m1_qwen_epoch-001_generation/summary_metrics.json,c324a9a57d90084279b68ff9e35628a7c9b84c955d3c53b35e63b6c7b15a1fb6,1097,,,,,no_m0_reference
qwen,qwen/epoch-001,epoch-001,1,7,False,generation_ppl,generation,16.20917774273988,PPL,lower,301239,measured,/vol/tmp2/yesildau/m1_eval_v2_matched_three_model_v3/results/qwen/epoch-001/generation_integrity/raw/20260823T212106Z_m1_qwen_epoch-001_generation/summary_metrics.json,c324a9a57d90084279b68ff9e35628a7c9b84c955d3c53b35e63b6c7b15a1fb6,1097,14.69939791395479,301239,1.5097798287850885,10.27103176349684,direct_same_metric_and_denominator
qwen,qwen/epoch-002,epoch-002,2,14,False,wikitext_bpb,wikitext,0.7131515519042827,bits/byte,lower,62,measured,/vol/tmp2/yesildau/m1_eval_v2_matched_three_model_v3/results/qwen/epoch-002/harness/raw/__vol__tmp2__yesildau__m1_matched_three_model_retry_v1__training__qwen__20260822T155241Z_m1_matched_epoch_dense_qwen_seed42_7c56e187__epoch_snapshots__epoch-002/results_2026-08-23T23-30-07.316188.json,51120f411ceb4f90e71d2167e834b8e9cb2d7c37d43ffc546ddc731c9a5cdff2,12375,0.6725931618582224,62,0.04055839004606032,6.030152006601834,direct_same_metric_and_denominator
qwen,qwen/epoch-002,epoch-002,2,14,False,wikitext_word_ppl,wikitext,14.060175741915197,PPL,lower,62,measured,/vol/tmp2/yesildau/m1_eval_v2_matched_three_model_v3/results/qwen/epoch-002/harness/raw/__vol__tmp2__yesildau__m1_matched_three_model_retry_v1__training__qwen__20260822T155241Z_m1_matched_epoch_dense_qwen_seed42_7c56e187__epoch_snapshots__epoch-002/results_2026-08-23T23-30-07.316188.json,51120f411ceb4f90e71d2167e834b8e9cb2d7c37d43ffc546ddc731c9a5cdff2,12375,12.097681956432362,62,1.9624937854828346,16.222064628169306,direct_same_metric_and_denominator
qwen,qwen/epoch-002,epoch-002,2,14,False,wikitext_byte_ppl,wikitext,1.6393814196008063,PPL,lower,62,measured,/vol/tmp2/yesildau/m1_eval_v2_matched_three_model_v3/results/qwen/epoch-002/harness/raw/__vol__tmp2__yesildau__m1_matched_three_model_retry_v1__training__qwen__20260822T155241Z_m1_matched_epoch_dense_qwen_seed42_7c56e187__epoch_snapshots__epoch-002/results_2026-08-23T23-30-07.316188.json,51120f411ceb4f90e71d2167e834b8e9cb2d7c37d43ffc546ddc731c9a5cdff2,12375,1.5939354019689935,62,0.045446017631812774,2.8511831518186472,direct_same_metric_and_denominator
qwen,qwen/epoch-002,epoch-002,2,14,False,exact_prefix_top1_accuracy,exact_prefix,0.108,fraction,higher,500,measured,/vol/tmp2/yesildau/m1_eval_v2_matched_three_model_v3/results/qwen/epoch-002/exact_prefix/raw/20260823T220302Z_636032da/summary_metrics.json,81bda197fe35add04534a3dda18eea5935c575c673c0e35bdd155df198977953,1757,0.03,500,0.078,260.0,direct_same_metric_and_denominator
qwen,qwen/epoch-002,epoch-002,2,14,False,exact_prefix_top5_accuracy,exact_prefix,0.266,fraction,higher,500,measured,/vol/tmp2/yesildau/m1_eval_v2_matched_three_model_v3/results/qwen/epoch-002/exact_prefix/raw/20260823T220302Z_636032da/summary_metrics.json,81bda197fe35add04534a3dda18eea5935c575c673c0e35bdd155df198977953,1757,,,,,no_m0_reference
qwen,qwen/epoch-002,epoch-002,2,14,False,exact_prefix_mrr,exact_prefix,0.2042903657635263,fraction,higher,500,measured,/vol/tmp2/yesildau/m1_eval_v2_matched_three_model_v3/results/qwen/epoch-002/exact_prefix/raw/20260823T220302Z_636032da/summary_metrics.json,81bda197fe35add04534a3dda18eea5935c575c673c0e35bdd155df198977953,1757,,,,,no_m0_reference
qwen,qwen/epoch-002,epoch-002,2,14,False,exact_prefix_mean_rank,exact_prefix,22.594,rank,lower,500,measured,/vol/tmp2/yesildau/m1_eval_v2_matched_three_model_v3/results/qwen/epoch-002/exact_prefix/raw/20260823T220302Z_636032da/summary_metrics.json,81bda197fe35add04534a3dda18eea5935c575c673c0e35bdd155df198977953,1757,,,,,no_m0_reference
qwen,qwen/epoch-002,epoch-002,2,14,False,exact_prefix_mean_score_margin,exact_prefix,-1.4594846562449613,logprob,higher,500,measured,/vol/tmp2/yesildau/m1_eval_v2_matched_three_model_v3/results/qwen/epoch-002/exact_prefix/raw/20260823T220302Z_636032da/summary_metrics.json,81bda197fe35add04534a3dda18eea5935c575c673c0e35bdd155df198977953,1757,,,,,no_m0_reference
qwen,qwen/epoch-002,epoch-002,2,14,False,factual_cheap_top1_count,factual_cheap,105,count,higher,1500,completed,/vol/tmp2/yesildau/m1_eval_v2_matched_three_model_v3/results/qwen/epoch-002/factual_cheap/raw/summary.json,3ef35a0d4be6e549e1a4cf30def0060656bcbd6abe468d7c936b2cfb82e4f5df,323,,,,,no_m0_reference
qwen,qwen/epoch-002,epoch-002,2,14,False,turkish_bpb,turkish_cross_domain,1.361507390517167,bits/byte,lower,9114536,measured,/vol/tmp2/yesildau/m1_eval_v2_matched_three_model_v3/results/qwen/epoch-002/turkish_perplexity/raw/trwiki_cross_domain/summary.json,a6a9abaa3699f8af4943c1fc7a7c83f479640a4f81c350b236878a699e92c3f0,938,1.2466700436547986,9114536,0.11483734686236846,9.211526935042547,direct_same_metric_and_denominator
qwen,qwen/epoch-002,epoch-002,2,14,False,turkish_ppl,turkish_cross_domain,15.222074348324481,PPL,lower,9114536,measured,/vol/tmp2/yesildau/m1_eval_v2_matched_three_model_v3/results/qwen/epoch-002/turkish_perplexity/raw/trwiki_cross_domain/summary.json,a6a9abaa3699f8af4943c1fc7a7c83f479640a4f81c350b236878a699e92c3f0,938,12.09865824277937,9114536,3.123416105545111,25.816218979564987,direct_same_metric_and_denominator
qwen,qwen/epoch-002,epoch-002,2,14,False,turkish_byte_ppl,turkish_cross_domain,2.569535155107463,PPL,lower,9114536,measured,/vol/tmp2/yesildau/m1_eval_v2_matched_three_model_v3/results/qwen/epoch-002/turkish_perplexity/raw/trwiki_cross_domain/summary.json,a6a9abaa3699f8af4943c1fc7a7c83f479640a4f81c350b236878a699e92c3f0,938,2.3729308242478306,9114536,0.19660433085963236,8.28529550253332,direct_same_metric_and_denominator
qwen,qwen/epoch-002,epoch-002,2,14,False,generation_top1_accuracy,generation,0.9666666666666667,fraction,higher,30,measured,/vol/tmp2/yesildau/m1_eval_v2_matched_three_model_v3/results/qwen/epoch-002/generation_integrity/raw/20260823T220425Z_m1_qwen_epoch-002_generation/summary_metrics.json,e27bbf972f67fb656172a6e646c27c8ec5bccea7eac4e6169f17454eae5b23df,1110,0.9,30,0.06666666666666665,7.407407407407406,direct_same_metric_and_denominator
qwen,qwen/epoch-002,epoch-002,2,14,False,generation_empty_or_near_empty,generation,1,count,lower,30,measured,/vol/tmp2/yesildau/m1_eval_v2_matched_three_model_v3/results/qwen/epoch-002/generation_integrity/raw/20260823T220425Z_m1_qwen_epoch-002_generation/summary_metrics.json,e27bbf972f67fb656172a6e646c27c8ec5bccea7eac4e6169f17454eae5b23df,1110,0,30,1,,direct_same_metric_and_denominator
qwen,qwen/epoch-002,epoch-002,2,14,False,generation_distinct_2,generation,0.5597636024106614,fraction,higher,30,measured,/vol/tmp2/yesildau/m1_eval_v2_matched_three_model_v3/results/qwen/epoch-002/generation_integrity/raw/20260823T220425Z_m1_qwen_epoch-002_generation/summary_metrics.json,e27bbf972f67fb656172a6e646c27c8ec5bccea7eac4e6169f17454eae5b23df,1110,0.8040854707710682,30,-0.2443218683604068,-30.385061941999435,direct_same_metric_and_denominator
qwen,qwen/epoch-002,epoch-002,2,14,False,generation_repeated_3gram,generation,0.560113797388741,fraction,lower,30,measured,/vol/tmp2/yesildau/m1_eval_v2_matched_three_model_v3/results/qwen/epoch-002/generation_integrity/raw/20260823T220425Z_m1_qwen_epoch-002_generation/summary_metrics.json,e27bbf972f67fb656172a6e646c27c8ec5bccea7eac4e6169f17454eae5b23df,1110,0.20856557935534573,30,0.3515482180333953,168.55524249015292,direct_same_metric_and_denominator
qwen,qwen/epoch-002,epoch-002,2,14,False,generation_repeated_4gram,generation,0.521431173562321,fraction,lower,30,measured,/vol/tmp2/yesildau/m1_eval_v2_matched_three_model_v3/results/qwen/epoch-002/generation_integrity/raw/20260823T220425Z_m1_qwen_epoch-002_generation/summary_metrics.json,e27bbf972f67fb656172a6e646c27c8ec5bccea7eac4e6169f17454eae5b23df,1110,,,,,no_m0_reference
qwen,qwen/epoch-002,epoch-002,2,14,False,generation_ppl,generation,18.66979840488819,PPL,lower,301239,measured,/vol/tmp2/yesildau/m1_eval_v2_matched_three_model_v3/results/qwen/epoch-002/generation_integrity/raw/20260823T220425Z_m1_qwen_epoch-002_generation/summary_metrics.json,e27bbf972f67fb656172a6e646c27c8ec5bccea7eac4e6169f17454eae5b23df,1110,14.69939791395479,301239,3.9704004909334003,27.01063345706237,direct_same_metric_and_denominator
qwen,qwen/epoch-003,epoch-003,3,21,False,wikitext_bpb,wikitext,0.7263641485320685,bits/byte,lower,62,measured,/vol/tmp2/yesildau/m1_eval_v2_matched_three_model_v3/results/qwen/epoch-003/harness/raw/__vol__tmp2__yesildau__m1_matched_three_model_retry_v1__training__qwen__20260822T155241Z_m1_matched_epoch_dense_qwen_seed42_7c56e187__epoch_snapshots__epoch-003/results_2026-08-24T00-13-03.876936.json,679067c50ff30832eff1e00ed1bf9ae0f22a9d5b1f442fbbb65741d577225193,12375,0.6725931618582224,62,0.053770986673846166,7.994578256681815,direct_same_metric_and_denominator
qwen,qwen/epoch-003,epoch-003,3,21,False,wikitext_word_ppl,wikitext,14.765890197246737,PPL,lower,62,measured,/vol/tmp2/yesildau/m1_eval_v2_matched_three_model_v3/results/qwen/epoch-003/harness/raw/__vol__tmp2__yesildau__m1_matched_three_model_retry_v1__training__qwen__20260822T155241Z_m1_matched_epoch_dense_qwen_seed42_7c56e187__epoch_snapshots__epoch-003/results_2026-08-24T00-13-03.876936.json,679067c50ff30832eff1e00ed1bf9ae0f22a9d5b1f442fbbb65741d577225193,12375,12.097681956432362,62,2.6682082408143746,22.055533038671783,direct_same_metric_and_denominator
qwen,qwen/epoch-003,epoch-003,3,21,False,wikitext_byte_ppl,wikitext,1.654464285083288,PPL,lower,62,measured,/vol/tmp2/yesildau/m1_eval_v2_matched_three_model_v3/results/qwen/epoch-003/harness/raw/__vol__tmp2__yesildau__m1_matched_three_model_retry_v1__training__qwen__20260822T155241Z_m1_matched_epoch_dense_qwen_seed42_7c56e187__epoch_snapshots__epoch-003/results_2026-08-24T00-13-03.876936.json,679067c50ff30832eff1e00ed1bf9ae0f22a9d5b1f442fbbb65741d577225193,12375,1.5939354019689935,62,0.060528883114294496,3.79744894551705,direct_same_metric_and_denominator
qwen,qwen/epoch-003,epoch-003,3,21,False,exact_prefix_top1_accuracy,exact_prefix,0.47,fraction,higher,500,measured,/vol/tmp2/yesildau/m1_eval_v2_matched_three_model_v3/results/qwen/epoch-003/exact_prefix/raw/20260823T224611Z_dd63a9fd/summary_metrics.json,bedfbfa954abc4ef44655202446a4ed29fb23997531968f5d32434f0d3e8424a,1756,0.03,500,0.43999999999999995,1466.6666666666665,direct_same_metric_and_denominator
qwen,qwen/epoch-003,epoch-003,3,21,False,exact_prefix_top5_accuracy,exact_prefix,0.734,fraction,higher,500,measured,/vol/tmp2/yesildau/m1_eval_v2_matched_three_model_v3/results/qwen/epoch-003/exact_prefix/raw/20260823T224611Z_dd63a9fd/summary_metrics.json,bedfbfa954abc4ef44655202446a4ed29fb23997531968f5d32434f0d3e8424a,1756,,,,,no_m0_reference
qwen,qwen/epoch-003,epoch-003,3,21,False,exact_prefix_mrr,exact_prefix,0.5959337398187942,fraction,higher,500,measured,/vol/tmp2/yesildau/m1_eval_v2_matched_three_model_v3/results/qwen/epoch-003/exact_prefix/raw/20260823T224611Z_dd63a9fd/summary_metrics.json,bedfbfa954abc4ef44655202446a4ed29fb23997531968f5d32434f0d3e8424a,1756,,,,,no_m0_reference
qwen,qwen/epoch-003,epoch-003,3,21,False,exact_prefix_mean_rank,exact_prefix,5.288,rank,lower,500,measured,/vol/tmp2/yesildau/m1_eval_v2_matched_three_model_v3/results/qwen/epoch-003/exact_prefix/raw/20260823T224611Z_dd63a9fd/summary_metrics.json,bedfbfa954abc4ef44655202446a4ed29fb23997531968f5d32434f0d3e8424a,1756,,,,,no_m0_reference
qwen,qwen/epoch-003,epoch-003,3,21,False,exact_prefix_mean_score_margin,exact_prefix,-0.21235409236034455,logprob,higher,500,measured,/vol/tmp2/yesildau/m1_eval_v2_matched_three_model_v3/results/qwen/epoch-003/exact_prefix/raw/20260823T224611Z_dd63a9fd/summary_metrics.json,bedfbfa954abc4ef44655202446a4ed29fb23997531968f5d32434f0d3e8424a,1756,,,,,no_m0_reference
qwen,qwen/epoch-003,epoch-003,3,21,False,factual_cheap_top1_count,factual_cheap,431,count,higher,1500,completed,/vol/tmp2/yesildau/m1_eval_v2_matched_three_model_v3/results/qwen/epoch-003/factual_cheap/raw/summary.json,cf9168d42f6203d1be90ab52b67b92e1aecb93132c1965c71e6c5592ce6c4a19,323,,,,,no_m0_reference
qwen,qwen/epoch-003,epoch-003,3,21,False,turkish_bpb,turkish_cross_domain,1.4038826233715012,bits/byte,lower,9114536,measured,/vol/tmp2/yesildau/m1_eval_v2_matched_three_model_v3/results/qwen/epoch-003/turkish_perplexity/raw/trwiki_cross_domain/summary.json,6b4e50862c2407b4b388bf301af0d7d587c7a128782caa6ac39afe0012e93c55,937,1.2466700436547986,9114536,0.15721257971670255,12.610600576862382,direct_same_metric_and_denominator
qwen,qwen/epoch-003,epoch-003,3,21,False,turkish_ppl,turkish_cross_domain,16.568258959448826,PPL,lower,9114536,measured,/vol/tmp2/yesildau/m1_eval_v2_matched_three_model_v3/results/qwen/epoch-003/turkish_perplexity/raw/trwiki_cross_domain/summary.json,6b4e50862c2407b4b388bf301af0d7d587c7a128782caa6ac39afe0012e93c55,937,12.09865824277937,9114536,4.469600716669456,36.94294546535331,direct_same_metric_and_denominator
qwen,qwen/epoch-003,epoch-003,3,21,False,turkish_byte_ppl,turkish_cross_domain,2.6461275840255407,PPL,lower,9114536,measured,/vol/tmp2/yesildau/m1_eval_v2_matched_three_model_v3/results/qwen/epoch-003/turkish_perplexity/raw/trwiki_cross_domain/summary.json,6b4e50862c2407b4b388bf301af0d7d587c7a128782caa6ac39afe0012e93c55,937,2.3729308242478306,9114536,0.2731967597777101,11.513052002445445,direct_same_metric_and_denominator
qwen,qwen/epoch-003,epoch-003,3,21,False,generation_top1_accuracy,generation,0.9666666666666667,fraction,higher,30,measured,/vol/tmp2/yesildau/m1_eval_v2_matched_three_model_v3/results/qwen/epoch-003/generation_integrity/raw/20260823T224736Z_m1_qwen_epoch-003_generation/summary_metrics.json,95403b5bdd987cdee2e191131edebf9e7774f19c67f8fafa79e9dc0bab13dd87,1113,0.9,30,0.06666666666666665,7.407407407407406,direct_same_metric_and_denominator
qwen,qwen/epoch-003,epoch-003,3,21,False,generation_empty_or_near_empty,generation,0,count,lower,30,measured,/vol/tmp2/yesildau/m1_eval_v2_matched_three_model_v3/results/qwen/epoch-003/generation_integrity/raw/20260823T224736Z_m1_qwen_epoch-003_generation/summary_metrics.json,95403b5bdd987cdee2e191131edebf9e7774f19c67f8fafa79e9dc0bab13dd87,1113,0,30,0,,direct_same_metric_and_denominator
qwen,qwen/epoch-003,epoch-003,3,21,False,generation_distinct_2,generation,0.5774378757350893,fraction,higher,30,measured,/vol/tmp2/yesildau/m1_eval_v2_matched_three_model_v3/results/qwen/epoch-003/generation_integrity/raw/20260823T224736Z_m1_qwen_epoch-003_generation/summary_metrics.json,95403b5bdd987cdee2e191131edebf9e7774f19c67f8fafa79e9dc0bab13dd87,1113,0.8040854707710682,30,-0.22664759503597887,-28.187002908862144,direct_same_metric_and_denominator
qwen,qwen/epoch-003,epoch-003,3,21,False,generation_repeated_3gram,generation,0.4933755760368662,fraction,lower,30,measured,/vol/tmp2/yesildau/m1_eval_v2_matched_three_model_v3/results/qwen/epoch-003/generation_integrity/raw/20260823T224736Z_m1_qwen_epoch-003_generation/summary_metrics.json,95403b5bdd987cdee2e191131edebf9e7774f19c67f8fafa79e9dc0bab13dd87,1113,0.20856557935534573,30,0.2848099966815205,136.55656775285658,direct_same_metric_and_denominator
qwen,qwen/epoch-003,epoch-003,3,21,False,generation_repeated_4gram,generation,0.46458022851465475,fraction,lower,30,measured,/vol/tmp2/yesildau/m1_eval_v2_matched_three_model_v3/results/qwen/epoch-003/generation_integrity/raw/20260823T224736Z_m1_qwen_epoch-003_generation/summary_metrics.json,95403b5bdd987cdee2e191131edebf9e7774f19c67f8fafa79e9dc0bab13dd87,1113,,,,,no_m0_reference
qwen,qwen/epoch-003,epoch-003,3,21,False,generation_ppl,generation,20.368308212011353,PPL,lower,301239,measured,/vol/tmp2/yesildau/m1_eval_v2_matched_three_model_v3/results/qwen/epoch-003/generation_integrity/raw/20260823T224736Z_m1_qwen_epoch-003_generation/summary_metrics.json,95403b5bdd987cdee2e191131edebf9e7774f19c67f8fafa79e9dc0bab13dd87,1113,14.69939791395479,301239,5.668910298056563,38.56559521172507,direct_same_metric_and_denominator
qwen,qwen/epoch-004,epoch-004,4,28,False,wikitext_bpb,wikitext,0.7327805416211418,bits/byte,lower,62,measured,/vol/tmp2/yesildau/m1_eval_v2_matched_three_model_v3/results/qwen/epoch-004/harness/raw/__vol__tmp2__yesildau__m1_matched_three_model_retry_v1__training__qwen__20260822T155241Z_m1_matched_epoch_dense_qwen_seed42_7c56e187__epoch_snapshots__epoch-004/results_2026-08-24T00-56-38.841656.json,70631f8255b4df04b545552e5bf3c86f44095b64a52919e4584921c54e78e56d,12376,0.6725931618582224,62,0.060187379762919435,8.948556597964117,direct_same_metric_and_denominator
qwen,qwen/epoch-004,epoch-004,4,28,False,wikitext_word_ppl,wikitext,15.121273852319618,PPL,lower,62,measured,/vol/tmp2/yesildau/m1_eval_v2_matched_three_model_v3/results/qwen/epoch-004/harness/raw/__vol__tmp2__yesildau__m1_matched_three_model_retry_v1__training__qwen__20260822T155241Z_m1_matched_epoch_dense_qwen_seed42_7c56e187__epoch_snapshots__epoch-004/results_2026-08-24T00-56-38.841656.json,70631f8255b4df04b545552e5bf3c86f44095b64a52919e4584921c54e78e56d,12376,12.097681956432362,62,3.0235918958872556,24.993150810016175,direct_same_metric_and_denominator
qwen,qwen/epoch-004,epoch-004,4,28,False,wikitext_byte_ppl,wikitext,1.6618389100819153,PPL,lower,62,measured,/vol/tmp2/yesildau/m1_eval_v2_matched_three_model_v3/results/qwen/epoch-004/harness/raw/__vol__tmp2__yesildau__m1_matched_three_model_retry_v1__training__qwen__20260822T155241Z_m1_matched_epoch_dense_qwen_seed42_7c56e187__epoch_snapshots__epoch-004/results_2026-08-24T00-56-38.841656.json,70631f8255b4df04b545552e5bf3c86f44095b64a52919e4584921c54e78e56d,12376,1.5939354019689935,62,0.06790350811292178,4.260116691620022,direct_same_metric_and_denominator
qwen,qwen/epoch-004,epoch-004,4,28,False,exact_prefix_top1_accuracy,exact_prefix,0.918,fraction,higher,500,measured,/vol/tmp2/yesildau/m1_eval_v2_matched_three_model_v3/results/qwen/epoch-004/exact_prefix/raw/20260823T232945Z_21635a6c/summary_metrics.json,f5a4b02a2fd8406d6960c6afc6c8470d7b8edc246aae802da50c0d6d56c8e4f0,1754,0.03,500,0.888,2960.0,direct_same_metric_and_denominator
qwen,qwen/epoch-004,epoch-004,4,28,False,exact_prefix_top5_accuracy,exact_prefix,0.988,fraction,higher,500,measured,/vol/tmp2/yesildau/m1_eval_v2_matched_three_model_v3/results/qwen/epoch-004/exact_prefix/raw/20260823T232945Z_21635a6c/summary_metrics.json,f5a4b02a2fd8406d6960c6afc6c8470d7b8edc246aae802da50c0d6d56c8e4f0,1754,,,,,no_m0_reference
qwen,qwen/epoch-004,epoch-004,4,28,False,exact_prefix_mrr,exact_prefix,0.951086507936508,fraction,higher,500,measured,/vol/tmp2/yesildau/m1_eval_v2_matched_three_model_v3/results/qwen/epoch-004/exact_prefix/raw/20260823T232945Z_21635a6c/summary_metrics.json,f5a4b02a2fd8406d6960c6afc6c8470d7b8edc246aae802da50c0d6d56c8e4f0,1754,,,,,no_m0_reference
qwen,qwen/epoch-004,epoch-004,4,28,False,exact_prefix_mean_rank,exact_prefix,1.208,rank,lower,500,measured,/vol/tmp2/yesildau/m1_eval_v2_matched_three_model_v3/results/qwen/epoch-004/exact_prefix/raw/20260823T232945Z_21635a6c/summary_metrics.json,f5a4b02a2fd8406d6960c6afc6c8470d7b8edc246aae802da50c0d6d56c8e4f0,1754,,,,,no_m0_reference
qwen,qwen/epoch-004,epoch-004,4,28,False,exact_prefix_mean_score_margin,exact_prefix,1.836007605669424,logprob,higher,500,measured,/vol/tmp2/yesildau/m1_eval_v2_matched_three_model_v3/results/qwen/epoch-004/exact_prefix/raw/20260823T232945Z_21635a6c/summary_metrics.json,f5a4b02a2fd8406d6960c6afc6c8470d7b8edc246aae802da50c0d6d56c8e4f0,1754,,,,,no_m0_reference
qwen,qwen/epoch-004,epoch-004,4,28,False,factual_cheap_top1_count,factual_cheap,823,count,higher,1500,completed,/vol/tmp2/yesildau/m1_eval_v2_matched_three_model_v3/results/qwen/epoch-004/factual_cheap/raw/summary.json,2673fcb38306651894a62fc2aa1eea9c154f0cff731b69bb4116cf278d72a8a6,323,,,,,no_m0_reference
qwen,qwen/epoch-004,epoch-004,4,28,False,turkish_bpb,turkish_cross_domain,1.4457601156999915,bits/byte,lower,9114536,measured,/vol/tmp2/yesildau/m1_eval_v2_matched_three_model_v3/results/qwen/epoch-004/turkish_perplexity/raw/trwiki_cross_domain/summary.json,22a3ccfa7a08b29d273a4904e03df83461860389a0ea1a7b94ceb9319b4d821a,934,1.2466700436547986,9114536,0.1990900720451929,15.969748616204074,direct_same_metric_and_denominator
qwen,qwen/epoch-004,epoch-004,4,28,False,turkish_ppl,turkish_cross_domain,18.01555391235067,PPL,lower,9114536,measured,/vol/tmp2/yesildau/m1_eval_v2_matched_three_model_v3/results/qwen/epoch-004/turkish_perplexity/raw/trwiki_cross_domain/summary.json,22a3ccfa7a08b29d273a4904e03df83461860389a0ea1a7b94ceb9319b4d821a,934,12.09865824277937,9114536,5.916895669571298,48.905387282119285,direct_same_metric_and_denominator
qwen,qwen/epoch-004,epoch-004,4,28,False,turkish_byte_ppl,turkish_cross_domain,2.724063087688521,PPL,lower,9114536,measured,/vol/tmp2/yesildau/m1_eval_v2_matched_three_model_v3/results/qwen/epoch-004/turkish_perplexity/raw/trwiki_cross_domain/summary.json,22a3ccfa7a08b29d273a4904e03df83461860389a0ea1a7b94ceb9319b4d821a,934,2.3729308242478306,9114536,0.3511322634406904,14.797408329507116,direct_same_metric_and_denominator
qwen,qwen/epoch-004,epoch-004,4,28,False,generation_top1_accuracy,generation,0.9666666666666667,fraction,higher,30,measured,/vol/tmp2/yesildau/m1_eval_v2_matched_three_model_v3/results/qwen/epoch-004/generation_integrity/raw/20260823T233111Z_m1_qwen_epoch-004_generation/summary_metrics.json,47e1dcba0e0dbf1709f6f8634bdb9fdf8e80ea2ddc3db9fc3e9bffd3993e467f,1112,0.9,30,0.06666666666666665,7.407407407407406,direct_same_metric_and_denominator
qwen,qwen/epoch-004,epoch-004,4,28,False,generation_empty_or_near_empty,generation,0,count,lower,30,measured,/vol/tmp2/yesildau/m1_eval_v2_matched_three_model_v3/results/qwen/epoch-004/generation_integrity/raw/20260823T233111Z_m1_qwen_epoch-004_generation/summary_metrics.json,47e1dcba0e0dbf1709f6f8634bdb9fdf8e80ea2ddc3db9fc3e9bffd3993e467f,1112,0,30,0,,direct_same_metric_and_denominator
qwen,qwen/epoch-004,epoch-004,4,28,False,generation_distinct_2,generation,0.48715393133997786,fraction,higher,30,measured,/vol/tmp2/yesildau/m1_eval_v2_matched_three_model_v3/results/qwen/epoch-004/generation_integrity/raw/20260823T233111Z_m1_qwen_epoch-004_generation/summary_metrics.json,47e1dcba0e0dbf1709f6f8634bdb9fdf8e80ea2ddc3db9fc3e9bffd3993e467f,1112,0.8040854707710682,30,-0.3169315394310903,-39.41515559622942,direct_same_metric_and_denominator
qwen,qwen/epoch-004,epoch-004,4,28,False,generation_repeated_3gram,generation,0.5892729134664617,fraction,lower,30,measured,/vol/tmp2/yesildau/m1_eval_v2_matched_three_model_v3/results/qwen/epoch-004/generation_integrity/raw/20260823T233111Z_m1_qwen_epoch-004_generation/summary_metrics.json,47e1dcba0e0dbf1709f6f8634bdb9fdf8e80ea2ddc3db9fc3e9bffd3993e467f,1112,0.20856557935534573,30,0.380707334111116,182.5360326894986,direct_same_metric_and_denominator
qwen,qwen/epoch-004,epoch-004,4,28,False,generation_repeated_4gram,generation,0.5557510329201651,fraction,lower,30,measured,/vol/tmp2/yesildau/m1_eval_v2_matched_three_model_v3/results/qwen/epoch-004/generation_integrity/raw/20260823T233111Z_m1_qwen_epoch-004_generation/summary_metrics.json,47e1dcba0e0dbf1709f6f8634bdb9fdf8e80ea2ddc3db9fc3e9bffd3993e467f,1112,,,,,no_m0_reference
qwen,qwen/epoch-004,epoch-004,4,28,False,generation_ppl,generation,21.5900265585739,PPL,lower,301239,measured,/vol/tmp2/yesildau/m1_eval_v2_matched_three_model_v3/results/qwen/epoch-004/generation_integrity/raw/20260823T233111Z_m1_qwen_epoch-004_generation/summary_metrics.json,47e1dcba0e0dbf1709f6f8634bdb9fdf8e80ea2ddc3db9fc3e9bffd3993e467f,1112,14.69939791395479,301239,6.89062864461911,46.87694479021845,direct_same_metric_and_denominator
qwen,qwen/epoch-005,epoch-005,5,35,False,wikitext_bpb,wikitext,0.7350111943833185,bits/byte,lower,62,measured,/vol/tmp2/yesildau/m1_eval_v2_matched_three_model_v3/results/qwen/epoch-005/harness/raw/__vol__tmp2__yesildau__m1_matched_three_model_retry_v1__training__qwen__20260822T155241Z_m1_matched_epoch_dense_qwen_seed42_7c56e187__epoch_snapshots__epoch-005/results_2026-08-24T01-40-23.384820.json,b4629512002db0959624c85b76f936f60f6e199d34bb12c9fbd13cc26eba2455,12376,0.6725931618582224,62,0.062418032525096145,9.28020623234546,direct_same_metric_and_denominator
qwen,qwen/epoch-005,epoch-005,5,35,False,wikitext_word_ppl,wikitext,15.246815903618405,PPL,lower,62,measured,/vol/tmp2/yesildau/m1_eval_v2_matched_three_model_v3/results/qwen/epoch-005/harness/raw/__vol__tmp2__yesildau__m1_matched_three_model_retry_v1__training__qwen__20260822T155241Z_m1_matched_epoch_dense_qwen_seed42_7c56e187__epoch_snapshots__epoch-005/results_2026-08-24T01-40-23.384820.json,b4629512002db0959624c85b76f936f60f6e199d34bb12c9fbd13cc26eba2455,12376,12.097681956432362,62,3.1491339471860424,26.030887227214976,direct_same_metric_and_denominator
qwen,qwen/epoch-005,epoch-005,5,35,False,wikitext_byte_ppl,wikitext,1.6644103841243718,PPL,lower,62,measured,/vol/tmp2/yesildau/m1_eval_v2_matched_three_model_v3/results/qwen/epoch-005/harness/raw/__vol__tmp2__yesildau__m1_matched_three_model_retry_v1__training__qwen__20260822T155241Z_m1_matched_epoch_dense_qwen_seed42_7c56e187__epoch_snapshots__epoch-005/results_2026-08-24T01-40-23.384820.json,b4629512002db0959624c85b76f936f60f6e199d34bb12c9fbd13cc26eba2455,12376,1.5939354019689935,62,0.07047498215537829,4.421445315056075,direct_same_metric_and_denominator
qwen,qwen/epoch-005,epoch-005,5,35,False,exact_prefix_top1_accuracy,exact_prefix,0.994,fraction,higher,500,measured,/vol/tmp2/yesildau/m1_eval_v2_matched_three_model_v3/results/qwen/epoch-005/exact_prefix/raw/20260824T001326Z_4fcba2e3/summary_metrics.json,ab8ce4c8007f0e28fdca531bf8f8e56821cf3224d4e17345f2c2c46631a1dc85,1753,0.03,500,0.964,3213.333333333333,direct_same_metric_and_denominator
qwen,qwen/epoch-005,epoch-005,5,35,False,exact_prefix_top5_accuracy,exact_prefix,0.998,fraction,higher,500,measured,/vol/tmp2/yesildau/m1_eval_v2_matched_three_model_v3/results/qwen/epoch-005/exact_prefix/raw/20260824T001326Z_4fcba2e3/summary_metrics.json,ab8ce4c8007f0e28fdca531bf8f8e56821cf3224d4e17345f2c2c46631a1dc85,1753,,,,,no_m0_reference
qwen,qwen/epoch-005,epoch-005,5,35,False,exact_prefix_mrr,exact_prefix,0.9957222222222222,fraction,higher,500,measured,/vol/tmp2/yesildau/m1_eval_v2_matched_three_model_v3/results/qwen/epoch-005/exact_prefix/raw/20260824T001326Z_4fcba2e3/summary_metrics.json,ab8ce4c8007f0e28fdca531bf8f8e56821cf3224d4e17345f2c2c46631a1dc85,1753,,,,,no_m0_reference
qwen,qwen/epoch-005,epoch-005,5,35,False,exact_prefix_mean_rank,exact_prefix,1.076,rank,lower,500,measured,/vol/tmp2/yesildau/m1_eval_v2_matched_three_model_v3/results/qwen/epoch-005/exact_prefix/raw/20260824T001326Z_4fcba2e3/summary_metrics.json,ab8ce4c8007f0e28fdca531bf8f8e56821cf3224d4e17345f2c2c46631a1dc85,1753,,,,,no_m0_reference
qwen,qwen/epoch-005,epoch-005,5,35,False,exact_prefix_mean_score_margin,exact_prefix,3.603413461213142,logprob,higher,500,measured,/vol/tmp2/yesildau/m1_eval_v2_matched_three_model_v3/results/qwen/epoch-005/exact_prefix/raw/20260824T001326Z_4fcba2e3/summary_metrics.json,ab8ce4c8007f0e28fdca531bf8f8e56821cf3224d4e17345f2c2c46631a1dc85,1753,,,,,no_m0_reference
qwen,qwen/epoch-005,epoch-005,5,35,False,factual_cheap_top1_count,factual_cheap,971,count,higher,1500,completed,/vol/tmp2/yesildau/m1_eval_v2_matched_three_model_v3/results/qwen/epoch-005/factual_cheap/raw/summary.json,e47511afd0a58184d1eed11733eb5a0987be7fa51f65762dd52e9f5d37dec78e,324,,,,,no_m0_reference
qwen,qwen/epoch-005,epoch-005,5,35,False,turkish_bpb,turkish_cross_domain,1.4643492302085084,bits/byte,lower,9114536,measured,/vol/tmp2/yesildau/m1_eval_v2_matched_three_model_v3/results/qwen/epoch-005/turkish_perplexity/raw/trwiki_cross_domain/summary.json,c52d7f27243c1e98618b684ba4e15f6233ceff8f0a109c5c9b525fa09c8e26ce,936,1.2466700436547986,9114536,0.21767918655370977,17.460850018947344,direct_same_metric_and_denominator
qwen,qwen/epoch-005,epoch-005,5,35,False,turkish_ppl,turkish_cross_domain,18.697878326178653,PPL,lower,9114536,measured,/vol/tmp2/yesildau/m1_eval_v2_matched_three_model_v3/results/qwen/epoch-005/turkish_perplexity/raw/trwiki_cross_domain/summary.json,c52d7f27243c1e98618b684ba4e15f6233ceff8f0a109c5c9b525fa09c8e26ce,936,12.09865824277937,9114536,6.599220083399283,54.54505740202869,direct_same_metric_and_denominator
qwen,qwen/epoch-005,epoch-005,5,35,False,turkish_byte_ppl,turkish_cross_domain,2.7593897225851567,PPL,lower,9114536,measured,/vol/tmp2/yesildau/m1_eval_v2_matched_three_model_v3/results/qwen/epoch-005/turkish_perplexity/raw/trwiki_cross_domain/summary.json,c52d7f27243c1e98618b684ba4e15f6233ceff8f0a109c5c9b525fa09c8e26ce,936,2.3729308242478306,9114536,0.38645889833732605,16.28614262111182,direct_same_metric_and_denominator
qwen,qwen/epoch-005,epoch-005,5,35,False,generation_top1_accuracy,generation,0.9666666666666667,fraction,higher,30,measured,/vol/tmp2/yesildau/m1_eval_v2_matched_three_model_v3/results/qwen/epoch-005/generation_integrity/raw/20260824T001447Z_m1_qwen_epoch-005_generation/summary_metrics.json,e44dad3779619c0c3617c8958ba0ed5141a891afb2da5e80a671fbadc8b87ea5,1116,0.9,30,0.06666666666666665,7.407407407407406,direct_same_metric_and_denominator
qwen,qwen/epoch-005,epoch-005,5,35,False,generation_empty_or_near_empty,generation,0,count,lower,30,measured,/vol/tmp2/yesildau/m1_eval_v2_matched_three_model_v3/results/qwen/epoch-005/generation_integrity/raw/20260824T001447Z_m1_qwen_epoch-005_generation/summary_metrics.json,e44dad3779619c0c3617c8958ba0ed5141a891afb2da5e80a671fbadc8b87ea5,1116,0,30,0,,direct_same_metric_and_denominator
qwen,qwen/epoch-005,epoch-005,5,35,False,generation_distinct_2,generation,0.5405418023065082,fraction,higher,30,measured,/vol/tmp2/yesildau/m1_eval_v2_matched_three_model_v3/results/qwen/epoch-005/generation_integrity/raw/20260824T001447Z_m1_qwen_epoch-005_generation/summary_metrics.json,e44dad3779619c0c3617c8958ba0ed5141a891afb2da5e80a671fbadc8b87ea5,1116,0.8040854707710682,30,-0.26354366846456,-32.775578970707926,direct_same_metric_and_denominator
qwen,qwen/epoch-005,epoch-005,5,35,False,generation_repeated_3gram,generation,0.5008145975887911,fraction,lower,30,measured,/vol/tmp2/yesildau/m1_eval_v2_matched_three_model_v3/results/qwen/epoch-005/generation_integrity/raw/20260824T001447Z_m1_qwen_epoch-005_generation/summary_metrics.json,e44dad3779619c0c3617c8958ba0ed5141a891afb2da5e80a671fbadc8b87ea5,1116,0.20856557935534573,30,0.2922490182334454,140.12332194830825,direct_same_metric_and_denominator
qwen,qwen/epoch-005,epoch-005,5,35,False,generation_repeated_4gram,generation,0.4660177595628415,fraction,lower,30,measured,/vol/tmp2/yesildau/m1_eval_v2_matched_three_model_v3/results/qwen/epoch-005/generation_integrity/raw/20260824T001447Z_m1_qwen_epoch-005_generation/summary_metrics.json,e44dad3779619c0c3617c8958ba0ed5141a891afb2da5e80a671fbadc8b87ea5,1116,,,,,no_m0_reference
qwen,qwen/epoch-005,epoch-005,5,35,False,generation_ppl,generation,21.904798706221907,PPL,lower,301239,measured,/vol/tmp2/yesildau/m1_eval_v2_matched_three_model_v3/results/qwen/epoch-005/generation_integrity/raw/20260824T001447Z_m1_qwen_epoch-005_generation/summary_metrics.json,e44dad3779619c0c3617c8958ba0ed5141a891afb2da5e80a671fbadc8b87ea5,1116,14.69939791395479,301239,7.205400792267117,49.01833962482715,direct_same_metric_and_denominator
qwen,qwen/epoch-006,epoch-006,6,42,False,wikitext_bpb,wikitext,0.7360244414658561,bits/byte,lower,62,measured,/vol/tmp2/yesildau/m1_eval_v2_matched_three_model_v3/results/qwen/epoch-006/harness/raw/__vol__tmp2__yesildau__m1_matched_three_model_retry_v1__training__qwen__20260822T155241Z_m1_matched_epoch_dense_qwen_seed42_7c56e187__epoch_snapshots__epoch-006/results_2026-08-24T02-23-49.041831.json,824dc98704d9eb63d633ca9b64ab7a131c70edef68ed42bab4fccefa412b2b96,12375,0.6725931618582224,62,0.06343127960763373,9.430854074160893,direct_same_metric_and_denominator
qwen,qwen/epoch-006,epoch-006,6,42,False,wikitext_word_ppl,wikitext,15.304185600180917,PPL,lower,62,measured,/vol/tmp2/yesildau/m1_eval_v2_matched_three_model_v3/results/qwen/epoch-006/harness/raw/__vol__tmp2__yesildau__m1_matched_three_model_retry_v1__training__qwen__20260822T155241Z_m1_matched_epoch_dense_qwen_seed42_7c56e187__epoch_snapshots__epoch-006/results_2026-08-24T02-23-49.041831.json,824dc98704d9eb63d633ca9b64ab7a131c70edef68ed42bab4fccefa412b2b96,12375,12.097681956432362,62,3.2065036437485546,26.505107799132134,direct_same_metric_and_denominator
qwen,qwen/epoch-006,epoch-006,6,42,False,wikitext_byte_ppl,wikitext,1.6655797589967714,PPL,lower,62,measured,/vol/tmp2/yesildau/m1_eval_v2_matched_three_model_v3/results/qwen/epoch-006/harness/raw/__vol__tmp2__yesildau__m1_matched_three_model_retry_v1__training__qwen__20260822T155241Z_m1_matched_epoch_dense_qwen_seed42_7c56e187__epoch_snapshots__epoch-006/results_2026-08-24T02-23-49.041831.json,824dc98704d9eb63d633ca9b64ab7a131c70edef68ed42bab4fccefa412b2b96,12375,1.5939354019689935,62,0.07164435702777783,4.494809321587018,direct_same_metric_and_denominator
qwen,qwen/epoch-006,epoch-006,6,42,False,exact_prefix_top1_accuracy,exact_prefix,0.996,fraction,higher,500,measured,/vol/tmp2/yesildau/m1_eval_v2_matched_three_model_v3/results/qwen/epoch-006/exact_prefix/raw/20260824T005651Z_dca1420e/summary_metrics.json,b68156541421368976fdf29df475dbcf83ebaa3f44e8bdc6f8661d0fc5119b87,1738,0.03,500,0.966,3220.0,direct_same_metric_and_denominator
qwen,qwen/epoch-006,epoch-006,6,42,False,exact_prefix_top5_accuracy,exact_prefix,1.0,fraction,higher,500,measured,/vol/tmp2/yesildau/m1_eval_v2_matched_three_model_v3/results/qwen/epoch-006/exact_prefix/raw/20260824T005651Z_dca1420e/summary_metrics.json,b68156541421368976fdf29df475dbcf83ebaa3f44e8bdc6f8661d0fc5119b87,1738,,,,,no_m0_reference
qwen,qwen/epoch-006,epoch-006,6,42,False,exact_prefix_mrr,exact_prefix,0.9976666666666667,fraction,higher,500,measured,/vol/tmp2/yesildau/m1_eval_v2_matched_three_model_v3/results/qwen/epoch-006/exact_prefix/raw/20260824T005651Z_dca1420e/summary_metrics.json,b68156541421368976fdf29df475dbcf83ebaa3f44e8bdc6f8661d0fc5119b87,1738,,,,,no_m0_reference
qwen,qwen/epoch-006,epoch-006,6,42,False,exact_prefix_mean_rank,exact_prefix,1.006,rank,lower,500,measured,/vol/tmp2/yesildau/m1_eval_v2_matched_three_model_v3/results/qwen/epoch-006/exact_prefix/raw/20260824T005651Z_dca1420e/summary_metrics.json,b68156541421368976fdf29df475dbcf83ebaa3f44e8bdc6f8661d0fc5119b87,1738,,,,,no_m0_reference
qwen,qwen/epoch-006,epoch-006,6,42,False,exact_prefix_mean_score_margin,exact_prefix,4.452329027924428,logprob,higher,500,measured,/vol/tmp2/yesildau/m1_eval_v2_matched_three_model_v3/results/qwen/epoch-006/exact_prefix/raw/20260824T005651Z_dca1420e/summary_metrics.json,b68156541421368976fdf29df475dbcf83ebaa3f44e8bdc6f8661d0fc5119b87,1738,,,,,no_m0_reference
qwen,qwen/epoch-006,epoch-006,6,42,False,factual_cheap_top1_count,factual_cheap,1010,count,higher,1500,completed,/vol/tmp2/yesildau/m1_eval_v2_matched_three_model_v3/results/qwen/epoch-006/factual_cheap/raw/summary.json,64c3665820e95318975d11d5f11517426e809322088e6eca6efe3c256e4dceaf,325,,,,,no_m0_reference
qwen,qwen/epoch-006,epoch-006,6,42,False,turkish_bpb,turkish_cross_domain,1.4757471366983448,bits/byte,lower,9114536,measured,/vol/tmp2/yesildau/m1_eval_v2_matched_three_model_v3/results/qwen/epoch-006/turkish_perplexity/raw/trwiki_cross_domain/summary.json,6567a6e181a56d575d7cbc7d9a666929dd76d8f18c79139104b1bd03982c8fa7,937,1.2466700436547986,9114536,0.22907709304354618,18.375118116416164,direct_same_metric_and_denominator
qwen,qwen/epoch-006,epoch-006,6,42,False,turkish_ppl,turkish_cross_domain,19.12896401720447,PPL,lower,9114536,measured,/vol/tmp2/yesildau/m1_eval_v2_matched_three_model_v3/results/qwen/epoch-006/turkish_perplexity/raw/trwiki_cross_domain/summary.json,6567a6e181a56d575d7cbc7d9a666929dd76d8f18c79139104b1bd03982c8fa7,937,12.09865824277937,9114536,7.0303057744251,58.108144170622175,direct_same_metric_and_denominator
qwen,qwen/epoch-006,epoch-006,6,42,False,turkish_byte_ppl,turkish_cross_domain,2.7812764222493076,PPL,lower,9114536,measured,/vol/tmp2/yesildau/m1_eval_v2_matched_three_model_v3/results/qwen/epoch-006/turkish_perplexity/raw/trwiki_cross_domain/summary.json,6567a6e181a56d575d7cbc7d9a666929dd76d8f18c79139104b1bd03982c8fa7,937,2.3729308242478306,9114536,0.40834559800147696,17.208491449847212,direct_same_metric_and_denominator
qwen,qwen/epoch-006,epoch-006,6,42,False,generation_top1_accuracy,generation,0.9666666666666667,fraction,higher,30,measured,/vol/tmp2/yesildau/m1_eval_v2_matched_three_model_v3/results/qwen/epoch-006/generation_integrity/raw/20260824T005814Z_m1_qwen_epoch-006_generation/summary_metrics.json,04f69a7d003e87cd0e454a931dc082e5a2acbb4118b5a5628e7d73b7cedfe651,1115,0.9,30,0.06666666666666665,7.407407407407406,direct_same_metric_and_denominator
qwen,qwen/epoch-006,epoch-006,6,42,False,generation_empty_or_near_empty,generation,0,count,lower,30,measured,/vol/tmp2/yesildau/m1_eval_v2_matched_three_model_v3/results/qwen/epoch-006/generation_integrity/raw/20260824T005814Z_m1_qwen_epoch-006_generation/summary_metrics.json,04f69a7d003e87cd0e454a931dc082e5a2acbb4118b5a5628e7d73b7cedfe651,1115,0,30,0,,direct_same_metric_and_denominator
qwen,qwen/epoch-006,epoch-006,6,42,False,generation_distinct_2,generation,0.5718215063803298,fraction,higher,30,measured,/vol/tmp2/yesildau/m1_eval_v2_matched_three_model_v3/results/qwen/epoch-006/generation_integrity/raw/20260824T005814Z_m1_qwen_epoch-006_generation/summary_metrics.json,04f69a7d003e87cd0e454a931dc082e5a2acbb4118b5a5628e7d73b7cedfe651,1115,0.8040854707710682,30,-0.23226396439073838,-28.885482058021967,direct_same_metric_and_denominator
qwen,qwen/epoch-006,epoch-006,6,42,False,generation_repeated_3gram,generation,0.48391332681655264,fraction,lower,30,measured,/vol/tmp2/yesildau/m1_eval_v2_matched_three_model_v3/results/qwen/epoch-006/generation_integrity/raw/20260824T005814Z_m1_qwen_epoch-006_generation/summary_metrics.json,04f69a7d003e87cd0e454a931dc082e5a2acbb4118b5a5628e7d73b7cedfe651,1115,0.20856557935534573,30,0.27534774746120694,132.0197456897144,direct_same_metric_and_denominator
qwen,qwen/epoch-006,epoch-006,6,42,False,generation_repeated_4gram,generation,0.4508607435080892,fraction,lower,30,measured,/vol/tmp2/yesildau/m1_eval_v2_matched_three_model_v3/results/qwen/epoch-006/generation_integrity/raw/20260824T005814Z_m1_qwen_epoch-006_generation/summary_metrics.json,04f69a7d003e87cd0e454a931dc082e5a2acbb4118b5a5628e7d73b7cedfe651,1115,,,,,no_m0_reference
qwen,qwen/epoch-006,epoch-006,6,42,False,generation_ppl,generation,22.08254701021948,PPL,lower,301239,measured,/vol/tmp2/yesildau/m1_eval_v2_matched_three_model_v3/results/qwen/epoch-006/generation_integrity/raw/20260824T005814Z_m1_qwen_epoch-006_generation/summary_metrics.json,04f69a7d003e87cd0e454a931dc082e5a2acbb4118b5a5628e7d73b7cedfe651,1115,14.69939791395479,301239,7.383149096264688,50.22756128844935,direct_same_metric_and_denominator
qwen,qwen/epoch-007,epoch-007,7,49,False,wikitext_bpb,wikitext,0.7365188378495297,bits/byte,lower,62,measured,/vol/tmp2/yesildau/m1_eval_v2_matched_three_model_v3/results/qwen/epoch-007/harness/raw/__vol__tmp2__yesildau__m1_matched_three_model_retry_v1__training__qwen__20260822T155241Z_m1_matched_epoch_dense_qwen_seed42_7c56e187__epoch_snapshots__epoch-007/results_2026-08-24T03-07-14.017278.json,288e10bff1f5d36544a36408e7e60ab801e923b31b3db82133984e657e14fdf0,12376,0.6725931618582224,62,0.06392567599130727,9.50436008220707,direct_same_metric_and_denominator
qwen,qwen/epoch-007,epoch-007,7,49,False,wikitext_word_ppl,wikitext,15.332256461660334,PPL,lower,62,measured,/vol/tmp2/yesildau/m1_eval_v2_matched_three_model_v3/results/qwen/epoch-007/harness/raw/__vol__tmp2__yesildau__m1_matched_three_model_retry_v1__training__qwen__20260822T155241Z_m1_matched_epoch_dense_qwen_seed42_7c56e187__epoch_snapshots__epoch-007/results_2026-08-24T03-07-14.017278.json,288e10bff1f5d36544a36408e7e60ab801e923b31b3db82133984e657e14fdf0,12376,12.097681956432362,62,3.2345745052279717,26.737142841717223,direct_same_metric_and_denominator
qwen,qwen/epoch-007,epoch-007,7,49,False,wikitext_byte_ppl,wikitext,1.6661506334347465,PPL,lower,62,measured,/vol/tmp2/yesildau/m1_eval_v2_matched_three_model_v3/results/qwen/epoch-007/harness/raw/__vol__tmp2__yesildau__m1_matched_three_model_retry_v1__training__qwen__20260822T155241Z_m1_matched_epoch_dense_qwen_seed42_7c56e187__epoch_snapshots__epoch-007/results_2026-08-24T03-07-14.017278.json,288e10bff1f5d36544a36408e7e60ab801e923b31b3db82133984e657e14fdf0,12376,1.5939354019689935,62,0.07221523146575293,4.530624727736471,direct_same_metric_and_denominator
qwen,qwen/epoch-007,epoch-007,7,49,False,exact_prefix_top1_accuracy,exact_prefix,1.0,fraction,higher,500,measured,/vol/tmp2/yesildau/m1_eval_v2_matched_three_model_v3/results/qwen/epoch-007/exact_prefix/raw/20260824T014018Z_07a25f11/summary_metrics.json,ed2c8d66460aa6793318cee2a60875a044ae0689c72d039d303b8c48898dd954,1731,0.03,500,0.97,3233.3333333333335,direct_same_metric_and_denominator
qwen,qwen/epoch-007,epoch-007,7,49,False,exact_prefix_top5_accuracy,exact_prefix,1.0,fraction,higher,500,measured,/vol/tmp2/yesildau/m1_eval_v2_matched_three_model_v3/results/qwen/epoch-007/exact_prefix/raw/20260824T014018Z_07a25f11/summary_metrics.json,ed2c8d66460aa6793318cee2a60875a044ae0689c72d039d303b8c48898dd954,1731,,,,,no_m0_reference
qwen,qwen/epoch-007,epoch-007,7,49,False,exact_prefix_mrr,exact_prefix,1.0,fraction,higher,500,measured,/vol/tmp2/yesildau/m1_eval_v2_matched_three_model_v3/results/qwen/epoch-007/exact_prefix/raw/20260824T014018Z_07a25f11/summary_metrics.json,ed2c8d66460aa6793318cee2a60875a044ae0689c72d039d303b8c48898dd954,1731,,,,,no_m0_reference
qwen,qwen/epoch-007,epoch-007,7,49,False,exact_prefix_mean_rank,exact_prefix,1,rank,lower,500,measured,/vol/tmp2/yesildau/m1_eval_v2_matched_three_model_v3/results/qwen/epoch-007/exact_prefix/raw/20260824T014018Z_07a25f11/summary_metrics.json,ed2c8d66460aa6793318cee2a60875a044ae0689c72d039d303b8c48898dd954,1731,,,,,no_m0_reference
qwen,qwen/epoch-007,epoch-007,7,49,False,exact_prefix_mean_score_margin,exact_prefix,4.4818959846687605,logprob,higher,500,measured,/vol/tmp2/yesildau/m1_eval_v2_matched_three_model_v3/results/qwen/epoch-007/exact_prefix/raw/20260824T014018Z_07a25f11/summary_metrics.json,ed2c8d66460aa6793318cee2a60875a044ae0689c72d039d303b8c48898dd954,1731,,,,,no_m0_reference
qwen,qwen/epoch-007,epoch-007,7,49,False,factual_cheap_top1_count,factual_cheap,1026,count,higher,1500,completed,/vol/tmp2/yesildau/m1_eval_v2_matched_three_model_v3/results/qwen/epoch-007/factual_cheap/raw/summary.json,43a04ed768c8771b7724188fd5bca0866985db9759f58345641757eefe8296c5,324,,,,,no_m0_reference
qwen,qwen/epoch-007,epoch-007,7,49,False,turkish_bpb,turkish_cross_domain,1.4760218856526803,bits/byte,lower,9114536,measured,/vol/tmp2/yesildau/m1_eval_v2_matched_three_model_v3/results/qwen/epoch-007/turkish_perplexity/raw/trwiki_cross_domain/summary.json,6e3bdbc874305c2a7e37c37e4ac79f80a31db5904706f082d304ee3762c5d503,936,1.2466700436547986,9114536,0.22935184199788172,18.397156742894268,direct_same_metric_and_denominator
qwen,qwen/epoch-007,epoch-007,7,49,False,turkish_ppl,turkish_cross_domain,19.13947719576758,PPL,lower,9114536,measured,/vol/tmp2/yesildau/m1_eval_v2_matched_three_model_v3/results/qwen/epoch-007/turkish_perplexity/raw/trwiki_cross_domain/summary.json,6e3bdbc874305c2a7e37c37e4ac79f80a31db5904706f082d304ee3762c5d503,936,12.09865824277937,9114536,7.040818952988209,58.19503957961832,direct_same_metric_and_denominator
qwen,qwen/epoch-007,epoch-007,7,49,False,turkish_byte_ppl,turkish_cross_domain,2.781806143039134,PPL,lower,9114536,measured,/vol/tmp2/yesildau/m1_eval_v2_matched_three_model_v3/results/qwen/epoch-007/turkish_perplexity/raw/trwiki_cross_domain/summary.json,6e3bdbc874305c2a7e37c37e4ac79f80a31db5904706f082d304ee3762c5d503,936,2.3729308242478306,9114536,0.40887531879130323,17.230814932032757,direct_same_metric_and_denominator
qwen,qwen/epoch-007,epoch-007,7,49,False,generation_top1_accuracy,generation,0.9666666666666667,fraction,higher,30,measured,/vol/tmp2/yesildau/m1_eval_v2_matched_three_model_v3/results/qwen/epoch-007/generation_integrity/raw/20260824T014143Z_m1_qwen_epoch-007_generation/summary_metrics.json,fd498de817359c5cd12a08837d615fdb3f42dccb2ee719d8836c488bfa69dfa4,1112,0.9,30,0.06666666666666665,7.407407407407406,direct_same_metric_and_denominator
qwen,qwen/epoch-007,epoch-007,7,49,False,generation_empty_or_near_empty,generation,0,count,lower,30,measured,/vol/tmp2/yesildau/m1_eval_v2_matched_three_model_v3/results/qwen/epoch-007/generation_integrity/raw/20260824T014143Z_m1_qwen_epoch-007_generation/summary_metrics.json,fd498de817359c5cd12a08837d615fdb3f42dccb2ee719d8836c488bfa69dfa4,1112,0,30,0,,direct_same_metric_and_denominator
qwen,qwen/epoch-007,epoch-007,7,49,False,generation_distinct_2,generation,0.54234360410831,fraction,higher,30,measured,/vol/tmp2/yesildau/m1_eval_v2_matched_three_model_v3/results/qwen/epoch-007/generation_integrity/raw/20260824T014143Z_m1_qwen_epoch-007_generation/summary_metrics.json,fd498de817359c5cd12a08837d615fdb3f42dccb2ee719d8836c488bfa69dfa4,1112,0.8040854707710682,30,-0.2617418666627582,-32.55149809034156,direct_same_metric_and_denominator
qwen,qwen/epoch-007,epoch-007,7,49,False,generation_repeated_3gram,generation,0.4992016943629847,fraction,lower,30,measured,/vol/tmp2/yesildau/m1_eval_v2_matched_three_model_v3/results/qwen/epoch-007/generation_integrity/raw/20260824T014143Z_m1_qwen_epoch-007_generation/summary_metrics.json,fd498de817359c5cd12a08837d615fdb3f42dccb2ee719d8836c488bfa69dfa4,1112,0.20856557935534573,30,0.290636115007639,139.349990495059,direct_same_metric_and_denominator
qwen,qwen/epoch-007,epoch-007,7,49,False,generation_repeated_4gram,generation,0.46984289617486336,fraction,lower,30,measured,/vol/tmp2/yesildau/m1_eval_v2_matched_three_model_v3/results/qwen/epoch-007/generation_integrity/raw/20260824T014143Z_m1_qwen_epoch-007_generation/summary_metrics.json,fd498de817359c5cd12a08837d615fdb3f42dccb2ee719d8836c488bfa69dfa4,1112,,,,,no_m0_reference
qwen,qwen/epoch-007,epoch-007,7,49,False,generation_ppl,generation,22.11351386245424,PPL,lower,301239,measured,/vol/tmp2/yesildau/m1_eval_v2_matched_three_model_v3/results/qwen/epoch-007/generation_integrity/raw/20260824T014143Z_m1_qwen_epoch-007_generation/summary_metrics.json,fd498de817359c5cd12a08837d615fdb3f42dccb2ee719d8836c488bfa69dfa4,1112,14.69939791395479,301239,7.41411594849945,50.43822877575755,direct_same_metric_and_denominator
qwen,qwen/epoch-008,epoch-008,8,56,False,wikitext_bpb,wikitext,0.7366427862928079,bits/byte,lower,62,measured,/vol/tmp2/yesildau/m1_eval_v2_matched_three_model_v3/results/qwen/epoch-008/harness/raw/__vol__tmp2__yesildau__m1_matched_three_model_retry_v1__training__qwen__20260822T155241Z_m1_matched_epoch_dense_qwen_seed42_7c56e187__epoch_snapshots__epoch-008/results_2026-08-24T03-50-29.672420.json,79def4f8ec165c26c8efb78ac940c6d706354a9b59b2ac7432be3a1cb79d8bce,12376,0.6725931618582224,62,0.0640496244345855,9.522788524586085,direct_same_metric_and_denominator
qwen,qwen/epoch-008,epoch-008,8,56,False,wikitext_word_ppl,wikitext,15.339302080807123,PPL,lower,62,measured,/vol/tmp2/yesildau/m1_eval_v2_matched_three_model_v3/results/qwen/epoch-008/harness/raw/__vol__tmp2__yesildau__m1_matched_three_model_retry_v1__training__qwen__20260822T155241Z_m1_matched_epoch_dense_qwen_seed42_7c56e187__epoch_snapshots__epoch-008/results_2026-08-24T03-50-29.672420.json,79def4f8ec165c26c8efb78ac940c6d706354a9b59b2ac7432be3a1cb79d8bce,12376,12.097681956432362,62,3.2416201243747604,26.795382256277488,direct_same_metric_and_denominator
qwen,qwen/epoch-008,epoch-008,8,56,False,wikitext_byte_ppl,wikitext,1.6662937861060152,PPL,lower,62,measured,/vol/tmp2/yesildau/m1_eval_v2_matched_three_model_v3/results/qwen/epoch-008/harness/raw/__vol__tmp2__yesildau__m1_matched_three_model_retry_v1__training__qwen__20260822T155241Z_m1_matched_epoch_dense_qwen_seed42_7c56e187__epoch_snapshots__epoch-008/results_2026-08-24T03-50-29.672420.json,79def4f8ec165c26c8efb78ac940c6d706354a9b59b2ac7432be3a1cb79d8bce,12376,1.5939354019689935,62,0.07235838413702167,4.539605811354534,direct_same_metric_and_denominator
qwen,qwen/epoch-008,epoch-008,8,56,False,exact_prefix_top1_accuracy,exact_prefix,1.0,fraction,higher,500,measured,/vol/tmp2/yesildau/m1_eval_v2_matched_three_model_v3/results/qwen/epoch-008/exact_prefix/raw/20260824T022341Z_c4063e4c/summary_metrics.json,dc5de9d3f1d838f842b3299074344ee43267c77cf8f9374b7d225a48c6ff666f,1729,0.03,500,0.97,3233.3333333333335,direct_same_metric_and_denominator
qwen,qwen/epoch-008,epoch-008,8,56,False,exact_prefix_top5_accuracy,exact_prefix,1.0,fraction,higher,500,measured,/vol/tmp2/yesildau/m1_eval_v2_matched_three_model_v3/results/qwen/epoch-008/exact_prefix/raw/20260824T022341Z_c4063e4c/summary_metrics.json,dc5de9d3f1d838f842b3299074344ee43267c77cf8f9374b7d225a48c6ff666f,1729,,,,,no_m0_reference
qwen,qwen/epoch-008,epoch-008,8,56,False,exact_prefix_mrr,exact_prefix,1.0,fraction,higher,500,measured,/vol/tmp2/yesildau/m1_eval_v2_matched_three_model_v3/results/qwen/epoch-008/exact_prefix/raw/20260824T022341Z_c4063e4c/summary_metrics.json,dc5de9d3f1d838f842b3299074344ee43267c77cf8f9374b7d225a48c6ff666f,1729,,,,,no_m0_reference
qwen,qwen/epoch-008,epoch-008,8,56,False,exact_prefix_mean_rank,exact_prefix,1,rank,lower,500,measured,/vol/tmp2/yesildau/m1_eval_v2_matched_three_model_v3/results/qwen/epoch-008/exact_prefix/raw/20260824T022341Z_c4063e4c/summary_metrics.json,dc5de9d3f1d838f842b3299074344ee43267c77cf8f9374b7d225a48c6ff666f,1729,,,,,no_m0_reference
qwen,qwen/epoch-008,epoch-008,8,56,False,exact_prefix_mean_score_margin,exact_prefix,4.667498587645822,logprob,higher,500,measured,/vol/tmp2/yesildau/m1_eval_v2_matched_three_model_v3/results/qwen/epoch-008/exact_prefix/raw/20260824T022341Z_c4063e4c/summary_metrics.json,dc5de9d3f1d838f842b3299074344ee43267c77cf8f9374b7d225a48c6ff666f,1729,,,,,no_m0_reference
qwen,qwen/epoch-008,epoch-008,8,56,False,factual_cheap_top1_count,factual_cheap,1034,count,higher,1500,completed,/vol/tmp2/yesildau/m1_eval_v2_matched_three_model_v3/results/qwen/epoch-008/factual_cheap/raw/summary.json,06fd1d49f9f440dc2d0cefd86aa14506678fa88ab751acf83685e0782e31cfbd,324,,,,,no_m0_reference
qwen,qwen/epoch-008,epoch-008,8,56,False,turkish_bpb,turkish_cross_domain,1.4759003907952668,bits/byte,lower,9114536,measured,/vol/tmp2/yesildau/m1_eval_v2_matched_three_model_v3/results/qwen/epoch-008/turkish_perplexity/raw/trwiki_cross_domain/summary.json,02b8cf6f480b968aaade5d7b68948ba1c6b0088b3a9733d9d40578a41b25a2b9,936,1.2466700436547986,9114536,0.2292303471404682,18.38741119249528,direct_same_metric_and_denominator
qwen,qwen/epoch-008,epoch-008,8,56,False,turkish_ppl,turkish_cross_domain,19.13482752251445,PPL,lower,9114536,measured,/vol/tmp2/yesildau/m1_eval_v2_matched_three_model_v3/results/qwen/epoch-008/turkish_perplexity/raw/trwiki_cross_domain/summary.json,02b8cf6f480b968aaade5d7b68948ba1c6b0088b3a9733d9d40578a41b25a2b9,936,12.09865824277937,9114536,7.036169279735079,58.15660826632865,direct_same_metric_and_denominator
qwen,qwen/epoch-008,epoch-008,8,56,False,turkish_byte_ppl,turkish_cross_domain,2.7815718863872196,PPL,lower,9114536,measured,/vol/tmp2/yesildau/m1_eval_v2_matched_three_model_v3/results/qwen/epoch-008/turkish_perplexity/raw/trwiki_cross_domain/summary.json,02b8cf6f480b968aaade5d7b68948ba1c6b0088b3a9733d9d40578a41b25a2b9,936,2.3729308242478306,9114536,0.408641062139389,17.220942893222336,direct_same_metric_and_denominator
qwen,qwen/epoch-008,epoch-008,8,56,False,generation_top1_accuracy,generation,0.9666666666666667,fraction,higher,30,measured,/vol/tmp2/yesildau/m1_eval_v2_matched_three_model_v3/results/qwen/epoch-008/generation_integrity/raw/20260824T022506Z_m1_qwen_epoch-008_generation/summary_metrics.json,2d2d6c1f45bd749c83fe4e35957d612db38847364281c21a5eb0961926f0b48c,1111,0.9,30,0.06666666666666665,7.407407407407406,direct_same_metric_and_denominator
qwen,qwen/epoch-008,epoch-008,8,56,False,generation_empty_or_near_empty,generation,0,count,lower,30,measured,/vol/tmp2/yesildau/m1_eval_v2_matched_three_model_v3/results/qwen/epoch-008/generation_integrity/raw/20260824T022506Z_m1_qwen_epoch-008_generation/summary_metrics.json,2d2d6c1f45bd749c83fe4e35957d612db38847364281c21a5eb0961926f0b48c,1111,0,30,0,,direct_same_metric_and_denominator
qwen,qwen/epoch-008,epoch-008,8,56,False,generation_distinct_2,generation,0.514331801096507,fraction,higher,30,measured,/vol/tmp2/yesildau/m1_eval_v2_matched_three_model_v3/results/qwen/epoch-008/generation_integrity/raw/20260824T022506Z_m1_qwen_epoch-008_generation/summary_metrics.json,2d2d6c1f45bd749c83fe4e35957d612db38847364281c21a5eb0961926f0b48c,1111,0.8040854707710682,30,-0.2897536696745612,-36.03518285148286,direct_same_metric_and_denominator
qwen,qwen/epoch-008,epoch-008,8,56,False,generation_repeated_3gram,generation,0.5521534126847221,fraction,lower,30,measured,/vol/tmp2/yesildau/m1_eval_v2_matched_three_model_v3/results/qwen/epoch-008/generation_integrity/raw/20260824T022506Z_m1_qwen_epoch-008_generation/summary_metrics.json,2d2d6c1f45bd749c83fe4e35957d612db38847364281c21a5eb0961926f0b48c,1111,0.20856557935534573,30,0.34358783332937637,164.73851264977193,direct_same_metric_and_denominator
qwen,qwen/epoch-008,epoch-008,8,56,False,generation_repeated_4gram,generation,0.521439518132141,fraction,lower,30,measured,/vol/tmp2/yesildau/m1_eval_v2_matched_three_model_v3/results/qwen/epoch-008/generation_integrity/raw/20260824T022506Z_m1_qwen_epoch-008_generation/summary_metrics.json,2d2d6c1f45bd749c83fe4e35957d612db38847364281c21a5eb0961926f0b48c,1111,,,,,no_m0_reference
qwen,qwen/epoch-008,epoch-008,8,56,False,generation_ppl,generation,22.116635442008572,PPL,lower,301239,measured,/vol/tmp2/yesildau/m1_eval_v2_matched_three_model_v3/results/qwen/epoch-008/generation_integrity/raw/20260824T022506Z_m1_qwen_epoch-008_generation/summary_metrics.json,2d2d6c1f45bd749c83fe4e35957d612db38847364281c21a5eb0961926f0b48c,1111,14.69939791395479,301239,7.417237528053782,50.4594648806144,direct_same_metric_and_denominator
qwen,qwen/epoch-009,epoch-009,9,63,False,wikitext_bpb,wikitext,0.7366427862928079,bits/byte,lower,62,measured,/vol/tmp2/yesildau/m1_eval_v2_matched_three_model_v3/results/qwen/epoch-009/harness/raw/__vol__tmp2__yesildau__m1_matched_three_model_retry_v1__training__qwen__20260822T155241Z_m1_matched_epoch_dense_qwen_seed42_7c56e187__epoch_snapshots__epoch-009/results_2026-08-24T04-34-18.544094.json,206f1ab5a97555730b1c7ec17fb1513b5149c792e232d29e2a460ee29c222ae3,12374,0.6725931618582224,62,0.0640496244345855,9.522788524586085,direct_same_metric_and_denominator
qwen,qwen/epoch-009,epoch-009,9,63,False,wikitext_word_ppl,wikitext,15.339302080807123,PPL,lower,62,measured,/vol/tmp2/yesildau/m1_eval_v2_matched_three_model_v3/results/qwen/epoch-009/harness/raw/__vol__tmp2__yesildau__m1_matched_three_model_retry_v1__training__qwen__20260822T155241Z_m1_matched_epoch_dense_qwen_seed42_7c56e187__epoch_snapshots__epoch-009/results_2026-08-24T04-34-18.544094.json,206f1ab5a97555730b1c7ec17fb1513b5149c792e232d29e2a460ee29c222ae3,12374,12.097681956432362,62,3.2416201243747604,26.795382256277488,direct_same_metric_and_denominator
qwen,qwen/epoch-009,epoch-009,9,63,False,wikitext_byte_ppl,wikitext,1.6662937861060152,PPL,lower,62,measured,/vol/tmp2/yesildau/m1_eval_v2_matched_three_model_v3/results/qwen/epoch-009/harness/raw/__vol__tmp2__yesildau__m1_matched_three_model_retry_v1__training__qwen__20260822T155241Z_m1_matched_epoch_dense_qwen_seed42_7c56e187__epoch_snapshots__epoch-009/results_2026-08-24T04-34-18.544094.json,206f1ab5a97555730b1c7ec17fb1513b5149c792e232d29e2a460ee29c222ae3,12374,1.5939354019689935,62,0.07235838413702167,4.539605811354534,direct_same_metric_and_denominator
qwen,qwen/epoch-009,epoch-009,9,63,False,exact_prefix_top1_accuracy,exact_prefix,1.0,fraction,higher,500,measured,/vol/tmp2/yesildau/m1_eval_v2_matched_three_model_v3/results/qwen/epoch-009/exact_prefix/raw/20260824T030719Z_f05649fe/summary_metrics.json,524d8c0c04b4dc8b17f2f08d07bdb9561b90e13ef4bd1e6ec452401e2d2fc3c3,1709,0.03,500,0.97,3233.3333333333335,direct_same_metric_and_denominator
qwen,qwen/epoch-009,epoch-009,9,63,False,exact_prefix_top5_accuracy,exact_prefix,1.0,fraction,higher,500,measured,/vol/tmp2/yesildau/m1_eval_v2_matched_three_model_v3/results/qwen/epoch-009/exact_prefix/raw/20260824T030719Z_f05649fe/summary_metrics.json,524d8c0c04b4dc8b17f2f08d07bdb9561b90e13ef4bd1e6ec452401e2d2fc3c3,1709,,,,,no_m0_reference
qwen,qwen/epoch-009,epoch-009,9,63,False,exact_prefix_mrr,exact_prefix,1.0,fraction,higher,500,measured,/vol/tmp2/yesildau/m1_eval_v2_matched_three_model_v3/results/qwen/epoch-009/exact_prefix/raw/20260824T030719Z_f05649fe/summary_metrics.json,524d8c0c04b4dc8b17f2f08d07bdb9561b90e13ef4bd1e6ec452401e2d2fc3c3,1709,,,,,no_m0_reference
qwen,qwen/epoch-009,epoch-009,9,63,False,exact_prefix_mean_rank,exact_prefix,1,rank,lower,500,measured,/vol/tmp2/yesildau/m1_eval_v2_matched_three_model_v3/results/qwen/epoch-009/exact_prefix/raw/20260824T030719Z_f05649fe/summary_metrics.json,524d8c0c04b4dc8b17f2f08d07bdb9561b90e13ef4bd1e6ec452401e2d2fc3c3,1709,,,,,no_m0_reference
qwen,qwen/epoch-009,epoch-009,9,63,False,exact_prefix_mean_score_margin,exact_prefix,4.783420349039507,logprob,higher,500,measured,/vol/tmp2/yesildau/m1_eval_v2_matched_three_model_v3/results/qwen/epoch-009/exact_prefix/raw/20260824T030719Z_f05649fe/summary_metrics.json,524d8c0c04b4dc8b17f2f08d07bdb9561b90e13ef4bd1e6ec452401e2d2fc3c3,1709,,,,,no_m0_reference
qwen,qwen/epoch-009,epoch-009,9,63,False,factual_cheap_top1_count,factual_cheap,1030,count,higher,1500,completed,/vol/tmp2/yesildau/m1_eval_v2_matched_three_model_v3/results/qwen/epoch-009/factual_cheap/raw/summary.json,b2fa6c5affe86d87c8d3dea8a333edbc384df3eee7035b84f826227d9abcf13f,324,,,,,no_m0_reference
qwen,qwen/epoch-009,epoch-009,9,63,False,turkish_bpb,turkish_cross_domain,1.476247339236393,bits/byte,lower,9114536,measured,/vol/tmp2/yesildau/m1_eval_v2_matched_three_model_v3/results/qwen/epoch-009/turkish_perplexity/raw/trwiki_cross_domain/summary.json,12bd9e2f1fca47f0a404e01af64e7ffbbbb2f29720a7b7d7a509ad976a194ba7,935,1.2466700436547986,9114536,0.22957729558159445,18.41524120596934,direct_same_metric_and_denominator
qwen,qwen/epoch-009,epoch-009,9,63,False,turkish_ppl,turkish_cross_domain,19.14810841897267,PPL,lower,9114536,measured,/vol/tmp2/yesildau/m1_eval_v2_matched_three_model_v3/results/qwen/epoch-009/turkish_perplexity/raw/trwiki_cross_domain/summary.json,12bd9e2f1fca47f0a404e01af64e7ffbbbb2f29720a7b7d7a509ad976a194ba7,935,12.09865824277937,9114536,7.049450176193298,58.26637991366107,direct_same_metric_and_denominator
qwen,qwen/epoch-009,epoch-009,9,63,False,turkish_byte_ppl,turkish_cross_domain,2.7822408968529975,PPL,lower,9114536,measured,/vol/tmp2/yesildau/m1_eval_v2_matched_three_model_v3/results/qwen/epoch-009/turkish_perplexity/raw/trwiki_cross_domain/summary.json,12bd9e2f1fca47f0a404e01af64e7ffbbbb2f29720a7b7d7a509ad976a194ba7,935,2.3729308242478306,9114536,0.40931007260516683,17.249136317950168,direct_same_metric_and_denominator
qwen,qwen/epoch-009,epoch-009,9,63,False,generation_top1_accuracy,generation,0.9666666666666667,fraction,higher,30,measured,/vol/tmp2/yesildau/m1_eval_v2_matched_three_model_v3/results/qwen/epoch-009/generation_integrity/raw/20260824T030845Z_m1_qwen_epoch-009_generation/summary_metrics.json,f9a3d7048a5e37439f7363d329ce18dd1eddfeef108e86193014daecc2f5bd8e,1113,0.9,30,0.06666666666666665,7.407407407407406,direct_same_metric_and_denominator
qwen,qwen/epoch-009,epoch-009,9,63,False,generation_empty_or_near_empty,generation,0,count,lower,30,measured,/vol/tmp2/yesildau/m1_eval_v2_matched_three_model_v3/results/qwen/epoch-009/generation_integrity/raw/20260824T030845Z_m1_qwen_epoch-009_generation/summary_metrics.json,f9a3d7048a5e37439f7363d329ce18dd1eddfeef108e86193014daecc2f5bd8e,1113,0,30,0,,direct_same_metric_and_denominator
qwen,qwen/epoch-009,epoch-009,9,63,False,generation_distinct_2,generation,0.5121899614546673,fraction,higher,30,measured,/vol/tmp2/yesildau/m1_eval_v2_matched_three_model_v3/results/qwen/epoch-009/generation_integrity/raw/20260824T030845Z_m1_qwen_epoch-009_generation/summary_metrics.json,f9a3d7048a5e37439f7363d329ce18dd1eddfeef108e86193014daecc2f5bd8e,1113,0.8040854707710682,30,-0.29189550931640085,-36.301552499946446,direct_same_metric_and_denominator
qwen,qwen/epoch-009,epoch-009,9,63,False,generation_repeated_3gram,generation,0.5427520364939721,fraction,lower,30,measured,/vol/tmp2/yesildau/m1_eval_v2_matched_three_model_v3/results/qwen/epoch-009/generation_integrity/raw/20260824T030845Z_m1_qwen_epoch-009_generation/summary_metrics.json,f9a3d7048a5e37439f7363d329ce18dd1eddfeef108e86193014daecc2f5bd8e,1113,0.20856557935534573,30,0.3341864571386264,160.23087710424778,direct_same_metric_and_denominator
qwen,qwen/epoch-009,epoch-009,9,63,False,generation_repeated_4gram,generation,0.5068242764622545,fraction,lower,30,measured,/vol/tmp2/yesildau/m1_eval_v2_matched_three_model_v3/results/qwen/epoch-009/generation_integrity/raw/20260824T030845Z_m1_qwen_epoch-009_generation/summary_metrics.json,f9a3d7048a5e37439f7363d329ce18dd1eddfeef108e86193014daecc2f5bd8e,1113,,,,,no_m0_reference
qwen,qwen/epoch-009,epoch-009,9,63,False,generation_ppl,generation,22.105255775122977,PPL,lower,301239,measured,/vol/tmp2/yesildau/m1_eval_v2_matched_three_model_v3/results/qwen/epoch-009/generation_integrity/raw/20260824T030845Z_m1_qwen_epoch-009_generation/summary_metrics.json,f9a3d7048a5e37439f7363d329ce18dd1eddfeef108e86193014daecc2f5bd8e,1113,14.69939791395479,301239,7.405857861168187,50.382049009895006,direct_same_metric_and_denominator
qwen,qwen/epoch-010,epoch-010,10,70,False,wikitext_bpb,wikitext,0.7366204280617769,bits/byte,lower,62,measured,/vol/tmp2/yesildau/m1_eval_v2_matched_three_model_v3/results/qwen/epoch-010/harness/raw/__vol__tmp2__yesildau__m1_matched_three_model_retry_v1__training__qwen__20260822T155241Z_m1_matched_epoch_dense_qwen_seed42_7c56e187__epoch_snapshots__epoch-010/results_2026-08-24T05-17-45.662671.json,155bb1060ad9b24adb80a48778c7889c0dd24bf0a18baddb802298a6bcbf7a46,12374,0.6725931618582224,62,0.06402726620355448,9.519464341067884,direct_same_metric_and_denominator
qwen,qwen/epoch-010,epoch-010,10,70,False,wikitext_word_ppl,wikitext,15.33803092937892,PPL,lower,62,measured,/vol/tmp2/yesildau/m1_eval_v2_matched_three_model_v3/results/qwen/epoch-010/harness/raw/__vol__tmp2__yesildau__m1_matched_three_model_retry_v1__training__qwen__20260822T155241Z_m1_matched_epoch_dense_qwen_seed42_7c56e187__epoch_snapshots__epoch-010/results_2026-08-24T05-17-45.662671.json,155bb1060ad9b24adb80a48778c7889c0dd24bf0a18baddb802298a6bcbf7a46,12374,12.097681956432362,62,3.240348972946558,26.78487485963092,direct_same_metric_and_denominator
qwen,qwen/epoch-010,epoch-010,10,70,False,wikitext_byte_ppl,wikitext,1.6662679628435118,PPL,lower,62,measured,/vol/tmp2/yesildau/m1_eval_v2_matched_three_model_v3/results/qwen/epoch-010/harness/raw/__vol__tmp2__yesildau__m1_matched_three_model_retry_v1__training__qwen__20260822T155241Z_m1_matched_epoch_dense_qwen_seed42_7c56e187__epoch_snapshots__epoch-010/results_2026-08-24T05-17-45.662671.json,155bb1060ad9b24adb80a48778c7889c0dd24bf0a18baddb802298a6bcbf7a46,12374,1.5939354019689935,62,0.07233256087451823,4.537985716683724,direct_same_metric_and_denominator
qwen,qwen/epoch-010,epoch-010,10,70,False,exact_prefix_top1_accuracy,exact_prefix,1.0,fraction,higher,500,measured,/vol/tmp2/yesildau/m1_eval_v2_matched_three_model_v3/results/qwen/epoch-010/exact_prefix/raw/20260824T035057Z_152517ed/summary_metrics.json,9b2cb3c23ffc8b67edf7c319fc2371809f7350d7b29031f29d88573a34d44070,1707,0.03,500,0.97,3233.3333333333335,direct_same_metric_and_denominator
qwen,qwen/epoch-010,epoch-010,10,70,False,exact_prefix_top5_accuracy,exact_prefix,1.0,fraction,higher,500,measured,/vol/tmp2/yesildau/m1_eval_v2_matched_three_model_v3/results/qwen/epoch-010/exact_prefix/raw/20260824T035057Z_152517ed/summary_metrics.json,9b2cb3c23ffc8b67edf7c319fc2371809f7350d7b29031f29d88573a34d44070,1707,,,,,no_m0_reference
qwen,qwen/epoch-010,epoch-010,10,70,False,exact_prefix_mrr,exact_prefix,1.0,fraction,higher,500,measured,/vol/tmp2/yesildau/m1_eval_v2_matched_three_model_v3/results/qwen/epoch-010/exact_prefix/raw/20260824T035057Z_152517ed/summary_metrics.json,9b2cb3c23ffc8b67edf7c319fc2371809f7350d7b29031f29d88573a34d44070,1707,,,,,no_m0_reference
qwen,qwen/epoch-010,epoch-010,10,70,False,exact_prefix_mean_rank,exact_prefix,1,rank,lower,500,measured,/vol/tmp2/yesildau/m1_eval_v2_matched_three_model_v3/results/qwen/epoch-010/exact_prefix/raw/20260824T035057Z_152517ed/summary_metrics.json,9b2cb3c23ffc8b67edf7c319fc2371809f7350d7b29031f29d88573a34d44070,1707,,,,,no_m0_reference
qwen,qwen/epoch-010,epoch-010,10,70,False,exact_prefix_mean_score_margin,exact_prefix,4.856302476312681,logprob,higher,500,measured,/vol/tmp2/yesildau/m1_eval_v2_matched_three_model_v3/results/qwen/epoch-010/exact_prefix/raw/20260824T035057Z_152517ed/summary_metrics.json,9b2cb3c23ffc8b67edf7c319fc2371809f7350d7b29031f29d88573a34d44070,1707,,,,,no_m0_reference
qwen,qwen/epoch-010,epoch-010,10,70,False,factual_cheap_top1_count,factual_cheap,1028,count,higher,1500,completed,/vol/tmp2/yesildau/m1_eval_v2_matched_three_model_v3/results/qwen/epoch-010/factual_cheap/raw/summary.json,4e90d031789898365bb437c7e969ab60b8b9821b7a0668d9eb1174d88f9df03d,324,,,,,no_m0_reference
qwen,qwen/epoch-010,epoch-010,10,70,False,turkish_bpb,turkish_cross_domain,1.4766841247798568,bits/byte,lower,9114536,measured,/vol/tmp2/yesildau/m1_eval_v2_matched_three_model_v3/results/qwen/epoch-010/turkish_perplexity/raw/trwiki_cross_domain/summary.json,d864ebb5c1f845aa834cfb169fd9208a15cc776de847c01cd9e26fce7f3c9890,939,1.2466700436547986,9114536,0.23001408112505817,18.45027738460272,direct_same_metric_and_denominator
qwen,qwen/epoch-010,epoch-010,10,70,False,turkish_ppl,turkish_cross_domain,19.16484131255684,PPL,lower,9114536,measured,/vol/tmp2/yesildau/m1_eval_v2_matched_three_model_v3/results/qwen/epoch-010/turkish_perplexity/raw/trwiki_cross_domain/summary.json,d864ebb5c1f845aa834cfb169fd9208a15cc776de847c01cd9e26fce7f3c9890,939,12.09865824277937,9114536,7.0661830697774715,58.40468362675388,direct_same_metric_and_denominator
qwen,qwen/epoch-010,epoch-010,10,70,False,turkish_byte_ppl,turkish_cross_domain,2.7830833663615895,PPL,lower,9114536,measured,/vol/tmp2/yesildau/m1_eval_v2_matched_three_model_v3/results/qwen/epoch-010/turkish_perplexity/raw/trwiki_cross_domain/summary.json,d864ebb5c1f845aa834cfb169fd9208a15cc776de847c01cd9e26fce7f3c9890,939,2.3729308242478306,9114536,0.41015254211375884,17.284639649947174,direct_same_metric_and_denominator
qwen,qwen/epoch-010,epoch-010,10,70,False,generation_top1_accuracy,generation,0.9666666666666667,fraction,higher,30,measured,/vol/tmp2/yesildau/m1_eval_v2_matched_three_model_v3/results/qwen/epoch-010/generation_integrity/raw/20260824T035221Z_m1_qwen_epoch-010_generation/summary_metrics.json,57ff5bba5a1f84446c2e09fb2820eafb6bd3376a37b322acd900a733b8e11808,1112,0.9,30,0.06666666666666665,7.407407407407406,direct_same_metric_and_denominator
qwen,qwen/epoch-010,epoch-010,10,70,False,generation_empty_or_near_empty,generation,0,count,lower,30,measured,/vol/tmp2/yesildau/m1_eval_v2_matched_three_model_v3/results/qwen/epoch-010/generation_integrity/raw/20260824T035221Z_m1_qwen_epoch-010_generation/summary_metrics.json,57ff5bba5a1f84446c2e09fb2820eafb6bd3376a37b322acd900a733b8e11808,1112,0,30,0,,direct_same_metric_and_denominator
qwen,qwen/epoch-010,epoch-010,10,70,False,generation_distinct_2,generation,0.48311014233947086,fraction,higher,30,measured,/vol/tmp2/yesildau/m1_eval_v2_matched_three_model_v3/results/qwen/epoch-010/generation_integrity/raw/20260824T035221Z_m1_qwen_epoch-010_generation/summary_metrics.json,57ff5bba5a1f84446c2e09fb2820eafb6bd3376a37b322acd900a733b8e11808,1112,0.8040854707710682,30,-0.3209753284315973,-39.91806096481284,direct_same_metric_and_denominator
qwen,qwen/epoch-010,epoch-010,10,70,False,generation_repeated_3gram,generation,0.5731057472992958,fraction,lower,30,measured,/vol/tmp2/yesildau/m1_eval_v2_matched_three_model_v3/results/qwen/epoch-010/generation_integrity/raw/20260824T035221Z_m1_qwen_epoch-010_generation/summary_metrics.json,57ff5bba5a1f84446c2e09fb2820eafb6bd3376a37b322acd900a733b8e11808,1112,0.20856557935534573,30,0.36454016794395006,174.78443426317293,direct_same_metric_and_denominator
qwen,qwen/epoch-010,epoch-010,10,70,False,generation_repeated_4gram,generation,0.5482129028958825,fraction,lower,30,measured,/vol/tmp2/yesildau/m1_eval_v2_matched_three_model_v3/results/qwen/epoch-010/generation_integrity/raw/20260824T035221Z_m1_qwen_epoch-010_generation/summary_metrics.json,57ff5bba5a1f84446c2e09fb2820eafb6bd3376a37b322acd900a733b8e11808,1112,,,,,no_m0_reference
qwen,qwen/epoch-010,epoch-010,10,70,False,generation_ppl,generation,22.111079126236376,PPL,lower,301239,measured,/vol/tmp2/yesildau/m1_eval_v2_matched_three_model_v3/results/qwen/epoch-010/generation_integrity/raw/20260824T035221Z_m1_qwen_epoch-010_generation/summary_metrics.json,57ff5bba5a1f84446c2e09fb2820eafb6bd3376a37b322acd900a733b8e11808,1112,14.69939791395479,301239,7.411681212281586,50.421665265931395,direct_same_metric_and_denominator
qwen,qwen/epoch-011,epoch-011,11,77,False,wikitext_bpb,wikitext,0.7365892662772774,bits/byte,lower,62,measured,/vol/tmp2/yesildau/m1_eval_v2_matched_three_model_v3/results/qwen/epoch-011/harness/raw/__vol__tmp2__yesildau__m1_matched_three_model_retry_v1__training__qwen__20260822T155241Z_m1_matched_epoch_dense_qwen_seed42_7c56e187__epoch_snapshots__epoch-011/results_2026-08-24T06-01-16.375804.json,4695a33c8ab8993c83260ee31007a1e8d6ed0c66ba376ff744d2f806094682bb,12375,0.6725931618582224,62,0.06399610441905501,9.514831260289398,direct_same_metric_and_denominator
qwen,qwen/epoch-011,epoch-011,11,77,False,wikitext_word_ppl,wikitext,15.336259437794531,PPL,lower,62,measured,/vol/tmp2/yesildau/m1_eval_v2_matched_three_model_v3/results/qwen/epoch-011/harness/raw/__vol__tmp2__yesildau__m1_matched_three_model_retry_v1__training__qwen__20260822T155241Z_m1_matched_epoch_dense_qwen_seed42_7c56e187__epoch_snapshots__epoch-011/results_2026-08-24T06-01-16.375804.json,4695a33c8ab8993c83260ee31007a1e8d6ed0c66ba376ff744d2f806094682bb,12375,12.097681956432362,62,3.238577481362169,26.77023162805343,direct_same_metric_and_denominator
qwen,qwen/epoch-011,epoch-011,11,77,False,wikitext_byte_ppl,wikitext,1.6662319723389778,PPL,lower,62,measured,/vol/tmp2/yesildau/m1_eval_v2_matched_three_model_v3/results/qwen/epoch-011/harness/raw/__vol__tmp2__yesildau__m1_matched_three_model_retry_v1__training__qwen__20260822T155241Z_m1_matched_epoch_dense_qwen_seed42_7c56e187__epoch_snapshots__epoch-011/results_2026-08-24T06-01-16.375804.json,4695a33c8ab8993c83260ee31007a1e8d6ed0c66ba376ff744d2f806094682bb,12375,1.5939354019689935,62,0.07229657036998427,4.535727751618797,direct_same_metric_and_denominator
qwen,qwen/epoch-011,epoch-011,11,77,False,exact_prefix_top1_accuracy,exact_prefix,1.0,fraction,higher,500,measured,/vol/tmp2/yesildau/m1_eval_v2_matched_three_model_v3/results/qwen/epoch-011/exact_prefix/raw/20260824T043416Z_00f74e17/summary_metrics.json,7570c3a09ddf5703949a0c6313857034f7604da40d8a7b9db2fd81ee90f8b16e,1707,0.03,500,0.97,3233.3333333333335,direct_same_metric_and_denominator
qwen,qwen/epoch-011,epoch-011,11,77,False,exact_prefix_top5_accuracy,exact_prefix,1.0,fraction,higher,500,measured,/vol/tmp2/yesildau/m1_eval_v2_matched_three_model_v3/results/qwen/epoch-011/exact_prefix/raw/20260824T043416Z_00f74e17/summary_metrics.json,7570c3a09ddf5703949a0c6313857034f7604da40d8a7b9db2fd81ee90f8b16e,1707,,,,,no_m0_reference
qwen,qwen/epoch-011,epoch-011,11,77,False,exact_prefix_mrr,exact_prefix,1.0,fraction,higher,500,measured,/vol/tmp2/yesildau/m1_eval_v2_matched_three_model_v3/results/qwen/epoch-011/exact_prefix/raw/20260824T043416Z_00f74e17/summary_metrics.json,7570c3a09ddf5703949a0c6313857034f7604da40d8a7b9db2fd81ee90f8b16e,1707,,,,,no_m0_reference
qwen,qwen/epoch-011,epoch-011,11,77,False,exact_prefix_mean_rank,exact_prefix,1,rank,lower,500,measured,/vol/tmp2/yesildau/m1_eval_v2_matched_three_model_v3/results/qwen/epoch-011/exact_prefix/raw/20260824T043416Z_00f74e17/summary_metrics.json,7570c3a09ddf5703949a0c6313857034f7604da40d8a7b9db2fd81ee90f8b16e,1707,,,,,no_m0_reference
qwen,qwen/epoch-011,epoch-011,11,77,False,exact_prefix_mean_score_margin,exact_prefix,4.904262853289,logprob,higher,500,measured,/vol/tmp2/yesildau/m1_eval_v2_matched_three_model_v3/results/qwen/epoch-011/exact_prefix/raw/20260824T043416Z_00f74e17/summary_metrics.json,7570c3a09ddf5703949a0c6313857034f7604da40d8a7b9db2fd81ee90f8b16e,1707,,,,,no_m0_reference
qwen,qwen/epoch-011,epoch-011,11,77,False,factual_cheap_top1_count,factual_cheap,1031,count,higher,1500,completed,/vol/tmp2/yesildau/m1_eval_v2_matched_three_model_v3/results/qwen/epoch-011/factual_cheap/raw/summary.json,7b6b89b7a529b81e05197c20ce70677be57c17fb42c07e2bc42fd8bbe698e57e,324,,,,,no_m0_reference
qwen,qwen/epoch-011,epoch-011,11,77,False,turkish_bpb,turkish_cross_domain,1.4769648909755873,bits/byte,lower,9114536,measured,/vol/tmp2/yesildau/m1_eval_v2_matched_three_model_v3/results/qwen/epoch-011/turkish_perplexity/raw/trwiki_cross_domain/summary.json,697e09c0bac7a38babac2616a50f0c1a14249c32bf6348644eb200b1870a739d,937,1.2466700436547986,9114536,0.23029484732078864,18.47279867619543,direct_same_metric_and_denominator
qwen,qwen/epoch-011,epoch-011,11,77,False,turkish_ppl,turkish_cross_domain,19.17560495346853,PPL,lower,9114536,measured,/vol/tmp2/yesildau/m1_eval_v2_matched_three_model_v3/results/qwen/epoch-011/turkish_perplexity/raw/trwiki_cross_domain/summary.json,697e09c0bac7a38babac2616a50f0c1a14249c32bf6348644eb200b1870a739d,937,12.09865824277937,9114536,7.076946710689159,58.49364920207387,direct_same_metric_and_denominator
qwen,qwen/epoch-011,epoch-011,11,77,False,turkish_byte_ppl,turkish_cross_domain,2.783625041314762,PPL,lower,9114536,measured,/vol/tmp2/yesildau/m1_eval_v2_matched_three_model_v3/results/qwen/epoch-011/turkish_perplexity/raw/trwiki_cross_domain/summary.json,697e09c0bac7a38babac2616a50f0c1a14249c32bf6348644eb200b1870a739d,937,2.3729308242478306,9114536,0.41069421706693143,17.307466904228566,direct_same_metric_and_denominator
qwen,qwen/epoch-011,epoch-011,11,77,False,generation_top1_accuracy,generation,0.9666666666666667,fraction,higher,30,measured,/vol/tmp2/yesildau/m1_eval_v2_matched_three_model_v3/results/qwen/epoch-011/generation_integrity/raw/20260824T043540Z_m1_qwen_epoch-011_generation/summary_metrics.json,4a50b932488044067db9d0a0c43836a6da79b928595061b9f064655633b86e4f,1114,0.9,30,0.06666666666666665,7.407407407407406,direct_same_metric_and_denominator
qwen,qwen/epoch-011,epoch-011,11,77,False,generation_empty_or_near_empty,generation,0,count,lower,30,measured,/vol/tmp2/yesildau/m1_eval_v2_matched_three_model_v3/results/qwen/epoch-011/generation_integrity/raw/20260824T043540Z_m1_qwen_epoch-011_generation/summary_metrics.json,4a50b932488044067db9d0a0c43836a6da79b928595061b9f064655633b86e4f,1114,0,30,0,,direct_same_metric_and_denominator
qwen,qwen/epoch-011,epoch-011,11,77,False,generation_distinct_2,generation,0.5234597580537321,fraction,higher,30,measured,/vol/tmp2/yesildau/m1_eval_v2_matched_three_model_v3/results/qwen/epoch-011/generation_integrity/raw/20260824T043540Z_m1_qwen_epoch-011_generation/summary_metrics.json,4a50b932488044067db9d0a0c43836a6da79b928595061b9f064655633b86e4f,1114,0.8040854707710682,30,-0.28062571271733605,-34.89998550132157,direct_same_metric_and_denominator
qwen,qwen/epoch-011,epoch-011,11,77,False,generation_repeated_3gram,generation,0.5276458462172748,fraction,lower,30,measured,/vol/tmp2/yesildau/m1_eval_v2_matched_three_model_v3/results/qwen/epoch-011/generation_integrity/raw/20260824T043540Z_m1_qwen_epoch-011_generation/summary_metrics.json,4a50b932488044067db9d0a0c43836a6da79b928595061b9f064655633b86e4f,1114,0.20856557935534573,30,0.31908026686192914,152.98798001481006,direct_same_metric_and_denominator
qwen,qwen/epoch-011,epoch-011,11,77,False,generation_repeated_4gram,generation,0.48809588635408296,fraction,lower,30,measured,/vol/tmp2/yesildau/m1_eval_v2_matched_three_model_v3/results/qwen/epoch-011/generation_integrity/raw/20260824T043540Z_m1_qwen_epoch-011_generation/summary_metrics.json,4a50b932488044067db9d0a0c43836a6da79b928595061b9f064655633b86e4f,1114,,,,,no_m0_reference
qwen,qwen/epoch-011,epoch-011,11,77,False,generation_ppl,generation,22.118902415955038,PPL,lower,301239,measured,/vol/tmp2/yesildau/m1_eval_v2_matched_three_model_v3/results/qwen/epoch-011/generation_integrity/raw/20260824T043540Z_m1_qwen_epoch-011_generation/summary_metrics.json,4a50b932488044067db9d0a0c43836a6da79b928595061b9f064655633b86e4f,1114,14.69939791395479,301239,7.4195045020002475,50.47488710375398,direct_same_metric_and_denominator
qwen,qwen/epoch-012,epoch-012,12,84,False,wikitext_bpb,wikitext,0.7365913623614365,bits/byte,lower,62,measured,/vol/tmp2/yesildau/m1_eval_v2_matched_three_model_v3/results/qwen/epoch-012/harness/raw/__vol__tmp2__yesildau__m1_matched_three_model_retry_v1__training__qwen__20260822T155241Z_m1_matched_epoch_dense_qwen_seed42_7c56e187__epoch_snapshots__epoch-012/results_2026-08-24T06-44-41.891242.json,72148f00013a75dfd9921e178f72e15e148337cde704041183178513f37233fb,12375,0.6725931618582224,62,0.06399820050321414,9.515142902494226,direct_same_metric_and_denominator
qwen,qwen/epoch-012,epoch-012,12,84,False,wikitext_word_ppl,wikitext,15.336378590002672,PPL,lower,62,measured,/vol/tmp2/yesildau/m1_eval_v2_matched_three_model_v3/results/qwen/epoch-012/harness/raw/__vol__tmp2__yesildau__m1_matched_three_model_retry_v1__training__qwen__20260822T155241Z_m1_matched_epoch_dense_qwen_seed42_7c56e187__epoch_snapshots__epoch-012/results_2026-08-24T06-44-41.891242.json,72148f00013a75dfd9921e178f72e15e148337cde704041183178513f37233fb,12375,12.097681956432362,62,3.23869663357031,26.771216545730802,direct_same_metric_and_denominator
qwen,qwen/epoch-012,epoch-012,12,84,False,wikitext_byte_ppl,wikitext,1.6662343932005466,PPL,lower,62,measured,/vol/tmp2/yesildau/m1_eval_v2_matched_three_model_v3/results/qwen/epoch-012/harness/raw/__vol__tmp2__yesildau__m1_matched_three_model_retry_v1__training__qwen__20260822T155241Z_m1_matched_epoch_dense_qwen_seed42_7c56e187__epoch_snapshots__epoch-012/results_2026-08-24T06-44-41.891242.json,72148f00013a75dfd9921e178f72e15e148337cde704041183178513f37233fb,12375,1.5939354019689935,62,0.07229899123155303,4.535879631147025,direct_same_metric_and_denominator
qwen,qwen/epoch-012,epoch-012,12,84,False,exact_prefix_top1_accuracy,exact_prefix,1.0,fraction,higher,500,measured,/vol/tmp2/yesildau/m1_eval_v2_matched_three_model_v3/results/qwen/epoch-012/exact_prefix/raw/20260824T051734Z_427035a8/summary_metrics.json,75fe6673d8ff080f44d9de7e38a2aff5b89b05853971f1adc31200bee3fd74bd,1712,0.03,500,0.97,3233.3333333333335,direct_same_metric_and_denominator
qwen,qwen/epoch-012,epoch-012,12,84,False,exact_prefix_top5_accuracy,exact_prefix,1.0,fraction,higher,500,measured,/vol/tmp2/yesildau/m1_eval_v2_matched_three_model_v3/results/qwen/epoch-012/exact_prefix/raw/20260824T051734Z_427035a8/summary_metrics.json,75fe6673d8ff080f44d9de7e38a2aff5b89b05853971f1adc31200bee3fd74bd,1712,,,,,no_m0_reference
qwen,qwen/epoch-012,epoch-012,12,84,False,exact_prefix_mrr,exact_prefix,1.0,fraction,higher,500,measured,/vol/tmp2/yesildau/m1_eval_v2_matched_three_model_v3/results/qwen/epoch-012/exact_prefix/raw/20260824T051734Z_427035a8/summary_metrics.json,75fe6673d8ff080f44d9de7e38a2aff5b89b05853971f1adc31200bee3fd74bd,1712,,,,,no_m0_reference
qwen,qwen/epoch-012,epoch-012,12,84,False,exact_prefix_mean_rank,exact_prefix,1,rank,lower,500,measured,/vol/tmp2/yesildau/m1_eval_v2_matched_three_model_v3/results/qwen/epoch-012/exact_prefix/raw/20260824T051734Z_427035a8/summary_metrics.json,75fe6673d8ff080f44d9de7e38a2aff5b89b05853971f1adc31200bee3fd74bd,1712,,,,,no_m0_reference
qwen,qwen/epoch-012,epoch-012,12,84,False,exact_prefix_mean_score_margin,exact_prefix,4.932431605260949,logprob,higher,500,measured,/vol/tmp2/yesildau/m1_eval_v2_matched_three_model_v3/results/qwen/epoch-012/exact_prefix/raw/20260824T051734Z_427035a8/summary_metrics.json,75fe6673d8ff080f44d9de7e38a2aff5b89b05853971f1adc31200bee3fd74bd,1712,,,,,no_m0_reference
qwen,qwen/epoch-012,epoch-012,12,84,False,factual_cheap_top1_count,factual_cheap,1031,count,higher,1500,completed,/vol/tmp2/yesildau/m1_eval_v2_matched_three_model_v3/results/qwen/epoch-012/factual_cheap/raw/summary.json,40633f9df04948d64262d40f94b1dde914cb07aabc0339152c3c58a2d0852e44,324,,,,,no_m0_reference
qwen,qwen/epoch-012,epoch-012,12,84,False,turkish_bpb,turkish_cross_domain,1.4772207829830333,bits/byte,lower,9114536,measured,/vol/tmp2/yesildau/m1_eval_v2_matched_three_model_v3/results/qwen/epoch-012/turkish_perplexity/raw/trwiki_cross_domain/summary.json,e42606ac17985dd2d19e04d3a1f3570a2e85b0ac9269b21195f7f6475e6bba6a,936,1.2466700436547986,9114536,0.23055073932823467,18.493324717448164,direct_same_metric_and_denominator
qwen,qwen/epoch-012,epoch-012,12,84,False,turkish_ppl,turkish_cross_domain,19.185420266354395,PPL,lower,9114536,measured,/vol/tmp2/yesildau/m1_eval_v2_matched_three_model_v3/results/qwen/epoch-012/turkish_perplexity/raw/trwiki_cross_domain/summary.json,e42606ac17985dd2d19e04d3a1f3570a2e85b0ac9269b21195f7f6475e6bba6a,936,12.09865824277937,9114536,7.086762023575025,58.5747764865124,direct_same_metric_and_denominator
qwen,qwen/epoch-012,epoch-012,12,84,False,turkish_byte_ppl,turkish_cross_domain,2.7841188189702044,PPL,lower,9114536,measured,/vol/tmp2/yesildau/m1_eval_v2_matched_three_model_v3/results/qwen/epoch-012/turkish_perplexity/raw/trwiki_cross_domain/summary.json,e42606ac17985dd2d19e04d3a1f3570a2e85b0ac9269b21195f7f6475e6bba6a,936,2.3729308242478306,9114536,0.4111879947223738,17.32827567161431,direct_same_metric_and_denominator
qwen,qwen/epoch-012,epoch-012,12,84,False,generation_top1_accuracy,generation,0.9666666666666667,fraction,higher,30,measured,/vol/tmp2/yesildau/m1_eval_v2_matched_three_model_v3/results/qwen/epoch-012/generation_integrity/raw/20260824T051900Z_m1_qwen_epoch-012_generation/summary_metrics.json,bb0921da4597c48875a8718b578a3bc1a224b26c8957526b2bb5a1cd45a2fac1,1114,0.9,30,0.06666666666666665,7.407407407407406,direct_same_metric_and_denominator
qwen,qwen/epoch-012,epoch-012,12,84,False,generation_empty_or_near_empty,generation,0,count,lower,30,measured,/vol/tmp2/yesildau/m1_eval_v2_matched_three_model_v3/results/qwen/epoch-012/generation_integrity/raw/20260824T051900Z_m1_qwen_epoch-012_generation/summary_metrics.json,bb0921da4597c48875a8718b578a3bc1a224b26c8957526b2bb5a1cd45a2fac1,1114,0,30,0,,direct_same_metric_and_denominator
qwen,qwen/epoch-012,epoch-012,12,84,False,generation_distinct_2,generation,0.512140008140008,fraction,higher,30,measured,/vol/tmp2/yesildau/m1_eval_v2_matched_three_model_v3/results/qwen/epoch-012/generation_integrity/raw/20260824T051900Z_m1_qwen_epoch-012_generation/summary_metrics.json,bb0921da4597c48875a8718b578a3bc1a224b26c8957526b2bb5a1cd45a2fac1,1114,0.8040854707710682,30,-0.29194546263106014,-36.30776493835941,direct_same_metric_and_denominator
qwen,qwen/epoch-012,epoch-012,12,84,False,generation_repeated_3gram,generation,0.5554549045424622,fraction,lower,30,measured,/vol/tmp2/yesildau/m1_eval_v2_matched_three_model_v3/results/qwen/epoch-012/generation_integrity/raw/20260824T051900Z_m1_qwen_epoch-012_generation/summary_metrics.json,bb0921da4597c48875a8718b578a3bc1a224b26c8957526b2bb5a1cd45a2fac1,1114,0.20856557935534573,30,0.34688932518711646,166.32146409743874,direct_same_metric_and_denominator
qwen,qwen/epoch-012,epoch-012,12,84,False,generation_repeated_4gram,generation,0.5147313296903461,fraction,lower,30,measured,/vol/tmp2/yesildau/m1_eval_v2_matched_three_model_v3/results/qwen/epoch-012/generation_integrity/raw/20260824T051900Z_m1_qwen_epoch-012_generation/summary_metrics.json,bb0921da4597c48875a8718b578a3bc1a224b26c8957526b2bb5a1cd45a2fac1,1114,,,,,no_m0_reference
qwen,qwen/epoch-012,epoch-012,12,84,False,generation_ppl,generation,22.12671731954527,PPL,lower,301239,measured,/vol/tmp2/yesildau/m1_eval_v2_matched_three_model_v3/results/qwen/epoch-012/generation_integrity/raw/20260824T051900Z_m1_qwen_epoch-012_generation/summary_metrics.json,bb0921da4597c48875a8718b578a3bc1a224b26c8957526b2bb5a1cd45a2fac1,1114,14.69939791395479,301239,7.427319405590481,50.52805189074715,direct_same_metric_and_denominator
qwen,qwen/epoch-013,epoch-013,13,91,False,wikitext_bpb,wikitext,0.7365915021003804,bits/byte,lower,62,measured,/vol/tmp2/yesildau/m1_eval_v2_matched_three_model_v3/results/qwen/epoch-013/harness/raw/__vol__tmp2__yesildau__m1_matched_three_model_retry_v1__training__qwen__20260822T155241Z_m1_matched_epoch_dense_qwen_seed42_7c56e187__epoch_snapshots__epoch-013/results_2026-08-24T07-28-00.277573.json,cb52a2f89ebf6b8149f115f613e1edc9a715d016105f35a785fd0410c0f1646f,12375,0.6725931618582224,62,0.063998340242158,9.515163678641201,direct_same_metric_and_denominator
qwen,qwen/epoch-013,epoch-013,13,91,False,wikitext_word_ppl,wikitext,15.336386533516132,PPL,lower,62,measured,/vol/tmp2/yesildau/m1_eval_v2_matched_three_model_v3/results/qwen/epoch-013/harness/raw/__vol__tmp2__yesildau__m1_matched_three_model_retry_v1__training__qwen__20260822T155241Z_m1_matched_epoch_dense_qwen_seed42_7c56e187__epoch_snapshots__epoch-013/results_2026-08-24T07-28-00.277573.json,cb52a2f89ebf6b8149f115f613e1edc9a715d016105f35a785fd0410c0f1646f,12375,12.097681956432362,62,3.2387045770837695,26.77128220718138,direct_same_metric_and_denominator
qwen,qwen/epoch-013,epoch-013,13,91,False,wikitext_byte_ppl,wikitext,1.6662345545914428,PPL,lower,62,measured,/vol/tmp2/yesildau/m1_eval_v2_matched_three_model_v3/results/qwen/epoch-013/harness/raw/__vol__tmp2__yesildau__m1_matched_three_model_retry_v1__training__qwen__20260822T155241Z_m1_matched_epoch_dense_qwen_seed42_7c56e187__epoch_snapshots__epoch-013/results_2026-08-24T07-28-00.277573.json,cb52a2f89ebf6b8149f115f613e1edc9a715d016105f35a785fd0410c0f1646f,12375,1.5939354019689935,62,0.07229915262244924,4.535889756456746,direct_same_metric_and_denominator
qwen,qwen/epoch-013,epoch-013,13,91,False,exact_prefix_top1_accuracy,exact_prefix,1.0,fraction,higher,500,measured,/vol/tmp2/yesildau/m1_eval_v2_matched_three_model_v3/results/qwen/epoch-013/exact_prefix/raw/20260824T060057Z_69d95515/summary_metrics.json,657abfb1543f727508ca7e1198b121eaa1f100154c1b33b01c8cb35a258b9ba9,1711,0.03,500,0.97,3233.3333333333335,direct_same_metric_and_denominator
qwen,qwen/epoch-013,epoch-013,13,91,False,exact_prefix_top5_accuracy,exact_prefix,1.0,fraction,higher,500,measured,/vol/tmp2/yesildau/m1_eval_v2_matched_three_model_v3/results/qwen/epoch-013/exact_prefix/raw/20260824T060057Z_69d95515/summary_metrics.json,657abfb1543f727508ca7e1198b121eaa1f100154c1b33b01c8cb35a258b9ba9,1711,,,,,no_m0_reference
qwen,qwen/epoch-013,epoch-013,13,91,False,exact_prefix_mrr,exact_prefix,1.0,fraction,higher,500,measured,/vol/tmp2/yesildau/m1_eval_v2_matched_three_model_v3/results/qwen/epoch-013/exact_prefix/raw/20260824T060057Z_69d95515/summary_metrics.json,657abfb1543f727508ca7e1198b121eaa1f100154c1b33b01c8cb35a258b9ba9,1711,,,,,no_m0_reference
qwen,qwen/epoch-013,epoch-013,13,91,False,exact_prefix_mean_rank,exact_prefix,1,rank,lower,500,measured,/vol/tmp2/yesildau/m1_eval_v2_matched_three_model_v3/results/qwen/epoch-013/exact_prefix/raw/20260824T060057Z_69d95515/summary_metrics.json,657abfb1543f727508ca7e1198b121eaa1f100154c1b33b01c8cb35a258b9ba9,1711,,,,,no_m0_reference
qwen,qwen/epoch-013,epoch-013,13,91,False,exact_prefix_mean_score_margin,exact_prefix,4.957536750745121,logprob,higher,500,measured,/vol/tmp2/yesildau/m1_eval_v2_matched_three_model_v3/results/qwen/epoch-013/exact_prefix/raw/20260824T060057Z_69d95515/summary_metrics.json,657abfb1543f727508ca7e1198b121eaa1f100154c1b33b01c8cb35a258b9ba9,1711,,,,,no_m0_reference
qwen,qwen/epoch-013,epoch-013,13,91,False,factual_cheap_top1_count,factual_cheap,1033,count,higher,1500,completed,/vol/tmp2/yesildau/m1_eval_v2_matched_three_model_v3/results/qwen/epoch-013/factual_cheap/raw/summary.json,7217c8c3e1ba5ffd7e729e9b24c2cbeb7180eeb1be038ce57f7d58312a9c21a9,324,,,,,no_m0_reference
qwen,qwen/epoch-013,epoch-013,13,91,False,turkish_bpb,turkish_cross_domain,1.477390262306199,bits/byte,lower,9114536,measured,/vol/tmp2/yesildau/m1_eval_v2_matched_three_model_v3/results/qwen/epoch-013/turkish_perplexity/raw/trwiki_cross_domain/summary.json,d20370a9c97d752f03c2464139a771d83b14ad1789a8754dc1affa44c9b87ee8,937,1.2466700436547986,9114536,0.23072021865140036,18.50691927873792,direct_same_metric_and_denominator
qwen,qwen/epoch-013,epoch-013,13,91,False,turkish_ppl,turkish_cross_domain,19.191923792094933,PPL,lower,9114536,measured,/vol/tmp2/yesildau/m1_eval_v2_matched_three_model_v3/results/qwen/epoch-013/turkish_perplexity/raw/trwiki_cross_domain/summary.json,d20370a9c97d752f03c2464139a771d83b14ad1789a8754dc1affa44c9b87ee8,937,12.09865824277937,9114536,7.0932655493155625,58.62853059386905,direct_same_metric_and_denominator
qwen,qwen/epoch-013,epoch-013,13,91,False,turkish_byte_ppl,turkish_cross_domain,2.784445900075967,PPL,lower,9114536,measured,/vol/tmp2/yesildau/m1_eval_v2_matched_three_model_v3/results/qwen/epoch-013/turkish_perplexity/raw/trwiki_cross_domain/summary.json,d20370a9c97d752f03c2464139a771d83b14ad1789a8754dc1affa44c9b87ee8,937,2.3729308242478306,9114536,0.4115150758281363,17.342059516571787,direct_same_metric_and_denominator
qwen,qwen/epoch-013,epoch-013,13,91,False,generation_top1_accuracy,generation,0.9666666666666667,fraction,higher,30,measured,/vol/tmp2/yesildau/m1_eval_v2_matched_three_model_v3/results/qwen/epoch-013/generation_integrity/raw/20260824T060224Z_m1_qwen_epoch-013_generation/summary_metrics.json,f885ced44bf99f56f89df2f9c282e426033793a6629dc8360eda2f68fd97bbc8,1114,0.9,30,0.06666666666666665,7.407407407407406,direct_same_metric_and_denominator
qwen,qwen/epoch-013,epoch-013,13,91,False,generation_empty_or_near_empty,generation,0,count,lower,30,measured,/vol/tmp2/yesildau/m1_eval_v2_matched_three_model_v3/results/qwen/epoch-013/generation_integrity/raw/20260824T060224Z_m1_qwen_epoch-013_generation/summary_metrics.json,f885ced44bf99f56f89df2f9c282e426033793a6629dc8360eda2f68fd97bbc8,1114,0,30,0,,direct_same_metric_and_denominator
qwen,qwen/epoch-013,epoch-013,13,91,False,generation_distinct_2,generation,0.5310493428140488,fraction,higher,30,measured,/vol/tmp2/yesildau/m1_eval_v2_matched_three_model_v3/results/qwen/epoch-013/generation_integrity/raw/20260824T060224Z_m1_qwen_epoch-013_generation/summary_metrics.json,f885ced44bf99f56f89df2f9c282e426033793a6629dc8360eda2f68fd97bbc8,1114,0.8040854707710682,30,-0.27303612795701937,-33.95610763805925,direct_same_metric_and_denominator
qwen,qwen/epoch-013,epoch-013,13,91,False,generation_repeated_3gram,generation,0.5292231997393287,fraction,lower,30,measured,/vol/tmp2/yesildau/m1_eval_v2_matched_three_model_v3/results/qwen/epoch-013/generation_integrity/raw/20260824T060224Z_m1_qwen_epoch-013_generation/summary_metrics.json,f885ced44bf99f56f89df2f9c282e426033793a6629dc8360eda2f68fd97bbc8,1114,0.20856557935534573,30,0.32065762038398304,153.7442666115387,direct_same_metric_and_denominator
qwen,qwen/epoch-013,epoch-013,13,91,False,generation_repeated_4gram,generation,0.49894125683060103,fraction,lower,30,measured,/vol/tmp2/yesildau/m1_eval_v2_matched_three_model_v3/results/qwen/epoch-013/generation_integrity/raw/20260824T060224Z_m1_qwen_epoch-013_generation/summary_metrics.json,f885ced44bf99f56f89df2f9c282e426033793a6629dc8360eda2f68fd97bbc8,1114,,,,,no_m0_reference
qwen,qwen/epoch-013,epoch-013,13,91,False,generation_ppl,generation,22.132552849173518,PPL,lower,301239,measured,/vol/tmp2/yesildau/m1_eval_v2_matched_three_model_v3/results/qwen/epoch-013/generation_integrity/raw/20260824T060224Z_m1_qwen_epoch-013_generation/summary_metrics.json,f885ced44bf99f56f89df2f9c282e426033793a6629dc8360eda2f68fd97bbc8,1114,14.69939791395479,301239,7.433154935218727,50.56775099721673,direct_same_metric_and_denominator
qwen,qwen/epoch-014,epoch-014,14,98,False,wikitext_bpb,wikitext,0.7365736155155556,bits/byte,lower,62,measured,/vol/tmp2/yesildau/m1_eval_v2_matched_three_model_v3/results/qwen/epoch-014/harness/raw/__vol__tmp2__yesildau__m1_matched_three_model_retry_v1__training__qwen__20260822T155241Z_m1_matched_epoch_dense_qwen_seed42_7c56e187__epoch_snapshots__epoch-014/results_2026-08-24T08-11-21.367105.json,da7898c2dbb99d5ed50f92250721aac1032ac661502b0f34c51fbf163882fd5b,12373,0.6725931618582224,62,0.06398045365733318,9.512504331826642,direct_same_metric_and_denominator
qwen,qwen/epoch-014,epoch-014,14,98,False,wikitext_word_ppl,wikitext,15.335369797234376,PPL,lower,62,measured,/vol/tmp2/yesildau/m1_eval_v2_matched_three_model_v3/results/qwen/epoch-014/harness/raw/__vol__tmp2__yesildau__m1_matched_three_model_retry_v1__training__qwen__20260822T155241Z_m1_matched_epoch_dense_qwen_seed42_7c56e187__epoch_snapshots__epoch-014/results_2026-08-24T08-11-21.367105.json,da7898c2dbb99d5ed50f92250721aac1032ac661502b0f34c51fbf163882fd5b,12373,12.097681956432362,62,3.237687840802014,26.762877817932125,direct_same_metric_and_denominator
qwen,qwen/epoch-014,epoch-014,14,98,False,wikitext_byte_ppl,wikitext,1.666213896683774,PPL,lower,62,measured,/vol/tmp2/yesildau/m1_eval_v2_matched_three_model_v3/results/qwen/epoch-014/harness/raw/__vol__tmp2__yesildau__m1_matched_three_model_retry_v1__training__qwen__20260822T155241Z_m1_matched_epoch_dense_qwen_seed42_7c56e187__epoch_snapshots__epoch-014/results_2026-08-24T08-11-21.367105.json,da7898c2dbb99d5ed50f92250721aac1032ac661502b0f34c51fbf163882fd5b,12373,1.5939354019689935,62,0.07227849471478054,4.534593724782992,direct_same_metric_and_denominator
qwen,qwen/epoch-014,epoch-014,14,98,False,exact_prefix_top1_accuracy,exact_prefix,1.0,fraction,higher,500,measured,/vol/tmp2/yesildau/m1_eval_v2_matched_three_model_v3/results/qwen/epoch-014/exact_prefix/raw/20260824T064431Z_b00f3649/summary_metrics.json,32e18f5d78e1c2911a459acf121007a4799b78457dedd05c01275d4d8b494adf,1711,0.03,500,0.97,3233.3333333333335,direct_same_metric_and_denominator
qwen,qwen/epoch-014,epoch-014,14,98,False,exact_prefix_top5_accuracy,exact_prefix,1.0,fraction,higher,500,measured,/vol/tmp2/yesildau/m1_eval_v2_matched_three_model_v3/results/qwen/epoch-014/exact_prefix/raw/20260824T064431Z_b00f3649/summary_metrics.json,32e18f5d78e1c2911a459acf121007a4799b78457dedd05c01275d4d8b494adf,1711,,,,,no_m0_reference
qwen,qwen/epoch-014,epoch-014,14,98,False,exact_prefix_mrr,exact_prefix,1.0,fraction,higher,500,measured,/vol/tmp2/yesildau/m1_eval_v2_matched_three_model_v3/results/qwen/epoch-014/exact_prefix/raw/20260824T064431Z_b00f3649/summary_metrics.json,32e18f5d78e1c2911a459acf121007a4799b78457dedd05c01275d4d8b494adf,1711,,,,,no_m0_reference
qwen,qwen/epoch-014,epoch-014,14,98,False,exact_prefix_mean_rank,exact_prefix,1,rank,lower,500,measured,/vol/tmp2/yesildau/m1_eval_v2_matched_three_model_v3/results/qwen/epoch-014/exact_prefix/raw/20260824T064431Z_b00f3649/summary_metrics.json,32e18f5d78e1c2911a459acf121007a4799b78457dedd05c01275d4d8b494adf,1711,,,,,no_m0_reference
qwen,qwen/epoch-014,epoch-014,14,98,False,exact_prefix_mean_score_margin,exact_prefix,4.975357336102383,logprob,higher,500,measured,/vol/tmp2/yesildau/m1_eval_v2_matched_three_model_v3/results/qwen/epoch-014/exact_prefix/raw/20260824T064431Z_b00f3649/summary_metrics.json,32e18f5d78e1c2911a459acf121007a4799b78457dedd05c01275d4d8b494adf,1711,,,,,no_m0_reference
qwen,qwen/epoch-014,epoch-014,14,98,False,factual_cheap_top1_count,factual_cheap,1031,count,higher,1500,completed,/vol/tmp2/yesildau/m1_eval_v2_matched_three_model_v3/results/qwen/epoch-014/factual_cheap/raw/summary.json,a437a0f495c69189cf6cdb6f798b628c459ee97b2136b69156909212b8cfe0ee,324,,,,,no_m0_reference
qwen,qwen/epoch-014,epoch-014,14,98,False,turkish_bpb,turkish_cross_domain,1.4775379689083865,bits/byte,lower,9114536,measured,/vol/tmp2/yesildau/m1_eval_v2_matched_three_model_v3/results/qwen/epoch-014/turkish_perplexity/raw/trwiki_cross_domain/summary.json,12f250ddd27b31401a98bb5cfacab13c2e6dc2d0570db53edb0d90ee9890fb50,936,1.2466700436547986,9114536,0.2308679252535879,18.518767369813766,direct_same_metric_and_denominator
qwen,qwen/epoch-014,epoch-014,14,98,False,turkish_ppl,turkish_cross_domain,19.19759361884297,PPL,lower,9114536,measured,/vol/tmp2/yesildau/m1_eval_v2_matched_three_model_v3/results/qwen/epoch-014/turkish_perplexity/raw/trwiki_cross_domain/summary.json,12f250ddd27b31401a98bb5cfacab13c2e6dc2d0570db53edb0d90ee9890fb50,936,12.09865824277937,9114536,7.098935376063599,58.67539386278914,direct_same_metric_and_denominator
qwen,qwen/epoch-014,epoch-014,14,98,False,turkish_byte_ppl,turkish_cross_domain,2.7847309929652537,PPL,lower,9114536,measured,/vol/tmp2/yesildau/m1_eval_v2_matched_three_model_v3/results/qwen/epoch-014/turkish_perplexity/raw/trwiki_cross_domain/summary.json,12f250ddd27b31401a98bb5cfacab13c2e6dc2d0570db53edb0d90ee9890fb50,936,2.3729308242478306,9114536,0.4118001687174231,17.354073895009357,direct_same_metric_and_denominator
qwen,qwen/epoch-014,epoch-014,14,98,False,generation_top1_accuracy,generation,0.9666666666666667,fraction,higher,30,measured,/vol/tmp2/yesildau/m1_eval_v2_matched_three_model_v3/results/qwen/epoch-014/generation_integrity/raw/20260824T064555Z_m1_qwen_epoch-014_generation/summary_metrics.json,3536a1f12b4903c5e285ad61c274cf562e2bd994f58b1b48680e7818911b3a82,1115,0.9,30,0.06666666666666665,7.407407407407406,direct_same_metric_and_denominator
qwen,qwen/epoch-014,epoch-014,14,98,False,generation_empty_or_near_empty,generation,0,count,lower,30,measured,/vol/tmp2/yesildau/m1_eval_v2_matched_three_model_v3/results/qwen/epoch-014/generation_integrity/raw/20260824T064555Z_m1_qwen_epoch-014_generation/summary_metrics.json,3536a1f12b4903c5e285ad61c274cf562e2bd994f58b1b48680e7818911b3a82,1115,0,30,0,,direct_same_metric_and_denominator
qwen,qwen/epoch-014,epoch-014,14,98,False,generation_distinct_2,generation,0.49995451171921756,fraction,higher,30,measured,/vol/tmp2/yesildau/m1_eval_v2_matched_three_model_v3/results/qwen/epoch-014/generation_integrity/raw/20260824T064555Z_m1_qwen_epoch-014_generation/summary_metrics.json,3536a1f12b4903c5e285ad61c274cf562e2bd994f58b1b48680e7818911b3a82,1115,0.8040854707710682,30,-0.3041309590518506,-37.823212843307296,direct_same_metric_and_denominator
qwen,qwen/epoch-014,epoch-014,14,98,False,generation_repeated_3gram,generation,0.5566425545780385,fraction,lower,30,measured,/vol/tmp2/yesildau/m1_eval_v2_matched_three_model_v3/results/qwen/epoch-014/generation_integrity/raw/20260824T064555Z_m1_qwen_epoch-014_generation/summary_metrics.json,3536a1f12b4903c5e285ad61c274cf562e2bd994f58b1b48680e7818911b3a82,1115,0.20856557935534573,30,0.34807697522269276,166.8909013167763,direct_same_metric_and_denominator
qwen,qwen/epoch-014,epoch-014,14,98,False,generation_repeated_4gram,generation,0.5273565573770491,fraction,lower,30,measured,/vol/tmp2/yesildau/m1_eval_v2_matched_three_model_v3/results/qwen/epoch-014/generation_integrity/raw/20260824T064555Z_m1_qwen_epoch-014_generation/summary_metrics.json,3536a1f12b4903c5e285ad61c274cf562e2bd994f58b1b48680e7818911b3a82,1115,,,,,no_m0_reference
qwen,qwen/epoch-014,epoch-014,14,98,False,generation_ppl,generation,22.136014107712803,PPL,lower,301239,measured,/vol/tmp2/yesildau/m1_eval_v2_matched_three_model_v3/results/qwen/epoch-014/generation_integrity/raw/20260824T064555Z_m1_qwen_epoch-014_generation/summary_metrics.json,3536a1f12b4903c5e285ad61c274cf562e2bd994f58b1b48680e7818911b3a82,1115,14.69939791395479,301239,7.436616193758013,50.591297938115574,direct_same_metric_and_denominator
qwen,qwen/epoch-015,epoch-015,15,105,False,wikitext_bpb,wikitext,0.7365758513386588,bits/byte,lower,62,measured,/vol/tmp2/yesildau/m1_eval_v2_matched_three_model_v3/results/qwen/epoch-015/harness/raw/__vol__tmp2__yesildau__m1_matched_three_model_retry_v1__training__qwen__20260822T155241Z_m1_matched_epoch_dense_qwen_seed42_7c56e187__epoch_snapshots__epoch-015/results_2026-08-24T08-54-57.496187.json,4d52a88b21a5587102e0ba6d4339e1b6805f3273f8145ca2d7f7035131dbdd38,12376,0.6725931618582224,62,0.0639826894804364,9.51283675017848,direct_same_metric_and_denominator
qwen,qwen/epoch-015,epoch-015,15,105,False,wikitext_word_ppl,wikitext,15.335496885583286,PPL,lower,62,measured,/vol/tmp2/yesildau/m1_eval_v2_matched_three_model_v3/results/qwen/epoch-015/harness/raw/__vol__tmp2__yesildau__m1_matched_three_model_retry_v1__training__qwen__20260822T155241Z_m1_matched_epoch_dense_qwen_seed42_7c56e187__epoch_snapshots__epoch-015/results_2026-08-24T08-54-57.496187.json,4d52a88b21a5587102e0ba6d4339e1b6805f3273f8145ca2d7f7035131dbdd38,12376,12.097681956432362,62,3.2378149291509235,26.763928336117075,direct_same_metric_and_denominator
qwen,qwen/epoch-015,epoch-015,15,105,False,wikitext_byte_ppl,wikitext,1.6662164789082263,PPL,lower,62,measured,/vol/tmp2/yesildau/m1_eval_v2_matched_three_model_v3/results/qwen/epoch-015/harness/raw/__vol__tmp2__yesildau__m1_matched_three_model_retry_v1__training__qwen__20260822T155241Z_m1_matched_epoch_dense_qwen_seed42_7c56e187__epoch_snapshots__epoch-015/results_2026-08-24T08-54-57.496187.json,4d52a88b21a5587102e0ba6d4339e1b6805f3273f8145ca2d7f7035131dbdd38,12376,1.5939354019689935,62,0.0722810769392328,4.534755727863486,direct_same_metric_and_denominator
qwen,qwen/epoch-015,epoch-015,15,105,False,exact_prefix_top1_accuracy,exact_prefix,1.0,fraction,higher,500,measured,/vol/tmp2/yesildau/m1_eval_v2_matched_three_model_v3/results/qwen/epoch-015/exact_prefix/raw/20260824T072810Z_4ef541aa/summary_metrics.json,45848dd3617fb039d3ed1e4cf1dc650096973585f36c061adce67fc9c2a26a33,1712,0.03,500,0.97,3233.3333333333335,direct_same_metric_and_denominator
qwen,qwen/epoch-015,epoch-015,15,105,False,exact_prefix_top5_accuracy,exact_prefix,1.0,fraction,higher,500,measured,/vol/tmp2/yesildau/m1_eval_v2_matched_three_model_v3/results/qwen/epoch-015/exact_prefix/raw/20260824T072810Z_4ef541aa/summary_metrics.json,45848dd3617fb039d3ed1e4cf1dc650096973585f36c061adce67fc9c2a26a33,1712,,,,,no_m0_reference
qwen,qwen/epoch-015,epoch-015,15,105,False,exact_prefix_mrr,exact_prefix,1.0,fraction,higher,500,measured,/vol/tmp2/yesildau/m1_eval_v2_matched_three_model_v3/results/qwen/epoch-015/exact_prefix/raw/20260824T072810Z_4ef541aa/summary_metrics.json,45848dd3617fb039d3ed1e4cf1dc650096973585f36c061adce67fc9c2a26a33,1712,,,,,no_m0_reference
qwen,qwen/epoch-015,epoch-015,15,105,False,exact_prefix_mean_rank,exact_prefix,1,rank,lower,500,measured,/vol/tmp2/yesildau/m1_eval_v2_matched_three_model_v3/results/qwen/epoch-015/exact_prefix/raw/20260824T072810Z_4ef541aa/summary_metrics.json,45848dd3617fb039d3ed1e4cf1dc650096973585f36c061adce67fc9c2a26a33,1712,,,,,no_m0_reference
qwen,qwen/epoch-015,epoch-015,15,105,False,exact_prefix_mean_score_margin,exact_prefix,4.988118727720638,logprob,higher,500,measured,/vol/tmp2/yesildau/m1_eval_v2_matched_three_model_v3/results/qwen/epoch-015/exact_prefix/raw/20260824T072810Z_4ef541aa/summary_metrics.json,45848dd3617fb039d3ed1e4cf1dc650096973585f36c061adce67fc9c2a26a33,1712,,,,,no_m0_reference
qwen,qwen/epoch-015,epoch-015,15,105,False,factual_cheap_top1_count,factual_cheap,1034,count,higher,1500,completed,/vol/tmp2/yesildau/m1_eval_v2_matched_three_model_v3/results/qwen/epoch-015/factual_cheap/raw/summary.json,28e78912b37f462aa7bfb106bea2056a9d37ba1d55590317f0a622dcb31aa60e,324,,,,,no_m0_reference
qwen,qwen/epoch-015,epoch-015,15,105,False,turkish_bpb,turkish_cross_domain,1.4777113111315885,bits/byte,lower,9114536,measured,/vol/tmp2/yesildau/m1_eval_v2_matched_three_model_v3/results/qwen/epoch-015/turkish_perplexity/raw/trwiki_cross_domain/summary.json,ea95cd0ed4b52ab2c175d8c00a08acedea5e8071977af16c54004af34ebcaf7b,935,1.2466700436547986,9114536,0.23104126747678988,18.53267178855586,direct_same_metric_and_denominator
qwen,qwen/epoch-015,epoch-015,15,105,False,turkish_ppl,turkish_cross_domain,19.204249624149195,PPL,lower,9114536,measured,/vol/tmp2/yesildau/m1_eval_v2_matched_three_model_v3/results/qwen/epoch-015/turkish_perplexity/raw/trwiki_cross_domain/summary.json,ea95cd0ed4b52ab2c175d8c00a08acedea5e8071977af16c54004af34ebcaf7b,935,12.09865824277937,9114536,7.105591381369825,58.730408271599295,direct_same_metric_and_denominator
qwen,qwen/epoch-015,epoch-015,15,105,False,turkish_byte_ppl,turkish_cross_domain,2.78506560315529,PPL,lower,9114536,measured,/vol/tmp2/yesildau/m1_eval_v2_matched_three_model_v3/results/qwen/epoch-015/turkish_perplexity/raw/trwiki_cross_domain/summary.json,ea95cd0ed4b52ab2c175d8c00a08acedea5e8071977af16c54004af34ebcaf7b,935,2.3729308242478306,9114536,0.4121347789074594,17.36817503047513,direct_same_metric_and_denominator
qwen,qwen/epoch-015,epoch-015,15,105,False,generation_top1_accuracy,generation,0.9666666666666667,fraction,higher,30,measured,/vol/tmp2/yesildau/m1_eval_v2_matched_three_model_v3/results/qwen/epoch-015/generation_integrity/raw/20260824T072935Z_m1_qwen_epoch-015_generation/summary_metrics.json,1188b6db1dce1c97be2e9d96cf5be38f82577a1f72a4385273c836ec2996f919,1113,0.9,30,0.06666666666666665,7.407407407407406,direct_same_metric_and_denominator
qwen,qwen/epoch-015,epoch-015,15,105,False,generation_empty_or_near_empty,generation,0,count,lower,30,measured,/vol/tmp2/yesildau/m1_eval_v2_matched_three_model_v3/results/qwen/epoch-015/generation_integrity/raw/20260824T072935Z_m1_qwen_epoch-015_generation/summary_metrics.json,1188b6db1dce1c97be2e9d96cf5be38f82577a1f72a4385273c836ec2996f919,1113,0,30,0,,direct_same_metric_and_denominator
qwen,qwen/epoch-015,epoch-015,15,105,False,generation_distinct_2,generation,0.5365540233187291,fraction,higher,30,measured,/vol/tmp2/yesildau/m1_eval_v2_matched_three_model_v3/results/qwen/epoch-015/generation_integrity/raw/20260824T072935Z_m1_qwen_epoch-015_generation/summary_metrics.json,1188b6db1dce1c97be2e9d96cf5be38f82577a1f72a4385273c836ec2996f919,1113,0.8040854707710682,30,-0.26753144745233903,-33.27151866029776,direct_same_metric_and_denominator
qwen,qwen/epoch-015,epoch-015,15,105,False,generation_repeated_3gram,generation,0.5161319073083779,fraction,lower,30,measured,/vol/tmp2/yesildau/m1_eval_v2_matched_three_model_v3/results/qwen/epoch-015/generation_integrity/raw/20260824T072935Z_m1_qwen_epoch-015_generation/summary_metrics.json,1188b6db1dce1c97be2e9d96cf5be38f82577a1f72a4385273c836ec2996f919,1113,0.20856557935534573,30,0.3075663279530322,147.4674435272049,direct_same_metric_and_denominator
qwen,qwen/epoch-015,epoch-015,15,105,False,generation_repeated_4gram,generation,0.485920392449081,fraction,lower,30,measured,/vol/tmp2/yesildau/m1_eval_v2_matched_three_model_v3/results/qwen/epoch-015/generation_integrity/raw/20260824T072935Z_m1_qwen_epoch-015_generation/summary_metrics.json,1188b6db1dce1c97be2e9d96cf5be38f82577a1f72a4385273c836ec2996f919,1113,,,,,no_m0_reference
qwen,qwen/epoch-015,epoch-015,15,105,False,generation_ppl,generation,22.140568715415533,PPL,lower,301239,measured,/vol/tmp2/yesildau/m1_eval_v2_matched_three_model_v3/results/qwen/epoch-015/generation_integrity/raw/20260824T072935Z_m1_qwen_epoch-015_generation/summary_metrics.json,1188b6db1dce1c97be2e9d96cf5be38f82577a1f72a4385273c836ec2996f919,1113,14.69939791395479,301239,7.441170801460743,50.62228293307516,direct_same_metric_and_denominator
qwen,qwen/epoch-016,epoch-016,16,112,False,wikitext_bpb,wikitext,0.7365937379234836,bits/byte,lower,62,measured,/vol/tmp2/yesildau/m1_eval_v2_matched_three_model_v3/results/qwen/epoch-016/harness/raw/__vol__tmp2__yesildau__m1_matched_three_model_retry_v1__training__qwen__20260822T155241Z_m1_matched_epoch_dense_qwen_seed42_7c56e187__epoch_snapshots__epoch-016/results_2026-08-24T09-38-39.169972.json,f15f5b7926433b83438397bee926814722d3b5dd5405f47cb6efc74ee6fecb73,12376,0.6725931618582224,62,0.06400057606526122,9.515496096993038,direct_same_metric_and_denominator
qwen,qwen/epoch-016,epoch-016,16,112,False,wikitext_word_ppl,wikitext,15.336513630291003,PPL,lower,62,measured,/vol/tmp2/yesildau/m1_eval_v2_matched_three_model_v3/results/qwen/epoch-016/harness/raw/__vol__tmp2__yesildau__m1_matched_three_model_retry_v1__training__qwen__20260822T155241Z_m1_matched_epoch_dense_qwen_seed42_7c56e187__epoch_snapshots__epoch-016/results_2026-08-24T09-38-39.169972.json,f15f5b7926433b83438397bee926814722d3b5dd5405f47cb6efc74ee6fecb73,12376,12.097681956432362,62,3.238831673858641,26.772332795015725,direct_same_metric_and_denominator
qwen,qwen/epoch-016,epoch-016,16,112,False,wikitext_byte_ppl,wikitext,1.6662371368479096,PPL,lower,62,measured,/vol/tmp2/yesildau/m1_eval_v2_matched_three_model_v3/results/qwen/epoch-016/harness/raw/__vol__tmp2__yesildau__m1_matched_three_model_retry_v1__training__qwen__20260822T155241Z_m1_matched_epoch_dense_qwen_seed42_7c56e187__epoch_snapshots__epoch-016/results_2026-08-24T09-38-39.169972.json,f15f5b7926433b83438397bee926814722d3b5dd5405f47cb6efc74ee6fecb73,12376,1.5939354019689935,62,0.07230173487891611,4.536051761545766,direct_same_metric_and_denominator
qwen,qwen/epoch-016,epoch-016,16,112,False,exact_prefix_top1_accuracy,exact_prefix,1.0,fraction,higher,500,measured,/vol/tmp2/yesildau/m1_eval_v2_matched_three_model_v3/results/qwen/epoch-016/exact_prefix/raw/20260824T081145Z_0238a091/summary_metrics.json,af2354ce7dd2a2320bd3257034518750f9efbee801ab6badb77f16e2ef98b23d,1712,0.03,500,0.97,3233.3333333333335,direct_same_metric_and_denominator
qwen,qwen/epoch-016,epoch-016,16,112,False,exact_prefix_top5_accuracy,exact_prefix,1.0,fraction,higher,500,measured,/vol/tmp2/yesildau/m1_eval_v2_matched_three_model_v3/results/qwen/epoch-016/exact_prefix/raw/20260824T081145Z_0238a091/summary_metrics.json,af2354ce7dd2a2320bd3257034518750f9efbee801ab6badb77f16e2ef98b23d,1712,,,,,no_m0_reference
qwen,qwen/epoch-016,epoch-016,16,112,False,exact_prefix_mrr,exact_prefix,1.0,fraction,higher,500,measured,/vol/tmp2/yesildau/m1_eval_v2_matched_three_model_v3/results/qwen/epoch-016/exact_prefix/raw/20260824T081145Z_0238a091/summary_metrics.json,af2354ce7dd2a2320bd3257034518750f9efbee801ab6badb77f16e2ef98b23d,1712,,,,,no_m0_reference
qwen,qwen/epoch-016,epoch-016,16,112,False,exact_prefix_mean_rank,exact_prefix,1,rank,lower,500,measured,/vol/tmp2/yesildau/m1_eval_v2_matched_three_model_v3/results/qwen/epoch-016/exact_prefix/raw/20260824T081145Z_0238a091/summary_metrics.json,af2354ce7dd2a2320bd3257034518750f9efbee801ab6badb77f16e2ef98b23d,1712,,,,,no_m0_reference
qwen,qwen/epoch-016,epoch-016,16,112,False,exact_prefix_mean_score_margin,exact_prefix,5.0058031961358855,logprob,higher,500,measured,/vol/tmp2/yesildau/m1_eval_v2_matched_three_model_v3/results/qwen/epoch-016/exact_prefix/raw/20260824T081145Z_0238a091/summary_metrics.json,af2354ce7dd2a2320bd3257034518750f9efbee801ab6badb77f16e2ef98b23d,1712,,,,,no_m0_reference
qwen,qwen/epoch-016,epoch-016,16,112,False,factual_cheap_top1_count,factual_cheap,1031,count,higher,1500,completed,/vol/tmp2/yesildau/m1_eval_v2_matched_three_model_v3/results/qwen/epoch-016/factual_cheap/raw/summary.json,1e5e7a0195e8caafbd01472bf1f876412b17d014c6d45ac6674cd466cc4c22ad,324,,,,,no_m0_reference
qwen,qwen/epoch-016,epoch-016,16,112,False,turkish_bpb,turkish_cross_domain,1.4778439329137012,bits/byte,lower,9114536,measured,/vol/tmp2/yesildau/m1_eval_v2_matched_three_model_v3/results/qwen/epoch-016/turkish_perplexity/raw/trwiki_cross_domain/summary.json,e5a4a53636c863978d51c2cc2173e5ac747fe905728c65d9856eee61ea783b24,936,1.2466700436547986,9114536,0.2311738892589026,18.54330987060393,direct_same_metric_and_denominator
qwen,qwen/epoch-016,epoch-016,16,112,False,turkish_ppl,turkish_cross_domain,19.209343601635094,PPL,lower,9114536,measured,/vol/tmp2/yesildau/m1_eval_v2_matched_three_model_v3/results/qwen/epoch-016/turkish_perplexity/raw/trwiki_cross_domain/summary.json,e5a4a53636c863978d51c2cc2173e5ac747fe905728c65d9856eee61ea783b24,936,12.09865824277937,9114536,7.110685358855724,58.772511927919524,direct_same_metric_and_denominator
qwen,qwen/epoch-016,epoch-016,16,112,False,turkish_byte_ppl,turkish_cross_domain,2.785321636017835,PPL,lower,9114536,measured,/vol/tmp2/yesildau/m1_eval_v2_matched_three_model_v3/results/qwen/epoch-016/turkish_perplexity/raw/trwiki_cross_domain/summary.json,e5a4a53636c863978d51c2cc2173e5ac747fe905728c65d9856eee61ea783b24,936,2.3729308242478306,9114536,0.41239081177000436,17.378964761887808,direct_same_metric_and_denominator
qwen,qwen/epoch-016,epoch-016,16,112,False,generation_top1_accuracy,generation,0.9666666666666667,fraction,higher,30,measured,/vol/tmp2/yesildau/m1_eval_v2_matched_three_model_v3/results/qwen/epoch-016/generation_integrity/raw/20260824T081311Z_m1_qwen_epoch-016_generation/summary_metrics.json,22ae71bd321d2f07c985379830052105b1f5005f2a60edaf4a9d0967ff9bbc71,1114,0.9,30,0.06666666666666665,7.407407407407406,direct_same_metric_and_denominator
qwen,qwen/epoch-016,epoch-016,16,112,False,generation_empty_or_near_empty,generation,0,count,lower,30,measured,/vol/tmp2/yesildau/m1_eval_v2_matched_three_model_v3/results/qwen/epoch-016/generation_integrity/raw/20260824T081311Z_m1_qwen_epoch-016_generation/summary_metrics.json,22ae71bd321d2f07c985379830052105b1f5005f2a60edaf4a9d0967ff9bbc71,1114,0,30,0,,direct_same_metric_and_denominator
qwen,qwen/epoch-016,epoch-016,16,112,False,generation_distinct_2,generation,0.49346285522756106,fraction,higher,30,measured,/vol/tmp2/yesildau/m1_eval_v2_matched_three_model_v3/results/qwen/epoch-016/generation_integrity/raw/20260824T081311Z_m1_qwen_epoch-016_generation/summary_metrics.json,22ae71bd321d2f07c985379830052105b1f5005f2a60edaf4a9d0967ff9bbc71,1114,0.8040854707710682,30,-0.3106226155435071,-38.630546979743244,direct_same_metric_and_denominator
qwen,qwen/epoch-016,epoch-016,16,112,False,generation_repeated_3gram,generation,0.5690941674812643,fraction,lower,30,measured,/vol/tmp2/yesildau/m1_eval_v2_matched_three_model_v3/results/qwen/epoch-016/generation_integrity/raw/20260824T081311Z_m1_qwen_epoch-016_generation/summary_metrics.json,22ae71bd321d2f07c985379830052105b1f5005f2a60edaf4a9d0967ff9bbc71,1114,0.20856557935534573,30,0.3605285881259186,172.86102013586063,direct_same_metric_and_denominator
qwen,qwen/epoch-016,epoch-016,16,112,False,generation_repeated_4gram,generation,0.5344231246895179,fraction,lower,30,measured,/vol/tmp2/yesildau/m1_eval_v2_matched_three_model_v3/results/qwen/epoch-016/generation_integrity/raw/20260824T081311Z_m1_qwen_epoch-016_generation/summary_metrics.json,22ae71bd321d2f07c985379830052105b1f5005f2a60edaf4a9d0967ff9bbc71,1114,,,,,no_m0_reference
qwen,qwen/epoch-016,epoch-016,16,112,False,generation_ppl,generation,22.15006406470618,PPL,lower,301239,measured,/vol/tmp2/yesildau/m1_eval_v2_matched_three_model_v3/results/qwen/epoch-016/generation_integrity/raw/20260824T081311Z_m1_qwen_epoch-016_generation/summary_metrics.json,22ae71bd321d2f07c985379830052105b1f5005f2a60edaf4a9d0967ff9bbc71,1114,14.69939791395479,301239,7.450666150751388,50.68687979170997,direct_same_metric_and_denominator
qwen,qwen/epoch-017,epoch-017,17,119,False,wikitext_bpb,wikitext,0.7365803229848649,bits/byte,lower,62,measured,/vol/tmp2/yesildau/m1_eval_v2_matched_three_model_v3/results/qwen/epoch-017/harness/raw/__vol__tmp2__yesildau__m1_matched_three_model_retry_v1__training__qwen__20260822T155241Z_m1_matched_epoch_dense_qwen_seed42_7c56e187__epoch_snapshots__epoch-017/results_2026-08-24T10-22-15.347372.json,21dc3c32b08332517cc45105250456db2582668df9d6a5260b240470e3ca4139,12374,0.6725931618582224,62,0.06398716112664249,9.513501586882102,direct_same_metric_and_denominator
qwen,qwen/epoch-017,epoch-017,17,119,False,wikitext_word_ppl,wikitext,15.335751065440746,PPL,lower,62,measured,/vol/tmp2/yesildau/m1_eval_v2_matched_three_model_v3/results/qwen/epoch-017/harness/raw/__vol__tmp2__yesildau__m1_matched_three_model_retry_v1__training__qwen__20260822T155241Z_m1_matched_epoch_dense_qwen_seed42_7c56e187__epoch_snapshots__epoch-017/results_2026-08-24T10-22-15.347372.json,21dc3c32b08332517cc45105250456db2582668df9d6a5260b240470e3ca4139,12374,12.097681956432362,62,3.238069109008384,26.76602939860471,direct_same_metric_and_denominator
qwen,qwen/epoch-017,epoch-017,17,119,False,wikitext_byte_ppl,wikitext,1.6662216433691361,PPL,lower,62,measured,/vol/tmp2/yesildau/m1_eval_v2_matched_three_model_v3/results/qwen/epoch-017/harness/raw/__vol__tmp2__yesildau__m1_matched_three_model_retry_v1__training__qwen__20260822T155241Z_m1_matched_epoch_dense_qwen_seed42_7c56e187__epoch_snapshots__epoch-017/results_2026-08-24T10-22-15.347372.json,21dc3c32b08332517cc45105250456db2582668df9d6a5260b240470e3ca4139,12374,1.5939354019689935,62,0.07228624140014261,4.535079734777657,direct_same_metric_and_denominator
qwen,qwen/epoch-017,epoch-017,17,119,False,exact_prefix_top1_accuracy,exact_prefix,1.0,fraction,higher,500,measured,/vol/tmp2/yesildau/m1_eval_v2_matched_three_model_v3/results/qwen/epoch-017/exact_prefix/raw/20260824T085519Z_4872a549/summary_metrics.json,11d5f6240037d0cd08c5fd9d651fad663d904802209ae1accf1713d6722f68e7,1710,0.03,500,0.97,3233.3333333333335,direct_same_metric_and_denominator
qwen,qwen/epoch-017,epoch-017,17,119,False,exact_prefix_top5_accuracy,exact_prefix,1.0,fraction,higher,500,measured,/vol/tmp2/yesildau/m1_eval_v2_matched_three_model_v3/results/qwen/epoch-017/exact_prefix/raw/20260824T085519Z_4872a549/summary_metrics.json,11d5f6240037d0cd08c5fd9d651fad663d904802209ae1accf1713d6722f68e7,1710,,,,,no_m0_reference
qwen,qwen/epoch-017,epoch-017,17,119,False,exact_prefix_mrr,exact_prefix,1.0,fraction,higher,500,measured,/vol/tmp2/yesildau/m1_eval_v2_matched_three_model_v3/results/qwen/epoch-017/exact_prefix/raw/20260824T085519Z_4872a549/summary_metrics.json,11d5f6240037d0cd08c5fd9d651fad663d904802209ae1accf1713d6722f68e7,1710,,,,,no_m0_reference
qwen,qwen/epoch-017,epoch-017,17,119,False,exact_prefix_mean_rank,exact_prefix,1,rank,lower,500,measured,/vol/tmp2/yesildau/m1_eval_v2_matched_three_model_v3/results/qwen/epoch-017/exact_prefix/raw/20260824T085519Z_4872a549/summary_metrics.json,11d5f6240037d0cd08c5fd9d651fad663d904802209ae1accf1713d6722f68e7,1710,,,,,no_m0_reference
qwen,qwen/epoch-017,epoch-017,17,119,False,exact_prefix_mean_score_margin,exact_prefix,5.022479196639679,logprob,higher,500,measured,/vol/tmp2/yesildau/m1_eval_v2_matched_three_model_v3/results/qwen/epoch-017/exact_prefix/raw/20260824T085519Z_4872a549/summary_metrics.json,11d5f6240037d0cd08c5fd9d651fad663d904802209ae1accf1713d6722f68e7,1710,,,,,no_m0_reference
qwen,qwen/epoch-017,epoch-017,17,119,False,factual_cheap_top1_count,factual_cheap,1035,count,higher,1500,completed,/vol/tmp2/yesildau/m1_eval_v2_matched_three_model_v3/results/qwen/epoch-017/factual_cheap/raw/summary.json,093f7df66232bc3d949e75ba8fbac13f7823d4e2ad422d4adf4bf008df0ae5d1,324,,,,,no_m0_reference
qwen,qwen/epoch-017,epoch-017,17,119,False,turkish_bpb,turkish_cross_domain,1.4779797911884183,bits/byte,lower,9114536,measured,/vol/tmp2/yesildau/m1_eval_v2_matched_three_model_v3/results/qwen/epoch-017/turkish_perplexity/raw/trwiki_cross_domain/summary.json,4bfec97f89073e7ac45ab9bbf75984dbaaa7c658e96d8492c1e3181455e4b894,938,1.2466700436547986,9114536,0.23130974753361966,18.554207563654995,direct_same_metric_and_denominator
qwen,qwen/epoch-017,epoch-017,17,119,False,turkish_ppl,turkish_cross_domain,19.2145632932456,PPL,lower,9114536,measured,/vol/tmp2/yesildau/m1_eval_v2_matched_three_model_v3/results/qwen/epoch-017/turkish_perplexity/raw/trwiki_cross_domain/summary.json,4bfec97f89073e7ac45ab9bbf75984dbaaa7c658e96d8492c1e3181455e4b894,938,12.09865824277937,9114536,7.11590505046623,58.815654659169255,direct_same_metric_and_denominator
qwen,qwen/epoch-017,epoch-017,17,119,False,turkish_byte_ppl,turkish_cross_domain,2.7855839414941705,PPL,lower,9114536,measured,/vol/tmp2/yesildau/m1_eval_v2_matched_three_model_v3/results/qwen/epoch-017/turkish_perplexity/raw/trwiki_cross_domain/summary.json,4bfec97f89073e7ac45ab9bbf75984dbaaa7c658e96d8492c1e3181455e4b894,938,2.3729308242478306,9114536,0.4126531172463399,17.390018833656573,direct_same_metric_and_denominator
qwen,qwen/epoch-017,epoch-017,17,119,False,generation_top1_accuracy,generation,0.9666666666666667,fraction,higher,30,measured,/vol/tmp2/yesildau/m1_eval_v2_matched_three_model_v3/results/qwen/epoch-017/generation_integrity/raw/20260824T085644Z_m1_qwen_epoch-017_generation/summary_metrics.json,f46d1417a3c6fe18b62f6dc52983e1cd121ecb9ce3dbb13bd543dee795f2e970,1114,0.9,30,0.06666666666666665,7.407407407407406,direct_same_metric_and_denominator
qwen,qwen/epoch-017,epoch-017,17,119,False,generation_empty_or_near_empty,generation,0,count,lower,30,measured,/vol/tmp2/yesildau/m1_eval_v2_matched_three_model_v3/results/qwen/epoch-017/generation_integrity/raw/20260824T085644Z_m1_qwen_epoch-017_generation/summary_metrics.json,f46d1417a3c6fe18b62f6dc52983e1cd121ecb9ce3dbb13bd543dee795f2e970,1114,0,30,0,,direct_same_metric_and_denominator
qwen,qwen/epoch-017,epoch-017,17,119,False,generation_distinct_2,generation,0.5141791759438818,fraction,higher,30,measured,/vol/tmp2/yesildau/m1_eval_v2_matched_three_model_v3/results/qwen/epoch-017/generation_integrity/raw/20260824T085644Z_m1_qwen_epoch-017_generation/summary_metrics.json,f46d1417a3c6fe18b62f6dc52983e1cd121ecb9ce3dbb13bd543dee795f2e970,1114,0.8040854707710682,30,-0.28990629482718633,-36.05416406158715,direct_same_metric_and_denominator
qwen,qwen/epoch-017,epoch-017,17,119,False,generation_repeated_3gram,generation,0.5422124470511567,fraction,lower,30,measured,/vol/tmp2/yesildau/m1_eval_v2_matched_three_model_v3/results/qwen/epoch-017/generation_integrity/raw/20260824T085644Z_m1_qwen_epoch-017_generation/summary_metrics.json,f46d1417a3c6fe18b62f6dc52983e1cd121ecb9ce3dbb13bd543dee795f2e970,1114,0.20856557935534573,30,0.333646867695811,159.97216258170613,direct_same_metric_and_denominator
qwen,qwen/epoch-017,epoch-017,17,119,False,generation_repeated_4gram,generation,0.5162909836065573,fraction,lower,30,measured,/vol/tmp2/yesildau/m1_eval_v2_matched_three_model_v3/results/qwen/epoch-017/generation_integrity/raw/20260824T085644Z_m1_qwen_epoch-017_generation/summary_metrics.json,f46d1417a3c6fe18b62f6dc52983e1cd121ecb9ce3dbb13bd543dee795f2e970,1114,,,,,no_m0_reference
qwen,qwen/epoch-017,epoch-017,17,119,False,generation_ppl,generation,22.151625000299802,PPL,lower,301239,measured,/vol/tmp2/yesildau/m1_eval_v2_matched_three_model_v3/results/qwen/epoch-017/generation_integrity/raw/20260824T085644Z_m1_qwen_epoch-017_generation/summary_metrics.json,f46d1417a3c6fe18b62f6dc52983e1cd121ecb9ce3dbb13bd543dee795f2e970,1114,14.69939791395479,301239,7.452227086345012,50.697498836127714,direct_same_metric_and_denominator
qwen,qwen/epoch-018,epoch-018,18,126,True,wikitext_bpb,wikitext,0.7365803229848649,bits/byte,lower,62,measured,/vol/tmp2/yesildau/m1_eval_v2_matched_three_model_v3/results/qwen/epoch-018/harness/raw/__vol__tmp2__yesildau__m1_matched_three_model_retry_v1__training__qwen__20260822T155241Z_m1_matched_epoch_dense_qwen_seed42_7c56e187__epoch_snapshots__epoch-018/results_2026-08-26T08-17-19.002655.json,4bcc90993616668f76b2ba2f0b7bc4afdec4211bc325ccfbe7b81166ac9e5968,233821,0.6725931618582224,62,0.06398716112664249,9.513501586882102,direct_same_metric_and_denominator
qwen,qwen/epoch-018,epoch-018,18,126,True,wikitext_word_ppl,wikitext,15.335751065440746,PPL,lower,62,measured,/vol/tmp2/yesildau/m1_eval_v2_matched_three_model_v3/results/qwen/epoch-018/harness/raw/__vol__tmp2__yesildau__m1_matched_three_model_retry_v1__training__qwen__20260822T155241Z_m1_matched_epoch_dense_qwen_seed42_7c56e187__epoch_snapshots__epoch-018/results_2026-08-26T08-17-19.002655.json,4bcc90993616668f76b2ba2f0b7bc4afdec4211bc325ccfbe7b81166ac9e5968,233821,12.097681956432362,62,3.238069109008384,26.76602939860471,direct_same_metric_and_denominator
qwen,qwen/epoch-018,epoch-018,18,126,True,wikitext_byte_ppl,wikitext,1.6662216433691361,PPL,lower,62,measured,/vol/tmp2/yesildau/m1_eval_v2_matched_three_model_v3/results/qwen/epoch-018/harness/raw/__vol__tmp2__yesildau__m1_matched_three_model_retry_v1__training__qwen__20260822T155241Z_m1_matched_epoch_dense_qwen_seed42_7c56e187__epoch_snapshots__epoch-018/results_2026-08-26T08-17-19.002655.json,4bcc90993616668f76b2ba2f0b7bc4afdec4211bc325ccfbe7b81166ac9e5968,233821,1.5939354019689935,62,0.07228624140014261,4.535079734777657,direct_same_metric_and_denominator
qwen,qwen/epoch-018,epoch-018,18,126,True,blimp_accuracy,blimp,0.7690895522388057,fraction,higher,67000,measured,/vol/tmp2/yesildau/m1_eval_v2_matched_three_model_v3/results/qwen/epoch-018/harness/raw/__vol__tmp2__yesildau__m1_matched_three_model_retry_v1__training__qwen__20260822T155241Z_m1_matched_epoch_dense_qwen_seed42_7c56e187__epoch_snapshots__epoch-018/results_2026-08-26T08-17-19.002655.json,4bcc90993616668f76b2ba2f0b7bc4afdec4211bc325ccfbe7b81166ac9e5968,233821,0.8252238805970152,67000,-0.05613432835820953,-6.8023150660156215,direct_same_metric_and_denominator
qwen,qwen/epoch-018,epoch-018,18,126,True,hellaswag_accuracy,hellaswag,0.5081657040430193,fraction,higher,10042,measured,/vol/tmp2/yesildau/m1_eval_v2_matched_three_model_v3/results/qwen/epoch-018/harness/raw/__vol__tmp2__yesildau__m1_matched_three_model_retry_v1__training__qwen__20260822T155241Z_m1_matched_epoch_dense_qwen_seed42_7c56e187__epoch_snapshots__epoch-018/results_2026-08-26T08-17-19.002655.json,4bcc90993616668f76b2ba2f0b7bc4afdec4211bc325ccfbe7b81166ac9e5968,233821,0.5018920533758215,10042,0.006273650667197761,1.2499999999999984,direct_same_metric_and_denominator
qwen,qwen/epoch-018,epoch-018,18,126,True,hellaswag_acc_norm,hellaswag,0.6711810396335391,fraction,higher,10042,measured,/vol/tmp2/yesildau/m1_eval_v2_matched_three_model_v3/results/qwen/epoch-018/harness/raw/__vol__tmp2__yesildau__m1_matched_three_model_retry_v1__training__qwen__20260822T155241Z_m1_matched_epoch_dense_qwen_seed42_7c56e187__epoch_snapshots__epoch-018/results_2026-08-26T08-17-19.002655.json,4bcc90993616668f76b2ba2f0b7bc4afdec4211bc325ccfbe7b81166ac9e5968,233821,0.6774546903007369,10042,-0.006273650667197761,-0.9260620314567091,direct_same_metric_and_denominator
qwen,qwen/epoch-018,epoch-018,18,126,True,winogender_female,winogender,0.5583333333333333,fraction,higher,240,measured,/vol/tmp2/yesildau/m1_eval_v2_matched_three_model_v3/results/qwen/epoch-018/harness/raw/__vol__tmp2__yesildau__m1_matched_three_model_retry_v1__training__qwen__20260822T155241Z_m1_matched_epoch_dense_qwen_seed42_7c56e187__epoch_snapshots__epoch-018/results_2026-08-26T08-17-19.002655.json,4bcc90993616668f76b2ba2f0b7bc4afdec4211bc325ccfbe7b81166ac9e5968,233821,0.5541666666666667,240,0.004166666666666652,0.7518796992481176,direct_same_metric_and_denominator
qwen,qwen/epoch-018,epoch-018,18,126,True,winogender_male,winogender,0.5708333333333333,fraction,higher,240,measured,/vol/tmp2/yesildau/m1_eval_v2_matched_three_model_v3/results/qwen/epoch-018/harness/raw/__vol__tmp2__yesildau__m1_matched_three_model_retry_v1__training__qwen__20260822T155241Z_m1_matched_epoch_dense_qwen_seed42_7c56e187__epoch_snapshots__epoch-018/results_2026-08-26T08-17-19.002655.json,4bcc90993616668f76b2ba2f0b7bc4afdec4211bc325ccfbe7b81166ac9e5968,233821,0.5708333333333333,240,0.0,0.0,direct_same_metric_and_denominator
qwen,qwen/epoch-018,epoch-018,18,126,True,winogender_neutral,winogender,0.5541666666666667,fraction,higher,240,measured,/vol/tmp2/yesildau/m1_eval_v2_matched_three_model_v3/results/qwen/epoch-018/harness/raw/__vol__tmp2__yesildau__m1_matched_three_model_retry_v1__training__qwen__20260822T155241Z_m1_matched_epoch_dense_qwen_seed42_7c56e187__epoch_snapshots__epoch-018/results_2026-08-26T08-17-19.002655.json,4bcc90993616668f76b2ba2f0b7bc4afdec4211bc325ccfbe7b81166ac9e5968,233821,0.5833333333333334,240,-0.029166666666666674,-5.000000000000001,direct_same_metric_and_denominator
qwen,qwen/epoch-018,epoch-018,18,126,True,turblimp_acc_norm,turblimp,0.659375,fraction,higher,16000,measured,/vol/tmp2/yesildau/m1_eval_v2_matched_three_model_v3/results/qwen/epoch-018/harness/raw/__vol__tmp2__yesildau__m1_matched_three_model_retry_v1__training__qwen__20260822T155241Z_m1_matched_epoch_dense_qwen_seed42_7c56e187__epoch_snapshots__epoch-018/results_2026-08-26T08-17-19.002655.json,4bcc90993616668f76b2ba2f0b7bc4afdec4211bc325ccfbe7b81166ac9e5968,233821,0.6643125000000001,16000,-0.004937500000000039,-0.7432496001505373,direct_same_metric_and_denominator
qwen,qwen/epoch-018,epoch-018,18,126,True,exact_prefix_top1_accuracy,exact_prefix,1.0,fraction,higher,500,measured,/vol/tmp2/yesildau/m1_eval_v2_matched_three_model_v3/results/qwen/epoch-018/exact_prefix/raw/20260826T081942Z_c924e0f1/summary_metrics.json,a7daa2f16a230c6a5a0d1357447c7733096e43cf0e11edd6f5604e79e02fee95,1710,0.03,500,0.97,3233.3333333333335,direct_same_metric_and_denominator
qwen,qwen/epoch-018,epoch-018,18,126,True,exact_prefix_top5_accuracy,exact_prefix,1.0,fraction,higher,500,measured,/vol/tmp2/yesildau/m1_eval_v2_matched_three_model_v3/results/qwen/epoch-018/exact_prefix/raw/20260826T081942Z_c924e0f1/summary_metrics.json,a7daa2f16a230c6a5a0d1357447c7733096e43cf0e11edd6f5604e79e02fee95,1710,,,,,no_m0_reference
qwen,qwen/epoch-018,epoch-018,18,126,True,exact_prefix_mrr,exact_prefix,1.0,fraction,higher,500,measured,/vol/tmp2/yesildau/m1_eval_v2_matched_three_model_v3/results/qwen/epoch-018/exact_prefix/raw/20260826T081942Z_c924e0f1/summary_metrics.json,a7daa2f16a230c6a5a0d1357447c7733096e43cf0e11edd6f5604e79e02fee95,1710,,,,,no_m0_reference
qwen,qwen/epoch-018,epoch-018,18,126,True,exact_prefix_mean_rank,exact_prefix,1,rank,lower,500,measured,/vol/tmp2/yesildau/m1_eval_v2_matched_three_model_v3/results/qwen/epoch-018/exact_prefix/raw/20260826T081942Z_c924e0f1/summary_metrics.json,a7daa2f16a230c6a5a0d1357447c7733096e43cf0e11edd6f5604e79e02fee95,1710,,,,,no_m0_reference
qwen,qwen/epoch-018,epoch-018,18,126,True,exact_prefix_mean_score_margin,exact_prefix,5.031528077783889,logprob,higher,500,measured,/vol/tmp2/yesildau/m1_eval_v2_matched_three_model_v3/results/qwen/epoch-018/exact_prefix/raw/20260826T081942Z_c924e0f1/summary_metrics.json,a7daa2f16a230c6a5a0d1357447c7733096e43cf0e11edd6f5604e79e02fee95,1710,,,,,no_m0_reference
qwen,qwen/epoch-018,epoch-018,18,126,True,factual_cheap_top1_count,factual_cheap,1034,count,higher,1500,completed_derived_from_full_without_rescoring,/vol/tmp2/yesildau/m1_eval_v2_matched_three_model_v3/results/qwen/epoch-018/factual_cheap/summary.json,b1251df1ea180e080bf077485461157e31d514775fcc71f4dba91cb84e521ae8,672,,,,,no_m0_reference
qwen,qwen/epoch-018,epoch-018,18,126,True,factual_cheap_top1_rate,factual_cheap,0.6893333333333334,fraction,higher,1500,completed_derived_from_full_without_rescoring,/vol/tmp2/yesildau/m1_eval_v2_matched_three_model_v3/results/qwen/epoch-018/factual_cheap/summary.json,b1251df1ea180e080bf077485461157e31d514775fcc71f4dba91cb84e521ae8,672,,,,,no_m0_reference
qwen,qwen/epoch-018,epoch-018,18,126,True,factual_top1_count,factual_full,8226,count,higher,12000,measured,/vol/tmp2/yesildau/m1_eval_v2_matched_three_model_v3/results/qwen/epoch-018/factual_full/raw/summary.json,b56419ad79656f9ff937ebdf78fa390f3319c6ee7ea1a571c41864944440b1c8,330,209,12000,8017,3835.885167464115,direct_same_metric_and_denominator
qwen,qwen/epoch-018,epoch-018,18,126,True,factual_top1_rate,factual_full,0.6855,fraction,higher,12000,measured,/vol/tmp2/yesildau/m1_eval_v2_matched_three_model_v3/results/qwen/epoch-018/factual_full/raw/summary.json,b56419ad79656f9ff937ebdf78fa390f3319c6ee7ea1a571c41864944440b1c8,330,0.017416666666666667,12000,0.6680833333333334,3835.885167464115,direct_same_metric_and_denominator
qwen,qwen/epoch-018,epoch-018,18,126,True,factual_forced_choice_rate,factual_full,0.8102083333333333,fraction,higher,4800,measured,/vol/tmp2/yesildau/m1_eval_v2_matched_three_model_v3/results/qwen/epoch-018/factual_full/raw/summary.json,b56419ad79656f9ff937ebdf78fa390f3319c6ee7ea1a571c41864944440b1c8,330,0.49916666666666665,4800,0.31104166666666666,62.31218697829716,direct_same_metric_and_denominator
qwen,qwen/epoch-018,epoch-018,18,126,True,factual_failure_early_eos,factual_full,761,count,lower,12000,measured,/vol/tmp2/yesildau/m1_eval_v2_matched_three_model_v3/results/qwen/epoch-018/factual_full/raw/summary.json,b56419ad79656f9ff937ebdf78fa390f3319c6ee7ea1a571c41864944440b1c8,330,,,,,no_m0_reference
qwen,qwen/epoch-018,epoch-018,18,126,True,factual_failure_none,factual_full,8226,count,lower,12000,measured,/vol/tmp2/yesildau/m1_eval_v2_matched_three_model_v3/results/qwen/epoch-018/factual_full/raw/summary.json,b56419ad79656f9ff937ebdf78fa390f3319c6ee7ea1a571c41864944440b1c8,330,,,,,no_m0_reference
qwen,qwen/epoch-018,epoch-018,18,126,True,factual_prompt_form_failures,factual_full,2256,count,lower,12000,measured,/vol/tmp2/yesildau/m1_eval_v2_matched_three_model_v3/results/qwen/epoch-018/factual_full/raw/summary.json,b56419ad79656f9ff937ebdf78fa390f3319c6ee7ea1a571c41864944440b1c8,330,1796,12000,460,25.612472160356347,direct_same_metric_and_denominator
qwen,qwen/epoch-018,epoch-018,18,126,True,factual_failure_relation_swap,factual_full,757,count,lower,12000,measured,/vol/tmp2/yesildau/m1_eval_v2_matched_three_model_v3/results/qwen/epoch-018/factual_full/raw/summary.json,b56419ad79656f9ff937ebdf78fa390f3319c6ee7ea1a571c41864944440b1c8,330,,,,,no_m0_reference
qwen,qwen/epoch-018,epoch-018,18,126,True,turkish_bpb,turkish_cross_domain,1.4780996842192007,bits/byte,lower,9114536,measured,/vol/tmp2/yesildau/m1_eval_v2_matched_three_model_v3/results/qwen/epoch-018/turkish_perplexity/raw/trwiki_cross_domain/summary.json,7d912ce613232de2b70d50db85dcfe1c7aa1f5f5a695bf275c48597f4e3d3df7,939,1.2466700436547986,9114536,0.23142964056440207,18.563824625634837,direct_same_metric_and_denominator
qwen,qwen/epoch-018,epoch-018,18,126,True,turkish_ppl,turkish_cross_domain,19.219170776322123,PPL,lower,9114536,measured,/vol/tmp2/yesildau/m1_eval_v2_matched_three_model_v3/results/qwen/epoch-018/turkish_perplexity/raw/trwiki_cross_domain/summary.json,7d912ce613232de2b70d50db85dcfe1c7aa1f5f5a695bf275c48597f4e3d3df7,939,12.09865824277937,9114536,7.120512533542753,58.85373725464444,direct_same_metric_and_denominator
qwen,qwen/epoch-018,epoch-018,18,126,True,turkish_byte_ppl,turkish_cross_domain,2.785815442933692,PPL,lower,9114536,measured,/vol/tmp2/yesildau/m1_eval_v2_matched_three_model_v3/results/qwen/epoch-018/turkish_perplexity/raw/trwiki_cross_domain/summary.json,7d912ce613232de2b70d50db85dcfe1c7aa1f5f5a695bf275c48597f4e3d3df7,939,2.3729308242478306,9114536,0.41288461868586124,17.399774762365315,direct_same_metric_and_denominator
qwen,qwen/epoch-018,epoch-018,18,126,True,generation_top1_accuracy,generation,0.9666666666666667,fraction,higher,30,measured,/vol/tmp2/yesildau/m1_eval_v2_matched_three_model_v3/results/qwen/epoch-018/generation_integrity/raw/20260826T082156Z_m1_qwen_epoch-018_generation/summary_metrics.json,d155a726900b394067f8b2e5964a603e3bab1187b5990d73d865f9992a0f9061,1115,0.9,30,0.06666666666666665,7.407407407407406,direct_same_metric_and_denominator
qwen,qwen/epoch-018,epoch-018,18,126,True,generation_empty_or_near_empty,generation,0,count,lower,30,measured,/vol/tmp2/yesildau/m1_eval_v2_matched_three_model_v3/results/qwen/epoch-018/generation_integrity/raw/20260826T082156Z_m1_qwen_epoch-018_generation/summary_metrics.json,d155a726900b394067f8b2e5964a603e3bab1187b5990d73d865f9992a0f9061,1115,0,30,0,,direct_same_metric_and_denominator
qwen,qwen/epoch-018,epoch-018,18,126,True,generation_distinct_2,generation,0.47864804041274633,fraction,higher,30,measured,/vol/tmp2/yesildau/m1_eval_v2_matched_three_model_v3/results/qwen/epoch-018/generation_integrity/raw/20260826T082156Z_m1_qwen_epoch-018_generation/summary_metrics.json,d155a726900b394067f8b2e5964a603e3bab1187b5990d73d865f9992a0f9061,1115,0.8040854707710682,30,-0.32543743035832184,-40.472989773866644,direct_same_metric_and_denominator
qwen,qwen/epoch-018,epoch-018,18,126,True,generation_repeated_3gram,generation,0.5819973932877159,fraction,lower,30,measured,/vol/tmp2/yesildau/m1_eval_v2_matched_three_model_v3/results/qwen/epoch-018/generation_integrity/raw/20260826T082156Z_m1_qwen_epoch-018_generation/summary_metrics.json,d155a726900b394067f8b2e5964a603e3bab1187b5990d73d865f9992a0f9061,1115,0.20856557935534573,30,0.37343181393237024,179.04767176185482,direct_same_metric_and_denominator
qwen,qwen/epoch-018,epoch-018,18,126,True,generation_repeated_4gram,generation,0.5491772230501738,fraction,lower,30,measured,/vol/tmp2/yesildau/m1_eval_v2_matched_three_model_v3/results/qwen/epoch-018/generation_integrity/raw/20260826T082156Z_m1_qwen_epoch-018_generation/summary_metrics.json,d155a726900b394067f8b2e5964a603e3bab1187b5990d73d865f9992a0f9061,1115,,,,,no_m0_reference
qwen,qwen/epoch-018,epoch-018,18,126,True,generation_ppl,generation,22.158532159968182,PPL,lower,301239,measured,/vol/tmp2/yesildau/m1_eval_v2_matched_three_model_v3/results/qwen/epoch-018/generation_integrity/raw/20260826T082156Z_m1_qwen_epoch-018_generation/summary_metrics.json,d155a726900b394067f8b2e5964a603e3bab1187b5990d73d865f9992a0f9061,1115,14.69939791395479,301239,7.459134246013392,50.74448824146807,direct_same_metric_and_denominator
qwen,qwen/epoch-019,epoch-019,19,133,False,wikitext_bpb,wikitext,0.7365836767195195,bits/byte,lower,62,measured,/vol/tmp2/yesildau/m1_eval_v2_matched_three_model_v3/results/qwen/epoch-019/harness/raw/__vol__tmp2__yesildau__m1_matched_three_model_retry_v1__training__qwen__20260822T155241Z_m1_matched_epoch_dense_qwen_seed42_7c56e187__epoch_snapshots__epoch-019/results_2026-08-24T17-19-45.815270.json,917bcd0a5ea8497be6b312bb8ddb82f0b7d978c743dc84bf901c782cd95194f7,12375,0.6725931618582224,62,0.06399051486129714,9.514000214409831,direct_same_metric_and_denominator
qwen,qwen/epoch-019,epoch-019,19,133,False,wikitext_word_ppl,wikitext,15.335941703098577,PPL,lower,62,measured,/vol/tmp2/yesildau/m1_eval_v2_matched_three_model_v3/results/qwen/epoch-019/harness/raw/__vol__tmp2__yesildau__m1_matched_three_model_retry_v1__training__qwen__20260822T155241Z_m1_matched_epoch_dense_qwen_seed42_7c56e187__epoch_snapshots__epoch-019/results_2026-08-24T17-19-45.815270.json,917bcd0a5ea8497be6b312bb8ddb82f0b7d978c743dc84bf901c782cd95194f7,12375,12.097681956432362,62,3.2382597466662144,26.767605218323872,direct_same_metric_and_denominator
qwen,qwen/epoch-019,epoch-019,19,133,False,wikitext_byte_ppl,wikitext,1.6662255167253233,PPL,lower,62,measured,/vol/tmp2/yesildau/m1_eval_v2_matched_three_model_v3/results/qwen/epoch-019/harness/raw/__vol__tmp2__yesildau__m1_matched_three_model_retry_v1__training__qwen__20260822T155241Z_m1_matched_epoch_dense_qwen_seed42_7c56e187__epoch_snapshots__epoch-019/results_2026-08-24T17-19-45.815270.json,917bcd0a5ea8497be6b312bb8ddb82f0b7d978c743dc84bf901c782cd95194f7,12375,1.5939354019689935,62,0.07229011475632974,4.535322740622332,direct_same_metric_and_denominator
qwen,qwen/epoch-019,epoch-019,19,133,False,exact_prefix_top1_accuracy,exact_prefix,1.0,fraction,higher,500,measured,/vol/tmp2/yesildau/m1_eval_v2_matched_three_model_v3/results/qwen/epoch-019/exact_prefix/raw/20260824T155305Z_3e36d6e9/summary_metrics.json,afda7cacde2881c4a298081b792e335ae1b6c2ac8382e931f961d1ee43eb370b,1710,0.03,500,0.97,3233.3333333333335,direct_same_metric_and_denominator
qwen,qwen/epoch-019,epoch-019,19,133,False,exact_prefix_top5_accuracy,exact_prefix,1.0,fraction,higher,500,measured,/vol/tmp2/yesildau/m1_eval_v2_matched_three_model_v3/results/qwen/epoch-019/exact_prefix/raw/20260824T155305Z_3e36d6e9/summary_metrics.json,afda7cacde2881c4a298081b792e335ae1b6c2ac8382e931f961d1ee43eb370b,1710,,,,,no_m0_reference
qwen,qwen/epoch-019,epoch-019,19,133,False,exact_prefix_mrr,exact_prefix,1.0,fraction,higher,500,measured,/vol/tmp2/yesildau/m1_eval_v2_matched_three_model_v3/results/qwen/epoch-019/exact_prefix/raw/20260824T155305Z_3e36d6e9/summary_metrics.json,afda7cacde2881c4a298081b792e335ae1b6c2ac8382e931f961d1ee43eb370b,1710,,,,,no_m0_reference
qwen,qwen/epoch-019,epoch-019,19,133,False,exact_prefix_mean_rank,exact_prefix,1,rank,lower,500,measured,/vol/tmp2/yesildau/m1_eval_v2_matched_three_model_v3/results/qwen/epoch-019/exact_prefix/raw/20260824T155305Z_3e36d6e9/summary_metrics.json,afda7cacde2881c4a298081b792e335ae1b6c2ac8382e931f961d1ee43eb370b,1710,,,,,no_m0_reference
qwen,qwen/epoch-019,epoch-019,19,133,False,exact_prefix_mean_score_margin,exact_prefix,5.046790095559162,logprob,higher,500,measured,/vol/tmp2/yesildau/m1_eval_v2_matched_three_model_v3/results/qwen/epoch-019/exact_prefix/raw/20260824T155305Z_3e36d6e9/summary_metrics.json,afda7cacde2881c4a298081b792e335ae1b6c2ac8382e931f961d1ee43eb370b,1710,,,,,no_m0_reference
qwen,qwen/epoch-019,epoch-019,19,133,False,factual_cheap_top1_count,factual_cheap,1037,count,higher,1500,completed,/vol/tmp2/yesildau/m1_eval_v2_matched_three_model_v3/results/qwen/epoch-019/factual_cheap/raw/summary.json,df5c969792ebb10cc0201e06c646b8c3050e5322f7c7ba88ba5a794e07a6290b,324,,,,,no_m0_reference
qwen,qwen/epoch-019,epoch-019,19,133,False,turkish_bpb,turkish_cross_domain,1.4782257812795754,bits/byte,lower,9114536,measured,/vol/tmp2/yesildau/m1_eval_v2_matched_three_model_v3/results/qwen/epoch-019/turkish_perplexity/raw/trwiki_cross_domain/summary.json,c91dc2f85d65f50ad275b6593c7a28d3b165d1efb91b65efd0b9d423e0eaf5b4,938,1.2466700436547986,9114536,0.23155573762477677,18.57393933569918,direct_same_metric_and_denominator
qwen,qwen/epoch-019,epoch-019,19,133,False,turkish_ppl,turkish_cross_domain,19.22401787201512,PPL,lower,9114536,measured,/vol/tmp2/yesildau/m1_eval_v2_matched_three_model_v3/results/qwen/epoch-019/turkish_perplexity/raw/trwiki_cross_domain/summary.json,c91dc2f85d65f50ad275b6593c7a28d3b165d1efb91b65efd0b9d423e0eaf5b4,938,12.09865824277937,9114536,7.125359629235751,58.893800339291786,direct_same_metric_and_denominator
qwen,qwen/epoch-019,epoch-019,19,133,False,turkish_byte_ppl,turkish_cross_domain,2.786058944491773,PPL,lower,9114536,measured,/vol/tmp2/yesildau/m1_eval_v2_matched_three_model_v3/results/qwen/epoch-019/turkish_perplexity/raw/trwiki_cross_domain/summary.json,c91dc2f85d65f50ad275b6593c7a28d3b165d1efb91b65efd0b9d423e0eaf5b4,938,2.3729308242478306,9114536,0.4131281202439423,17.41003639981352,direct_same_metric_and_denominator
qwen,qwen/epoch-019,epoch-019,19,133,False,generation_top1_accuracy,generation,0.9666666666666667,fraction,higher,30,measured,/vol/tmp2/yesildau/m1_eval_v2_matched_three_model_v3/results/qwen/epoch-019/generation_integrity/raw/20260824T155432Z_m1_qwen_epoch-019_generation/summary_metrics.json,88307dc155d0764191a6233c954aeb2686dbf68abbb5015eefcf2f2239eac211,1113,0.9,30,0.06666666666666665,7.407407407407406,direct_same_metric_and_denominator
qwen,qwen/epoch-019,epoch-019,19,133,False,generation_empty_or_near_empty,generation,0,count,lower,30,measured,/vol/tmp2/yesildau/m1_eval_v2_matched_three_model_v3/results/qwen/epoch-019/generation_integrity/raw/20260824T155432Z_m1_qwen_epoch-019_generation/summary_metrics.json,88307dc155d0764191a6233c954aeb2686dbf68abbb5015eefcf2f2239eac211,1113,0,30,0,,direct_same_metric_and_denominator
qwen,qwen/epoch-019,epoch-019,19,133,False,generation_distinct_2,generation,0.5412854030501089,fraction,higher,30,measured,/vol/tmp2/yesildau/m1_eval_v2_matched_three_model_v3/results/qwen/epoch-019/generation_integrity/raw/20260824T155432Z_m1_qwen_epoch-019_generation/summary_metrics.json,88307dc155d0764191a6233c954aeb2686dbf68abbb5015eefcf2f2239eac211,1113,0.8040854707710682,30,-0.2628000677209593,-32.68310114706467,direct_same_metric_and_denominator
qwen,qwen/epoch-019,epoch-019,19,133,False,generation_repeated_3gram,generation,0.5121049201694363,fraction,lower,30,measured,/vol/tmp2/yesildau/m1_eval_v2_matched_three_model_v3/results/qwen/epoch-019/generation_integrity/raw/20260824T155432Z_m1_qwen_epoch-019_generation/summary_metrics.json,88307dc155d0764191a6233c954aeb2686dbf68abbb5015eefcf2f2239eac211,1113,0.20856557935534573,30,0.3035393408140906,145.53664212105315,direct_same_metric_and_denominator
qwen,qwen/epoch-019,epoch-019,19,133,False,generation_repeated_4gram,generation,0.48295765027322396,fraction,lower,30,measured,/vol/tmp2/yesildau/m1_eval_v2_matched_three_model_v3/results/qwen/epoch-019/generation_integrity/raw/20260824T155432Z_m1_qwen_epoch-019_generation/summary_metrics.json,88307dc155d0764191a6233c954aeb2686dbf68abbb5015eefcf2f2239eac211,1113,,,,,no_m0_reference
qwen,qwen/epoch-019,epoch-019,19,133,False,generation_ppl,generation,22.16041356238023,PPL,lower,301239,measured,/vol/tmp2/yesildau/m1_eval_v2_matched_three_model_v3/results/qwen/epoch-019/generation_integrity/raw/20260824T155432Z_m1_qwen_epoch-019_generation/summary_metrics.json,88307dc155d0764191a6233c954aeb2686dbf68abbb5015eefcf2f2239eac211,1113,14.69939791395479,301239,7.461015648425441,50.75728742156417,direct_same_metric_and_denominator
qwen,qwen/epoch-020,epoch-020,20,140,False,wikitext_bpb,wikitext,0.7365825588079681,bits/byte,lower,62,measured,/vol/tmp2/yesildau/m1_eval_v2_matched_three_model_v3/results/qwen/epoch-020/harness/raw/__vol__tmp2__yesildau__m1_matched_three_model_retry_v1__training__qwen__20260822T155241Z_m1_matched_epoch_dense_qwen_seed42_7c56e187__epoch_snapshots__epoch-020/results_2026-08-24T18-03-13.933864.json,d5f0a3fc7680053def2110fb47a2473076bb90cc334d3cab567878c4ad7d8b35,12374,0.6725931618582224,62,0.0639893969497457,9.513834005233939,direct_same_metric_and_denominator
qwen,qwen/epoch-020,epoch-020,20,140,False,wikitext_word_ppl,wikitext,15.335878156949322,PPL,lower,62,measured,/vol/tmp2/yesildau/m1_eval_v2_matched_three_model_v3/results/qwen/epoch-020/harness/raw/__vol__tmp2__yesildau__m1_matched_three_model_retry_v1__training__qwen__20260822T155241Z_m1_matched_epoch_dense_qwen_seed42_7c56e187__epoch_snapshots__epoch-020/results_2026-08-24T18-03-13.933864.json,d5f0a3fc7680053def2110fb47a2473076bb90cc334d3cab567878c4ad7d8b35,12374,12.097681956432362,62,3.2381962005169598,26.76707994290761,direct_same_metric_and_denominator
qwen,qwen/epoch-020,epoch-020,20,140,False,wikitext_byte_ppl,wikitext,1.6662242256055937,PPL,lower,62,measured,/vol/tmp2/yesildau/m1_eval_v2_matched_three_model_v3/results/qwen/epoch-020/harness/raw/__vol__tmp2__yesildau__m1_matched_three_model_retry_v1__training__qwen__20260822T155241Z_m1_matched_epoch_dense_qwen_seed42_7c56e187__epoch_snapshots__epoch-020/results_2026-08-24T18-03-13.933864.json,d5f0a3fc7680053def2110fb47a2473076bb90cc334d3cab567878c4ad7d8b35,12374,1.5939354019689935,62,0.07228882363660016,4.535241738611336,direct_same_metric_and_denominator
qwen,qwen/epoch-020,epoch-020,20,140,False,exact_prefix_top1_accuracy,exact_prefix,1.0,fraction,higher,500,measured,/vol/tmp2/yesildau/m1_eval_v2_matched_three_model_v3/results/qwen/epoch-020/exact_prefix/raw/20260824T163602Z_6b96dfca/summary_metrics.json,608481b716e5ca932a1a34c030bee3dbfbfdaf3f41ebf7c4a5cf4c0925a96889,1712,0.03,500,0.97,3233.3333333333335,direct_same_metric_and_denominator
qwen,qwen/epoch-020,epoch-020,20,140,False,exact_prefix_top5_accuracy,exact_prefix,1.0,fraction,higher,500,measured,/vol/tmp2/yesildau/m1_eval_v2_matched_three_model_v3/results/qwen/epoch-020/exact_prefix/raw/20260824T163602Z_6b96dfca/summary_metrics.json,608481b716e5ca932a1a34c030bee3dbfbfdaf3f41ebf7c4a5cf4c0925a96889,1712,,,,,no_m0_reference
qwen,qwen/epoch-020,epoch-020,20,140,False,exact_prefix_mrr,exact_prefix,1.0,fraction,higher,500,measured,/vol/tmp2/yesildau/m1_eval_v2_matched_three_model_v3/results/qwen/epoch-020/exact_prefix/raw/20260824T163602Z_6b96dfca/summary_metrics.json,608481b716e5ca932a1a34c030bee3dbfbfdaf3f41ebf7c4a5cf4c0925a96889,1712,,,,,no_m0_reference
qwen,qwen/epoch-020,epoch-020,20,140,False,exact_prefix_mean_rank,exact_prefix,1,rank,lower,500,measured,/vol/tmp2/yesildau/m1_eval_v2_matched_three_model_v3/results/qwen/epoch-020/exact_prefix/raw/20260824T163602Z_6b96dfca/summary_metrics.json,608481b716e5ca932a1a34c030bee3dbfbfdaf3f41ebf7c4a5cf4c0925a96889,1712,,,,,no_m0_reference
qwen,qwen/epoch-020,epoch-020,20,140,False,exact_prefix_mean_score_margin,exact_prefix,5.057623048824427,logprob,higher,500,measured,/vol/tmp2/yesildau/m1_eval_v2_matched_three_model_v3/results/qwen/epoch-020/exact_prefix/raw/20260824T163602Z_6b96dfca/summary_metrics.json,608481b716e5ca932a1a34c030bee3dbfbfdaf3f41ebf7c4a5cf4c0925a96889,1712,,,,,no_m0_reference
qwen,qwen/epoch-020,epoch-020,20,140,False,factual_cheap_top1_count,factual_cheap,1033,count,higher,1500,completed,/vol/tmp2/yesildau/m1_eval_v2_matched_three_model_v3/results/qwen/epoch-020/factual_cheap/raw/summary.json,c25f66792da3f0d1fe7de01199a95b8e82986be41855b968b21f7ec3df06ccfd,324,,,,,no_m0_reference
qwen,qwen/epoch-020,epoch-020,20,140,False,turkish_bpb,turkish_cross_domain,1.4783456978926015,bits/byte,lower,9114536,measured,/vol/tmp2/yesildau/m1_eval_v2_matched_three_model_v3/results/qwen/epoch-020/turkish_perplexity/raw/trwiki_cross_domain/summary.json,87936a0637f2d0847a9082d7fd63a387ec2c4c5d339838d13176aa962222d404,936,1.2466700436547986,9114536,0.2316756542378029,18.583558289297724,direct_same_metric_and_denominator
qwen,qwen/epoch-020,epoch-020,20,140,False,turkish_ppl,turkish_cross_domain,19.22862852903546,PPL,lower,9114536,measured,/vol/tmp2/yesildau/m1_eval_v2_matched_three_model_v3/results/qwen/epoch-020/turkish_perplexity/raw/trwiki_cross_domain/summary.json,87936a0637f2d0847a9082d7fd63a387ec2c4c5d339838d13176aa962222d404,936,12.09865824277937,9114536,7.129970286256091,58.93190916861666,direct_same_metric_and_denominator
qwen,qwen/epoch-020,epoch-020,20,140,False,turkish_byte_ppl,turkish_cross_domain,2.7862905309519634,PPL,lower,9114536,measured,/vol/tmp2/yesildau/m1_eval_v2_matched_three_model_v3/results/qwen/epoch-020/turkish_perplexity/raw/trwiki_cross_domain/summary.json,87936a0637f2d0847a9082d7fd63a387ec2c4c5d339838d13176aa962222d404,936,2.3729308242478306,9114536,0.4133597067041328,17.41979591146148,direct_same_metric_and_denominator
qwen,qwen/epoch-020,epoch-020,20,140,False,generation_top1_accuracy,generation,0.9666666666666667,fraction,higher,30,measured,/vol/tmp2/yesildau/m1_eval_v2_matched_three_model_v3/results/qwen/epoch-020/generation_integrity/raw/20260824T163717Z_m1_qwen_epoch-020_generation/summary_metrics.json,44cdc634ff251d8223529c014564c8703046d3116ec5127d8850b1bac429a000,1113,0.9,30,0.06666666666666665,7.407407407407406,direct_same_metric_and_denominator
qwen,qwen/epoch-020,epoch-020,20,140,False,generation_empty_or_near_empty,generation,0,count,lower,30,measured,/vol/tmp2/yesildau/m1_eval_v2_matched_three_model_v3/results/qwen/epoch-020/generation_integrity/raw/20260824T163717Z_m1_qwen_epoch-020_generation/summary_metrics.json,44cdc634ff251d8223529c014564c8703046d3116ec5127d8850b1bac429a000,1113,0,30,0,,direct_same_metric_and_denominator
qwen,qwen/epoch-020,epoch-020,20,140,False,generation_distinct_2,generation,0.5131036175153822,fraction,higher,30,measured,/vol/tmp2/yesildau/m1_eval_v2_matched_three_model_v3/results/qwen/epoch-020/generation_integrity/raw/20260824T163717Z_m1_qwen_epoch-020_generation/summary_metrics.json,44cdc634ff251d8223529c014564c8703046d3116ec5127d8850b1bac429a000,1113,0.8040854707710682,30,-0.29098185325568593,-36.18792576573388,direct_same_metric_and_denominator
qwen,qwen/epoch-020,epoch-020,20,140,False,generation_repeated_3gram,generation,0.5556372836524639,fraction,lower,30,measured,/vol/tmp2/yesildau/m1_eval_v2_matched_three_model_v3/results/qwen/epoch-020/generation_integrity/raw/20260824T163717Z_m1_qwen_epoch-020_generation/summary_metrics.json,44cdc634ff251d8223529c014564c8703046d3116ec5127d8850b1bac429a000,1113,0.20856557935534573,30,0.3470717042971182,166.40890858879033,direct_same_metric_and_denominator
qwen,qwen/epoch-020,epoch-020,20,140,False,generation_repeated_4gram,generation,0.5283770770603323,fraction,lower,30,measured,/vol/tmp2/yesildau/m1_eval_v2_matched_three_model_v3/results/qwen/epoch-020/generation_integrity/raw/20260824T163717Z_m1_qwen_epoch-020_generation/summary_metrics.json,44cdc634ff251d8223529c014564c8703046d3116ec5127d8850b1bac429a000,1113,,,,,no_m0_reference
qwen,qwen/epoch-020,epoch-020,20,140,False,generation_ppl,generation,22.16229376394881,PPL,lower,301239,measured,/vol/tmp2/yesildau/m1_eval_v2_matched_three_model_v3/results/qwen/epoch-020/generation_integrity/raw/20260824T163717Z_m1_qwen_epoch-020_generation/summary_metrics.json,44cdc634ff251d8223529c014564c8703046d3116ec5127d8850b1bac429a000,1113,14.69939791395479,301239,7.46289584999402,50.77007843232247,direct_same_metric_and_denominator
qwen,qwen/epoch-021,epoch-021,21,147,False,wikitext_bpb,wikitext,0.7365881483657257,bits/byte,lower,62,measured,/vol/tmp2/yesildau/m1_eval_v2_matched_three_model_v3/results/qwen/epoch-021/harness/raw/__vol__tmp2__yesildau__m1_matched_three_model_retry_v1__training__qwen__20260822T155241Z_m1_matched_epoch_dense_qwen_seed42_7c56e187__epoch_snapshots__epoch-021/results_2026-08-24T18-45-59.669918.json,3dda0fc3c23cb58b40f68bf96af6ecdae9975db01debca0e2bbf2984fd56ede4,12375,0.6725931618582224,62,0.06399498650750335,9.514665051113472,direct_same_metric_and_denominator
qwen,qwen/epoch-021,epoch-021,21,147,False,wikitext_word_ppl,wikitext,15.336195890328714,PPL,lower,62,measured,/vol/tmp2/yesildau/m1_eval_v2_matched_three_model_v3/results/qwen/epoch-021/harness/raw/__vol__tmp2__yesildau__m1_matched_three_model_retry_v1__training__qwen__20260822T155241Z_m1_matched_epoch_dense_qwen_seed42_7c56e187__epoch_snapshots__epoch-021/results_2026-08-24T18-45-59.669918.json,3dda0fc3c23cb58b40f68bf96af6ecdae9975db01debca0e2bbf2984fd56ede4,12375,12.097681956432362,62,3.2385139338963516,26.7697063417544,direct_same_metric_and_denominator
qwen,qwen/epoch-021,epoch-021,21,147,False,wikitext_byte_ppl,wikitext,1.6662306812142458,PPL,lower,62,measured,/vol/tmp2/yesildau/m1_eval_v2_matched_three_model_v3/results/qwen/epoch-021/harness/raw/__vol__tmp2__yesildau__m1_matched_three_model_retry_v1__training__qwen__20260822T155241Z_m1_matched_epoch_dense_qwen_seed42_7c56e187__epoch_snapshots__epoch-021/results_2026-08-24T18-45-59.669918.json,3dda0fc3c23cb58b40f68bf96af6ecdae9975db01debca0e2bbf2984fd56ede4,12375,1.5939354019689935,62,0.07229527924525225,4.535646749293959,direct_same_metric_and_denominator
qwen,qwen/epoch-021,epoch-021,21,147,False,exact_prefix_top1_accuracy,exact_prefix,1.0,fraction,higher,500,measured,/vol/tmp2/yesildau/m1_eval_v2_matched_three_model_v3/results/qwen/epoch-021/exact_prefix/raw/20260824T171829Z_2a924820/summary_metrics.json,1544424ebaf0081ae0ac239b62408d47144292b66d0592529a41b880853a0197,1711,0.03,500,0.97,3233.3333333333335,direct_same_metric_and_denominator
qwen,qwen/epoch-021,epoch-021,21,147,False,exact_prefix_top5_accuracy,exact_prefix,1.0,fraction,higher,500,measured,/vol/tmp2/yesildau/m1_eval_v2_matched_three_model_v3/results/qwen/epoch-021/exact_prefix/raw/20260824T171829Z_2a924820/summary_metrics.json,1544424ebaf0081ae0ac239b62408d47144292b66d0592529a41b880853a0197,1711,,,,,no_m0_reference
qwen,qwen/epoch-021,epoch-021,21,147,False,exact_prefix_mrr,exact_prefix,1.0,fraction,higher,500,measured,/vol/tmp2/yesildau/m1_eval_v2_matched_three_model_v3/results/qwen/epoch-021/exact_prefix/raw/20260824T171829Z_2a924820/summary_metrics.json,1544424ebaf0081ae0ac239b62408d47144292b66d0592529a41b880853a0197,1711,,,,,no_m0_reference
qwen,qwen/epoch-021,epoch-021,21,147,False,exact_prefix_mean_rank,exact_prefix,1,rank,lower,500,measured,/vol/tmp2/yesildau/m1_eval_v2_matched_three_model_v3/results/qwen/epoch-021/exact_prefix/raw/20260824T171829Z_2a924820/summary_metrics.json,1544424ebaf0081ae0ac239b62408d47144292b66d0592529a41b880853a0197,1711,,,,,no_m0_reference
qwen,qwen/epoch-021,epoch-021,21,147,False,exact_prefix_mean_score_margin,exact_prefix,5.070615051335443,logprob,higher,500,measured,/vol/tmp2/yesildau/m1_eval_v2_matched_three_model_v3/results/qwen/epoch-021/exact_prefix/raw/20260824T171829Z_2a924820/summary_metrics.json,1544424ebaf0081ae0ac239b62408d47144292b66d0592529a41b880853a0197,1711,,,,,no_m0_reference
qwen,qwen/epoch-021,epoch-021,21,147,False,factual_cheap_top1_count,factual_cheap,1036,count,higher,1500,completed,/vol/tmp2/yesildau/m1_eval_v2_matched_three_model_v3/results/qwen/epoch-021/factual_cheap/raw/summary.json,d668185a0f54a2edf0020f31bf4f168564aafd90478b44b02cc56cc04ea0e32d,324,,,,,no_m0_reference
qwen,qwen/epoch-021,epoch-021,21,147,False,turkish_bpb,turkish_cross_domain,1.4784582114537173,bits/byte,lower,9114536,measured,/vol/tmp2/yesildau/m1_eval_v2_matched_three_model_v3/results/qwen/epoch-021/turkish_perplexity/raw/trwiki_cross_domain/summary.json,b354be6616f8d05fed3b6ae511d342486c51ecdf3a3df35265f1978758267e52,940,1.2466700436547986,9114536,0.23178816779891864,18.59258341681149,direct_same_metric_and_denominator
qwen,qwen/epoch-021,epoch-021,21,147,False,turkish_ppl,turkish_cross_domain,19.232955552665874,PPL,lower,9114536,measured,/vol/tmp2/yesildau/m1_eval_v2_matched_three_model_v3/results/qwen/epoch-021/turkish_perplexity/raw/trwiki_cross_domain/summary.json,b354be6616f8d05fed3b6ae511d342486c51ecdf3a3df35265f1978758267e52,940,12.09865824277937,9114536,7.134297309886504,58.967673660377514,direct_same_metric_and_denominator
qwen,qwen/epoch-021,epoch-021,21,147,False,turkish_byte_ppl,turkish_cross_domain,2.7865078379266794,PPL,lower,9114536,measured,/vol/tmp2/yesildau/m1_eval_v2_matched_three_model_v3/results/qwen/epoch-021/turkish_perplexity/raw/trwiki_cross_domain/summary.json,b354be6616f8d05fed3b6ae511d342486c51ecdf3a3df35265f1978758267e52,940,2.3729308242478306,9114536,0.4135770136788488,17.428953657338244,direct_same_metric_and_denominator
qwen,qwen/epoch-021,epoch-021,21,147,False,generation_top1_accuracy,generation,0.9666666666666667,fraction,higher,30,measured,/vol/tmp2/yesildau/m1_eval_v2_matched_three_model_v3/results/qwen/epoch-021/generation_integrity/raw/20260824T171945Z_m1_qwen_epoch-021_generation/summary_metrics.json,257ee04d838e4c602a9a586cc0aa15956e129a8c658293f5f3bf7d3eddf8a6e4,1110,0.9,30,0.06666666666666665,7.407407407407406,direct_same_metric_and_denominator
qwen,qwen/epoch-021,epoch-021,21,147,False,generation_empty_or_near_empty,generation,0,count,lower,30,measured,/vol/tmp2/yesildau/m1_eval_v2_matched_three_model_v3/results/qwen/epoch-021/generation_integrity/raw/20260824T171945Z_m1_qwen_epoch-021_generation/summary_metrics.json,257ee04d838e4c602a9a586cc0aa15956e129a8c658293f5f3bf7d3eddf8a6e4,1110,0,30,0,,direct_same_metric_and_denominator
qwen,qwen/epoch-021,epoch-021,21,147,False,generation_distinct_2,generation,0.5077330077330078,fraction,higher,30,measured,/vol/tmp2/yesildau/m1_eval_v2_matched_three_model_v3/results/qwen/epoch-021/generation_integrity/raw/20260824T171945Z_m1_qwen_epoch-021_generation/summary_metrics.json,257ee04d838e4c602a9a586cc0aa15956e129a8c658293f5f3bf7d3eddf8a6e4,1110,0.8040854707710682,30,-0.2963524630380604,-36.85584105305083,direct_same_metric_and_denominator
qwen,qwen/epoch-021,epoch-021,21,147,False,generation_repeated_3gram,generation,0.5548387096774193,fraction,lower,30,measured,/vol/tmp2/yesildau/m1_eval_v2_matched_three_model_v3/results/qwen/epoch-021/generation_integrity/raw/20260824T171945Z_m1_qwen_epoch-021_generation/summary_metrics.json,257ee04d838e4c602a9a586cc0aa15956e129a8c658293f5f3bf7d3eddf8a6e4,1110,0.20856557935534573,30,0.34627313032207363,166.02601991774839,direct_same_metric_and_denominator
qwen,qwen/epoch-021,epoch-021,21,147,False,generation_repeated_4gram,generation,0.5208643815201192,fraction,lower,30,measured,/vol/tmp2/yesildau/m1_eval_v2_matched_three_model_v3/results/qwen/epoch-021/generation_integrity/raw/20260824T171945Z_m1_qwen_epoch-021_generation/summary_metrics.json,257ee04d838e4c602a9a586cc0aa15956e129a8c658293f5f3bf7d3eddf8a6e4,1110,,,,,no_m0_reference
qwen,qwen/epoch-021,epoch-021,21,147,False,generation_ppl,generation,22.16740076412366,PPL,lower,301239,measured,/vol/tmp2/yesildau/m1_eval_v2_matched_three_model_v3/results/qwen/epoch-021/generation_integrity/raw/20260824T171945Z_m1_qwen_epoch-021_generation/summary_metrics.json,257ee04d838e4c602a9a586cc0aa15956e129a8c658293f5f3bf7d3eddf8a6e4,1110,14.69939791395479,301239,7.468002850168869,50.804821353119245,direct_same_metric_and_denominator
qwen,qwen/epoch-022,epoch-022,22,154,False,wikitext_bpb,wikitext,0.7365892662772774,bits/byte,lower,62,measured,/vol/tmp2/yesildau/m1_eval_v2_matched_three_model_v3/results/qwen/epoch-022/harness/raw/__vol__tmp2__yesildau__m1_matched_three_model_retry_v1__training__qwen__20260822T155241Z_m1_matched_epoch_dense_qwen_seed42_7c56e187__epoch_snapshots__epoch-022/results_2026-08-24T18-47-17.051664.json,768b091a837e81e5e1b17834f1c532b1ddaa487b8ef36ea06d5b0fa31bdc084e,12306,0.6725931618582224,62,0.06399610441905501,9.514831260289398,direct_same_metric_and_denominator
qwen,qwen/epoch-022,epoch-022,22,154,False,wikitext_word_ppl,wikitext,15.336259437794531,PPL,lower,62,measured,/vol/tmp2/yesildau/m1_eval_v2_matched_three_model_v3/results/qwen/epoch-022/harness/raw/__vol__tmp2__yesildau__m1_matched_three_model_retry_v1__training__qwen__20260822T155241Z_m1_matched_epoch_dense_qwen_seed42_7c56e187__epoch_snapshots__epoch-022/results_2026-08-24T18-47-17.051664.json,768b091a837e81e5e1b17834f1c532b1ddaa487b8ef36ea06d5b0fa31bdc084e,12306,12.097681956432362,62,3.238577481362169,26.77023162805343,direct_same_metric_and_denominator
qwen,qwen/epoch-022,epoch-022,22,154,False,wikitext_byte_ppl,wikitext,1.6662319723389778,PPL,lower,62,measured,/vol/tmp2/yesildau/m1_eval_v2_matched_three_model_v3/results/qwen/epoch-022/harness/raw/__vol__tmp2__yesildau__m1_matched_three_model_retry_v1__training__qwen__20260822T155241Z_m1_matched_epoch_dense_qwen_seed42_7c56e187__epoch_snapshots__epoch-022/results_2026-08-24T18-47-17.051664.json,768b091a837e81e5e1b17834f1c532b1ddaa487b8ef36ea06d5b0fa31bdc084e,12306,1.5939354019689935,62,0.07229657036998427,4.535727751618797,direct_same_metric_and_denominator
qwen,qwen/epoch-022,epoch-022,22,154,False,exact_prefix_top1_accuracy,exact_prefix,1.0,fraction,higher,500,measured,/vol/tmp2/yesildau/m1_eval_v2_matched_three_model_v3/results/qwen/epoch-022/exact_prefix/raw/20260824T172020Z_0df9d6e2/summary_metrics.json,79fe647d756ea9523020dd28d4557b979bc030033784ee553739eaf6a9fe478e,1712,0.03,500,0.97,3233.3333333333335,direct_same_metric_and_denominator
qwen,qwen/epoch-022,epoch-022,22,154,False,exact_prefix_top5_accuracy,exact_prefix,1.0,fraction,higher,500,measured,/vol/tmp2/yesildau/m1_eval_v2_matched_three_model_v3/results/qwen/epoch-022/exact_prefix/raw/20260824T172020Z_0df9d6e2/summary_metrics.json,79fe647d756ea9523020dd28d4557b979bc030033784ee553739eaf6a9fe478e,1712,,,,,no_m0_reference
qwen,qwen/epoch-022,epoch-022,22,154,False,exact_prefix_mrr,exact_prefix,1.0,fraction,higher,500,measured,/vol/tmp2/yesildau/m1_eval_v2_matched_three_model_v3/results/qwen/epoch-022/exact_prefix/raw/20260824T172020Z_0df9d6e2/summary_metrics.json,79fe647d756ea9523020dd28d4557b979bc030033784ee553739eaf6a9fe478e,1712,,,,,no_m0_reference
qwen,qwen/epoch-022,epoch-022,22,154,False,exact_prefix_mean_rank,exact_prefix,1,rank,lower,500,measured,/vol/tmp2/yesildau/m1_eval_v2_matched_three_model_v3/results/qwen/epoch-022/exact_prefix/raw/20260824T172020Z_0df9d6e2/summary_metrics.json,79fe647d756ea9523020dd28d4557b979bc030033784ee553739eaf6a9fe478e,1712,,,,,no_m0_reference
qwen,qwen/epoch-022,epoch-022,22,154,False,exact_prefix_mean_score_margin,exact_prefix,5.079429400101638,logprob,higher,500,measured,/vol/tmp2/yesildau/m1_eval_v2_matched_three_model_v3/results/qwen/epoch-022/exact_prefix/raw/20260824T172020Z_0df9d6e2/summary_metrics.json,79fe647d756ea9523020dd28d4557b979bc030033784ee553739eaf6a9fe478e,1712,,,,,no_m0_reference
qwen,qwen/epoch-022,epoch-022,22,154,False,factual_cheap_top1_count,factual_cheap,1032,count,higher,1500,completed,/vol/tmp2/yesildau/m1_eval_v2_matched_three_model_v3/results/qwen/epoch-022/factual_cheap/raw/summary.json,d3bc5280b174849b40b597ea057e224512dcebb97566e9d7de34e10119d73978,324,,,,,no_m0_reference
qwen,qwen/epoch-022,epoch-022,22,154,False,turkish_bpb,turkish_cross_domain,1.4785792860469997,bits/byte,lower,9114536,measured,/vol/tmp2/yesildau/m1_eval_v2_matched_three_model_v3/results/qwen/epoch-022/turkish_perplexity/raw/trwiki_cross_domain/summary.json,e9134060c16f2186259588cc8525874130211c8e831c17d2692f4bc16b1d25dc,938,1.2466700436547986,9114536,0.23190924239220112,18.602295256275244,direct_same_metric_and_denominator
qwen,qwen/epoch-022,epoch-022,22,154,False,turkish_ppl,turkish_cross_domain,19.237612902397807,PPL,lower,9114536,measured,/vol/tmp2/yesildau/m1_eval_v2_matched_three_model_v3/results/qwen/epoch-022/turkish_perplexity/raw/trwiki_cross_domain/summary.json,e9134060c16f2186259588cc8525874130211c8e831c17d2692f4bc16b1d25dc,938,12.09865824277937,9114536,7.138954659618436,59.00616842267657,direct_same_metric_and_denominator
qwen,qwen/epoch-022,epoch-022,22,154,False,turkish_byte_ppl,turkish_cross_domain,2.7867416984797972,PPL,lower,9114536,measured,/vol/tmp2/yesildau/m1_eval_v2_matched_three_model_v3/results/qwen/epoch-022/turkish_perplexity/raw/trwiki_cross_domain/summary.json,e9134060c16f2186259588cc8525874130211c8e831c17d2692f4bc16b1d25dc,938,2.3729308242478306,9114536,0.4138108742319666,17.438809003761666,direct_same_metric_and_denominator
qwen,qwen/epoch-022,epoch-022,22,154,False,generation_top1_accuracy,generation,0.9666666666666667,fraction,higher,30,measured,/vol/tmp2/yesildau/m1_eval_v2_matched_three_model_v3/results/qwen/epoch-022/generation_integrity/raw/20260824T172141Z_m1_qwen_epoch-022_generation/summary_metrics.json,c2fe55f0c26672e256a82db93897d93d86f62003a7d4c81fb0dd045079194ad0,1111,0.9,30,0.06666666666666665,7.407407407407406,direct_same_metric_and_denominator
qwen,qwen/epoch-022,epoch-022,22,154,False,generation_empty_or_near_empty,generation,0,count,lower,30,measured,/vol/tmp2/yesildau/m1_eval_v2_matched_three_model_v3/results/qwen/epoch-022/generation_integrity/raw/20260824T172141Z_m1_qwen_epoch-022_generation/summary_metrics.json,c2fe55f0c26672e256a82db93897d93d86f62003a7d4c81fb0dd045079194ad0,1111,0,30,0,,direct_same_metric_and_denominator
qwen,qwen/epoch-022,epoch-022,22,154,False,generation_distinct_2,generation,0.5217053534700593,fraction,higher,30,measured,/vol/tmp2/yesildau/m1_eval_v2_matched_three_model_v3/results/qwen/epoch-022/generation_integrity/raw/20260824T172141Z_m1_qwen_epoch-022_generation/summary_metrics.json,c2fe55f0c26672e256a82db93897d93d86f62003a7d4c81fb0dd045079194ad0,1111,0.8040854707710682,30,-0.28238011730100887,-35.11817183193521,direct_same_metric_and_denominator
qwen,qwen/epoch-022,epoch-022,22,154,False,generation_repeated_3gram,generation,0.5367899062307664,fraction,lower,30,measured,/vol/tmp2/yesildau/m1_eval_v2_matched_three_model_v3/results/qwen/epoch-022/generation_integrity/raw/20260824T172141Z_m1_qwen_epoch-022_generation/summary_metrics.json,c2fe55f0c26672e256a82db93897d93d86f62003a7d4c81fb0dd045079194ad0,1111,0.20856557935534573,30,0.3282243268754207,157.37224133048588,direct_same_metric_and_denominator
qwen,qwen/epoch-022,epoch-022,22,154,False,generation_repeated_4gram,generation,0.500230049489638,fraction,lower,30,measured,/vol/tmp2/yesildau/m1_eval_v2_matched_three_model_v3/results/qwen/epoch-022/generation_integrity/raw/20260824T172141Z_m1_qwen_epoch-022_generation/summary_metrics.json,c2fe55f0c26672e256a82db93897d93d86f62003a7d4c81fb0dd045079194ad0,1111,,,,,no_m0_reference
qwen,qwen/epoch-022,epoch-022,22,154,False,generation_ppl,generation,22.17250081878094,PPL,lower,301239,measured,/vol/tmp2/yesildau/m1_eval_v2_matched_three_model_v3/results/qwen/epoch-022/generation_integrity/raw/20260824T172141Z_m1_qwen_epoch-022_generation/summary_metrics.json,c2fe55f0c26672e256a82db93897d93d86f62003a7d4c81fb0dd045079194ad0,1111,14.69939791395479,301239,7.473102904826149,50.8395170235619,direct_same_metric_and_denominator
qwen,qwen/epoch-023,epoch-023,23,161,False,wikitext_bpb,wikitext,0.7365859125426227,bits/byte,lower,62,measured,/vol/tmp2/yesildau/m1_eval_v2_matched_three_model_v3/results/qwen/epoch-023/harness/raw/__vol__tmp2__yesildau__m1_matched_three_model_retry_v1__training__qwen__20260822T155241Z_m1_matched_epoch_dense_qwen_seed42_7c56e187__epoch_snapshots__epoch-023/results_2026-08-24T19-28-24.407065.json,4745f50e3b12c44b6b1201faf4ac32c3ffa7e33060834e5384f06aab29fe3876,12374,0.6725931618582224,62,0.06399275068440036,9.514332632761667,direct_same_metric_and_denominator
qwen,qwen/epoch-023,epoch-023,23,161,False,wikitext_word_ppl,wikitext,15.336068796187018,PPL,lower,62,measured,/vol/tmp2/yesildau/m1_eval_v2_matched_three_model_v3/results/qwen/epoch-023/harness/raw/__vol__tmp2__yesildau__m1_matched_three_model_retry_v1__training__qwen__20260822T155241Z_m1_matched_epoch_dense_qwen_seed42_7c56e187__epoch_snapshots__epoch-023/results_2026-08-24T19-28-24.407065.json,4745f50e3b12c44b6b1201faf4ac32c3ffa7e33060834e5384f06aab29fe3876,12374,12.097681956432362,62,3.2383868397546554,26.768655775686007,direct_same_metric_and_denominator
qwen,qwen/epoch-023,epoch-023,23,161,False,wikitext_byte_ppl,wikitext,1.6662280989677838,PPL,lower,62,measured,/vol/tmp2/yesildau/m1_eval_v2_matched_three_model_v3/results/qwen/epoch-023/harness/raw/__vol__tmp2__yesildau__m1_matched_three_model_retry_v1__training__qwen__20260822T155241Z_m1_matched_epoch_dense_qwen_seed42_7c56e187__epoch_snapshots__epoch-023/results_2026-08-24T19-28-24.407065.json,4745f50e3b12c44b6b1201faf4ac32c3ffa7e33060834e5384f06aab29fe3876,12374,1.5939354019689935,62,0.07229269699879026,4.535484744832623,direct_same_metric_and_denominator
qwen,qwen/epoch-023,epoch-023,23,161,False,exact_prefix_top1_accuracy,exact_prefix,1.0,fraction,higher,500,measured,/vol/tmp2/yesildau/m1_eval_v2_matched_three_model_v3/results/qwen/epoch-023/exact_prefix/raw/20260824T180103Z_1e137112/summary_metrics.json,ef18aaebd9bc070e4f520154d83412626c03b70ddb674836ef569cbb19ab3df2,1711,0.03,500,0.97,3233.3333333333335,direct_same_metric_and_denominator
qwen,qwen/epoch-023,epoch-023,23,161,False,exact_prefix_top5_accuracy,exact_prefix,1.0,fraction,higher,500,measured,/vol/tmp2/yesildau/m1_eval_v2_matched_three_model_v3/results/qwen/epoch-023/exact_prefix/raw/20260824T180103Z_1e137112/summary_metrics.json,ef18aaebd9bc070e4f520154d83412626c03b70ddb674836ef569cbb19ab3df2,1711,,,,,no_m0_reference
qwen,qwen/epoch-023,epoch-023,23,161,False,exact_prefix_mrr,exact_prefix,1.0,fraction,higher,500,measured,/vol/tmp2/yesildau/m1_eval_v2_matched_three_model_v3/results/qwen/epoch-023/exact_prefix/raw/20260824T180103Z_1e137112/summary_metrics.json,ef18aaebd9bc070e4f520154d83412626c03b70ddb674836ef569cbb19ab3df2,1711,,,,,no_m0_reference
qwen,qwen/epoch-023,epoch-023,23,161,False,exact_prefix_mean_rank,exact_prefix,1,rank,lower,500,measured,/vol/tmp2/yesildau/m1_eval_v2_matched_three_model_v3/results/qwen/epoch-023/exact_prefix/raw/20260824T180103Z_1e137112/summary_metrics.json,ef18aaebd9bc070e4f520154d83412626c03b70ddb674836ef569cbb19ab3df2,1711,,,,,no_m0_reference
qwen,qwen/epoch-023,epoch-023,23,161,False,exact_prefix_mean_score_margin,exact_prefix,5.087352100440067,logprob,higher,500,measured,/vol/tmp2/yesildau/m1_eval_v2_matched_three_model_v3/results/qwen/epoch-023/exact_prefix/raw/20260824T180103Z_1e137112/summary_metrics.json,ef18aaebd9bc070e4f520154d83412626c03b70ddb674836ef569cbb19ab3df2,1711,,,,,no_m0_reference
qwen,qwen/epoch-023,epoch-023,23,161,False,factual_cheap_top1_count,factual_cheap,1033,count,higher,1500,completed,/vol/tmp2/yesildau/m1_eval_v2_matched_three_model_v3/results/qwen/epoch-023/factual_cheap/raw/summary.json,92a23cbb49b13fc8eff38071f983c0aa8eaba09da658d336364ababb7b4150e5,324,,,,,no_m0_reference
qwen,qwen/epoch-023,epoch-023,23,161,False,turkish_bpb,turkish_cross_domain,1.4786785581166888,bits/byte,lower,9114536,measured,/vol/tmp2/yesildau/m1_eval_v2_matched_three_model_v3/results/qwen/epoch-023/turkish_perplexity/raw/trwiki_cross_domain/summary.json,94dd0f3f1b08b1a20715a7c4aa85863f85a4367a94309cb1421717916f349b9e,931,1.2466700436547986,9114536,0.2320085144618902,18.610258234947455,direct_same_metric_and_denominator
qwen,qwen/epoch-023,epoch-023,23,161,False,turkish_ppl,turkish_cross_domain,19.24143242069277,PPL,lower,9114536,measured,/vol/tmp2/yesildau/m1_eval_v2_matched_three_model_v3/results/qwen/epoch-023/turkish_perplexity/raw/trwiki_cross_domain/summary.json,94dd0f3f1b08b1a20715a7c4aa85863f85a4367a94309cb1421717916f349b9e,931,12.09865824277937,9114536,7.142774177913401,59.0377381903179,direct_same_metric_and_denominator
qwen,qwen/epoch-023,epoch-023,23,161,False,turkish_byte_ppl,turkish_cross_domain,2.786933461206145,PPL,lower,9114536,measured,/vol/tmp2/yesildau/m1_eval_v2_matched_three_model_v3/results/qwen/epoch-023/turkish_perplexity/raw/trwiki_cross_domain/summary.json,94dd0f3f1b08b1a20715a7c4aa85863f85a4367a94309cb1421717916f349b9e,931,2.3729308242478306,9114536,0.4140026369583145,17.446890264470508,direct_same_metric_and_denominator
qwen,qwen/epoch-023,epoch-023,23,161,False,generation_top1_accuracy,generation,0.9666666666666667,fraction,higher,30,measured,/vol/tmp2/yesildau/m1_eval_v2_matched_three_model_v3/results/qwen/epoch-023/generation_integrity/raw/20260824T180218Z_m1_qwen_epoch-023_generation/summary_metrics.json,183023b215d784f46072f8ba82fa524df9dcb5603bc25202f316bd94930875db,1112,0.9,30,0.06666666666666665,7.407407407407406,direct_same_metric_and_denominator
qwen,qwen/epoch-023,epoch-023,23,161,False,generation_empty_or_near_empty,generation,0,count,lower,30,measured,/vol/tmp2/yesildau/m1_eval_v2_matched_three_model_v3/results/qwen/epoch-023/generation_integrity/raw/20260824T180218Z_m1_qwen_epoch-023_generation/summary_metrics.json,183023b215d784f46072f8ba82fa524df9dcb5603bc25202f316bd94930875db,1112,0,30,0,,direct_same_metric_and_denominator
qwen,qwen/epoch-023,epoch-023,23,161,False,generation_distinct_2,generation,0.4709150326797385,fraction,higher,30,measured,/vol/tmp2/yesildau/m1_eval_v2_matched_three_model_v3/results/qwen/epoch-023/generation_integrity/raw/20260824T180218Z_m1_qwen_epoch-023_generation/summary_metrics.json,183023b215d784f46072f8ba82fa524df9dcb5603bc25202f316bd94930875db,1112,0.8040854707710682,30,-0.3331704380913297,-41.43470441915085,direct_same_metric_and_denominator
qwen,qwen/epoch-023,epoch-023,23,161,False,generation_repeated_3gram,generation,0.5814597588791137,fraction,lower,30,measured,/vol/tmp2/yesildau/m1_eval_v2_matched_three_model_v3/results/qwen/epoch-023/generation_integrity/raw/20260824T180218Z_m1_qwen_epoch-023_generation/summary_metrics.json,183023b215d784f46072f8ba82fa524df9dcb5603bc25202f316bd94930875db,1112,0.20856557935534573,30,0.372894179523768,178.78989461077168,direct_same_metric_and_denominator
qwen,qwen/epoch-023,epoch-023,23,161,False,generation_repeated_4gram,generation,0.5600068306010928,fraction,lower,30,measured,/vol/tmp2/yesildau/m1_eval_v2_matched_three_model_v3/results/qwen/epoch-023/generation_integrity/raw/20260824T180218Z_m1_qwen_epoch-023_generation/summary_metrics.json,183023b215d784f46072f8ba82fa524df9dcb5603bc25202f316bd94930875db,1112,,,,,no_m0_reference
qwen,qwen/epoch-023,epoch-023,23,161,False,generation_ppl,generation,22.172128878238638,PPL,lower,301239,measured,/vol/tmp2/yesildau/m1_eval_v2_matched_three_model_v3/results/qwen/epoch-023/generation_integrity/raw/20260824T180218Z_m1_qwen_epoch-023_generation/summary_metrics.json,183023b215d784f46072f8ba82fa524df9dcb5603bc25202f316bd94930875db,1112,14.69939791395479,301239,7.472730964283848,50.83698671215406,direct_same_metric_and_denominator
qwen,qwen/epoch-024,epoch-024,24,168,False,wikitext_bpb,wikitext,0.7365881483657257,bits/byte,lower,62,measured,/vol/tmp2/yesildau/m1_eval_v2_matched_three_model_v3/results/qwen/epoch-024/harness/raw/__vol__tmp2__yesildau__m1_matched_three_model_retry_v1__training__qwen__20260822T155241Z_m1_matched_epoch_dense_qwen_seed42_7c56e187__epoch_snapshots__epoch-024/results_2026-08-24T19-30-29.656980.json,a0a8a4267e34ec7fdbb67c1d0c3403d7c6aba18ff2317eb28dc8075a3d4d7deb,12304,0.6725931618582224,62,0.06399498650750335,9.514665051113472,direct_same_metric_and_denominator
qwen,qwen/epoch-024,epoch-024,24,168,False,wikitext_word_ppl,wikitext,15.336195890328714,PPL,lower,62,measured,/vol/tmp2/yesildau/m1_eval_v2_matched_three_model_v3/results/qwen/epoch-024/harness/raw/__vol__tmp2__yesildau__m1_matched_three_model_retry_v1__training__qwen__20260822T155241Z_m1_matched_epoch_dense_qwen_seed42_7c56e187__epoch_snapshots__epoch-024/results_2026-08-24T19-30-29.656980.json,a0a8a4267e34ec7fdbb67c1d0c3403d7c6aba18ff2317eb28dc8075a3d4d7deb,12304,12.097681956432362,62,3.2385139338963516,26.7697063417544,direct_same_metric_and_denominator
qwen,qwen/epoch-024,epoch-024,24,168,False,wikitext_byte_ppl,wikitext,1.6662306812142458,PPL,lower,62,measured,/vol/tmp2/yesildau/m1_eval_v2_matched_three_model_v3/results/qwen/epoch-024/harness/raw/__vol__tmp2__yesildau__m1_matched_three_model_retry_v1__training__qwen__20260822T155241Z_m1_matched_epoch_dense_qwen_seed42_7c56e187__epoch_snapshots__epoch-024/results_2026-08-24T19-30-29.656980.json,a0a8a4267e34ec7fdbb67c1d0c3403d7c6aba18ff2317eb28dc8075a3d4d7deb,12304,1.5939354019689935,62,0.07229527924525225,4.535646749293959,direct_same_metric_and_denominator
qwen,qwen/epoch-024,epoch-024,24,168,False,exact_prefix_top1_accuracy,exact_prefix,1.0,fraction,higher,500,measured,/vol/tmp2/yesildau/m1_eval_v2_matched_three_model_v3/results/qwen/epoch-024/exact_prefix/raw/20260824T180337Z_e68fa1d7/summary_metrics.json,d25b7bde76b9f1b0fb110a3b5fdc6a1ff7efe1cefcb14d9ae274cea98d35faca,1712,0.03,500,0.97,3233.3333333333335,direct_same_metric_and_denominator
qwen,qwen/epoch-024,epoch-024,24,168,False,exact_prefix_top5_accuracy,exact_prefix,1.0,fraction,higher,500,measured,/vol/tmp2/yesildau/m1_eval_v2_matched_three_model_v3/results/qwen/epoch-024/exact_prefix/raw/20260824T180337Z_e68fa1d7/summary_metrics.json,d25b7bde76b9f1b0fb110a3b5fdc6a1ff7efe1cefcb14d9ae274cea98d35faca,1712,,,,,no_m0_reference
qwen,qwen/epoch-024,epoch-024,24,168,False,exact_prefix_mrr,exact_prefix,1.0,fraction,higher,500,measured,/vol/tmp2/yesildau/m1_eval_v2_matched_three_model_v3/results/qwen/epoch-024/exact_prefix/raw/20260824T180337Z_e68fa1d7/summary_metrics.json,d25b7bde76b9f1b0fb110a3b5fdc6a1ff7efe1cefcb14d9ae274cea98d35faca,1712,,,,,no_m0_reference
qwen,qwen/epoch-024,epoch-024,24,168,False,exact_prefix_mean_rank,exact_prefix,1,rank,lower,500,measured,/vol/tmp2/yesildau/m1_eval_v2_matched_three_model_v3/results/qwen/epoch-024/exact_prefix/raw/20260824T180337Z_e68fa1d7/summary_metrics.json,d25b7bde76b9f1b0fb110a3b5fdc6a1ff7efe1cefcb14d9ae274cea98d35faca,1712,,,,,no_m0_reference
qwen,qwen/epoch-024,epoch-024,24,168,False,exact_prefix_mean_score_margin,exact_prefix,5.0997596630098325,logprob,higher,500,measured,/vol/tmp2/yesildau/m1_eval_v2_matched_three_model_v3/results/qwen/epoch-024/exact_prefix/raw/20260824T180337Z_e68fa1d7/summary_metrics.json,d25b7bde76b9f1b0fb110a3b5fdc6a1ff7efe1cefcb14d9ae274cea98d35faca,1712,,,,,no_m0_reference
qwen,qwen/epoch-024,epoch-024,24,168,False,factual_cheap_top1_count,factual_cheap,1030,count,higher,1500,completed,/vol/tmp2/yesildau/m1_eval_v2_matched_three_model_v3/results/qwen/epoch-024/factual_cheap/raw/summary.json,748e60a09b309b5c8e16d9315fadf9e5c618e6b7c5539b250063a4ccef1716de,324,,,,,no_m0_reference
qwen,qwen/epoch-024,epoch-024,24,168,False,turkish_bpb,turkish_cross_domain,1.4787773539895512,bits/byte,lower,9114536,measured,/vol/tmp2/yesildau/m1_eval_v2_matched_three_model_v3/results/qwen/epoch-024/turkish_perplexity/raw/trwiki_cross_domain/summary.json,956049e89d302dd0f49e60c5f7e1b26360331e61281c5903764063b0c9a19463,937,1.2466700436547986,9114536,0.23210731033475263,18.61818301611672,direct_same_metric_and_denominator
qwen,qwen/epoch-024,epoch-024,24,168,False,turkish_ppl,turkish_cross_domain,19.245234370088447,PPL,lower,9114536,measured,/vol/tmp2/yesildau/m1_eval_v2_matched_three_model_v3/results/qwen/epoch-024/turkish_perplexity/raw/trwiki_cross_domain/summary.json,956049e89d302dd0f49e60c5f7e1b26360331e61281c5903764063b0c9a19463,937,12.09865824277937,9114536,7.146576127309077,59.06916274434185,direct_same_metric_and_denominator
qwen,qwen/epoch-024,epoch-024,24,168,False,turkish_byte_ppl,turkish_cross_domain,2.7871243171693862,PPL,lower,9114536,measured,/vol/tmp2/yesildau/m1_eval_v2_matched_three_model_v3/results/qwen/epoch-024/turkish_perplexity/raw/trwiki_cross_domain/summary.json,956049e89d302dd0f49e60c5f7e1b26360331e61281c5903764063b0c9a19463,937,2.3729308242478306,9114536,0.4141934929215556,17.454933312387908,direct_same_metric_and_denominator
qwen,qwen/epoch-024,epoch-024,24,168,False,generation_top1_accuracy,generation,0.9666666666666667,fraction,higher,30,measured,/vol/tmp2/yesildau/m1_eval_v2_matched_three_model_v3/results/qwen/epoch-024/generation_integrity/raw/20260824T180457Z_m1_qwen_epoch-024_generation/summary_metrics.json,5037390a0ca7bbdc404c99b6fd1d79d69122340f91c79f269f128e496d6ca7d6,1114,0.9,30,0.06666666666666665,7.407407407407406,direct_same_metric_and_denominator
qwen,qwen/epoch-024,epoch-024,24,168,False,generation_empty_or_near_empty,generation,0,count,lower,30,measured,/vol/tmp2/yesildau/m1_eval_v2_matched_three_model_v3/results/qwen/epoch-024/generation_integrity/raw/20260824T180457Z_m1_qwen_epoch-024_generation/summary_metrics.json,5037390a0ca7bbdc404c99b6fd1d79d69122340f91c79f269f128e496d6ca7d6,1114,0,30,0,,direct_same_metric_and_denominator
qwen,qwen/epoch-024,epoch-024,24,168,False,generation_distinct_2,generation,0.5052455170102229,fraction,higher,30,measured,/vol/tmp2/yesildau/m1_eval_v2_matched_three_model_v3/results/qwen/epoch-024/generation_integrity/raw/20260824T180457Z_m1_qwen_epoch-024_generation/summary_metrics.json,5037390a0ca7bbdc404c99b6fd1d79d69122340f91c79f269f128e496d6ca7d6,1114,0.8040854707710682,30,-0.29883995376084527,-37.16519755969179,direct_same_metric_and_denominator
qwen,qwen/epoch-024,epoch-024,24,168,False,generation_repeated_3gram,generation,0.5571801889866406,fraction,lower,30,measured,/vol/tmp2/yesildau/m1_eval_v2_matched_three_model_v3/results/qwen/epoch-024/generation_integrity/raw/20260824T180457Z_m1_qwen_epoch-024_generation/summary_metrics.json,5037390a0ca7bbdc404c99b6fd1d79d69122340f91c79f269f128e496d6ca7d6,1114,0.20856557935534573,30,0.34861460963129487,167.14867846785936,direct_same_metric_and_denominator
qwen,qwen/epoch-024,epoch-024,24,168,False,generation_repeated_4gram,generation,0.5251707650273223,fraction,lower,30,measured,/vol/tmp2/yesildau/m1_eval_v2_matched_three_model_v3/results/qwen/epoch-024/generation_integrity/raw/20260824T180457Z_m1_qwen_epoch-024_generation/summary_metrics.json,5037390a0ca7bbdc404c99b6fd1d79d69122340f91c79f269f128e496d6ca7d6,1114,,,,,no_m0_reference
qwen,qwen/epoch-024,epoch-024,24,168,False,generation_ppl,generation,22.177516450547145,PPL,lower,301239,measured,/vol/tmp2/yesildau/m1_eval_v2_matched_three_model_v3/results/qwen/epoch-024/generation_integrity/raw/20260824T180457Z_m1_qwen_epoch-024_generation/summary_metrics.json,5037390a0ca7bbdc404c99b6fd1d79d69122340f91c79f269f128e496d6ca7d6,1114,14.69939791395479,301239,7.478118536592355,50.8736383650996,direct_same_metric_and_denominator
qwen,qwen/epoch-025,epoch-025,25,175,False,wikitext_bpb,wikitext,0.7365903841888289,bits/byte,lower,62,measured,/vol/tmp2/yesildau/m1_eval_v2_matched_three_model_v3/results/qwen/epoch-025/harness/raw/__vol__tmp2__yesildau__m1_matched_three_model_retry_v1__training__qwen__20260822T155241Z_m1_matched_epoch_dense_qwen_seed42_7c56e187__epoch_snapshots__epoch-025/results_2026-08-24T20-10-56.737699.json,3fc586b24e17115b48d9a6929ae5c8ac04d0532f1307f4e1c9278abd9630391a,12374,0.6725931618582224,62,0.06399722233060656,9.514997469465307,direct_same_metric_and_denominator
qwen,qwen/epoch-025,epoch-025,25,175,False,wikitext_word_ppl,wikitext,15.336322985523672,PPL,lower,62,measured,/vol/tmp2/yesildau/m1_eval_v2_matched_three_model_v3/results/qwen/epoch-025/harness/raw/__vol__tmp2__yesildau__m1_matched_three_model_retry_v1__training__qwen__20260822T155241Z_m1_matched_epoch_dense_qwen_seed42_7c56e187__epoch_snapshots__epoch-025/results_2026-08-24T20-10-56.737699.json,3fc586b24e17115b48d9a6929ae5c8ac04d0532f1307f4e1c9278abd9630391a,12374,12.097681956432362,62,3.23864102909131,26.770756916529105,direct_same_metric_and_denominator
qwen,qwen/epoch-025,epoch-025,25,175,False,wikitext_byte_ppl,wikitext,1.66623326346471,PPL,lower,62,measured,/vol/tmp2/yesildau/m1_eval_v2_matched_three_model_v3/results/qwen/epoch-025/harness/raw/__vol__tmp2__yesildau__m1_matched_three_model_retry_v1__training__qwen__20260822T155241Z_m1_matched_epoch_dense_qwen_seed42_7c56e187__epoch_snapshots__epoch-025/results_2026-08-24T20-10-56.737699.json,3fc586b24e17115b48d9a6929ae5c8ac04d0532f1307f4e1c9278abd9630391a,12374,1.5939354019689935,62,0.07229786149571638,4.535808754006379,direct_same_metric_and_denominator
qwen,qwen/epoch-025,epoch-025,25,175,False,exact_prefix_top1_accuracy,exact_prefix,1.0,fraction,higher,500,measured,/vol/tmp2/yesildau/m1_eval_v2_matched_three_model_v3/results/qwen/epoch-025/exact_prefix/raw/20260824T184336Z_3c41bb2f/summary_metrics.json,8187442050d477cab05dc91d6437cb830f9cc008751213dfc2f2cef1fd8a9762,1707,0.03,500,0.97,3233.3333333333335,direct_same_metric_and_denominator
qwen,qwen/epoch-025,epoch-025,25,175,False,exact_prefix_top5_accuracy,exact_prefix,1.0,fraction,higher,500,measured,/vol/tmp2/yesildau/m1_eval_v2_matched_three_model_v3/results/qwen/epoch-025/exact_prefix/raw/20260824T184336Z_3c41bb2f/summary_metrics.json,8187442050d477cab05dc91d6437cb830f9cc008751213dfc2f2cef1fd8a9762,1707,,,,,no_m0_reference
qwen,qwen/epoch-025,epoch-025,25,175,False,exact_prefix_mrr,exact_prefix,1.0,fraction,higher,500,measured,/vol/tmp2/yesildau/m1_eval_v2_matched_three_model_v3/results/qwen/epoch-025/exact_prefix/raw/20260824T184336Z_3c41bb2f/summary_metrics.json,8187442050d477cab05dc91d6437cb830f9cc008751213dfc2f2cef1fd8a9762,1707,,,,,no_m0_reference
qwen,qwen/epoch-025,epoch-025,25,175,False,exact_prefix_mean_rank,exact_prefix,1,rank,lower,500,measured,/vol/tmp2/yesildau/m1_eval_v2_matched_three_model_v3/results/qwen/epoch-025/exact_prefix/raw/20260824T184336Z_3c41bb2f/summary_metrics.json,8187442050d477cab05dc91d6437cb830f9cc008751213dfc2f2cef1fd8a9762,1707,,,,,no_m0_reference
qwen,qwen/epoch-025,epoch-025,25,175,False,exact_prefix_mean_score_margin,exact_prefix,5.1107605374158,logprob,higher,500,measured,/vol/tmp2/yesildau/m1_eval_v2_matched_three_model_v3/results/qwen/epoch-025/exact_prefix/raw/20260824T184336Z_3c41bb2f/summary_metrics.json,8187442050d477cab05dc91d6437cb830f9cc008751213dfc2f2cef1fd8a9762,1707,,,,,no_m0_reference
qwen,qwen/epoch-025,epoch-025,25,175,False,factual_cheap_top1_count,factual_cheap,1031,count,higher,1500,completed,/vol/tmp2/yesildau/m1_eval_v2_matched_three_model_v3/results/qwen/epoch-025/factual_cheap/raw/summary.json,f8618598a598e7fe15e4e5eb57d091b1d313467f87ae52de05419f0f21d4d035,324,,,,,no_m0_reference
qwen,qwen/epoch-025,epoch-025,25,175,False,turkish_bpb,turkish_cross_domain,1.478889267077006,bits/byte,lower,9114536,measured,/vol/tmp2/yesildau/m1_eval_v2_matched_three_model_v3/results/qwen/epoch-025/turkish_perplexity/raw/trwiki_cross_domain/summary.json,ce25d02daf5cfc3ef551e7a68f461e046879d79dadff8136106bb8cfeb883527,937,1.2466700436547986,9114536,0.23221922342220735,18.627159977424515,direct_same_metric_and_denominator
qwen,qwen/epoch-025,epoch-025,25,175,False,turkish_ppl,turkish_cross_domain,19.249542015112567,PPL,lower,9114536,measured,/vol/tmp2/yesildau/m1_eval_v2_matched_three_model_v3/results/qwen/epoch-025/turkish_perplexity/raw/trwiki_cross_domain/summary.json,ce25d02daf5cfc3ef551e7a68f461e046879d79dadff8136106bb8cfeb883527,937,12.09865824277937,9114536,7.150883772333197,59.104767064570424,direct_same_metric_and_denominator
qwen,qwen/epoch-025,epoch-025,25,175,False,turkish_byte_ppl,turkish_cross_domain,2.7873405290346294,PPL,lower,9114536,measured,/vol/tmp2/yesildau/m1_eval_v2_matched_three_model_v3/results/qwen/epoch-025/turkish_perplexity/raw/trwiki_cross_domain/summary.json,ce25d02daf5cfc3ef551e7a68f461e046879d79dadff8136106bb8cfeb883527,937,2.3729308242478306,9114536,0.4144097047867987,17.46404490818471,direct_same_metric_and_denominator
qwen,qwen/epoch-025,epoch-025,25,175,False,generation_top1_accuracy,generation,0.9666666666666667,fraction,higher,30,measured,/vol/tmp2/yesildau/m1_eval_v2_matched_three_model_v3/results/qwen/epoch-025/generation_integrity/raw/20260824T184453Z_m1_qwen_epoch-025_generation/summary_metrics.json,32f55dc4c7478a49c334431f2924a4290030879da776a8f5a6137610c4c46992,1113,0.9,30,0.06666666666666665,7.407407407407406,direct_same_metric_and_denominator
qwen,qwen/epoch-025,epoch-025,25,175,False,generation_empty_or_near_empty,generation,0,count,lower,30,measured,/vol/tmp2/yesildau/m1_eval_v2_matched_three_model_v3/results/qwen/epoch-025/generation_integrity/raw/20260824T184453Z_m1_qwen_epoch-025_generation/summary_metrics.json,32f55dc4c7478a49c334431f2924a4290030879da776a8f5a6137610c4c46992,1113,0,30,0,,direct_same_metric_and_denominator
qwen,qwen/epoch-025,epoch-025,25,175,False,generation_distinct_2,generation,0.5391396969044028,fraction,higher,30,measured,/vol/tmp2/yesildau/m1_eval_v2_matched_three_model_v3/results/qwen/epoch-025/generation_integrity/raw/20260824T184453Z_m1_qwen_epoch-025_generation/summary_metrics.json,32f55dc4c7478a49c334431f2924a4290030879da776a8f5a6137610c4c46992,1113,0.8040854707710682,30,-0.2649457738666654,-32.949951652850885,direct_same_metric_and_denominator
qwen,qwen/epoch-025,epoch-025,25,175,False,generation_repeated_3gram,generation,0.5116458462172748,fraction,lower,30,measured,/vol/tmp2/yesildau/m1_eval_v2_matched_three_model_v3/results/qwen/epoch-025/generation_integrity/raw/20260824T184453Z_m1_qwen_epoch-025_generation/summary_metrics.json,32f55dc4c7478a49c334431f2924a4290030879da776a8f5a6137610c4c46992,1113,0.20856557935534573,30,0.3030802668619291,145.31653199857732,direct_same_metric_and_denominator
qwen,qwen/epoch-025,epoch-025,25,175,False,generation_repeated_4gram,generation,0.4747381602914389,fraction,lower,30,measured,/vol/tmp2/yesildau/m1_eval_v2_matched_three_model_v3/results/qwen/epoch-025/generation_integrity/raw/20260824T184453Z_m1_qwen_epoch-025_generation/summary_metrics.json,32f55dc4c7478a49c334431f2924a4290030879da776a8f5a6137610c4c46992,1113,,,,,no_m0_reference
qwen,qwen/epoch-025,epoch-025,25,175,False,generation_ppl,generation,22.17800593404709,PPL,lower,301239,measured,/vol/tmp2/yesildau/m1_eval_v2_matched_three_model_v3/results/qwen/epoch-025/generation_integrity/raw/20260824T184453Z_m1_qwen_epoch-025_generation/summary_metrics.json,32f55dc4c7478a49c334431f2924a4290030879da776a8f5a6137610c4c46992,1113,14.69939791395479,301239,7.478608020092299,50.87696832121624,direct_same_metric_and_denominator
qwen,qwen/epoch-026,epoch-026,26,182,False,wikitext_bpb,wikitext,0.7365905239277728,bits/byte,lower,62,measured,/vol/tmp2/yesildau/m1_eval_v2_matched_three_model_v3/results/qwen/epoch-026/harness/raw/__vol__tmp2__yesildau__m1_matched_three_model_retry_v1__training__qwen__20260822T155241Z_m1_matched_epoch_dense_qwen_seed42_7c56e187__epoch_snapshots__epoch-026/results_2026-08-24T20-13-41.889440.json,de476dd2769dc9fe6a44ca0e4cb618974a0785f71293180b99e76f664ff1efc1,12306,0.6725931618582224,62,0.06399736206955042,9.515018245612284,direct_same_metric_and_denominator
qwen,qwen/epoch-026,epoch-026,26,182,False,wikitext_word_ppl,wikitext,15.336330929008332,PPL,lower,62,measured,/vol/tmp2/yesildau/m1_eval_v2_matched_three_model_v3/results/qwen/epoch-026/harness/raw/__vol__tmp2__yesildau__m1_matched_three_model_retry_v1__training__qwen__20260822T155241Z_m1_matched_epoch_dense_qwen_seed42_7c56e187__epoch_snapshots__epoch-026/results_2026-08-24T20-13-41.889440.json,de476dd2769dc9fe6a44ca0e4cb618974a0785f71293180b99e76f664ff1efc1,12306,12.097681956432362,62,3.2386489725759695,26.770822577741626,direct_same_metric_and_denominator
qwen,qwen/epoch-026,epoch-026,26,182,False,wikitext_byte_ppl,wikitext,1.6662334248554969,PPL,lower,62,measured,/vol/tmp2/yesildau/m1_eval_v2_matched_three_model_v3/results/qwen/epoch-026/harness/raw/__vol__tmp2__yesildau__m1_matched_three_model_retry_v1__training__qwen__20260822T155241Z_m1_matched_epoch_dense_qwen_seed42_7c56e187__epoch_snapshots__epoch-026/results_2026-08-24T20-13-41.889440.json,de476dd2769dc9fe6a44ca0e4cb618974a0785f71293180b99e76f664ff1efc1,12306,1.5939354019689935,62,0.07229802288650333,4.535818879309247,direct_same_metric_and_denominator
qwen,qwen/epoch-026,epoch-026,26,182,False,exact_prefix_top1_accuracy,exact_prefix,1.0,fraction,higher,500,measured,/vol/tmp2/yesildau/m1_eval_v2_matched_three_model_v3/results/qwen/epoch-026/exact_prefix/raw/20260824T184646Z_72bfaae2/summary_metrics.json,0533fdb557ddd460b1a9ce4d5a5688a9e6b219a77eab7e7367795729513c5bf6,1711,0.03,500,0.97,3233.3333333333335,direct_same_metric_and_denominator
qwen,qwen/epoch-026,epoch-026,26,182,False,exact_prefix_top5_accuracy,exact_prefix,1.0,fraction,higher,500,measured,/vol/tmp2/yesildau/m1_eval_v2_matched_three_model_v3/results/qwen/epoch-026/exact_prefix/raw/20260824T184646Z_72bfaae2/summary_metrics.json,0533fdb557ddd460b1a9ce4d5a5688a9e6b219a77eab7e7367795729513c5bf6,1711,,,,,no_m0_reference
qwen,qwen/epoch-026,epoch-026,26,182,False,exact_prefix_mrr,exact_prefix,1.0,fraction,higher,500,measured,/vol/tmp2/yesildau/m1_eval_v2_matched_three_model_v3/results/qwen/epoch-026/exact_prefix/raw/20260824T184646Z_72bfaae2/summary_metrics.json,0533fdb557ddd460b1a9ce4d5a5688a9e6b219a77eab7e7367795729513c5bf6,1711,,,,,no_m0_reference
qwen,qwen/epoch-026,epoch-026,26,182,False,exact_prefix_mean_rank,exact_prefix,1,rank,lower,500,measured,/vol/tmp2/yesildau/m1_eval_v2_matched_three_model_v3/results/qwen/epoch-026/exact_prefix/raw/20260824T184646Z_72bfaae2/summary_metrics.json,0533fdb557ddd460b1a9ce4d5a5688a9e6b219a77eab7e7367795729513c5bf6,1711,,,,,no_m0_reference
qwen,qwen/epoch-026,epoch-026,26,182,False,exact_prefix_mean_score_margin,exact_prefix,5.124132156810922,logprob,higher,500,measured,/vol/tmp2/yesildau/m1_eval_v2_matched_three_model_v3/results/qwen/epoch-026/exact_prefix/raw/20260824T184646Z_72bfaae2/summary_metrics.json,0533fdb557ddd460b1a9ce4d5a5688a9e6b219a77eab7e7367795729513c5bf6,1711,,,,,no_m0_reference
qwen,qwen/epoch-026,epoch-026,26,182,False,factual_cheap_top1_count,factual_cheap,1028,count,higher,1500,completed,/vol/tmp2/yesildau/m1_eval_v2_matched_three_model_v3/results/qwen/epoch-026/factual_cheap/raw/summary.json,281385b8d02677b86d298e3d56143ee6abc5fdc56c2531ad680ff75a4ab8805b,324,,,,,no_m0_reference
qwen,qwen/epoch-026,epoch-026,26,182,False,turkish_bpb,turkish_cross_domain,1.478956217600847,bits/byte,lower,9114536,measured,/vol/tmp2/yesildau/m1_eval_v2_matched_three_model_v3/results/qwen/epoch-026/turkish_perplexity/raw/trwiki_cross_domain/summary.json,efa7261ff130cbc8383852b88062b07b16847ddf53186969ff3a1b92360ca169,934,1.2466700436547986,9114536,0.23228617394604845,18.632530325752192,direct_same_metric_and_denominator
qwen,qwen/epoch-026,epoch-026,26,182,False,turkish_ppl,turkish_cross_domain,19.25211946767595,PPL,lower,9114536,measured,/vol/tmp2/yesildau/m1_eval_v2_matched_three_model_v3/results/qwen/epoch-026/turkish_perplexity/raw/trwiki_cross_domain/summary.json,efa7261ff130cbc8383852b88062b07b16847ddf53186969ff3a1b92360ca169,934,12.09865824277937,9114536,7.15346122489658,59.126070687762876,direct_same_metric_and_denominator
qwen,qwen/epoch-026,epoch-026,26,182,False,turkish_byte_ppl,turkish_cross_domain,2.787469882940601,PPL,lower,9114536,measured,/vol/tmp2/yesildau/m1_eval_v2_matched_three_model_v3/results/qwen/epoch-026/turkish_perplexity/raw/trwiki_cross_domain/summary.json,efa7261ff130cbc8383852b88062b07b16847ddf53186969ff3a1b92360ca169,934,2.3729308242478306,9114536,0.4145390586927702,17.469496137721183,direct_same_metric_and_denominator
qwen,qwen/epoch-026,epoch-026,26,182,False,generation_top1_accuracy,generation,0.9666666666666667,fraction,higher,30,measured,/vol/tmp2/yesildau/m1_eval_v2_matched_three_model_v3/results/qwen/epoch-026/generation_integrity/raw/20260824T184806Z_m1_qwen_epoch-026_generation/summary_metrics.json,3726c463f9798090867b420ea74425db3ec9dcffc8d607affceae43d6e6f7e4f,1113,0.9,30,0.06666666666666665,7.407407407407406,direct_same_metric_and_denominator
qwen,qwen/epoch-026,epoch-026,26,182,False,generation_empty_or_near_empty,generation,0,count,lower,30,measured,/vol/tmp2/yesildau/m1_eval_v2_matched_three_model_v3/results/qwen/epoch-026/generation_integrity/raw/20260824T184806Z_m1_qwen_epoch-026_generation/summary_metrics.json,3726c463f9798090867b420ea74425db3ec9dcffc8d607affceae43d6e6f7e4f,1113,0,30,0,,direct_same_metric_and_denominator
qwen,qwen/epoch-026,epoch-026,26,182,False,generation_distinct_2,generation,0.518473030237736,fraction,higher,30,measured,/vol/tmp2/yesildau/m1_eval_v2_matched_three_model_v3/results/qwen/epoch-026/generation_integrity/raw/20260824T184806Z_m1_qwen_epoch-026_generation/summary_metrics.json,3726c463f9798090867b420ea74425db3ec9dcffc8d607affceae43d6e6f7e4f,1113,0.8040854707710682,30,-0.2856124405333321,-35.520159350653046,direct_same_metric_and_denominator
qwen,qwen/epoch-026,epoch-026,26,182,False,generation_repeated_3gram,generation,0.5475027696318019,fraction,lower,30,measured,/vol/tmp2/yesildau/m1_eval_v2_matched_three_model_v3/results/qwen/epoch-026/generation_integrity/raw/20260824T184806Z_m1_qwen_epoch-026_generation/summary_metrics.json,3726c463f9798090867b420ea74425db3ec9dcffc8d607affceae43d6e6f7e4f,1113,0.20856557935534573,30,0.3389371902764562,162.50868974836374,direct_same_metric_and_denominator
qwen,qwen/epoch-026,epoch-026,26,182,False,generation_repeated_4gram,generation,0.5104166666666666,fraction,lower,30,measured,/vol/tmp2/yesildau/m1_eval_v2_matched_three_model_v3/results/qwen/epoch-026/generation_integrity/raw/20260824T184806Z_m1_qwen_epoch-026_generation/summary_metrics.json,3726c463f9798090867b420ea74425db3ec9dcffc8d607affceae43d6e6f7e4f,1113,,,,,no_m0_reference
qwen,qwen/epoch-026,epoch-026,26,182,False,generation_ppl,generation,22.18265607400434,PPL,lower,301239,measured,/vol/tmp2/yesildau/m1_eval_v2_matched_three_model_v3/results/qwen/epoch-026/generation_integrity/raw/20260824T184806Z_m1_qwen_epoch-026_generation/summary_metrics.json,3726c463f9798090867b420ea74425db3ec9dcffc8d607affceae43d6e6f7e4f,1113,14.69939791395479,301239,7.483258160049548,50.908603222077275,direct_same_metric_and_denominator
qwen,qwen/epoch-027,epoch-027,27,189,False,wikitext_bpb,wikitext,0.7365860522815666,bits/byte,lower,62,measured,/vol/tmp2/yesildau/m1_eval_v2_matched_three_model_v3/results/qwen/epoch-027/harness/raw/__vol__tmp2__yesildau__m1_matched_three_model_retry_v1__training__qwen__20260822T155241Z_m1_matched_epoch_dense_qwen_seed42_7c56e187__epoch_snapshots__epoch-027/results_2026-08-24T20-53-35.350157.json,cdff5705f45ba9659e81646c2b2ebf13331bbade1640fd2d540d4a6d74b7ee7d,12376,0.6725931618582224,62,0.06399289042334422,9.514353408908644,direct_same_metric_and_denominator
qwen,qwen/epoch-027,epoch-027,27,189,False,wikitext_word_ppl,wikitext,15.336076739540012,PPL,lower,62,measured,/vol/tmp2/yesildau/m1_eval_v2_matched_three_model_v3/results/qwen/epoch-027/harness/raw/__vol__tmp2__yesildau__m1_matched_three_model_retry_v1__training__qwen__20260822T155241Z_m1_matched_epoch_dense_qwen_seed42_7c56e187__epoch_snapshots__epoch-027/results_2026-08-24T20-53-35.350157.json,cdff5705f45ba9659e81646c2b2ebf13331bbade1640fd2d540d4a6d74b7ee7d,12376,12.097681956432362,62,3.2383947831076494,26.768721435810175,direct_same_metric_and_denominator
qwen,qwen/epoch-027,epoch-027,27,189,False,wikitext_byte_ppl,wikitext,1.6662282603580703,PPL,lower,62,measured,/vol/tmp2/yesildau/m1_eval_v2_matched_three_model_v3/results/qwen/epoch-027/harness/raw/__vol__tmp2__yesildau__m1_matched_three_model_retry_v1__training__qwen__20260822T155241Z_m1_matched_epoch_dense_qwen_seed42_7c56e187__epoch_snapshots__epoch-027/results_2026-08-24T20-53-35.350157.json,cdff5705f45ba9659e81646c2b2ebf13331bbade1640fd2d540d4a6d74b7ee7d,12376,1.5939354019689935,62,0.07229285838907673,4.535494870104092,direct_same_metric_and_denominator
qwen,qwen/epoch-027,epoch-027,27,189,False,exact_prefix_top1_accuracy,exact_prefix,1.0,fraction,higher,500,measured,/vol/tmp2/yesildau/m1_eval_v2_matched_three_model_v3/results/qwen/epoch-027/exact_prefix/raw/20260824T192616Z_11fff5dc/summary_metrics.json,0ff2c0b2dc0bcaca8a4b04f748449b4dd795a1c26ba6a8ee190e59917a6d0312,1710,0.03,500,0.97,3233.3333333333335,direct_same_metric_and_denominator
qwen,qwen/epoch-027,epoch-027,27,189,False,exact_prefix_top5_accuracy,exact_prefix,1.0,fraction,higher,500,measured,/vol/tmp2/yesildau/m1_eval_v2_matched_three_model_v3/results/qwen/epoch-027/exact_prefix/raw/20260824T192616Z_11fff5dc/summary_metrics.json,0ff2c0b2dc0bcaca8a4b04f748449b4dd795a1c26ba6a8ee190e59917a6d0312,1710,,,,,no_m0_reference
qwen,qwen/epoch-027,epoch-027,27,189,False,exact_prefix_mrr,exact_prefix,1.0,fraction,higher,500,measured,/vol/tmp2/yesildau/m1_eval_v2_matched_three_model_v3/results/qwen/epoch-027/exact_prefix/raw/20260824T192616Z_11fff5dc/summary_metrics.json,0ff2c0b2dc0bcaca8a4b04f748449b4dd795a1c26ba6a8ee190e59917a6d0312,1710,,,,,no_m0_reference
qwen,qwen/epoch-027,epoch-027,27,189,False,exact_prefix_mean_rank,exact_prefix,1,rank,lower,500,measured,/vol/tmp2/yesildau/m1_eval_v2_matched_three_model_v3/results/qwen/epoch-027/exact_prefix/raw/20260824T192616Z_11fff5dc/summary_metrics.json,0ff2c0b2dc0bcaca8a4b04f748449b4dd795a1c26ba6a8ee190e59917a6d0312,1710,,,,,no_m0_reference
qwen,qwen/epoch-027,epoch-027,27,189,False,exact_prefix_mean_score_margin,exact_prefix,5.128803252474935,logprob,higher,500,measured,/vol/tmp2/yesildau/m1_eval_v2_matched_three_model_v3/results/qwen/epoch-027/exact_prefix/raw/20260824T192616Z_11fff5dc/summary_metrics.json,0ff2c0b2dc0bcaca8a4b04f748449b4dd795a1c26ba6a8ee190e59917a6d0312,1710,,,,,no_m0_reference
qwen,qwen/epoch-027,epoch-027,27,189,False,factual_cheap_top1_count,factual_cheap,1032,count,higher,1500,completed,/vol/tmp2/yesildau/m1_eval_v2_matched_three_model_v3/results/qwen/epoch-027/factual_cheap/raw/summary.json,98cfc51811927ed8c386eb43379fad64bf5b3ddb74f932b18805b456de4f908e,324,,,,,no_m0_reference
qwen,qwen/epoch-027,epoch-027,27,189,False,turkish_bpb,turkish_cross_domain,1.4790313724739523,bits/byte,lower,9114536,measured,/vol/tmp2/yesildau/m1_eval_v2_matched_three_model_v3/results/qwen/epoch-027/turkish_perplexity/raw/trwiki_cross_domain/summary.json,6612aee60ba851d8ad4940e27faa92aefe936062868b1d425f803a74d36c3d50,937,1.2466700436547986,9114536,0.23236132881915372,18.63855877517935,direct_same_metric_and_denominator
qwen,qwen/epoch-027,epoch-027,27,189,False,turkish_ppl,turkish_cross_domain,19.25501318135394,PPL,lower,9114536,measured,/vol/tmp2/yesildau/m1_eval_v2_matched_three_model_v3/results/qwen/epoch-027/turkish_perplexity/raw/trwiki_cross_domain/summary.json,6612aee60ba851d8ad4940e27faa92aefe936062868b1d425f803a74d36c3d50,937,12.09865824277937,9114536,7.156354938574571,59.14998832904114,direct_same_metric_and_denominator
qwen,qwen/epoch-027,epoch-027,27,189,False,turkish_byte_ppl,turkish_cross_domain,2.7876150954741346,PPL,lower,9114536,measured,/vol/tmp2/yesildau/m1_eval_v2_matched_three_model_v3/results/qwen/epoch-027/turkish_perplexity/raw/trwiki_cross_domain/summary.json,6612aee60ba851d8ad4940e27faa92aefe936062868b1d425f803a74d36c3d50,937,2.3729308242478306,9114536,0.4146842712263039,17.47561568120091,direct_same_metric_and_denominator
qwen,qwen/epoch-027,epoch-027,27,189,False,generation_top1_accuracy,generation,0.9666666666666667,fraction,higher,30,measured,/vol/tmp2/yesildau/m1_eval_v2_matched_three_model_v3/results/qwen/epoch-027/generation_integrity/raw/20260824T192732Z_m1_qwen_epoch-027_generation/summary_metrics.json,1e6272f0a74aa7afc945c74ada4a53ae3b02b5eecaf881ada74822927e60929b,1116,0.9,30,0.06666666666666665,7.407407407407406,direct_same_metric_and_denominator
qwen,qwen/epoch-027,epoch-027,27,189,False,generation_empty_or_near_empty,generation,0,count,lower,30,measured,/vol/tmp2/yesildau/m1_eval_v2_matched_three_model_v3/results/qwen/epoch-027/generation_integrity/raw/20260824T192732Z_m1_qwen_epoch-027_generation/summary_metrics.json,1e6272f0a74aa7afc945c74ada4a53ae3b02b5eecaf881ada74822927e60929b,1116,0,30,0,,direct_same_metric_and_denominator
qwen,qwen/epoch-027,epoch-027,27,189,False,generation_distinct_2,generation,0.47970624147094737,fraction,higher,30,measured,/vol/tmp2/yesildau/m1_eval_v2_matched_three_model_v3/results/qwen/epoch-027/generation_integrity/raw/20260824T192732Z_m1_qwen_epoch-027_generation/summary_metrics.json,1e6272f0a74aa7afc945c74ada4a53ae3b02b5eecaf881ada74822927e60929b,1116,0.8040854707710682,30,-0.3243792293001208,-40.341386717143536,direct_same_metric_and_denominator
qwen,qwen/epoch-027,epoch-027,27,189,False,generation_repeated_3gram,generation,0.5938253502769633,fraction,lower,30,measured,/vol/tmp2/yesildau/m1_eval_v2_matched_three_model_v3/results/qwen/epoch-027/generation_integrity/raw/20260824T192732Z_m1_qwen_epoch-027_generation/summary_metrics.json,1e6272f0a74aa7afc945c74ada4a53ae3b02b5eecaf881ada74822927e60929b,1116,0.20856557935534573,30,0.38525977092161756,184.71876908568277,direct_same_metric_and_denominator
qwen,qwen/epoch-027,epoch-027,27,189,False,generation_repeated_4gram,generation,0.5661171137605564,fraction,lower,30,measured,/vol/tmp2/yesildau/m1_eval_v2_matched_three_model_v3/results/qwen/epoch-027/generation_integrity/raw/20260824T192732Z_m1_qwen_epoch-027_generation/summary_metrics.json,1e6272f0a74aa7afc945c74ada4a53ae3b02b5eecaf881ada74822927e60929b,1116,,,,,no_m0_reference
qwen,qwen/epoch-027,epoch-027,27,189,False,generation_ppl,generation,22.182248888564448,PPL,lower,301239,measured,/vol/tmp2/yesildau/m1_eval_v2_matched_three_model_v3/results/qwen/epoch-027/generation_integrity/raw/20260824T192732Z_m1_qwen_epoch-027_generation/summary_metrics.json,1e6272f0a74aa7afc945c74ada4a53ae3b02b5eecaf881ada74822927e60929b,1116,14.69939791395479,301239,7.482850974609658,50.90583313964074,direct_same_metric_and_denominator
qwen,qwen/epoch-028,epoch-028,28,196,False,wikitext_bpb,wikitext,0.7365905239277728,bits/byte,lower,62,measured,/vol/tmp2/yesildau/m1_eval_v2_matched_three_model_v3/results/qwen/epoch-028/harness/raw/__vol__tmp2__yesildau__m1_matched_three_model_retry_v1__training__qwen__20260822T155241Z_m1_matched_epoch_dense_qwen_seed42_7c56e187__epoch_snapshots__epoch-028/results_2026-08-24T20-56-53.414641.json,74a1d9704baa8b03b718c20f2ddacbc13c9e9c1fd336b1aa2b705b61540bd938,12305,0.6725931618582224,62,0.06399736206955042,9.515018245612284,direct_same_metric_and_denominator
qwen,qwen/epoch-028,epoch-028,28,196,False,wikitext_word_ppl,wikitext,15.336330929008332,PPL,lower,62,measured,/vol/tmp2/yesildau/m1_eval_v2_matched_three_model_v3/results/qwen/epoch-028/harness/raw/__vol__tmp2__yesildau__m1_matched_three_model_retry_v1__training__qwen__20260822T155241Z_m1_matched_epoch_dense_qwen_seed42_7c56e187__epoch_snapshots__epoch-028/results_2026-08-24T20-56-53.414641.json,74a1d9704baa8b03b718c20f2ddacbc13c9e9c1fd336b1aa2b705b61540bd938,12305,12.097681956432362,62,3.2386489725759695,26.770822577741626,direct_same_metric_and_denominator
qwen,qwen/epoch-028,epoch-028,28,196,False,wikitext_byte_ppl,wikitext,1.6662334248554969,PPL,lower,62,measured,/vol/tmp2/yesildau/m1_eval_v2_matched_three_model_v3/results/qwen/epoch-028/harness/raw/__vol__tmp2__yesildau__m1_matched_three_model_retry_v1__training__qwen__20260822T155241Z_m1_matched_epoch_dense_qwen_seed42_7c56e187__epoch_snapshots__epoch-028/results_2026-08-24T20-56-53.414641.json,74a1d9704baa8b03b718c20f2ddacbc13c9e9c1fd336b1aa2b705b61540bd938,12305,1.5939354019689935,62,0.07229802288650333,4.535818879309247,direct_same_metric_and_denominator
qwen,qwen/epoch-028,epoch-028,28,196,False,exact_prefix_top1_accuracy,exact_prefix,1.0,fraction,higher,500,measured,/vol/tmp2/yesildau/m1_eval_v2_matched_three_model_v3/results/qwen/epoch-028/exact_prefix/raw/20260824T192956Z_8a01788a/summary_metrics.json,c456f9df85dcef72566e44408e4c287ed1618b838006ebfe62c804a1816d10e1,1712,0.03,500,0.97,3233.3333333333335,direct_same_metric_and_denominator
qwen,qwen/epoch-028,epoch-028,28,196,False,exact_prefix_top5_accuracy,exact_prefix,1.0,fraction,higher,500,measured,/vol/tmp2/yesildau/m1_eval_v2_matched_three_model_v3/results/qwen/epoch-028/exact_prefix/raw/20260824T192956Z_8a01788a/summary_metrics.json,c456f9df85dcef72566e44408e4c287ed1618b838006ebfe62c804a1816d10e1,1712,,,,,no_m0_reference
qwen,qwen/epoch-028,epoch-028,28,196,False,exact_prefix_mrr,exact_prefix,1.0,fraction,higher,500,measured,/vol/tmp2/yesildau/m1_eval_v2_matched_three_model_v3/results/qwen/epoch-028/exact_prefix/raw/20260824T192956Z_8a01788a/summary_metrics.json,c456f9df85dcef72566e44408e4c287ed1618b838006ebfe62c804a1816d10e1,1712,,,,,no_m0_reference
qwen,qwen/epoch-028,epoch-028,28,196,False,exact_prefix_mean_rank,exact_prefix,1,rank,lower,500,measured,/vol/tmp2/yesildau/m1_eval_v2_matched_three_model_v3/results/qwen/epoch-028/exact_prefix/raw/20260824T192956Z_8a01788a/summary_metrics.json,c456f9df85dcef72566e44408e4c287ed1618b838006ebfe62c804a1816d10e1,1712,,,,,no_m0_reference
qwen,qwen/epoch-028,epoch-028,28,196,False,exact_prefix_mean_score_margin,exact_prefix,5.1362302665784325,logprob,higher,500,measured,/vol/tmp2/yesildau/m1_eval_v2_matched_three_model_v3/results/qwen/epoch-028/exact_prefix/raw/20260824T192956Z_8a01788a/summary_metrics.json,c456f9df85dcef72566e44408e4c287ed1618b838006ebfe62c804a1816d10e1,1712,,,,,no_m0_reference
qwen,qwen/epoch-028,epoch-028,28,196,False,factual_cheap_top1_count,factual_cheap,1031,count,higher,1500,completed,/vol/tmp2/yesildau/m1_eval_v2_matched_three_model_v3/results/qwen/epoch-028/factual_cheap/raw/summary.json,a2fd74d2c45413f53580739328c1d8fc1d4b5f0e7f0f1b04d43fa7e5196b1baf,324,,,,,no_m0_reference
qwen,qwen/epoch-028,epoch-028,28,196,False,turkish_bpb,turkish_cross_domain,1.4791763905019437,bits/byte,lower,9114536,measured,/vol/tmp2/yesildau/m1_eval_v2_matched_three_model_v3/results/qwen/epoch-028/turkish_perplexity/raw/trwiki_cross_domain/summary.json,cff3b8f5864916f76810419228e73c8f92657887de61b69ab7937e0f7ded3315,936,1.2466700436547986,9114536,0.2325063468471451,18.65019120580761,direct_same_metric_and_denominator
qwen,qwen/epoch-028,epoch-028,28,196,False,turkish_ppl,turkish_cross_domain,19.26059808928417,PPL,lower,9114536,measured,/vol/tmp2/yesildau/m1_eval_v2_matched_three_model_v3/results/qwen/epoch-028/turkish_perplexity/raw/trwiki_cross_domain/summary.json,cff3b8f5864916f76810419228e73c8f92657887de61b69ab7937e0f7ded3315,936,12.09865824277937,9114536,7.161939846504799,59.19614971171811,direct_same_metric_and_denominator
qwen,qwen/epoch-028,epoch-028,28,196,False,turkish_byte_ppl,turkish_cross_domain,2.7878953173857384,PPL,lower,9114536,measured,/vol/tmp2/yesildau/m1_eval_v2_matched_three_model_v3/results/qwen/epoch-028/turkish_perplexity/raw/trwiki_cross_domain/summary.json,cff3b8f5864916f76810419228e73c8f92657887de61b69ab7937e0f7ded3315,936,2.3729308242478306,9114536,0.41496449313790773,17.48742478700123,direct_same_metric_and_denominator
qwen,qwen/epoch-028,epoch-028,28,196,False,generation_top1_accuracy,generation,0.9666666666666667,fraction,higher,30,measured,/vol/tmp2/yesildau/m1_eval_v2_matched_three_model_v3/results/qwen/epoch-028/generation_integrity/raw/20260824T193125Z_m1_qwen_epoch-028_generation/summary_metrics.json,a041f3449478fbc1270593220e9f471d53b363dce3983830d31a215059e0d7e1,1111,0.9,30,0.06666666666666665,7.407407407407406,direct_same_metric_and_denominator
qwen,qwen/epoch-028,epoch-028,28,196,False,generation_empty_or_near_empty,generation,0,count,lower,30,measured,/vol/tmp2/yesildau/m1_eval_v2_matched_three_model_v3/results/qwen/epoch-028/generation_integrity/raw/20260824T193125Z_m1_qwen_epoch-028_generation/summary_metrics.json,a041f3449478fbc1270593220e9f471d53b363dce3983830d31a215059e0d7e1,1111,0,30,0,,direct_same_metric_and_denominator
qwen,qwen/epoch-028,epoch-028,28,196,False,generation_distinct_2,generation,0.5035157652804712,fraction,higher,30,measured,/vol/tmp2/yesildau/m1_eval_v2_matched_three_model_v3/results/qwen/epoch-028/generation_integrity/raw/20260824T193125Z_m1_qwen_epoch-028_generation/summary_metrics.json,a041f3449478fbc1270593220e9f471d53b363dce3983830d31a215059e0d7e1,1111,0.8040854707710682,30,-0.30056970549059703,-37.38031794087378,direct_same_metric_and_denominator
qwen,qwen/epoch-028,epoch-028,28,196,False,generation_repeated_3gram,generation,0.5637178233952428,fraction,lower,30,measured,/vol/tmp2/yesildau/m1_eval_v2_matched_three_model_v3/results/qwen/epoch-028/generation_integrity/raw/20260824T193125Z_m1_qwen_epoch-028_generation/summary_metrics.json,a041f3449478fbc1270593220e9f471d53b363dce3983830d31a215059e0d7e1,1111,0.20856557935534573,30,0.3551522440398971,170.28324862502973,direct_same_metric_and_denominator
qwen,qwen/epoch-028,epoch-028,28,196,False,generation_repeated_4gram,generation,0.5305979880774963,fraction,lower,30,measured,/vol/tmp2/yesildau/m1_eval_v2_matched_three_model_v3/results/qwen/epoch-028/generation_integrity/raw/20260824T193125Z_m1_qwen_epoch-028_generation/summary_metrics.json,a041f3449478fbc1270593220e9f471d53b363dce3983830d31a215059e0d7e1,1111,,,,,no_m0_reference
qwen,qwen/epoch-028,epoch-028,28,196,False,generation_ppl,generation,22.18950610040546,PPL,lower,301239,measured,/vol/tmp2/yesildau/m1_eval_v2_matched_three_model_v3/results/qwen/epoch-028/generation_integrity/raw/20260824T193125Z_m1_qwen_epoch-028_generation/summary_metrics.json,a041f3449478fbc1270593220e9f471d53b363dce3983830d31a215059e0d7e1,1111,14.69939791395479,301239,7.490108186450669,50.95520394981605,direct_same_metric_and_denominator
qwen,qwen/epoch-029,epoch-029,29,203,False,wikitext_bpb,wikitext,0.7366039388663914,bits/byte,lower,62,measured,/vol/tmp2/yesildau/m1_eval_v2_matched_three_model_v3/results/qwen/epoch-029/harness/raw/__vol__tmp2__yesildau__m1_matched_three_model_retry_v1__training__qwen__20260822T155241Z_m1_matched_epoch_dense_qwen_seed42_7c56e187__epoch_snapshots__epoch-029/results_2026-08-24T21-36-39.001522.json,73904cd5550d15d185d1bd9d6cf896e70962c7510e81bc6cdf57184db0749c5b,12373,0.6725931618582224,62,0.06401077700816904,9.517012755723204,direct_same_metric_and_denominator
qwen,qwen/epoch-029,epoch-029,29,203,False,wikitext_word_ppl,wikitext,15.3370935226921,PPL,lower,62,measured,/vol/tmp2/yesildau/m1_eval_v2_matched_three_model_v3/results/qwen/epoch-029/harness/raw/__vol__tmp2__yesildau__m1_matched_three_model_retry_v1__training__qwen__20260822T155241Z_m1_matched_epoch_dense_qwen_seed42_7c56e187__epoch_snapshots__epoch-029/results_2026-08-24T21-36-39.001522.json,73904cd5550d15d185d1bd9d6cf896e70962c7510e81bc6cdf57184db0749c5b,12373,12.097681956432362,62,3.2394115662597383,26.777126212491776,direct_same_metric_and_denominator
qwen,qwen/epoch-029,epoch-029,29,203,False,wikitext_byte_ppl,wikitext,1.6662489184438214,PPL,lower,62,measured,/vol/tmp2/yesildau/m1_eval_v2_matched_three_model_v3/results/qwen/epoch-029/harness/raw/__vol__tmp2__yesildau__m1_matched_three_model_retry_v1__training__qwen__20260822T155241Z_m1_matched_epoch_dense_qwen_seed42_7c56e187__epoch_snapshots__epoch-029/results_2026-08-24T21-36-39.001522.json,73904cd5550d15d185d1bd9d6cf896e70962c7510e81bc6cdf57184db0749c5b,12373,1.5939354019689935,62,0.07231351647482787,4.536790912950345,direct_same_metric_and_denominator
qwen,qwen/epoch-029,epoch-029,29,203,False,exact_prefix_top1_accuracy,exact_prefix,1.0,fraction,higher,500,measured,/vol/tmp2/yesildau/m1_eval_v2_matched_three_model_v3/results/qwen/epoch-029/exact_prefix/raw/20260824T200951Z_a3b8f892/summary_metrics.json,7b6f6a1d4109d7b07744531531c4c1ce84d258696ea03fffdfb140ab32b81cdb,1711,0.03,500,0.97,3233.3333333333335,direct_same_metric_and_denominator
qwen,qwen/epoch-029,epoch-029,29,203,False,exact_prefix_top5_accuracy,exact_prefix,1.0,fraction,higher,500,measured,/vol/tmp2/yesildau/m1_eval_v2_matched_three_model_v3/results/qwen/epoch-029/exact_prefix/raw/20260824T200951Z_a3b8f892/summary_metrics.json,7b6f6a1d4109d7b07744531531c4c1ce84d258696ea03fffdfb140ab32b81cdb,1711,,,,,no_m0_reference
qwen,qwen/epoch-029,epoch-029,29,203,False,exact_prefix_mrr,exact_prefix,1.0,fraction,higher,500,measured,/vol/tmp2/yesildau/m1_eval_v2_matched_three_model_v3/results/qwen/epoch-029/exact_prefix/raw/20260824T200951Z_a3b8f892/summary_metrics.json,7b6f6a1d4109d7b07744531531c4c1ce84d258696ea03fffdfb140ab32b81cdb,1711,,,,,no_m0_reference
qwen,qwen/epoch-029,epoch-029,29,203,False,exact_prefix_mean_rank,exact_prefix,1,rank,lower,500,measured,/vol/tmp2/yesildau/m1_eval_v2_matched_three_model_v3/results/qwen/epoch-029/exact_prefix/raw/20260824T200951Z_a3b8f892/summary_metrics.json,7b6f6a1d4109d7b07744531531c4c1ce84d258696ea03fffdfb140ab32b81cdb,1711,,,,,no_m0_reference
qwen,qwen/epoch-029,epoch-029,29,203,False,exact_prefix_mean_score_margin,exact_prefix,5.1434166034384505,logprob,higher,500,measured,/vol/tmp2/yesildau/m1_eval_v2_matched_three_model_v3/results/qwen/epoch-029/exact_prefix/raw/20260824T200951Z_a3b8f892/summary_metrics.json,7b6f6a1d4109d7b07744531531c4c1ce84d258696ea03fffdfb140ab32b81cdb,1711,,,,,no_m0_reference
qwen,qwen/epoch-029,epoch-029,29,203,False,factual_cheap_top1_count,factual_cheap,1035,count,higher,1500,completed,/vol/tmp2/yesildau/m1_eval_v2_matched_three_model_v3/results/qwen/epoch-029/factual_cheap/raw/summary.json,e9e4e5e8a96ab12b59a54d0bd9b42e6cef1652a16f156206853dd67b8ba9b1a0,324,,,,,no_m0_reference
qwen,qwen/epoch-029,epoch-029,29,203,False,turkish_bpb,turkish_cross_domain,1.479257278921716,bits/byte,lower,9114536,measured,/vol/tmp2/yesildau/m1_eval_v2_matched_three_model_v3/results/qwen/epoch-029/turkish_perplexity/raw/trwiki_cross_domain/summary.json,e240685eedd015c9f27047e89eef98c3adf9106b313b811e36420890aada5b67,940,1.2466700436547986,9114536,0.23258723526691738,18.656679564149414,direct_same_metric_and_denominator
qwen,qwen/epoch-029,epoch-029,29,203,False,turkish_ppl,turkish_cross_domain,19.263713953138613,PPL,lower,9114536,measured,/vol/tmp2/yesildau/m1_eval_v2_matched_three_model_v3/results/qwen/epoch-029/turkish_perplexity/raw/trwiki_cross_domain/summary.json,e240685eedd015c9f27047e89eef98c3adf9106b313b811e36420890aada5b67,940,12.09865824277937,9114536,7.165055710359242,59.221903508477375,direct_same_metric_and_denominator
qwen,qwen/epoch-029,epoch-029,29,203,False,turkish_byte_ppl,turkish_cross_domain,2.7880516323118294,PPL,lower,9114536,measured,/vol/tmp2/yesildau/m1_eval_v2_matched_three_model_v3/results/qwen/epoch-029/turkish_perplexity/raw/trwiki_cross_domain/summary.json,e240685eedd015c9f27047e89eef98c3adf9106b313b811e36420890aada5b67,940,2.3729308242478306,9114536,0.41512080806399876,17.49401220727045,direct_same_metric_and_denominator
qwen,qwen/epoch-029,epoch-029,29,203,False,generation_top1_accuracy,generation,0.9666666666666667,fraction,higher,30,measured,/vol/tmp2/yesildau/m1_eval_v2_matched_three_model_v3/results/qwen/epoch-029/generation_integrity/raw/20260824T201108Z_m1_qwen_epoch-029_generation/summary_metrics.json,31590030868ca3f5944dbfbb2cd4e6e51d776590c849bbaec4c39487d17ebb78,1111,0.9,30,0.06666666666666665,7.407407407407406,direct_same_metric_and_denominator
qwen,qwen/epoch-029,epoch-029,29,203,False,generation_empty_or_near_empty,generation,0,count,lower,30,measured,/vol/tmp2/yesildau/m1_eval_v2_matched_three_model_v3/results/qwen/epoch-029/generation_integrity/raw/20260824T201108Z_m1_qwen_epoch-029_generation/summary_metrics.json,31590030868ca3f5944dbfbb2cd4e6e51d776590c849bbaec4c39487d17ebb78,1111,0,30,0,,direct_same_metric_and_denominator
qwen,qwen/epoch-029,epoch-029,29,203,False,generation_distinct_2,generation,0.4638332255979315,fraction,higher,30,measured,/vol/tmp2/yesildau/m1_eval_v2_matched_three_model_v3/results/qwen/epoch-029/generation_integrity/raw/20260824T201108Z_m1_qwen_epoch-029_generation/summary_metrics.json,31590030868ca3f5944dbfbb2cd4e6e51d776590c849bbaec4c39487d17ebb78,1111,0.8040854707710682,30,-0.3402522451731367,-42.315432567990044,direct_same_metric_and_denominator
qwen,qwen/epoch-029,epoch-029,29,203,False,generation_repeated_3gram,generation,0.6078038449006191,fraction,lower,30,measured,/vol/tmp2/yesildau/m1_eval_v2_matched_three_model_v3/results/qwen/epoch-029/generation_integrity/raw/20260824T201108Z_m1_qwen_epoch-029_generation/summary_metrics.json,31590030868ca3f5944dbfbb2cd4e6e51d776590c849bbaec4c39487d17ebb78,1111,0.20856557935534573,30,0.3992382655452734,191.4209750138431,direct_same_metric_and_denominator
qwen,qwen/epoch-029,epoch-029,29,203,False,generation_repeated_4gram,generation,0.5836034525583707,fraction,lower,30,measured,/vol/tmp2/yesildau/m1_eval_v2_matched_three_model_v3/results/qwen/epoch-029/generation_integrity/raw/20260824T201108Z_m1_qwen_epoch-029_generation/summary_metrics.json,31590030868ca3f5944dbfbb2cd4e6e51d776590c849bbaec4c39487d17ebb78,1111,,,,,no_m0_reference
qwen,qwen/epoch-029,epoch-029,29,203,False,generation_ppl,generation,22.19099237733426,PPL,lower,301239,measured,/vol/tmp2/yesildau/m1_eval_v2_matched_three_model_v3/results/qwen/epoch-029/generation_integrity/raw/20260824T201108Z_m1_qwen_epoch-029_generation/summary_metrics.json,31590030868ca3f5944dbfbb2cd4e6e51d776590c849bbaec4c39487d17ebb78,1111,14.69939791395479,301239,7.491594463379471,50.96531509135737,direct_same_metric_and_denominator
qwen,qwen/epoch-030,epoch-030,30,210,False,wikitext_bpb,wikitext,0.7365994672201853,bits/byte,lower,62,measured,/vol/tmp2/yesildau/m1_eval_v2_matched_three_model_v3/results/qwen/epoch-030/harness/raw/__vol__tmp2__yesildau__m1_matched_three_model_retry_v1__training__qwen__20260822T155241Z_m1_matched_epoch_dense_qwen_seed42_7c56e187__epoch_snapshots__epoch-030/results_2026-08-24T21-40-18.153785.json,6b010efab2853d46814d3f6a5be55f3e5ed7e55533d7deef17e58ad7cf4c5d4a,12303,0.6725931618582224,62,0.06400630536196295,9.51634791901958,direct_same_metric_and_denominator
qwen,qwen/epoch-030,epoch-030,30,210,False,wikitext_word_ppl,wikitext,15.3368393205843,PPL,lower,62,measured,/vol/tmp2/yesildau/m1_eval_v2_matched_three_model_v3/results/qwen/epoch-030/harness/raw/__vol__tmp2__yesildau__m1_matched_three_model_retry_v1__training__qwen__20260822T155241Z_m1_matched_epoch_dense_qwen_seed42_7c56e187__epoch_snapshots__epoch-030/results_2026-08-24T21-40-18.153785.json,6b010efab2853d46814d3f6a5be55f3e5ed7e55533d7deef17e58ad7cf4c5d4a,12303,12.097681956432362,62,3.2391573641519376,26.775024966081794,direct_same_metric_and_denominator
qwen,qwen/epoch-030,epoch-030,30,210,False,wikitext_byte_ppl,wikitext,1.6662437538983723,PPL,lower,62,measured,/vol/tmp2/yesildau/m1_eval_v2_matched_three_model_v3/results/qwen/epoch-030/harness/raw/__vol__tmp2__yesildau__m1_matched_three_model_retry_v1__training__qwen__20260822T155241Z_m1_matched_epoch_dense_qwen_seed42_7c56e187__epoch_snapshots__epoch-030/results_2026-08-24T21-40-18.153785.json,6b010efab2853d46814d3f6a5be55f3e5ed7e55533d7deef17e58ad7cf4c5d4a,12303,1.5939354019689935,62,0.07230835192937879,4.536466900732367,direct_same_metric_and_denominator
qwen,qwen/epoch-030,epoch-030,30,210,False,exact_prefix_top1_accuracy,exact_prefix,1.0,fraction,higher,500,measured,/vol/tmp2/yesildau/m1_eval_v2_matched_three_model_v3/results/qwen/epoch-030/exact_prefix/raw/20260824T201326Z_cdc75d01/summary_metrics.json,eb47f7349cb8647ece6b9158f643a944fe281f63cd7b86013a6cc6381c707888,1713,0.03,500,0.97,3233.3333333333335,direct_same_metric_and_denominator
qwen,qwen/epoch-030,epoch-030,30,210,False,exact_prefix_top5_accuracy,exact_prefix,1.0,fraction,higher,500,measured,/vol/tmp2/yesildau/m1_eval_v2_matched_three_model_v3/results/qwen/epoch-030/exact_prefix/raw/20260824T201326Z_cdc75d01/summary_metrics.json,eb47f7349cb8647ece6b9158f643a944fe281f63cd7b86013a6cc6381c707888,1713,,,,,no_m0_reference
qwen,qwen/epoch-030,epoch-030,30,210,False,exact_prefix_mrr,exact_prefix,1.0,fraction,higher,500,measured,/vol/tmp2/yesildau/m1_eval_v2_matched_three_model_v3/results/qwen/epoch-030/exact_prefix/raw/20260824T201326Z_cdc75d01/summary_metrics.json,eb47f7349cb8647ece6b9158f643a944fe281f63cd7b86013a6cc6381c707888,1713,,,,,no_m0_reference
qwen,qwen/epoch-030,epoch-030,30,210,False,exact_prefix_mean_rank,exact_prefix,1,rank,lower,500,measured,/vol/tmp2/yesildau/m1_eval_v2_matched_three_model_v3/results/qwen/epoch-030/exact_prefix/raw/20260824T201326Z_cdc75d01/summary_metrics.json,eb47f7349cb8647ece6b9158f643a944fe281f63cd7b86013a6cc6381c707888,1713,,,,,no_m0_reference
qwen,qwen/epoch-030,epoch-030,30,210,False,exact_prefix_mean_score_margin,exact_prefix,5.1531001848159494,logprob,higher,500,measured,/vol/tmp2/yesildau/m1_eval_v2_matched_three_model_v3/results/qwen/epoch-030/exact_prefix/raw/20260824T201326Z_cdc75d01/summary_metrics.json,eb47f7349cb8647ece6b9158f643a944fe281f63cd7b86013a6cc6381c707888,1713,,,,,no_m0_reference
qwen,qwen/epoch-030,epoch-030,30,210,False,factual_cheap_top1_count,factual_cheap,1033,count,higher,1500,completed,/vol/tmp2/yesildau/m1_eval_v2_matched_three_model_v3/results/qwen/epoch-030/factual_cheap/raw/summary.json,12a3a9a62ca6f44f0636e92e12397955279bf9058a42c49221d74d7ddd19f781,324,,,,,no_m0_reference
qwen,qwen/epoch-030,epoch-030,30,210,False,turkish_bpb,turkish_cross_domain,1.4793406434017453,bits/byte,lower,9114536,measured,/vol/tmp2/yesildau/m1_eval_v2_matched_three_model_v3/results/qwen/epoch-030/turkish_perplexity/raw/trwiki_cross_domain/summary.json,1f009fc6f45236521e6c9651f4049ac27a9ad0a6a0106bd8e98041ccefea266c,936,1.2466700436547986,9114536,0.2326705997469467,18.663366536412333,direct_same_metric_and_denominator
qwen,qwen/epoch-030,epoch-030,30,210,False,turkish_ppl,turkish_cross_domain,19.266925723565066,PPL,lower,9114536,measured,/vol/tmp2/yesildau/m1_eval_v2_matched_three_model_v3/results/qwen/epoch-030/turkish_perplexity/raw/trwiki_cross_domain/summary.json,1f009fc6f45236521e6c9651f4049ac27a9ad0a6a0106bd8e98041ccefea266c,936,12.09865824277937,9114536,7.168267480785696,59.24845000943644,direct_same_metric_and_denominator
qwen,qwen/epoch-030,epoch-030,30,210,False,turkish_byte_ppl,turkish_cross_domain,2.788212741335812,PPL,lower,9114536,measured,/vol/tmp2/yesildau/m1_eval_v2_matched_three_model_v3/results/qwen/epoch-030/turkish_perplexity/raw/trwiki_cross_domain/summary.json,1f009fc6f45236521e6c9651f4049ac27a9ad0a6a0106bd8e98041ccefea266c,936,2.3729308242478306,9114536,0.41528191708798134,17.500801660310387,direct_same_metric_and_denominator
qwen,qwen/epoch-030,epoch-030,30,210,False,generation_top1_accuracy,generation,0.9666666666666667,fraction,higher,30,measured,/vol/tmp2/yesildau/m1_eval_v2_matched_three_model_v3/results/qwen/epoch-030/generation_integrity/raw/20260824T201446Z_m1_qwen_epoch-030_generation/summary_metrics.json,22e877151b229fef6f323b025b887a150b672236bed045d5d438b76d09b53ef3,1115,0.9,30,0.06666666666666665,7.407407407407406,direct_same_metric_and_denominator
qwen,qwen/epoch-030,epoch-030,30,210,False,generation_empty_or_near_empty,generation,0,count,lower,30,measured,/vol/tmp2/yesildau/m1_eval_v2_matched_three_model_v3/results/qwen/epoch-030/generation_integrity/raw/20260824T201446Z_m1_qwen_epoch-030_generation/summary_metrics.json,22e877151b229fef6f323b025b887a150b672236bed045d5d438b76d09b53ef3,1115,0,30,0,,direct_same_metric_and_denominator
qwen,qwen/epoch-030,epoch-030,30,210,False,generation_distinct_2,generation,0.49631774887192837,fraction,higher,30,measured,/vol/tmp2/yesildau/m1_eval_v2_matched_three_model_v3/results/qwen/epoch-030/generation_integrity/raw/20260824T201446Z_m1_qwen_epoch-030_generation/summary_metrics.json,22e877151b229fef6f323b025b887a150b672236bed045d5d438b76d09b53ef3,1115,0.8040854707710682,30,-0.3077677218991398,-38.27549844968715,direct_same_metric_and_denominator
qwen,qwen/epoch-030,epoch-030,30,210,False,generation_repeated_3gram,generation,0.5617448105341843,fraction,lower,30,measured,/vol/tmp2/yesildau/m1_eval_v2_matched_three_model_v3/results/qwen/epoch-030/generation_integrity/raw/20260824T201446Z_m1_qwen_epoch-030_generation/summary_metrics.json,22e877151b229fef6f323b025b887a150b672236bed045d5d438b76d09b53ef3,1115,0.20856557935534573,30,0.35317923117883865,169.33725702509423,direct_same_metric_and_denominator
qwen,qwen/epoch-030,epoch-030,30,210,False,generation_repeated_4gram,generation,0.5373237704918031,fraction,lower,30,measured,/vol/tmp2/yesildau/m1_eval_v2_matched_three_model_v3/results/qwen/epoch-030/generation_integrity/raw/20260824T201446Z_m1_qwen_epoch-030_generation/summary_metrics.json,22e877151b229fef6f323b025b887a150b672236bed045d5d438b76d09b53ef3,1115,,,,,no_m0_reference
qwen,qwen/epoch-030,epoch-030,30,210,False,generation_ppl,generation,22.19343439772239,PPL,lower,301239,measured,/vol/tmp2/yesildau/m1_eval_v2_matched_three_model_v3/results/qwen/epoch-030/generation_integrity/raw/20260824T201446Z_m1_qwen_epoch-030_generation/summary_metrics.json,22e877151b229fef6f323b025b887a150b672236bed045d5d438b76d09b53ef3,1115,14.69939791395479,301239,7.494036483767598,50.981928155391834,direct_same_metric_and_denominator
qwen,qwen/epoch-031,epoch-031,31,217,False,wikitext_bpb,wikitext,0.7366061746894946,bits/byte,lower,62,measured,/vol/tmp2/yesildau/m1_eval_v2_matched_three_model_v3/results/qwen/epoch-031/harness/raw/__vol__tmp2__yesildau__m1_matched_three_model_retry_v1__training__qwen__20260822T155241Z_m1_matched_epoch_dense_qwen_seed42_7c56e187__epoch_snapshots__epoch-031/results_2026-08-24T22-19-56.160278.json,e17f41c65f92343a06fda9462e21f024321bd3b846b5f9a2626e8b634d94d2ab,12376,0.6725931618582224,62,0.06401301283127225,9.51734517407504,direct_same_metric_and_denominator
qwen,qwen/epoch-031,epoch-031,31,217,False,wikitext_word_ppl,wikitext,15.337220625325982,PPL,lower,62,measured,/vol/tmp2/yesildau/m1_eval_v2_matched_three_model_v3/results/qwen/epoch-031/harness/raw/__vol__tmp2__yesildau__m1_matched_three_model_retry_v1__training__qwen__20260822T155241Z_m1_matched_epoch_dense_qwen_seed42_7c56e187__epoch_snapshots__epoch-031/results_2026-08-24T22-19-56.160278.json,e17f41c65f92343a06fda9462e21f024321bd3b846b5f9a2626e8b634d94d2ab,12376,12.097681956432362,62,3.239538668893619,26.77817684875696,direct_same_metric_and_denominator
qwen,qwen/epoch-031,epoch-031,31,217,False,wikitext_byte_ppl,wikitext,1.6662515007225487,PPL,lower,62,measured,/vol/tmp2/yesildau/m1_eval_v2_matched_three_model_v3/results/qwen/epoch-031/harness/raw/__vol__tmp2__yesildau__m1_matched_three_model_retry_v1__training__qwen__20260822T155241Z_m1_matched_epoch_dense_qwen_seed42_7c56e187__epoch_snapshots__epoch-031/results_2026-08-24T22-19-56.160278.json,e17f41c65f92343a06fda9462e21f024321bd3b846b5f9a2626e8b634d94d2ab,12376,1.5939354019689935,62,0.07231609875355516,4.536952919435935,direct_same_metric_and_denominator
qwen,qwen/epoch-031,epoch-031,31,217,False,exact_prefix_top1_accuracy,exact_prefix,1.0,fraction,higher,500,measured,/vol/tmp2/yesildau/m1_eval_v2_matched_three_model_v3/results/qwen/epoch-031/exact_prefix/raw/20260824T205308Z_f2513687/summary_metrics.json,553e313cb4da3d683e4e0240cf48c27c3adb3afdae50d319dfc32c2a06dd6f3a,1710,0.03,500,0.97,3233.3333333333335,direct_same_metric_and_denominator
qwen,qwen/epoch-031,epoch-031,31,217,False,exact_prefix_top5_accuracy,exact_prefix,1.0,fraction,higher,500,measured,/vol/tmp2/yesildau/m1_eval_v2_matched_three_model_v3/results/qwen/epoch-031/exact_prefix/raw/20260824T205308Z_f2513687/summary_metrics.json,553e313cb4da3d683e4e0240cf48c27c3adb3afdae50d319dfc32c2a06dd6f3a,1710,,,,,no_m0_reference
qwen,qwen/epoch-031,epoch-031,31,217,False,exact_prefix_mrr,exact_prefix,1.0,fraction,higher,500,measured,/vol/tmp2/yesildau/m1_eval_v2_matched_three_model_v3/results/qwen/epoch-031/exact_prefix/raw/20260824T205308Z_f2513687/summary_metrics.json,553e313cb4da3d683e4e0240cf48c27c3adb3afdae50d319dfc32c2a06dd6f3a,1710,,,,,no_m0_reference
qwen,qwen/epoch-031,epoch-031,31,217,False,exact_prefix_mean_rank,exact_prefix,1,rank,lower,500,measured,/vol/tmp2/yesildau/m1_eval_v2_matched_three_model_v3/results/qwen/epoch-031/exact_prefix/raw/20260824T205308Z_f2513687/summary_metrics.json,553e313cb4da3d683e4e0240cf48c27c3adb3afdae50d319dfc32c2a06dd6f3a,1710,,,,,no_m0_reference
qwen,qwen/epoch-031,epoch-031,31,217,False,exact_prefix_mean_score_margin,exact_prefix,5.15908016696557,logprob,higher,500,measured,/vol/tmp2/yesildau/m1_eval_v2_matched_three_model_v3/results/qwen/epoch-031/exact_prefix/raw/20260824T205308Z_f2513687/summary_metrics.json,553e313cb4da3d683e4e0240cf48c27c3adb3afdae50d319dfc32c2a06dd6f3a,1710,,,,,no_m0_reference
qwen,qwen/epoch-031,epoch-031,31,217,False,factual_cheap_top1_count,factual_cheap,1030,count,higher,1500,completed,/vol/tmp2/yesildau/m1_eval_v2_matched_three_model_v3/results/qwen/epoch-031/factual_cheap/raw/summary.json,b9b30fea2d80c7c8913e6dfdb4d9594fe054c18148c5d3e85193e318a65fb9c6,324,,,,,no_m0_reference
qwen,qwen/epoch-031,epoch-031,31,217,False,turkish_bpb,turkish_cross_domain,1.47941339367708,bits/byte,lower,9114536,measured,/vol/tmp2/yesildau/m1_eval_v2_matched_three_model_v3/results/qwen/epoch-031/turkish_perplexity/raw/trwiki_cross_domain/summary.json,49531d10ddefd10c6793d52734fab8b8dbd6d4fff50af3bb8674b5ebd690869f,936,1.2466700436547986,9114536,0.2327433500222813,18.669202104187853,direct_same_metric_and_denominator
qwen,qwen/epoch-031,epoch-031,31,217,False,turkish_ppl,turkish_cross_domain,19.269728999723924,PPL,lower,9114536,measured,/vol/tmp2/yesildau/m1_eval_v2_matched_three_model_v3/results/qwen/epoch-031/turkish_perplexity/raw/trwiki_cross_domain/summary.json,49531d10ddefd10c6793d52734fab8b8dbd6d4fff50af3bb8674b5ebd690869f,936,12.09865824277937,9114536,7.1710707569445535,59.27162015031161,direct_same_metric_and_denominator
qwen,qwen/epoch-031,epoch-031,31,217,False,turkish_byte_ppl,turkish_cross_domain,2.7883533451039773,PPL,lower,9114536,measured,/vol/tmp2/yesildau/m1_eval_v2_matched_three_model_v3/results/qwen/epoch-031/turkish_perplexity/raw/trwiki_cross_domain/summary.json,49531d10ddefd10c6793d52734fab8b8dbd6d4fff50af3bb8674b5ebd690869f,936,2.3729308242478306,9114536,0.4154225208561466,17.506726981298616,direct_same_metric_and_denominator
qwen,qwen/epoch-031,epoch-031,31,217,False,generation_top1_accuracy,generation,0.9666666666666667,fraction,higher,30,measured,/vol/tmp2/yesildau/m1_eval_v2_matched_three_model_v3/results/qwen/epoch-031/generation_integrity/raw/20260824T205435Z_m1_qwen_epoch-031_generation/summary_metrics.json,1d6217acfcc1fd37109cc172c058249cf4214f0bfedf5b4cc07b93a5b80849dd,1115,0.9,30,0.06666666666666665,7.407407407407406,direct_same_metric_and_denominator
qwen,qwen/epoch-031,epoch-031,31,217,False,generation_empty_or_near_empty,generation,0,count,lower,30,measured,/vol/tmp2/yesildau/m1_eval_v2_matched_three_model_v3/results/qwen/epoch-031/generation_integrity/raw/20260824T205435Z_m1_qwen_epoch-031_generation/summary_metrics.json,1d6217acfcc1fd37109cc172c058249cf4214f0bfedf5b4cc07b93a5b80849dd,1115,0,30,0,,direct_same_metric_and_denominator
qwen,qwen/epoch-031,epoch-031,31,217,False,generation_distinct_2,generation,0.5099888292535351,fraction,higher,30,measured,/vol/tmp2/yesildau/m1_eval_v2_matched_three_model_v3/results/qwen/epoch-031/generation_integrity/raw/20260824T205435Z_m1_qwen_epoch-031_generation/summary_metrics.json,1d6217acfcc1fd37109cc172c058249cf4214f0bfedf5b4cc07b93a5b80849dd,1115,0.8040854707710682,30,-0.2940966415175331,-36.57529606094146,direct_same_metric_and_denominator
qwen,qwen/epoch-031,epoch-031,31,217,False,generation_repeated_3gram,generation,0.5568563773940117,fraction,lower,30,measured,/vol/tmp2/yesildau/m1_eval_v2_matched_three_model_v3/results/qwen/epoch-031/generation_integrity/raw/20260824T205435Z_m1_qwen_epoch-031_generation/summary_metrics.json,1d6217acfcc1fd37109cc172c058249cf4214f0bfedf5b4cc07b93a5b80849dd,1115,0.20856557935534573,30,0.348290798038666,166.99342198036527,direct_same_metric_and_denominator
qwen,qwen/epoch-031,epoch-031,31,217,False,generation_repeated_4gram,generation,0.5239228058326676,fraction,lower,30,measured,/vol/tmp2/yesildau/m1_eval_v2_matched_three_model_v3/results/qwen/epoch-031/generation_integrity/raw/20260824T205435Z_m1_qwen_epoch-031_generation/summary_metrics.json,1d6217acfcc1fd37109cc172c058249cf4214f0bfedf5b4cc07b93a5b80849dd,1115,,,,,no_m0_reference
qwen,qwen/epoch-031,epoch-031,31,217,False,generation_ppl,generation,22.193311957567254,PPL,lower,301239,measured,/vol/tmp2/yesildau/m1_eval_v2_matched_three_model_v3/results/qwen/epoch-031/generation_integrity/raw/20260824T205435Z_m1_qwen_epoch-031_generation/summary_metrics.json,1d6217acfcc1fd37109cc172c058249cf4214f0bfedf5b4cc07b93a5b80849dd,1115,14.69939791395479,301239,7.493914043612463,50.981095195049846,direct_same_metric_and_denominator
qwen,qwen/epoch-032,epoch-032,32,224,False,wikitext_bpb,wikitext,0.7366017030432883,bits/byte,lower,62,measured,/vol/tmp2/yesildau/m1_eval_v2_matched_three_model_v3/results/qwen/epoch-032/harness/raw/__vol__tmp2__yesildau__m1_matched_three_model_retry_v1__training__qwen__20260822T155241Z_m1_matched_epoch_dense_qwen_seed42_7c56e187__epoch_snapshots__epoch-032/results_2026-08-24T22-23-32.448435.json,c1fe6ec301267f7f155f23031895da34a3a3d33d9c96d9745f51a57ece7f331d,12305,0.6725931618582224,62,0.06400854118506594,9.516680337371383,direct_same_metric_and_denominator
qwen,qwen/epoch-032,epoch-032,32,224,False,wikitext_word_ppl,wikitext,15.336966421111539,PPL,lower,62,measured,/vol/tmp2/yesildau/m1_eval_v2_matched_three_model_v3/results/qwen/epoch-032/harness/raw/__vol__tmp2__yesildau__m1_matched_three_model_retry_v1__training__qwen__20260822T155241Z_m1_matched_epoch_dense_qwen_seed42_7c56e187__epoch_snapshots__epoch-032/results_2026-08-24T22-23-32.448435.json,c1fe6ec301267f7f155f23031895da34a3a3d33d9c96d9745f51a57ece7f331d,12305,12.097681956432362,62,3.2392844646791765,26.776075584933377,direct_same_metric_and_denominator
qwen,qwen/epoch-032,epoch-032,32,224,False,wikitext_byte_ppl,wikitext,1.6662463361690958,PPL,lower,62,measured,/vol/tmp2/yesildau/m1_eval_v2_matched_three_model_v3/results/qwen/epoch-032/harness/raw/__vol__tmp2__yesildau__m1_matched_three_model_retry_v1__training__qwen__20260822T155241Z_m1_matched_epoch_dense_qwen_seed42_7c56e187__epoch_snapshots__epoch-032/results_2026-08-24T22-23-32.448435.json,c1fe6ec301267f7f155f23031895da34a3a3d33d9c96d9745f51a57ece7f331d,12305,1.5939354019689935,62,0.07231093420010226,4.536628906715814,direct_same_metric_and_denominator
qwen,qwen/epoch-032,epoch-032,32,224,False,exact_prefix_top1_accuracy,exact_prefix,1.0,fraction,higher,500,measured,/vol/tmp2/yesildau/m1_eval_v2_matched_three_model_v3/results/qwen/epoch-032/exact_prefix/raw/20260824T205644Z_12eb1322/summary_metrics.json,ad6711a40c97ac5d27bab08cb4d12cef393163e8cf1fe5a79d563dc17fecee38,1712,0.03,500,0.97,3233.3333333333335,direct_same_metric_and_denominator
qwen,qwen/epoch-032,epoch-032,32,224,False,exact_prefix_top5_accuracy,exact_prefix,1.0,fraction,higher,500,measured,/vol/tmp2/yesildau/m1_eval_v2_matched_three_model_v3/results/qwen/epoch-032/exact_prefix/raw/20260824T205644Z_12eb1322/summary_metrics.json,ad6711a40c97ac5d27bab08cb4d12cef393163e8cf1fe5a79d563dc17fecee38,1712,,,,,no_m0_reference
qwen,qwen/epoch-032,epoch-032,32,224,False,exact_prefix_mrr,exact_prefix,1.0,fraction,higher,500,measured,/vol/tmp2/yesildau/m1_eval_v2_matched_three_model_v3/results/qwen/epoch-032/exact_prefix/raw/20260824T205644Z_12eb1322/summary_metrics.json,ad6711a40c97ac5d27bab08cb4d12cef393163e8cf1fe5a79d563dc17fecee38,1712,,,,,no_m0_reference
qwen,qwen/epoch-032,epoch-032,32,224,False,exact_prefix_mean_rank,exact_prefix,1,rank,lower,500,measured,/vol/tmp2/yesildau/m1_eval_v2_matched_three_model_v3/results/qwen/epoch-032/exact_prefix/raw/20260824T205644Z_12eb1322/summary_metrics.json,ad6711a40c97ac5d27bab08cb4d12cef393163e8cf1fe5a79d563dc17fecee38,1712,,,,,no_m0_reference
qwen,qwen/epoch-032,epoch-032,32,224,False,exact_prefix_mean_score_margin,exact_prefix,5.167849139875166,logprob,higher,500,measured,/vol/tmp2/yesildau/m1_eval_v2_matched_three_model_v3/results/qwen/epoch-032/exact_prefix/raw/20260824T205644Z_12eb1322/summary_metrics.json,ad6711a40c97ac5d27bab08cb4d12cef393163e8cf1fe5a79d563dc17fecee38,1712,,,,,no_m0_reference
qwen,qwen/epoch-032,epoch-032,32,224,False,factual_cheap_top1_count,factual_cheap,1034,count,higher,1500,completed,/vol/tmp2/yesildau/m1_eval_v2_matched_three_model_v3/results/qwen/epoch-032/factual_cheap/raw/summary.json,f5ef7b984eac2ed3017f14f267385e646a723fb536cb72d68d19378eaeeeb7fd,324,,,,,no_m0_reference
qwen,qwen/epoch-032,epoch-032,32,224,False,turkish_bpb,turkish_cross_domain,1.4795118328281127,bits/byte,lower,9114536,measured,/vol/tmp2/yesildau/m1_eval_v2_matched_three_model_v3/results/qwen/epoch-032/turkish_perplexity/raw/trwiki_cross_domain/summary.json,7c17390a2277f16b27443c94a223ebc43f31de051a7590d6ac477e5e3c14ba64,937,1.2466700436547986,9114536,0.2328417891733141,18.677098271384125,direct_same_metric_and_denominator
qwen,qwen/epoch-032,epoch-032,32,224,False,turkish_ppl,turkish_cross_domain,19.27352279106831,PPL,lower,9114536,measured,/vol/tmp2/yesildau/m1_eval_v2_matched_three_model_v3/results/qwen/epoch-032/turkish_perplexity/raw/trwiki_cross_domain/summary.json,7c17390a2277f16b27443c94a223ebc43f31de051a7590d6ac477e5e3c14ba64,937,12.09865824277937,9114536,7.174864548288939,59.30297727494689,direct_same_metric_and_denominator
qwen,qwen/epoch-032,epoch-032,32,224,False,turkish_byte_ppl,turkish_cross_domain,2.7885436088068976,PPL,lower,9114536,measured,/vol/tmp2/yesildau/m1_eval_v2_matched_three_model_v3/results/qwen/epoch-032/turkish_perplexity/raw/trwiki_cross_domain/summary.json,7c17390a2277f16b27443c94a223ebc43f31de051a7590d6ac477e5e3c14ba64,937,2.3729308242478306,9114536,0.4156127845590669,17.51474507019426,direct_same_metric_and_denominator
qwen,qwen/epoch-032,epoch-032,32,224,False,generation_top1_accuracy,generation,0.9666666666666667,fraction,higher,30,measured,/vol/tmp2/yesildau/m1_eval_v2_matched_three_model_v3/results/qwen/epoch-032/generation_integrity/raw/20260824T205805Z_m1_qwen_epoch-032_generation/summary_metrics.json,3a88d89610fb57983d318b31c36e8e94aa202516da07ea7b0d6e5b882113e2d7,1112,0.9,30,0.06666666666666665,7.407407407407406,direct_same_metric_and_denominator
qwen,qwen/epoch-032,epoch-032,32,224,False,generation_empty_or_near_empty,generation,0,count,lower,30,measured,/vol/tmp2/yesildau/m1_eval_v2_matched_three_model_v3/results/qwen/epoch-032/generation_integrity/raw/20260824T205805Z_m1_qwen_epoch-032_generation/summary_metrics.json,3a88d89610fb57983d318b31c36e8e94aa202516da07ea7b0d6e5b882113e2d7,1112,0,30,0,,direct_same_metric_and_denominator
qwen,qwen/epoch-032,epoch-032,32,224,False,generation_distinct_2,generation,0.47917714094184677,fraction,higher,30,measured,/vol/tmp2/yesildau/m1_eval_v2_matched_three_model_v3/results/qwen/epoch-032/generation_integrity/raw/20260824T205805Z_m1_qwen_epoch-032_generation/summary_metrics.json,3a88d89610fb57983d318b31c36e8e94aa202516da07ea7b0d6e5b882113e2d7,1112,0.8040854707710682,30,-0.3249083298292214,-40.407188245505104,direct_same_metric_and_denominator
qwen,qwen/epoch-032,epoch-032,32,224,False,generation_repeated_3gram,generation,0.5943629846855654,fraction,lower,30,measured,/vol/tmp2/yesildau/m1_eval_v2_matched_three_model_v3/results/qwen/epoch-032/generation_integrity/raw/20260824T205805Z_m1_qwen_epoch-032_generation/summary_metrics.json,3a88d89610fb57983d318b31c36e8e94aa202516da07ea7b0d6e5b882113e2d7,1112,0.20856557935534573,30,0.38579740533021967,184.97654623676587,direct_same_metric_and_denominator
qwen,qwen/epoch-032,epoch-032,32,224,False,generation_repeated_4gram,generation,0.5601061847988077,fraction,lower,30,measured,/vol/tmp2/yesildau/m1_eval_v2_matched_three_model_v3/results/qwen/epoch-032/generation_integrity/raw/20260824T205805Z_m1_qwen_epoch-032_generation/summary_metrics.json,3a88d89610fb57983d318b31c36e8e94aa202516da07ea7b0d6e5b882113e2d7,1112,,,,,no_m0_reference
qwen,qwen/epoch-032,epoch-032,32,224,False,generation_ppl,generation,22.19740380946554,PPL,lower,301239,measured,/vol/tmp2/yesildau/m1_eval_v2_matched_three_model_v3/results/qwen/epoch-032/generation_integrity/raw/20260824T205805Z_m1_qwen_epoch-032_generation/summary_metrics.json,3a88d89610fb57983d318b31c36e8e94aa202516da07ea7b0d6e5b882113e2d7,1112,14.69939791395479,301239,7.498005895510751,51.00893206239802,direct_same_metric_and_denominator
qwen,qwen/epoch-033,epoch-033,33,231,False,wikitext_bpb,wikitext,0.7366128821588039,bits/byte,lower,62,measured,/vol/tmp2/yesildau/m1_eval_v2_matched_three_model_v3/results/qwen/epoch-033/harness/raw/__vol__tmp2__yesildau__m1_matched_three_model_retry_v1__training__qwen__20260822T155241Z_m1_matched_epoch_dense_qwen_seed42_7c56e187__epoch_snapshots__epoch-033/results_2026-08-24T22-31-34.389303.json,72a0562b428ab52f40bfbfd73fb427d2daef1b0ab6817a268d3c89a3deeba741,12375,0.6725931618582224,62,0.06401972030058156,9.5183424291305,direct_same_metric_and_denominator
qwen,qwen/epoch-033,epoch-033,33,231,False,wikitext_word_ppl,wikitext,15.337601939547662,PPL,lower,62,measured,/vol/tmp2/yesildau/m1_eval_v2_matched_three_model_v3/results/qwen/epoch-033/harness/raw/__vol__tmp2__yesildau__m1_matched_three_model_retry_v1__training__qwen__20260822T155241Z_m1_matched_epoch_dense_qwen_seed42_7c56e187__epoch_snapshots__epoch-033/results_2026-08-24T22-31-34.389303.json,72a0562b428ab52f40bfbfd73fb427d2daef1b0ab6817a268d3c89a3deeba741,12375,12.097681956432362,62,3.2399199831153,26.781328809794243,direct_same_metric_and_denominator
qwen,qwen/epoch-033,epoch-033,33,231,False,wikitext_byte_ppl,wikitext,1.6662592475827422,PPL,lower,62,measured,/vol/tmp2/yesildau/m1_eval_v2_matched_three_model_v3/results/qwen/epoch-033/harness/raw/__vol__tmp2__yesildau__m1_matched_three_model_retry_v1__training__qwen__20260822T155241Z_m1_matched_epoch_dense_qwen_seed42_7c56e187__epoch_snapshots__epoch-033/results_2026-08-24T22-31-34.389303.json,72a0562b428ab52f40bfbfd73fb427d2daef1b0ab6817a268d3c89a3deeba741,12375,1.5939354019689935,62,0.07232384561374872,4.537438940399142,direct_same_metric_and_denominator
qwen,qwen/epoch-033,epoch-033,33,231,False,exact_prefix_top1_accuracy,exact_prefix,1.0,fraction,higher,500,measured,/vol/tmp2/yesildau/m1_eval_v2_matched_three_model_v3/results/qwen/epoch-033/exact_prefix/raw/20260824T210852Z_780ad9f0/summary_metrics.json,a852c64e6d4cbf0c0b9d7123dc42f0c31c1ad0185d1da568064aaa695abb2046,1712,0.03,500,0.97,3233.3333333333335,direct_same_metric_and_denominator
qwen,qwen/epoch-033,epoch-033,33,231,False,exact_prefix_top5_accuracy,exact_prefix,1.0,fraction,higher,500,measured,/vol/tmp2/yesildau/m1_eval_v2_matched_three_model_v3/results/qwen/epoch-033/exact_prefix/raw/20260824T210852Z_780ad9f0/summary_metrics.json,a852c64e6d4cbf0c0b9d7123dc42f0c31c1ad0185d1da568064aaa695abb2046,1712,,,,,no_m0_reference
qwen,qwen/epoch-033,epoch-033,33,231,False,exact_prefix_mrr,exact_prefix,1.0,fraction,higher,500,measured,/vol/tmp2/yesildau/m1_eval_v2_matched_three_model_v3/results/qwen/epoch-033/exact_prefix/raw/20260824T210852Z_780ad9f0/summary_metrics.json,a852c64e6d4cbf0c0b9d7123dc42f0c31c1ad0185d1da568064aaa695abb2046,1712,,,,,no_m0_reference
qwen,qwen/epoch-033,epoch-033,33,231,False,exact_prefix_mean_rank,exact_prefix,1,rank,lower,500,measured,/vol/tmp2/yesildau/m1_eval_v2_matched_three_model_v3/results/qwen/epoch-033/exact_prefix/raw/20260824T210852Z_780ad9f0/summary_metrics.json,a852c64e6d4cbf0c0b9d7123dc42f0c31c1ad0185d1da568064aaa695abb2046,1712,,,,,no_m0_reference
qwen,qwen/epoch-033,epoch-033,33,231,False,exact_prefix_mean_score_margin,exact_prefix,5.174278907915129,logprob,higher,500,measured,/vol/tmp2/yesildau/m1_eval_v2_matched_three_model_v3/results/qwen/epoch-033/exact_prefix/raw/20260824T210852Z_780ad9f0/summary_metrics.json,a852c64e6d4cbf0c0b9d7123dc42f0c31c1ad0185d1da568064aaa695abb2046,1712,,,,,no_m0_reference
qwen,qwen/epoch-033,epoch-033,33,231,False,factual_cheap_top1_count,factual_cheap,1030,count,higher,1500,completed,/vol/tmp2/yesildau/m1_eval_v2_matched_three_model_v3/results/qwen/epoch-033/factual_cheap/raw/summary.json,531cd74a6e02ea898ed1769b3ce18921a9ff65f9168a2bde51f93ad62219679e,324,,,,,no_m0_reference
qwen,qwen/epoch-033,epoch-033,33,231,False,turkish_bpb,turkish_cross_domain,1.4795803413676818,bits/byte,lower,9114536,measured,/vol/tmp2/yesildau/m1_eval_v2_matched_three_model_v3/results/qwen/epoch-033/turkish_perplexity/raw/trwiki_cross_domain/summary.json,5dadfb9e46013603a3444c825d7755dc2d199b8270715faa4acd2383476ff7d6,938,1.2466700436547986,9114536,0.23291029771288319,18.682593593896907,direct_same_metric_and_denominator
qwen,qwen/epoch-033,epoch-033,33,231,False,turkish_ppl,turkish_cross_domain,19.27616351370488,PPL,lower,9114536,measured,/vol/tmp2/yesildau/m1_eval_v2_matched_three_model_v3/results/qwen/epoch-033/turkish_perplexity/raw/trwiki_cross_domain/summary.json,5dadfb9e46013603a3444c825d7755dc2d199b8270715faa4acd2383476ff7d6,938,12.09865824277937,9114536,7.17750527092551,59.32480384929572,direct_same_metric_and_denominator
qwen,qwen/epoch-033,epoch-033,33,231,False,turkish_byte_ppl,turkish_cross_domain,2.7886760301299827,PPL,lower,9114536,measured,/vol/tmp2/yesildau/m1_eval_v2_matched_three_model_v3/results/qwen/epoch-033/turkish_perplexity/raw/trwiki_cross_domain/summary.json,5dadfb9e46013603a3444c825d7755dc2d199b8270715faa4acd2383476ff7d6,938,2.3729308242478306,9114536,0.415745205882152,17.520325566757073,direct_same_metric_and_denominator
qwen,qwen/epoch-033,epoch-033,33,231,False,generation_top1_accuracy,generation,0.9666666666666667,fraction,higher,30,measured,/vol/tmp2/yesildau/m1_eval_v2_matched_three_model_v3/results/qwen/epoch-033/generation_integrity/raw/20260824T211019Z_m1_qwen_epoch-033_generation/summary_metrics.json,9f3807bf8aff4e3f093d663ac33fed8b596dd9be110bb2955480b4872181f8b2,1112,0.9,30,0.06666666666666665,7.407407407407406,direct_same_metric_and_denominator
qwen,qwen/epoch-033,epoch-033,33,231,False,generation_empty_or_near_empty,generation,0,count,lower,30,measured,/vol/tmp2/yesildau/m1_eval_v2_matched_three_model_v3/results/qwen/epoch-033/generation_integrity/raw/20260824T211019Z_m1_qwen_epoch-033_generation/summary_metrics.json,9f3807bf8aff4e3f093d663ac33fed8b596dd9be110bb2955480b4872181f8b2,1112,0,30,0,,direct_same_metric_and_denominator
qwen,qwen/epoch-033,epoch-033,33,231,False,generation_distinct_2,generation,0.5114522732169791,fraction,higher,30,measured,/vol/tmp2/yesildau/m1_eval_v2_matched_three_model_v3/results/qwen/epoch-033/generation_integrity/raw/20260824T211019Z_m1_qwen_epoch-033_generation/summary_metrics.json,9f3807bf8aff4e3f093d663ac33fed8b596dd9be110bb2955480b4872181f8b2,1112,0.8040854707710682,30,-0.2926331975540891,-36.39329501545053,direct_same_metric_and_denominator
qwen,qwen/epoch-033,epoch-033,33,231,False,generation_repeated_3gram,generation,0.5384490061909416,fraction,lower,30,measured,/vol/tmp2/yesildau/m1_eval_v2_matched_three_model_v3/results/qwen/epoch-033/generation_integrity/raw/20260824T211019Z_m1_qwen_epoch-033_generation/summary_metrics.json,9f3807bf8aff4e3f093d663ac33fed8b596dd9be110bb2955480b4872181f8b2,1112,0.20856557935534573,30,0.3298834268355959,158.1677225241245,direct_same_metric_and_denominator
qwen,qwen/epoch-033,epoch-033,33,231,False,generation_repeated_4gram,generation,0.50600782414307,fraction,lower,30,measured,/vol/tmp2/yesildau/m1_eval_v2_matched_three_model_v3/results/qwen/epoch-033/generation_integrity/raw/20260824T211019Z_m1_qwen_epoch-033_generation/summary_metrics.json,9f3807bf8aff4e3f093d663ac33fed8b596dd9be110bb2955480b4872181f8b2,1112,,,,,no_m0_reference
qwen,qwen/epoch-033,epoch-033,33,231,False,generation_ppl,generation,22.20209498486777,PPL,lower,301239,measured,/vol/tmp2/yesildau/m1_eval_v2_matched_three_model_v3/results/qwen/epoch-033/generation_integrity/raw/20260824T211019Z_m1_qwen_epoch-033_generation/summary_metrics.json,9f3807bf8aff4e3f093d663ac33fed8b596dd9be110bb2955480b4872181f8b2,1112,14.69939791395479,301239,7.50269707091298,51.040846127380064,direct_same_metric_and_denominator
qwen,qwen/epoch-034,epoch-034,34,238,False,wikitext_bpb,wikitext,0.7366022619990641,bits/byte,lower,62,measured,/vol/tmp2/yesildau/m1_eval_v2_matched_three_model_v3/results/qwen/epoch-034/harness/raw/__vol__tmp2__yesildau__m1_matched_three_model_retry_v1__training__qwen__20260822T155241Z_m1_matched_epoch_dense_qwen_seed42_7c56e187__epoch_snapshots__epoch-034/results_2026-08-24T23-03-57.427376.json,d32bb9f51261dc8201cfe146a14495070a4eefd0c410162adf828a921c385646,12374,0.6725931618582224,62,0.06400910014084171,9.51676344195934,direct_same_metric_and_denominator
qwen,qwen/epoch-034,epoch-034,34,238,False,wikitext_word_ppl,wikitext,15.336998196407931,PPL,lower,62,measured,/vol/tmp2/yesildau/m1_eval_v2_matched_three_model_v3/results/qwen/epoch-034/harness/raw/__vol__tmp2__yesildau__m1_matched_three_model_retry_v1__training__qwen__20260822T155241Z_m1_matched_epoch_dense_qwen_seed42_7c56e187__epoch_snapshots__epoch-034/results_2026-08-24T23-03-57.427376.json,d32bb9f51261dc8201cfe146a14495070a4eefd0c410162adf828a921c385646,12374,12.097681956432362,62,3.239316239975569,26.77633824100672,direct_same_metric_and_denominator
qwen,qwen/epoch-034,epoch-034,34,238,False,wikitext_byte_ppl,wikitext,1.6662469817374022,PPL,lower,62,measured,/vol/tmp2/yesildau/m1_eval_v2_matched_three_model_v3/results/qwen/epoch-034/harness/raw/__vol__tmp2__yesildau__m1_matched_three_model_retry_v1__training__qwen__20260822T155241Z_m1_matched_epoch_dense_qwen_seed42_7c56e187__epoch_snapshots__epoch-034/results_2026-08-24T23-03-57.427376.json,d32bb9f51261dc8201cfe146a14495070a4eefd0c410162adf828a921c385646,12374,1.5939354019689935,62,0.07231157976840863,4.536669408250918,direct_same_metric_and_denominator
qwen,qwen/epoch-034,epoch-034,34,238,False,exact_prefix_top1_accuracy,exact_prefix,1.0,fraction,higher,500,measured,/vol/tmp2/yesildau/m1_eval_v2_matched_three_model_v3/results/qwen/epoch-034/exact_prefix/raw/20260824T213720Z_106c01c4/summary_metrics.json,7157142565d185fbd8f413ed1754c1b02c150fcb7929f1f9963003f3ac8f98b3,1711,0.03,500,0.97,3233.3333333333335,direct_same_metric_and_denominator
qwen,qwen/epoch-034,epoch-034,34,238,False,exact_prefix_top5_accuracy,exact_prefix,1.0,fraction,higher,500,measured,/vol/tmp2/yesildau/m1_eval_v2_matched_three_model_v3/results/qwen/epoch-034/exact_prefix/raw/20260824T213720Z_106c01c4/summary_metrics.json,7157142565d185fbd8f413ed1754c1b02c150fcb7929f1f9963003f3ac8f98b3,1711,,,,,no_m0_reference
qwen,qwen/epoch-034,epoch-034,34,238,False,exact_prefix_mrr,exact_prefix,1.0,fraction,higher,500,measured,/vol/tmp2/yesildau/m1_eval_v2_matched_three_model_v3/results/qwen/epoch-034/exact_prefix/raw/20260824T213720Z_106c01c4/summary_metrics.json,7157142565d185fbd8f413ed1754c1b02c150fcb7929f1f9963003f3ac8f98b3,1711,,,,,no_m0_reference
qwen,qwen/epoch-034,epoch-034,34,238,False,exact_prefix_mean_rank,exact_prefix,1,rank,lower,500,measured,/vol/tmp2/yesildau/m1_eval_v2_matched_three_model_v3/results/qwen/epoch-034/exact_prefix/raw/20260824T213720Z_106c01c4/summary_metrics.json,7157142565d185fbd8f413ed1754c1b02c150fcb7929f1f9963003f3ac8f98b3,1711,,,,,no_m0_reference
qwen,qwen/epoch-034,epoch-034,34,238,False,exact_prefix_mean_score_margin,exact_prefix,5.179227227511492,logprob,higher,500,measured,/vol/tmp2/yesildau/m1_eval_v2_matched_three_model_v3/results/qwen/epoch-034/exact_prefix/raw/20260824T213720Z_106c01c4/summary_metrics.json,7157142565d185fbd8f413ed1754c1b02c150fcb7929f1f9963003f3ac8f98b3,1711,,,,,no_m0_reference
qwen,qwen/epoch-034,epoch-034,34,238,False,factual_cheap_top1_count,factual_cheap,1033,count,higher,1500,completed,/vol/tmp2/yesildau/m1_eval_v2_matched_three_model_v3/results/qwen/epoch-034/factual_cheap/raw/summary.json,1829fcc23eb245ecb43ffec7f34d5a9e91923975b4cf346449931567edf4e574,324,,,,,no_m0_reference
qwen,qwen/epoch-034,epoch-034,34,238,False,turkish_bpb,turkish_cross_domain,1.47968199938491,bits/byte,lower,9114536,measured,/vol/tmp2/yesildau/m1_eval_v2_matched_three_model_v3/results/qwen/epoch-034/turkish_perplexity/raw/trwiki_cross_domain/summary.json,1461856a31a2e0251740b669012636c1adc1befba40647c0e4032c71c39da850,936,1.2466700436547986,9114536,0.23301195573011135,18.690747958216928,direct_same_metric_and_denominator
qwen,qwen/epoch-034,epoch-034,34,238,False,turkish_ppl,turkish_cross_domain,19.280082679256097,PPL,lower,9114536,measured,/vol/tmp2/yesildau/m1_eval_v2_matched_three_model_v3/results/qwen/epoch-034/turkish_perplexity/raw/trwiki_cross_domain/summary.json,1461856a31a2e0251740b669012636c1adc1befba40647c0e4032c71c39da850,936,12.09865824277937,9114536,7.181424436476727,59.35719723931114,direct_same_metric_and_denominator
qwen,qwen/epoch-034,epoch-034,34,238,False,turkish_byte_ppl,turkish_cross_domain,2.7888725382318857,PPL,lower,9114536,measured,/vol/tmp2/yesildau/m1_eval_v2_matched_three_model_v3/results/qwen/epoch-034/turkish_perplexity/raw/trwiki_cross_domain/summary.json,1461856a31a2e0251740b669012636c1adc1befba40647c0e4032c71c39da850,936,2.3729308242478306,9114536,0.4159417139840551,17.528606806980978,direct_same_metric_and_denominator
qwen,qwen/epoch-034,epoch-034,34,238,False,generation_top1_accuracy,generation,0.9666666666666667,fraction,higher,30,measured,/vol/tmp2/yesildau/m1_eval_v2_matched_three_model_v3/results/qwen/epoch-034/generation_integrity/raw/20260824T213845Z_m1_qwen_epoch-034_generation/summary_metrics.json,3a3f98088e89e153760e7a33c6b37150b2ef7dc93fca9ab1768cc65a6ea30c87,1114,0.9,30,0.06666666666666665,7.407407407407406,direct_same_metric_and_denominator
qwen,qwen/epoch-034,epoch-034,34,238,False,generation_empty_or_near_empty,generation,0,count,lower,30,measured,/vol/tmp2/yesildau/m1_eval_v2_matched_three_model_v3/results/qwen/epoch-034/generation_integrity/raw/20260824T213845Z_m1_qwen_epoch-034_generation/summary_metrics.json,3a3f98088e89e153760e7a33c6b37150b2ef7dc93fca9ab1768cc65a6ea30c87,1114,0,30,0,,direct_same_metric_and_denominator
qwen,qwen/epoch-034,epoch-034,34,238,False,generation_distinct_2,generation,0.5036582154229212,fraction,higher,30,measured,/vol/tmp2/yesildau/m1_eval_v2_matched_three_model_v3/results/qwen/epoch-034/generation_integrity/raw/20260824T213845Z_m1_qwen_epoch-034_generation/summary_metrics.json,3a3f98088e89e153760e7a33c6b37150b2ef7dc93fca9ab1768cc65a6ea30c87,1114,0.8040854707710682,30,-0.30042725534814696,-37.36260214477645,direct_same_metric_and_denominator
qwen,qwen/epoch-034,epoch-034,34,238,False,generation_repeated_3gram,generation,0.5598683610296514,fraction,lower,30,measured,/vol/tmp2/yesildau/m1_eval_v2_matched_three_model_v3/results/qwen/epoch-034/generation_integrity/raw/20260824T213845Z_m1_qwen_epoch-034_generation/summary_metrics.json,3a3f98088e89e153760e7a33c6b37150b2ef7dc93fca9ab1768cc65a6ea30c87,1114,0.20856557935534573,30,0.35130278167430573,168.43756422327485,direct_same_metric_and_denominator
qwen,qwen/epoch-034,epoch-034,34,238,False,generation_repeated_4gram,generation,0.5262636612021857,fraction,lower,30,measured,/vol/tmp2/yesildau/m1_eval_v2_matched_three_model_v3/results/qwen/epoch-034/generation_integrity/raw/20260824T213845Z_m1_qwen_epoch-034_generation/summary_metrics.json,3a3f98088e89e153760e7a33c6b37150b2ef7dc93fca9ab1768cc65a6ea30c87,1114,,,,,no_m0_reference
qwen,qwen/epoch-034,epoch-034,34,238,False,generation_ppl,generation,22.20181860186964,PPL,lower,301239,measured,/vol/tmp2/yesildau/m1_eval_v2_matched_three_model_v3/results/qwen/epoch-034/generation_integrity/raw/20260824T213845Z_m1_qwen_epoch-034_generation/summary_metrics.json,3a3f98088e89e153760e7a33c6b37150b2ef7dc93fca9ab1768cc65a6ea30c87,1114,14.69939791395479,301239,7.502420687914849,51.038965893919155,direct_same_metric_and_denominator
qwen,qwen/epoch-035,epoch-035,35,245,False,wikitext_bpb,wikitext,0.7366095284241493,bits/byte,lower,62,measured,/vol/tmp2/yesildau/m1_eval_v2_matched_three_model_v3/results/qwen/epoch-035/harness/raw/__vol__tmp2__yesildau__m1_matched_three_model_retry_v1__training__qwen__20260822T155241Z_m1_matched_epoch_dense_qwen_seed42_7c56e187__epoch_snapshots__epoch-035/results_2026-08-24T23-06-59.920739.json,47250a492cf44a8e50fdc3567d8d9fcea3724cdaa84b92ea79b869dacbaad0d5,12305,0.6725931618582224,62,0.06401636656592691,9.51784380160277,direct_same_metric_and_denominator
qwen,qwen/epoch-035,epoch-035,35,245,False,wikitext_word_ppl,wikitext,15.337411281251804,PPL,lower,62,measured,/vol/tmp2/yesildau/m1_eval_v2_matched_three_model_v3/results/qwen/epoch-035/harness/raw/__vol__tmp2__yesildau__m1_matched_three_model_retry_v1__training__qwen__20260822T155241Z_m1_matched_epoch_dense_qwen_seed42_7c56e187__epoch_snapshots__epoch-035/results_2026-08-24T23-06-59.920739.json,47250a492cf44a8e50fdc3567d8d9fcea3724cdaa84b92ea79b869dacbaad0d5,12305,12.097681956432362,62,3.239729324819441,26.779752819480183,direct_same_metric_and_denominator
qwen,qwen/epoch-035,epoch-035,35,245,False,wikitext_byte_ppl,wikitext,1.6662553741481434,PPL,lower,62,measured,/vol/tmp2/yesildau/m1_eval_v2_matched_three_model_v3/results/qwen/epoch-035/harness/raw/__vol__tmp2__yesildau__m1_matched_three_model_retry_v1__training__qwen__20260822T155241Z_m1_matched_epoch_dense_qwen_seed42_7c56e187__epoch_snapshots__epoch-035/results_2026-08-24T23-06-59.920739.json,47250a492cf44a8e50fdc3567d8d9fcea3724cdaa84b92ea79b869dacbaad0d5,12305,1.5939354019689935,62,0.07231997217914987,4.537195929635089,direct_same_metric_and_denominator
qwen,qwen/epoch-035,epoch-035,35,245,False,exact_prefix_top1_accuracy,exact_prefix,1.0,fraction,higher,500,measured,/vol/tmp2/yesildau/m1_eval_v2_matched_three_model_v3/results/qwen/epoch-035/exact_prefix/raw/20260824T214012Z_1d2308d3/summary_metrics.json,d515cd28320d58974f3e42f62859474b256ef8b399244878c4566292f87ceb19,1712,0.03,500,0.97,3233.3333333333335,direct_same_metric_and_denominator
qwen,qwen/epoch-035,epoch-035,35,245,False,exact_prefix_top5_accuracy,exact_prefix,1.0,fraction,higher,500,measured,/vol/tmp2/yesildau/m1_eval_v2_matched_three_model_v3/results/qwen/epoch-035/exact_prefix/raw/20260824T214012Z_1d2308d3/summary_metrics.json,d515cd28320d58974f3e42f62859474b256ef8b399244878c4566292f87ceb19,1712,,,,,no_m0_reference
qwen,qwen/epoch-035,epoch-035,35,245,False,exact_prefix_mrr,exact_prefix,1.0,fraction,higher,500,measured,/vol/tmp2/yesildau/m1_eval_v2_matched_three_model_v3/results/qwen/epoch-035/exact_prefix/raw/20260824T214012Z_1d2308d3/summary_metrics.json,d515cd28320d58974f3e42f62859474b256ef8b399244878c4566292f87ceb19,1712,,,,,no_m0_reference
qwen,qwen/epoch-035,epoch-035,35,245,False,exact_prefix_mean_rank,exact_prefix,1,rank,lower,500,measured,/vol/tmp2/yesildau/m1_eval_v2_matched_three_model_v3/results/qwen/epoch-035/exact_prefix/raw/20260824T214012Z_1d2308d3/summary_metrics.json,d515cd28320d58974f3e42f62859474b256ef8b399244878c4566292f87ceb19,1712,,,,,no_m0_reference
qwen,qwen/epoch-035,epoch-035,35,245,False,exact_prefix_mean_score_margin,exact_prefix,5.185742136985234,logprob,higher,500,measured,/vol/tmp2/yesildau/m1_eval_v2_matched_three_model_v3/results/qwen/epoch-035/exact_prefix/raw/20260824T214012Z_1d2308d3/summary_metrics.json,d515cd28320d58974f3e42f62859474b256ef8b399244878c4566292f87ceb19,1712,,,,,no_m0_reference
qwen,qwen/epoch-035,epoch-035,35,245,False,factual_cheap_top1_count,factual_cheap,1031,count,higher,1500,completed,/vol/tmp2/yesildau/m1_eval_v2_matched_three_model_v3/results/qwen/epoch-035/factual_cheap/raw/summary.json,5b51514452df08f7571d0f7d695c8b2567601be6e6651a9b8c54ce059302a3e0,324,,,,,no_m0_reference
qwen,qwen/epoch-035,epoch-035,35,245,False,turkish_bpb,turkish_cross_domain,1.4797302770373058,bits/byte,lower,9114536,measured,/vol/tmp2/yesildau/m1_eval_v2_matched_three_model_v3/results/qwen/epoch-035/turkish_perplexity/raw/trwiki_cross_domain/summary.json,3d57cf515990714e7b7a1a658246e06afcbce0b3434f2b81976fe9225b75cd0e,936,1.2466700436547986,9114536,0.23306023338250714,18.694620486689196,direct_same_metric_and_denominator
qwen,qwen/epoch-035,epoch-035,35,245,False,turkish_ppl,turkish_cross_domain,19.281944180055024,PPL,lower,9114536,measured,/vol/tmp2/yesildau/m1_eval_v2_matched_three_model_v3/results/qwen/epoch-035/turkish_perplexity/raw/trwiki_cross_domain/summary.json,3d57cf515990714e7b7a1a658246e06afcbce0b3434f2b81976fe9225b75cd0e,936,12.09865824277937,9114536,7.183285937275654,59.372583249574205,direct_same_metric_and_denominator
qwen,qwen/epoch-035,epoch-035,35,245,False,turkish_byte_ppl,turkish_cross_domain,2.7889658652815768,PPL,lower,9114536,measured,/vol/tmp2/yesildau/m1_eval_v2_matched_three_model_v3/results/qwen/epoch-035/turkish_perplexity/raw/trwiki_cross_domain/summary.json,3d57cf515990714e7b7a1a658246e06afcbce0b3434f2b81976fe9225b75cd0e,936,2.3729308242478306,9114536,0.4160350410337461,17.53253979351128,direct_same_metric_and_denominator
qwen,qwen/epoch-035,epoch-035,35,245,False,generation_top1_accuracy,generation,0.9666666666666667,fraction,higher,30,measured,/vol/tmp2/yesildau/m1_eval_v2_matched_three_model_v3/results/qwen/epoch-035/generation_integrity/raw/20260824T214132Z_m1_qwen_epoch-035_generation/summary_metrics.json,2ad55ff80032408646808bf1da2735d48c72bdca22144aecd0880a6176cb37c2,1112,0.9,30,0.06666666666666665,7.407407407407406,direct_same_metric_and_denominator
qwen,qwen/epoch-035,epoch-035,35,245,False,generation_empty_or_near_empty,generation,0,count,lower,30,measured,/vol/tmp2/yesildau/m1_eval_v2_matched_three_model_v3/results/qwen/epoch-035/generation_integrity/raw/20260824T214132Z_m1_qwen_epoch-035_generation/summary_metrics.json,2ad55ff80032408646808bf1da2735d48c72bdca22144aecd0880a6176cb37c2,1112,0,30,0,,direct_same_metric_and_denominator
qwen,qwen/epoch-035,epoch-035,35,245,False,generation_distinct_2,generation,0.4775898393545452,fraction,higher,30,measured,/vol/tmp2/yesildau/m1_eval_v2_matched_three_model_v3/results/qwen/epoch-035/generation_integrity/raw/20260824T214132Z_m1_qwen_epoch-035_generation/summary_metrics.json,2ad55ff80032408646808bf1da2735d48c72bdca22144aecd0880a6176cb37c2,1112,0.8040854707710682,30,-0.326495631416523,-40.60459283058975,direct_same_metric_and_denominator
qwen,qwen/epoch-035,epoch-035,35,245,False,generation_repeated_3gram,generation,0.5889866405995439,fraction,lower,30,measured,/vol/tmp2/yesildau/m1_eval_v2_matched_three_model_v3/results/qwen/epoch-035/generation_integrity/raw/20260824T214132Z_m1_qwen_epoch-035_generation/summary_metrics.json,2ad55ff80032408646808bf1da2735d48c72bdca22144aecd0880a6176cb37c2,1112,0.20856557935534573,30,0.38042106124419817,182.39877472593497,direct_same_metric_and_denominator
qwen,qwen/epoch-035,epoch-035,35,245,False,generation_repeated_4gram,generation,0.5573739443616491,fraction,lower,30,measured,/vol/tmp2/yesildau/m1_eval_v2_matched_three_model_v3/results/qwen/epoch-035/generation_integrity/raw/20260824T214132Z_m1_qwen_epoch-035_generation/summary_metrics.json,2ad55ff80032408646808bf1da2735d48c72bdca22144aecd0880a6176cb37c2,1112,,,,,no_m0_reference
qwen,qwen/epoch-035,epoch-035,35,245,False,generation_ppl,generation,22.20488556175642,PPL,lower,301239,measured,/vol/tmp2/yesildau/m1_eval_v2_matched_three_model_v3/results/qwen/epoch-035/generation_integrity/raw/20260824T214132Z_m1_qwen_epoch-035_generation/summary_metrics.json,2ad55ff80032408646808bf1da2735d48c72bdca22144aecd0880a6176cb37c2,1112,14.69939791395479,301239,7.50548764780163,51.05983042119254,direct_same_metric_and_denominator
qwen,qwen/epoch-036,epoch-036,36,252,True,wikitext_bpb,wikitext,0.7366140000703555,bits/byte,lower,62,measured,/vol/tmp2/yesildau/m1_eval_v2_matched_three_model_v3/results/qwen/epoch-036/harness/raw/__vol__tmp2__yesildau__m1_matched_three_model_retry_v1__training__qwen__20260822T155241Z_m1_matched_epoch_dense_qwen_seed42_7c56e187__epoch_snapshots__epoch-036/results_2026-08-26T00-06-15.401743.json,f4f5efa74237762a68a6a4ac0a9f5cfb7b539ec059f40d3d4a6ae11730c026eb,233868,0.6725931618582224,62,0.06402083821213311,9.518508638306411,direct_same_metric_and_denominator
qwen,qwen/epoch-036,epoch-036,36,252,True,wikitext_word_ppl,wikitext,15.33766549283963,PPL,lower,62,measured,/vol/tmp2/yesildau/m1_eval_v2_matched_three_model_v3/results/qwen/epoch-036/harness/raw/__vol__tmp2__yesildau__m1_matched_three_model_retry_v1__training__qwen__20260822T155241Z_m1_matched_epoch_dense_qwen_seed42_7c56e187__epoch_snapshots__epoch-036/results_2026-08-26T00-06-15.401743.json,f4f5efa74237762a68a6a4ac0a9f5cfb7b539ec059f40d3d4a6ae11730c026eb,233868,12.097681956432362,62,3.2399835364072676,26.7818541442525,direct_same_metric_and_denominator
qwen,qwen/epoch-036,epoch-036,36,252,True,wikitext_byte_ppl,wikitext,1.6662605387296094,PPL,lower,62,measured,/vol/tmp2/yesildau/m1_eval_v2_matched_three_model_v3/results/qwen/epoch-036/harness/raw/__vol__tmp2__yesildau__m1_matched_three_model_retry_v1__training__qwen__20260822T155241Z_m1_matched_epoch_dense_qwen_seed42_7c56e187__epoch_snapshots__epoch-036/results_2026-08-26T00-06-15.401743.json,f4f5efa74237762a68a6a4ac0a9f5cfb7b539ec059f40d3d4a6ae11730c026eb,233868,1.5939354019689935,62,0.07232513676061592,4.537519944112693,direct_same_metric_and_denominator
qwen,qwen/epoch-036,epoch-036,36,252,True,blimp_accuracy,blimp,0.7680597014925369,fraction,higher,67000,measured,/vol/tmp2/yesildau/m1_eval_v2_matched_three_model_v3/results/qwen/epoch-036/harness/raw/__vol__tmp2__yesildau__m1_matched_three_model_retry_v1__training__qwen__20260822T155241Z_m1_matched_epoch_dense_qwen_seed42_7c56e187__epoch_snapshots__epoch-036/results_2026-08-26T00-06-15.401743.json,f4f5efa74237762a68a6a4ac0a9f5cfb7b539ec059f40d3d4a6ae11730c026eb,233868,0.8252238805970152,67000,-0.05716417910447835,-6.927111593416618,direct_same_metric_and_denominator
qwen,qwen/epoch-036,epoch-036,36,252,True,hellaswag_accuracy,hellaswag,0.5084644493128859,fraction,higher,10042,measured,/vol/tmp2/yesildau/m1_eval_v2_matched_three_model_v3/results/qwen/epoch-036/harness/raw/__vol__tmp2__yesildau__m1_matched_three_model_retry_v1__training__qwen__20260822T155241Z_m1_matched_epoch_dense_qwen_seed42_7c56e187__epoch_snapshots__epoch-036/results_2026-08-26T00-06-15.401743.json,f4f5efa74237762a68a6a4ac0a9f5cfb7b539ec059f40d3d4a6ae11730c026eb,233868,0.5018920533758215,10042,0.006572395937064379,1.3095238095238193,direct_same_metric_and_denominator
qwen,qwen/epoch-036,epoch-036,36,252,True,hellaswag_acc_norm,hellaswag,0.6712806213901613,fraction,higher,10042,measured,/vol/tmp2/yesildau/m1_eval_v2_matched_three_model_v3/results/qwen/epoch-036/harness/raw/__vol__tmp2__yesildau__m1_matched_three_model_retry_v1__training__qwen__20260822T155241Z_m1_matched_epoch_dense_qwen_seed42_7c56e187__epoch_snapshots__epoch-036/results_2026-08-26T00-06-15.401743.json,f4f5efa74237762a68a6a4ac0a9f5cfb7b539ec059f40d3d4a6ae11730c026eb,233868,0.6774546903007369,10042,-0.006174068910575592,-0.911362634132002,direct_same_metric_and_denominator
qwen,qwen/epoch-036,epoch-036,36,252,True,winogender_female,winogender,0.5583333333333333,fraction,higher,240,measured,/vol/tmp2/yesildau/m1_eval_v2_matched_three_model_v3/results/qwen/epoch-036/harness/raw/__vol__tmp2__yesildau__m1_matched_three_model_retry_v1__training__qwen__20260822T155241Z_m1_matched_epoch_dense_qwen_seed42_7c56e187__epoch_snapshots__epoch-036/results_2026-08-26T00-06-15.401743.json,f4f5efa74237762a68a6a4ac0a9f5cfb7b539ec059f40d3d4a6ae11730c026eb,233868,0.5541666666666667,240,0.004166666666666652,0.7518796992481176,direct_same_metric_and_denominator
qwen,qwen/epoch-036,epoch-036,36,252,True,winogender_male,winogender,0.5666666666666667,fraction,higher,240,measured,/vol/tmp2/yesildau/m1_eval_v2_matched_three_model_v3/results/qwen/epoch-036/harness/raw/__vol__tmp2__yesildau__m1_matched_three_model_retry_v1__training__qwen__20260822T155241Z_m1_matched_epoch_dense_qwen_seed42_7c56e187__epoch_snapshots__epoch-036/results_2026-08-26T00-06-15.401743.json,f4f5efa74237762a68a6a4ac0a9f5cfb7b539ec059f40d3d4a6ae11730c026eb,233868,0.5708333333333333,240,-0.004166666666666652,-0.7299270072992675,direct_same_metric_and_denominator
qwen,qwen/epoch-036,epoch-036,36,252,True,winogender_neutral,winogender,0.5625,fraction,higher,240,measured,/vol/tmp2/yesildau/m1_eval_v2_matched_three_model_v3/results/qwen/epoch-036/harness/raw/__vol__tmp2__yesildau__m1_matched_three_model_retry_v1__training__qwen__20260822T155241Z_m1_matched_epoch_dense_qwen_seed42_7c56e187__epoch_snapshots__epoch-036/results_2026-08-26T00-06-15.401743.json,f4f5efa74237762a68a6a4ac0a9f5cfb7b539ec059f40d3d4a6ae11730c026eb,233868,0.5833333333333334,240,-0.02083333333333337,-3.5714285714285774,direct_same_metric_and_denominator
qwen,qwen/epoch-036,epoch-036,36,252,True,turblimp_acc_norm,turblimp,0.6594375,fraction,higher,16000,measured,/vol/tmp2/yesildau/m1_eval_v2_matched_three_model_v3/results/qwen/epoch-036/harness/raw/__vol__tmp2__yesildau__m1_matched_three_model_retry_v1__training__qwen__20260822T155241Z_m1_matched_epoch_dense_qwen_seed42_7c56e187__epoch_snapshots__epoch-036/results_2026-08-26T00-06-15.401743.json,f4f5efa74237762a68a6a4ac0a9f5cfb7b539ec059f40d3d4a6ae11730c026eb,233868,0.6643125000000001,16000,-0.004875000000000074,-0.7338413773638269,direct_same_metric_and_denominator
qwen,qwen/epoch-036,epoch-036,36,252,True,exact_prefix_top1_accuracy,exact_prefix,1.0,fraction,higher,500,measured,/vol/tmp2/yesildau/m1_eval_v2_matched_three_model_v3/results/qwen/epoch-036/exact_prefix/raw/20260826T001032Z_79c27566/summary_metrics.json,e0d8a897c1553aafa630ae3f352ea6e6d9c00dec9c892997aeb7de8041deba93,1711,0.03,500,0.97,3233.3333333333335,direct_same_metric_and_denominator
qwen,qwen/epoch-036,epoch-036,36,252,True,exact_prefix_top5_accuracy,exact_prefix,1.0,fraction,higher,500,measured,/vol/tmp2/yesildau/m1_eval_v2_matched_three_model_v3/results/qwen/epoch-036/exact_prefix/raw/20260826T001032Z_79c27566/summary_metrics.json,e0d8a897c1553aafa630ae3f352ea6e6d9c00dec9c892997aeb7de8041deba93,1711,,,,,no_m0_reference
qwen,qwen/epoch-036,epoch-036,36,252,True,exact_prefix_mrr,exact_prefix,1.0,fraction,higher,500,measured,/vol/tmp2/yesildau/m1_eval_v2_matched_three_model_v3/results/qwen/epoch-036/exact_prefix/raw/20260826T001032Z_79c27566/summary_metrics.json,e0d8a897c1553aafa630ae3f352ea6e6d9c00dec9c892997aeb7de8041deba93,1711,,,,,no_m0_reference
qwen,qwen/epoch-036,epoch-036,36,252,True,exact_prefix_mean_rank,exact_prefix,1,rank,lower,500,measured,/vol/tmp2/yesildau/m1_eval_v2_matched_three_model_v3/results/qwen/epoch-036/exact_prefix/raw/20260826T001032Z_79c27566/summary_metrics.json,e0d8a897c1553aafa630ae3f352ea6e6d9c00dec9c892997aeb7de8041deba93,1711,,,,,no_m0_reference
qwen,qwen/epoch-036,epoch-036,36,252,True,exact_prefix_mean_score_margin,exact_prefix,5.195766461680069,logprob,higher,500,measured,/vol/tmp2/yesildau/m1_eval_v2_matched_three_model_v3/results/qwen/epoch-036/exact_prefix/raw/20260826T001032Z_79c27566/summary_metrics.json,e0d8a897c1553aafa630ae3f352ea6e6d9c00dec9c892997aeb7de8041deba93,1711,,,,,no_m0_reference
qwen,qwen/epoch-036,epoch-036,36,252,True,factual_cheap_top1_count,factual_cheap,1030,count,higher,1500,completed_derived_from_full_without_rescoring,/vol/tmp2/yesildau/m1_eval_v2_matched_three_model_v3/results/qwen/epoch-036/factual_cheap/summary.json,9c85eba200f2792f41157a9d05fccf322324f05c4370f97674c6e5d9353f6556,672,,,,,no_m0_reference
qwen,qwen/epoch-036,epoch-036,36,252,True,factual_cheap_top1_rate,factual_cheap,0.6866666666666666,fraction,higher,1500,completed_derived_from_full_without_rescoring,/vol/tmp2/yesildau/m1_eval_v2_matched_three_model_v3/results/qwen/epoch-036/factual_cheap/summary.json,9c85eba200f2792f41157a9d05fccf322324f05c4370f97674c6e5d9353f6556,672,,,,,no_m0_reference
qwen,qwen/epoch-036,epoch-036,36,252,True,factual_top1_count,factual_full,8236,count,higher,12000,measured,/vol/tmp2/yesildau/m1_eval_v2_matched_three_model_v3/results/qwen/epoch-036/factual_full/raw/summary.json,0a2552b59fa9f11c5d915df116d247bddd23fe7c81c3e94fc39367b78064c9b8,330,209,12000,8027,3840.6698564593303,direct_same_metric_and_denominator
qwen,qwen/epoch-036,epoch-036,36,252,True,factual_top1_rate,factual_full,0.6863333333333334,fraction,higher,12000,measured,/vol/tmp2/yesildau/m1_eval_v2_matched_three_model_v3/results/qwen/epoch-036/factual_full/raw/summary.json,0a2552b59fa9f11c5d915df116d247bddd23fe7c81c3e94fc39367b78064c9b8,330,0.017416666666666667,12000,0.6689166666666667,3840.66985645933,direct_same_metric_and_denominator
qwen,qwen/epoch-036,epoch-036,36,252,True,factual_forced_choice_rate,factual_full,0.8116666666666666,fraction,higher,4800,measured,/vol/tmp2/yesildau/m1_eval_v2_matched_three_model_v3/results/qwen/epoch-036/factual_full/raw/summary.json,0a2552b59fa9f11c5d915df116d247bddd23fe7c81c3e94fc39367b78064c9b8,330,0.49916666666666665,4800,0.3125,62.60434056761269,direct_same_metric_and_denominator
qwen,qwen/epoch-036,epoch-036,36,252,True,factual_failure_early_eos,factual_full,749,count,lower,12000,measured,/vol/tmp2/yesildau/m1_eval_v2_matched_three_model_v3/results/qwen/epoch-036/factual_full/raw/summary.json,0a2552b59fa9f11c5d915df116d247bddd23fe7c81c3e94fc39367b78064c9b8,330,,,,,no_m0_reference
qwen,qwen/epoch-036,epoch-036,36,252,True,factual_failure_none,factual_full,8236,count,lower,12000,measured,/vol/tmp2/yesildau/m1_eval_v2_matched_three_model_v3/results/qwen/epoch-036/factual_full/raw/summary.json,0a2552b59fa9f11c5d915df116d247bddd23fe7c81c3e94fc39367b78064c9b8,330,,,,,no_m0_reference
qwen,qwen/epoch-036,epoch-036,36,252,True,factual_prompt_form_failures,factual_full,2259,count,lower,12000,measured,/vol/tmp2/yesildau/m1_eval_v2_matched_three_model_v3/results/qwen/epoch-036/factual_full/raw/summary.json,0a2552b59fa9f11c5d915df116d247bddd23fe7c81c3e94fc39367b78064c9b8,330,1796,12000,463,25.779510022271715,direct_same_metric_and_denominator
qwen,qwen/epoch-036,epoch-036,36,252,True,factual_failure_relation_swap,factual_full,756,count,lower,12000,measured,/vol/tmp2/yesildau/m1_eval_v2_matched_three_model_v3/results/qwen/epoch-036/factual_full/raw/summary.json,0a2552b59fa9f11c5d915df116d247bddd23fe7c81c3e94fc39367b78064c9b8,330,,,,,no_m0_reference
qwen,qwen/epoch-036,epoch-036,36,252,True,turkish_bpb,turkish_cross_domain,1.4798142701134707,bits/byte,lower,9114536,measured,/vol/tmp2/yesildau/m1_eval_v2_matched_three_model_v3/results/qwen/epoch-036/turkish_perplexity/raw/trwiki_cross_domain/summary.json,0f2371a75169ee14aaeed65c8cdb8620458b93419bb20857f3744c6fb5731dfd,937,1.2466700436547986,9114536,0.23314422645867205,18.701357880965446,direct_same_metric_and_denominator
qwen,qwen/epoch-036,epoch-036,36,252,True,turkish_ppl,turkish_cross_domain,19.28518323272284,PPL,lower,9114536,measured,/vol/tmp2/yesildau/m1_eval_v2_matched_three_model_v3/results/qwen/epoch-036/turkish_perplexity/raw/trwiki_cross_domain/summary.json,0f2371a75169ee14aaeed65c8cdb8620458b93419bb20857f3744c6fb5731dfd,937,12.09865824277937,9114536,7.18652498994347,59.39935524860765,direct_same_metric_and_denominator
qwen,qwen/epoch-036,epoch-036,36,252,True,turkish_byte_ppl,turkish_cross_domain,2.789128242384786,PPL,lower,9114536,measured,/vol/tmp2/yesildau/m1_eval_v2_matched_three_model_v3/results/qwen/epoch-036/turkish_perplexity/raw/trwiki_cross_domain/summary.json,0f2371a75169ee14aaeed65c8cdb8620458b93419bb20857f3744c6fb5731dfd,937,2.3729308242478306,9114536,0.4161974181369552,17.539382685918838,direct_same_metric_and_denominator
qwen,qwen/epoch-036,epoch-036,36,252,True,generation_top1_accuracy,generation,0.9666666666666667,fraction,higher,30,measured,/vol/tmp2/yesildau/m1_eval_v2_matched_three_model_v3/results/qwen/epoch-036/generation_integrity/raw/20260826T001151Z_m1_qwen_epoch-036_generation/summary_metrics.json,90749aebb586350de897cdcab9cda3cc675a6da631cbe110632decfb56d2f15a,1114,0.9,30,0.06666666666666665,7.407407407407406,direct_same_metric_and_denominator
qwen,qwen/epoch-036,epoch-036,36,252,True,generation_empty_or_near_empty,generation,0,count,lower,30,measured,/vol/tmp2/yesildau/m1_eval_v2_matched_three_model_v3/results/qwen/epoch-036/generation_integrity/raw/20260826T001151Z_m1_qwen_epoch-036_generation/summary_metrics.json,90749aebb586350de897cdcab9cda3cc675a6da631cbe110632decfb56d2f15a,1114,0,30,0,,direct_same_metric_and_denominator
qwen,qwen/epoch-036,epoch-036,36,252,True,generation_distinct_2,generation,0.5389655007302065,fraction,higher,30,measured,/vol/tmp2/yesildau/m1_eval_v2_matched_three_model_v3/results/qwen/epoch-036/generation_integrity/raw/20260826T001151Z_m1_qwen_epoch-036_generation/summary_metrics.json,90749aebb586350de897cdcab9cda3cc675a6da631cbe110632decfb56d2f15a,1114,0.8040854707710682,30,-0.26511997004086163,-32.97161554064992,direct_same_metric_and_denominator
qwen,qwen/epoch-036,epoch-036,36,252,True,generation_repeated_3gram,generation,0.5158683610296514,fraction,lower,30,measured,/vol/tmp2/yesildau/m1_eval_v2_matched_three_model_v3/results/qwen/epoch-036/generation_integrity/raw/20260826T001151Z_m1_qwen_epoch-036_generation/summary_metrics.json,90749aebb586350de897cdcab9cda3cc675a6da631cbe110632decfb56d2f15a,1114,0.20856557935534573,30,0.3073027816743057,147.3410821786348,direct_same_metric_and_denominator
qwen,qwen/epoch-036,epoch-036,36,252,True,generation_repeated_4gram,generation,0.4781389716840536,fraction,lower,30,measured,/vol/tmp2/yesildau/m1_eval_v2_matched_three_model_v3/results/qwen/epoch-036/generation_integrity/raw/20260826T001151Z_m1_qwen_epoch-036_generation/summary_metrics.json,90749aebb586350de897cdcab9cda3cc675a6da631cbe110632decfb56d2f15a,1114,,,,,no_m0_reference
qwen,qwen/epoch-036,epoch-036,36,252,True,generation_ppl,generation,22.202471463272655,PPL,lower,301239,measured,/vol/tmp2/yesildau/m1_eval_v2_matched_three_model_v3/results/qwen/epoch-036/generation_integrity/raw/20260826T001151Z_m1_qwen_epoch-036_generation/summary_metrics.json,90749aebb586350de897cdcab9cda3cc675a6da631cbe110632decfb56d2f15a,1114,14.69939791395479,301239,7.503073549317865,51.04340730986583,direct_same_metric_and_denominator
qwen,qwen/parent,parent,0,0,False,blimp_accuracy,m0_parent_projection,0.8252238805970152,fraction,higher,67000,projected_from_canonical_m0_evidence_without_rescoring,/vol/tmp2/yesildau/eval_v1_m0_scientific_three_model_v1/qwen/lanes/english_grammar_blimp/raw/__vol__tmp2__yesildau__m1_cross_family_screen_v1__models__Qwen__Qwen2.5-1.5B__8faed761d45a263340a0528343f099c05c9a4323/results_2026-08-16T16-22-26.020139.json,1a8249f989a0c80896240dac141adab0debefd6cb9d71d847a6a16a650425a65,,0.8252238805970152,67000,0,0,m0_parent_projection
qwen,qwen/parent,parent,0,0,False,exact_prefix_top1_accuracy,m0_parent_projection,0.03,fraction,higher,500,projected_from_canonical_m0_evidence_without_rescoring,/vol/tmp2/yesildau/eval_v1_m0_three_model_exact_prefix_supplement_a100_recovery_v1/qwen/lane_result.json,934c51f34fb35742b3424564ee3987cd0d7b883c202d864a72ff62762f590d6c,,0.03,500,0,0,m0_parent_projection
qwen,qwen/parent,parent,0,0,False,factual_forced_choice_rate,m0_parent_projection,0.49916666666666665,fraction,higher,4800,projected_from_canonical_m0_evidence_without_rescoring,/vol/tmp2/yesildau/eval_v1_m0_scientific_three_model_v1/qwen/lanes/factual_access/raw/frozen_suite/summary.json,50c5c1297ba1f0ac5354f755a3d5c34e761e689afbf4b2f436d2af868056843b,329,0.49916666666666665,4800,0,0,m0_parent_projection
qwen,qwen/parent,parent,0,0,False,factual_prompt_form_failures,m0_parent_projection,1796,count,lower,12000,projected_from_canonical_m0_evidence_without_rescoring,/vol/tmp2/yesildau/eval_v1_m0_scientific_three_model_v1/qwen/lanes/factual_access/raw/frozen_suite/summary.json,50c5c1297ba1f0ac5354f755a3d5c34e761e689afbf4b2f436d2af868056843b,329,1796,12000,0,0,m0_parent_projection
qwen,qwen/parent,parent,0,0,False,factual_top1_count,m0_parent_projection,209,count,higher,12000,projected_from_canonical_m0_evidence_without_rescoring,/vol/tmp2/yesildau/eval_v1_m0_scientific_three_model_v1/qwen/lanes/factual_access/raw/frozen_suite/summary.json,50c5c1297ba1f0ac5354f755a3d5c34e761e689afbf4b2f436d2af868056843b,329,209,12000,0,0,m0_parent_projection
qwen,qwen/parent,parent,0,0,False,factual_top1_rate,m0_parent_projection,0.017416666666666667,fraction,higher,12000,projected_from_canonical_m0_evidence_without_rescoring,/vol/tmp2/yesildau/eval_v1_m0_scientific_three_model_v1/qwen/lanes/factual_access/raw/frozen_suite/summary.json,50c5c1297ba1f0ac5354f755a3d5c34e761e689afbf4b2f436d2af868056843b,,0.017416666666666667,12000,0,0,m0_parent_projection
qwen,qwen/parent,parent,0,0,False,generation_distinct_2,m0_parent_projection,0.8040854707710682,fraction,higher,30,projected_from_canonical_m0_evidence_without_rescoring,/vol/tmp2/yesildau/eval_v1_m0_scientific_three_model_v1/qwen/lanes/generation_integrity/raw/general_capability/20260816T143133Z_m0_qwen_scientific_generation/summary_metrics.json,07b2bf9a129de3b677aa5cdaf420d2a7102af4799e2fcfb02d701409e97c868b,1100,0.8040854707710682,30,0,0,m0_parent_projection
qwen,qwen/parent,parent,0,0,False,generation_empty_or_near_empty,m0_parent_projection,0,count,lower,30,projected_from_canonical_m0_evidence_without_rescoring,/vol/tmp2/yesildau/eval_v1_m0_scientific_three_model_v1/qwen/lanes/generation_integrity/raw/general_capability/20260816T143133Z_m0_qwen_scientific_generation/summary_metrics.json,07b2bf9a129de3b677aa5cdaf420d2a7102af4799e2fcfb02d701409e97c868b,1100,0,30,0,0,m0_parent_projection
qwen,qwen/parent,parent,0,0,False,generation_ppl,m0_parent_projection,14.69939791395479,PPL,lower,301239,projected_from_canonical_m0_evidence_without_rescoring,/vol/tmp2/yesildau/eval_v1_m0_scientific_three_model_v1/qwen/lanes/generation_integrity/raw/general_capability/20260816T143133Z_m0_qwen_scientific_generation/summary_metrics.json,07b2bf9a129de3b677aa5cdaf420d2a7102af4799e2fcfb02d701409e97c868b,1100,14.69939791395479,301239,0,0,m0_parent_projection
qwen,qwen/parent,parent,0,0,False,generation_repeated_3gram,m0_parent_projection,0.20856557935534573,fraction,lower,30,projected_from_canonical_m0_evidence_without_rescoring,/vol/tmp2/yesildau/eval_v1_m0_scientific_three_model_v1/qwen/lanes/generation_integrity/raw/general_capability/20260816T143133Z_m0_qwen_scientific_generation/summary_metrics.json,07b2bf9a129de3b677aa5cdaf420d2a7102af4799e2fcfb02d701409e97c868b,,0.20856557935534573,30,0,0,m0_parent_projection
qwen,qwen/parent,parent,0,0,False,generation_top1_accuracy,m0_parent_projection,0.9,fraction,higher,30,projected_from_canonical_m0_evidence_without_rescoring,/vol/tmp2/yesildau/eval_v1_m0_scientific_three_model_v1/qwen/lanes/generation_integrity/raw/general_capability/20260816T143133Z_m0_qwen_scientific_generation/summary_metrics.json,07b2bf9a129de3b677aa5cdaf420d2a7102af4799e2fcfb02d701409e97c868b,1100,0.9,30,0,0,m0_parent_projection
qwen,qwen/parent,parent,0,0,False,hellaswag_acc_norm,m0_parent_projection,0.6774546903007369,fraction,higher,10042,projected_from_canonical_m0_evidence_without_rescoring,/vol/tmp2/yesildau/eval_v1_m0_scientific_three_model_v1/qwen/lanes/english_capability/raw/__vol__tmp2__yesildau__m1_cross_family_screen_v1__models__Qwen__Qwen2.5-1.5B__8faed761d45a263340a0528343f099c05c9a4323/results_2026-08-16T15-28-37.282757.json,ef9f6de3ca9cd1fe2a228da1084a31b72ffb349ad5ec768e0c8a77b62a6550d0,,0.6774546903007369,10042,0,0,m0_parent_projection
qwen,qwen/parent,parent,0,0,False,hellaswag_accuracy,m0_parent_projection,0.5018920533758215,fraction,higher,10042,projected_from_canonical_m0_evidence_without_rescoring,/vol/tmp2/yesildau/eval_v1_m0_scientific_three_model_v1/qwen/lanes/english_capability/raw/__vol__tmp2__yesildau__m1_cross_family_screen_v1__models__Qwen__Qwen2.5-1.5B__8faed761d45a263340a0528343f099c05c9a4323/results_2026-08-16T15-28-37.282757.json,ef9f6de3ca9cd1fe2a228da1084a31b72ffb349ad5ec768e0c8a77b62a6550d0,18148,0.5018920533758215,10042,0,0,m0_parent_projection
qwen,qwen/parent,parent,0,0,False,turblimp_acc_norm,m0_parent_projection,0.6643125000000001,fraction,higher,16000,projected_from_canonical_m0_evidence_without_rescoring,/vol/tmp2/yesildau/eval_v1_m0_scientific_three_model_recovery_retargeted_v1/qwen/lanes/turkish_capability/raw/__vol__tmp2__yesildau__m1_cross_family_screen_v1__models__Qwen__Qwen2.5-1.5B__8faed761d45a263340a0528343f099c05c9a4323/results_2026-08-20T20-29-13.685590.json,29696faae3de71a00efa81b6505b45ded2e67b88883631a56508f5157a8a8534,,0.6643125000000001,16000,0,0,m0_parent_projection
qwen,qwen/parent,parent,0,0,False,turkish_bpb,m0_parent_projection,1.2466700436547986,bits/byte,lower,9114536,projected_from_canonical_m0_evidence_without_rescoring,/vol/tmp2/yesildau/eval_v1_m0_scientific_three_model_recovery_retargeted_v1/qwen/lanes/turkish_perplexity/raw/corpora/trwiki_cross_domain/summary.json,baac822dc6a6e6a7dd2a7b8a1733c95da85085d55f6f04c1354c52c466b2e470,,1.2466700436547986,9114536,0,0,m0_parent_projection
qwen,qwen/parent,parent,0,0,False,turkish_byte_ppl,m0_parent_projection,2.3729308242478306,PPL,lower,9114536,projected_from_canonical_m0_evidence_without_rescoring,/vol/tmp2/yesildau/eval_v1_m0_scientific_three_model_recovery_retargeted_v1/qwen/lanes/turkish_perplexity/raw/corpora/trwiki_cross_domain/summary.json,baac822dc6a6e6a7dd2a7b8a1733c95da85085d55f6f04c1354c52c466b2e470,,2.3729308242478306,9114536,0,0,m0_parent_projection
qwen,qwen/parent,parent,0,0,False,turkish_ppl,m0_parent_projection,12.09865824277937,PPL,lower,9114536,projected_from_canonical_m0_evidence_without_rescoring,/vol/tmp2/yesildau/eval_v1_m0_scientific_three_model_recovery_retargeted_v1/qwen/lanes/turkish_perplexity/raw/corpora/trwiki_cross_domain/summary.json,baac822dc6a6e6a7dd2a7b8a1733c95da85085d55f6f04c1354c52c466b2e470,,12.09865824277937,9114536,0,0,m0_parent_projection
qwen,qwen/parent,parent,0,0,False,wikitext_bpb,m0_parent_projection,0.6725931618582224,bits/byte,lower,62,projected_from_canonical_m0_evidence_without_rescoring,/vol/tmp2/yesildau/eval_v1_m0_scientific_three_model_v1/qwen/lanes/english_retention_wikitext/raw/__vol__tmp2__yesildau__m1_cross_family_screen_v1__models__Qwen__Qwen2.5-1.5B__8faed761d45a263340a0528343f099c05c9a4323/results_2026-08-16T16-07-03.301136.json,ba6a00326441b7db1df362b81bd442c992bad6678a494e36a71102c8ec41324a,,0.6725931618582224,62,0,0,m0_parent_projection
qwen,qwen/parent,parent,0,0,False,wikitext_byte_ppl,m0_parent_projection,1.5939354019689935,PPL,lower,62,projected_from_canonical_m0_evidence_without_rescoring,/vol/tmp2/yesildau/eval_v1_m0_scientific_three_model_v1/qwen/lanes/english_retention_wikitext/raw/__vol__tmp2__yesildau__m1_cross_family_screen_v1__models__Qwen__Qwen2.5-1.5B__8faed761d45a263340a0528343f099c05c9a4323/results_2026-08-16T16-07-03.301136.json,ba6a00326441b7db1df362b81bd442c992bad6678a494e36a71102c8ec41324a,,1.5939354019689935,62,0,0,m0_parent_projection
qwen,qwen/parent,parent,0,0,False,wikitext_word_ppl,m0_parent_projection,12.097681956432362,PPL,lower,62,projected_from_canonical_m0_evidence_without_rescoring,/vol/tmp2/yesildau/eval_v1_m0_scientific_three_model_v1/qwen/lanes/english_retention_wikitext/raw/__vol__tmp2__yesildau__m1_cross_family_screen_v1__models__Qwen__Qwen2.5-1.5B__8faed761d45a263340a0528343f099c05c9a4323/results_2026-08-16T16-07-03.301136.json,ba6a00326441b7db1df362b81bd442c992bad6678a494e36a71102c8ec41324a,,12.097681956432362,62,0,0,m0_parent_projection
qwen,qwen/parent,parent,0,0,False,winogender_female,m0_parent_projection,0.5541666666666667,fraction,higher,240,projected_from_canonical_m0_evidence_without_rescoring,/vol/tmp2/yesildau/eval_v1_m0_scientific_three_model_v1/qwen/lanes/english_capability/raw/__vol__tmp2__yesildau__m1_cross_family_screen_v1__models__Qwen__Qwen2.5-1.5B__8faed761d45a263340a0528343f099c05c9a4323/results_2026-08-16T15-28-37.282757.json,ef9f6de3ca9cd1fe2a228da1084a31b72ffb349ad5ec768e0c8a77b62a6550d0,18148,0.5541666666666667,240,0,0,m0_parent_projection
qwen,qwen/parent,parent,0,0,False,winogender_male,m0_parent_projection,0.5708333333333333,fraction,higher,240,projected_from_canonical_m0_evidence_without_rescoring,/vol/tmp2/yesildau/eval_v1_m0_scientific_three_model_v1/qwen/lanes/english_capability/raw/__vol__tmp2__yesildau__m1_cross_family_screen_v1__models__Qwen__Qwen2.5-1.5B__8faed761d45a263340a0528343f099c05c9a4323/results_2026-08-16T15-28-37.282757.json,ef9f6de3ca9cd1fe2a228da1084a31b72ffb349ad5ec768e0c8a77b62a6550d0,18148,0.5708333333333333,240,0,0,m0_parent_projection
qwen,qwen/parent,parent,0,0,False,winogender_neutral,m0_parent_projection,0.5833333333333334,fraction,higher,240,projected_from_canonical_m0_evidence_without_rescoring,/vol/tmp2/yesildau/eval_v1_m0_scientific_three_model_v1/qwen/lanes/english_capability/raw/__vol__tmp2__yesildau__m1_cross_family_screen_v1__models__Qwen__Qwen2.5-1.5B__8faed761d45a263340a0528343f099c05c9a4323/results_2026-08-16T15-28-37.282757.json,ef9f6de3ca9cd1fe2a228da1084a31b72ffb349ad5ec768e0c8a77b62a6550d0,18148,0.5833333333333334,240,0,0,m0_parent_projection
smollm,smollm/epoch-001,epoch-001,1,7,False,wikitext_bpb,wikitext,0.6413967221006293,bits/byte,lower,62,measured,/vol/tmp2/yesildau/m1_eval_v2_matched_three_model_v3/results/smollm/epoch-001/harness/raw/__vol__tmp2__yesildau__m1_matched_three_model_retry_v1__training__smollm__20260822T155242Z_m1_matched_epoch_dense_smollm_seed42_081e6e29__epoch_snapshots__epoch-001/results_2026-08-24T23-42-32.800046.json,7789516aab32f0f33dc0e580e83e83d77acb74787a71d96c2464b082a52c2f8f,12390,0.6411010344952439,62,0.0002956876053853419,0.04612184187444725,direct_same_metric_and_denominator
smollm,smollm/epoch-001,epoch-001,1,7,False,wikitext_word_ppl,wikitext,10.776653295087653,PPL,lower,62,measured,/vol/tmp2/yesildau/m1_eval_v2_matched_three_model_v3/results/smollm/epoch-001/harness/raw/__vol__tmp2__yesildau__m1_matched_three_model_retry_v1__training__smollm__20260822T155242Z_m1_matched_epoch_dense_smollm_seed42_081e6e29__epoch_snapshots__epoch-001/results_2026-08-24T23-42-32.800046.json,7789516aab32f0f33dc0e580e83e83d77acb74787a71d96c2464b082a52c2f8f,12390,10.764848694209554,62,0.01180460087809898,0.10965877192912811,direct_same_metric_and_denominator
smollm,smollm/epoch-001,epoch-001,1,7,False,wikitext_byte_ppl,wikitext,1.5598385612754035,PPL,lower,62,measured,/vol/tmp2/yesildau/m1_eval_v2_matched_three_model_v3/results/smollm/epoch-001/harness/raw/__vol__tmp2__yesildau__m1_matched_three_model_retry_v1__training__smollm__20260822T155242Z_m1_matched_epoch_dense_smollm_seed42_081e6e29__epoch_snapshots__epoch-001/results_2026-08-24T23-42-32.800046.json,7789516aab32f0f33dc0e580e83e83d77acb74787a71d96c2464b082a52c2f8f,12390,1.5595188972757745,62,0.00031966399962901626,0.02049760347164867,direct_same_metric_and_denominator
smollm,smollm/epoch-001,epoch-001,1,7,False,exact_prefix_top1_accuracy,exact_prefix,0.032,fraction,higher,500,measured,/vol/tmp2/yesildau/m1_eval_v2_matched_three_model_v3/results/smollm/epoch-001/exact_prefix/raw/20260824T220510Z_6c8f6839/summary_metrics.json,6eee10124b51ad6ff3317c513f0760025ec726c2eed35f94b0b405e473836643,1759,0.032,500,0.0,0.0,direct_same_metric_and_denominator
smollm,smollm/epoch-001,epoch-001,1,7,False,exact_prefix_top5_accuracy,exact_prefix,0.098,fraction,higher,500,measured,/vol/tmp2/yesildau/m1_eval_v2_matched_three_model_v3/results/smollm/epoch-001/exact_prefix/raw/20260824T220510Z_6c8f6839/summary_metrics.json,6eee10124b51ad6ff3317c513f0760025ec726c2eed35f94b0b405e473836643,1759,,,,,no_m0_reference
smollm,smollm/epoch-001,epoch-001,1,7,False,exact_prefix_mrr,exact_prefix,0.0868568064499604,fraction,higher,500,measured,/vol/tmp2/yesildau/m1_eval_v2_matched_three_model_v3/results/smollm/epoch-001/exact_prefix/raw/20260824T220510Z_6c8f6839/summary_metrics.json,6eee10124b51ad6ff3317c513f0760025ec726c2eed35f94b0b405e473836643,1759,,,,,no_m0_reference
smollm,smollm/epoch-001,epoch-001,1,7,False,exact_prefix_mean_rank,exact_prefix,52.176,rank,lower,500,measured,/vol/tmp2/yesildau/m1_eval_v2_matched_three_model_v3/results/smollm/epoch-001/exact_prefix/raw/20260824T220510Z_6c8f6839/summary_metrics.json,6eee10124b51ad6ff3317c513f0760025ec726c2eed35f94b0b405e473836643,1759,,,,,no_m0_reference
smollm,smollm/epoch-001,epoch-001,1,7,False,exact_prefix_mean_score_margin,exact_prefix,-3.2393499566905164,logprob,higher,500,measured,/vol/tmp2/yesildau/m1_eval_v2_matched_three_model_v3/results/smollm/epoch-001/exact_prefix/raw/20260824T220510Z_6c8f6839/summary_metrics.json,6eee10124b51ad6ff3317c513f0760025ec726c2eed35f94b0b405e473836643,1759,,,,,no_m0_reference
smollm,smollm/epoch-001,epoch-001,1,7,False,factual_cheap_top1_count,factual_cheap,23,count,higher,1500,completed,/vol/tmp2/yesildau/m1_eval_v2_matched_three_model_v3/results/smollm/epoch-001/factual_cheap/raw/summary.json,b8ad1b22e49ec34d911975bc0e79c82943e7509baadd05919854b173c3f79bcc,323,,,,,no_m0_reference
smollm,smollm/epoch-001,epoch-001,1,7,False,turkish_bpb,turkish_cross_domain,1.4905452168123676,bits/byte,lower,12207027,measured,/vol/tmp2/yesildau/m1_eval_v2_matched_three_model_v3/results/smollm/epoch-001/turkish_perplexity/raw/trwiki_cross_domain/summary.json,bf3a76409693397a31f7add7d7b5d4987c1cc0477c221e1c4874262db05720e5,938,1.4910878271709507,,,,m0_reference_denominator_unbound
smollm,smollm/epoch-001,epoch-001,1,7,False,turkish_ppl,turkish_cross_domain,9.259507687837912,PPL,lower,12207027,measured,/vol/tmp2/yesildau/m1_eval_v2_matched_three_model_v3/results/smollm/epoch-001/turkish_perplexity/raw/trwiki_cross_domain/summary.json,bf3a76409693397a31f7add7d7b5d4987c1cc0477c221e1c4874262db05720e5,938,9.267012914466756,,,,m0_reference_denominator_unbound
smollm,smollm/epoch-001,epoch-001,1,7,False,turkish_byte_ppl,turkish_cross_domain,2.8099514750486967,PPL,lower,12207027,measured,/vol/tmp2/yesildau/m1_eval_v2_matched_three_model_v3/results/smollm/epoch-001/turkish_perplexity/raw/trwiki_cross_domain/summary.json,bf3a76409693397a31f7add7d7b5d4987c1cc0477c221e1c4874262db05720e5,938,2.811008521408759,,,,m0_reference_denominator_unbound
smollm,smollm/epoch-001,epoch-001,1,7,False,generation_top1_accuracy,generation,1.0,fraction,higher,30,measured,/vol/tmp2/yesildau/m1_eval_v2_matched_three_model_v3/results/smollm/epoch-001/generation_integrity/raw/20260824T220627Z_m1_smollm_epoch-001_generation/summary_metrics.json,3302ce4e2676790995b007afe668f1a3ef8a9582f9d8eb2fa736123232816729,1084,1.0,30,0.0,0.0,direct_same_metric_and_denominator
smollm,smollm/epoch-001,epoch-001,1,7,False,generation_empty_or_near_empty,generation,0,count,lower,30,measured,/vol/tmp2/yesildau/m1_eval_v2_matched_three_model_v3/results/smollm/epoch-001/generation_integrity/raw/20260824T220627Z_m1_smollm_epoch-001_generation/summary_metrics.json,3302ce4e2676790995b007afe668f1a3ef8a9582f9d8eb2fa736123232816729,1084,0,30,0,,direct_same_metric_and_denominator
smollm,smollm/epoch-001,epoch-001,1,7,False,generation_distinct_2,generation,0.6121693121693124,fraction,higher,30,measured,/vol/tmp2/yesildau/m1_eval_v2_matched_three_model_v3/results/smollm/epoch-001/generation_integrity/raw/20260824T220627Z_m1_smollm_epoch-001_generation/summary_metrics.json,3302ce4e2676790995b007afe668f1a3ef8a9582f9d8eb2fa736123232816729,1084,0.6661375661375663,30,-0.05396825396825389,-8.101667990468611,direct_same_metric_and_denominator
smollm,smollm/epoch-001,epoch-001,1,7,False,generation_repeated_3gram,generation,0.5000000000000001,fraction,lower,30,measured,/vol/tmp2/yesildau/m1_eval_v2_matched_three_model_v3/results/smollm/epoch-001/generation_integrity/raw/20260824T220627Z_m1_smollm_epoch-001_generation/summary_metrics.json,3302ce4e2676790995b007afe668f1a3ef8a9582f9d8eb2fa736123232816729,1084,0.42311827956989245,30,0.07688172043010766,18.170266836086437,direct_same_metric_and_denominator
smollm,smollm/epoch-001,epoch-001,1,7,False,generation_repeated_4gram,generation,0.4442622950819672,fraction,lower,30,measured,/vol/tmp2/yesildau/m1_eval_v2_matched_three_model_v3/results/smollm/epoch-001/generation_integrity/raw/20260824T220627Z_m1_smollm_epoch-001_generation/summary_metrics.json,3302ce4e2676790995b007afe668f1a3ef8a9582f9d8eb2fa736123232816729,1084,,,,,no_m0_reference
smollm,smollm/epoch-001,epoch-001,1,7,False,generation_ppl,generation,15.887285588861273,PPL,lower,304243,measured,/vol/tmp2/yesildau/m1_eval_v2_matched_three_model_v3/results/smollm/epoch-001/generation_integrity/raw/20260824T220627Z_m1_smollm_epoch-001_generation/summary_metrics.json,3302ce4e2676790995b007afe668f1a3ef8a9582f9d8eb2fa736123232816729,1084,15.924011152164711,304243,-0.036725563303438236,-0.23063010288363028,direct_same_metric_and_denominator
smollm,smollm/epoch-002,epoch-002,2,14,False,wikitext_bpb,wikitext,0.6426176212538673,bits/byte,lower,62,measured,/vol/tmp2/yesildau/m1_eval_v2_matched_three_model_v3/results/smollm/epoch-002/harness/raw/__vol__tmp2__yesildau__m1_matched_three_model_retry_v1__training__smollm__20260822T155242Z_m1_matched_epoch_dense_smollm_seed42_081e6e29__epoch_snapshots__epoch-002/results_2026-08-24T23-44-59.197126.json,37ea26956c86f7e5cbd1904b03aae28933da647347d91f23d2f636ac608eecdf,12317,0.6411010344952439,62,0.0015165867586234283,0.23655971165566406,direct_same_metric_and_denominator
smollm,smollm/epoch-002,epoch-002,2,14,False,wikitext_word_ppl,wikitext,10.825531920788858,PPL,lower,62,measured,/vol/tmp2/yesildau/m1_eval_v2_matched_three_model_v3/results/smollm/epoch-002/harness/raw/__vol__tmp2__yesildau__m1_matched_three_model_retry_v1__training__smollm__20260822T155242Z_m1_matched_epoch_dense_smollm_seed42_081e6e29__epoch_snapshots__epoch-002/results_2026-08-24T23-44-59.197126.json,37ea26956c86f7e5cbd1904b03aae28933da647347d91f23d2f636ac608eecdf,12317,10.764848694209554,62,0.060683226579303806,0.5637164841150578,direct_same_metric_and_denominator
smollm,smollm/epoch-002,epoch-002,2,14,False,wikitext_byte_ppl,wikitext,1.561159153338046,PPL,lower,62,measured,/vol/tmp2/yesildau/m1_eval_v2_matched_three_model_v3/results/smollm/epoch-002/harness/raw/__vol__tmp2__yesildau__m1_matched_three_model_retry_v1__training__smollm__20260822T155242Z_m1_matched_epoch_dense_smollm_seed42_081e6e29__epoch_snapshots__epoch-002/results_2026-08-24T23-44-59.197126.json,37ea26956c86f7e5cbd1904b03aae28933da647347d91f23d2f636ac608eecdf,12317,1.5595188972757745,62,0.0016402560622714724,0.10517705589440003,direct_same_metric_and_denominator
smollm,smollm/epoch-002,epoch-002,2,14,False,exact_prefix_top1_accuracy,exact_prefix,0.032,fraction,higher,500,measured,/vol/tmp2/yesildau/m1_eval_v2_matched_three_model_v3/results/smollm/epoch-002/exact_prefix/raw/20260824T220725Z_4af4c950/summary_metrics.json,0ae6ad374a735b5c0f454615f8e876d8e9d08b3ed235db63ba8265d2c597aa79,1759,0.032,500,0.0,0.0,direct_same_metric_and_denominator
smollm,smollm/epoch-002,epoch-002,2,14,False,exact_prefix_top5_accuracy,exact_prefix,0.122,fraction,higher,500,measured,/vol/tmp2/yesildau/m1_eval_v2_matched_three_model_v3/results/smollm/epoch-002/exact_prefix/raw/20260824T220725Z_4af4c950/summary_metrics.json,0ae6ad374a735b5c0f454615f8e876d8e9d08b3ed235db63ba8265d2c597aa79,1759,,,,,no_m0_reference
smollm,smollm/epoch-002,epoch-002,2,14,False,exact_prefix_mrr,exact_prefix,0.09589581696249518,fraction,higher,500,measured,/vol/tmp2/yesildau/m1_eval_v2_matched_three_model_v3/results/smollm/epoch-002/exact_prefix/raw/20260824T220725Z_4af4c950/summary_metrics.json,0ae6ad374a735b5c0f454615f8e876d8e9d08b3ed235db63ba8265d2c597aa79,1759,,,,,no_m0_reference
smollm,smollm/epoch-002,epoch-002,2,14,False,exact_prefix_mean_rank,exact_prefix,47.408,rank,lower,500,measured,/vol/tmp2/yesildau/m1_eval_v2_matched_three_model_v3/results/smollm/epoch-002/exact_prefix/raw/20260824T220725Z_4af4c950/summary_metrics.json,0ae6ad374a735b5c0f454615f8e876d8e9d08b3ed235db63ba8265d2c597aa79,1759,,,,,no_m0_reference
smollm,smollm/epoch-002,epoch-002,2,14,False,exact_prefix_mean_score_margin,exact_prefix,-2.5975752229279925,logprob,higher,500,measured,/vol/tmp2/yesildau/m1_eval_v2_matched_three_model_v3/results/smollm/epoch-002/exact_prefix/raw/20260824T220725Z_4af4c950/summary_metrics.json,0ae6ad374a735b5c0f454615f8e876d8e9d08b3ed235db63ba8265d2c597aa79,1759,,,,,no_m0_reference
smollm,smollm/epoch-002,epoch-002,2,14,False,factual_cheap_top1_count,factual_cheap,28,count,higher,1500,completed,/vol/tmp2/yesildau/m1_eval_v2_matched_three_model_v3/results/smollm/epoch-002/factual_cheap/raw/summary.json,54a10cf078b826628e8d97ce714378ecfa0605eb902c2b077741703859c8e82d,323,,,,,no_m0_reference
smollm,smollm/epoch-002,epoch-002,2,14,False,turkish_bpb,turkish_cross_domain,1.4946396813741663,bits/byte,lower,12207027,measured,/vol/tmp2/yesildau/m1_eval_v2_matched_three_model_v3/results/smollm/epoch-002/turkish_perplexity/raw/trwiki_cross_domain/summary.json,eb405213d42895fb2fff74df7b7a2183e2e67400034e6135275330222646b69c,938,1.4910878271709507,,,,m0_reference_denominator_unbound
smollm,smollm/epoch-002,epoch-002,2,14,False,turkish_ppl,turkish_cross_domain,9.316291580850628,PPL,lower,12207027,measured,/vol/tmp2/yesildau/m1_eval_v2_matched_three_model_v3/results/smollm/epoch-002/turkish_perplexity/raw/trwiki_cross_domain/summary.json,eb405213d42895fb2fff74df7b7a2183e2e67400034e6135275330222646b69c,938,9.267012914466756,,,,m0_reference_denominator_unbound
smollm,smollm/epoch-002,epoch-002,2,14,False,turkish_byte_ppl,turkish_cross_domain,2.8179376316462443,PPL,lower,12207027,measured,/vol/tmp2/yesildau/m1_eval_v2_matched_three_model_v3/results/smollm/epoch-002/turkish_perplexity/raw/trwiki_cross_domain/summary.json,eb405213d42895fb2fff74df7b7a2183e2e67400034e6135275330222646b69c,938,2.811008521408759,,,,m0_reference_denominator_unbound
smollm,smollm/epoch-002,epoch-002,2,14,False,generation_top1_accuracy,generation,1.0,fraction,higher,30,measured,/vol/tmp2/yesildau/m1_eval_v2_matched_three_model_v3/results/smollm/epoch-002/generation_integrity/raw/20260824T220833Z_m1_smollm_epoch-002_generation/summary_metrics.json,1fc2bc1b95033806553e8069934e16b30cacae2fddd7e328e0e8d09167cdadfe,1082,1.0,30,0.0,0.0,direct_same_metric_and_denominator
smollm,smollm/epoch-002,epoch-002,2,14,False,generation_empty_or_near_empty,generation,0,count,lower,30,measured,/vol/tmp2/yesildau/m1_eval_v2_matched_three_model_v3/results/smollm/epoch-002/generation_integrity/raw/20260824T220833Z_m1_smollm_epoch-002_generation/summary_metrics.json,1fc2bc1b95033806553e8069934e16b30cacae2fddd7e328e0e8d09167cdadfe,1082,0,30,0,,direct_same_metric_and_denominator
smollm,smollm/epoch-002,epoch-002,2,14,False,generation_distinct_2,generation,0.6349206349206351,fraction,higher,30,measured,/vol/tmp2/yesildau/m1_eval_v2_matched_three_model_v3/results/smollm/epoch-002/generation_integrity/raw/20260824T220833Z_m1_smollm_epoch-002_generation/summary_metrics.json,1fc2bc1b95033806553e8069934e16b30cacae2fddd7e328e0e8d09167cdadfe,1082,0.6661375661375663,30,-0.031216931216931143,-4.686258935663213,direct_same_metric_and_denominator
smollm,smollm/epoch-002,epoch-002,2,14,False,generation_repeated_3gram,generation,0.4612903225806451,fraction,lower,30,measured,/vol/tmp2/yesildau/m1_eval_v2_matched_three_model_v3/results/smollm/epoch-002/generation_integrity/raw/20260824T220833Z_m1_smollm_epoch-002_generation/summary_metrics.json,1fc2bc1b95033806553e8069934e16b30cacae2fddd7e328e0e8d09167cdadfe,1082,0.42311827956989245,30,0.038172043010752665,9.021601016518419,direct_same_metric_and_denominator
smollm,smollm/epoch-002,epoch-002,2,14,False,generation_repeated_4gram,generation,0.40437158469945356,fraction,lower,30,measured,/vol/tmp2/yesildau/m1_eval_v2_matched_three_model_v3/results/smollm/epoch-002/generation_integrity/raw/20260824T220833Z_m1_smollm_epoch-002_generation/summary_metrics.json,1fc2bc1b95033806553e8069934e16b30cacae2fddd7e328e0e8d09167cdadfe,1082,,,,,no_m0_reference
smollm,smollm/epoch-002,epoch-002,2,14,False,generation_ppl,generation,15.94974060572133,PPL,lower,304243,measured,/vol/tmp2/yesildau/m1_eval_v2_matched_three_model_v3/results/smollm/epoch-002/generation_integrity/raw/20260824T220833Z_m1_smollm_epoch-002_generation/summary_metrics.json,1fc2bc1b95033806553e8069934e16b30cacae2fddd7e328e0e8d09167cdadfe,1082,15.924011152164711,304243,0.025729453556618154,0.16157646029480763,direct_same_metric_and_denominator
smollm,smollm/epoch-003,epoch-003,3,21,False,wikitext_bpb,wikitext,0.6438501187394527,bits/byte,lower,62,measured,/vol/tmp2/yesildau/m1_eval_v2_matched_three_model_v3/results/smollm/epoch-003/harness/raw/__vol__tmp2__yesildau__m1_matched_three_model_retry_v1__training__smollm__20260822T155242Z_m1_matched_epoch_dense_smollm_seed42_081e6e29__epoch_snapshots__epoch-003/results_2026-08-25T00-09-46.858480.json,1912d25748bcabf34eaf15287bab1c0104de273e670d67fcae1d9364103d440c,12390,0.6411010344952439,62,0.0027490842442088326,0.4288067085047305,direct_same_metric_and_denominator
smollm,smollm/epoch-003,epoch-003,3,21,False,wikitext_word_ppl,wikitext,10.875099751418047,PPL,lower,62,measured,/vol/tmp2/yesildau/m1_eval_v2_matched_three_model_v3/results/smollm/epoch-003/harness/raw/__vol__tmp2__yesildau__m1_matched_three_model_retry_v1__training__smollm__20260822T155242Z_m1_matched_epoch_dense_smollm_seed42_081e6e29__epoch_snapshots__epoch-003/results_2026-08-25T00-09-46.858480.json,1912d25748bcabf34eaf15287bab1c0104de273e670d67fcae1d9364103d440c,12390,10.764848694209554,62,0.11025105720849204,1.0241765615135532,direct_same_metric_and_denominator
smollm,smollm/epoch-003,epoch-003,3,21,False,wikitext_byte_ppl,wikitext,1.5624934248248004,PPL,lower,62,measured,/vol/tmp2/yesildau/m1_eval_v2_matched_three_model_v3/results/smollm/epoch-003/harness/raw/__vol__tmp2__yesildau__m1_matched_three_model_retry_v1__training__smollm__20260822T155242Z_m1_matched_epoch_dense_smollm_seed42_081e6e29__epoch_snapshots__epoch-003/results_2026-08-25T00-09-46.858480.json,1912d25748bcabf34eaf15287bab1c0104de273e670d67fcae1d9364103d440c,12390,1.5595188972757745,62,0.0029745275490258294,0.19073366499257202,direct_same_metric_and_denominator
smollm,smollm/epoch-003,epoch-003,3,21,False,exact_prefix_top1_accuracy,exact_prefix,0.038,fraction,higher,500,measured,/vol/tmp2/yesildau/m1_eval_v2_matched_three_model_v3/results/smollm/epoch-003/exact_prefix/raw/20260824T223237Z_c3afaf9a/summary_metrics.json,bf20445c107436a6cb9c90f101555b658e91abaf0123c11ea664d50e3e09a2e2,1761,0.032,500,0.005999999999999998,18.749999999999996,direct_same_metric_and_denominator
smollm,smollm/epoch-003,epoch-003,3,21,False,exact_prefix_top5_accuracy,exact_prefix,0.148,fraction,higher,500,measured,/vol/tmp2/yesildau/m1_eval_v2_matched_three_model_v3/results/smollm/epoch-003/exact_prefix/raw/20260824T223237Z_c3afaf9a/summary_metrics.json,bf20445c107436a6cb9c90f101555b658e91abaf0123c11ea664d50e3e09a2e2,1761,,,,,no_m0_reference
smollm,smollm/epoch-003,epoch-003,3,21,False,exact_prefix_mrr,exact_prefix,0.11669751811806847,fraction,higher,500,measured,/vol/tmp2/yesildau/m1_eval_v2_matched_three_model_v3/results/smollm/epoch-003/exact_prefix/raw/20260824T223237Z_c3afaf9a/summary_metrics.json,bf20445c107436a6cb9c90f101555b658e91abaf0123c11ea664d50e3e09a2e2,1761,,,,,no_m0_reference
smollm,smollm/epoch-003,epoch-003,3,21,False,exact_prefix_mean_rank,exact_prefix,41.928,rank,lower,500,measured,/vol/tmp2/yesildau/m1_eval_v2_matched_three_model_v3/results/smollm/epoch-003/exact_prefix/raw/20260824T223237Z_c3afaf9a/summary_metrics.json,bf20445c107436a6cb9c90f101555b658e91abaf0123c11ea664d50e3e09a2e2,1761,,,,,no_m0_reference
smollm,smollm/epoch-003,epoch-003,3,21,False,exact_prefix_mean_score_margin,exact_prefix,-2.2475469972005526,logprob,higher,500,measured,/vol/tmp2/yesildau/m1_eval_v2_matched_three_model_v3/results/smollm/epoch-003/exact_prefix/raw/20260824T223237Z_c3afaf9a/summary_metrics.json,bf20445c107436a6cb9c90f101555b658e91abaf0123c11ea664d50e3e09a2e2,1761,,,,,no_m0_reference
smollm,smollm/epoch-003,epoch-003,3,21,False,factual_cheap_top1_count,factual_cheap,43,count,higher,1500,completed,/vol/tmp2/yesildau/m1_eval_v2_matched_three_model_v3/results/smollm/epoch-003/factual_cheap/raw/summary.json,5c82e310552fd462d12f432d63f98ce63540049f29c5b11a7d47b75516cdba3f,324,,,,,no_m0_reference
smollm,smollm/epoch-003,epoch-003,3,21,False,turkish_bpb,turkish_cross_domain,1.5009512072880618,bits/byte,lower,12207027,measured,/vol/tmp2/yesildau/m1_eval_v2_matched_three_model_v3/results/smollm/epoch-003/turkish_perplexity/raw/trwiki_cross_domain/summary.json,fe398b68fa2d075fbffabc5c561a24da08597620ea3b8cb54102ad4b227e52e7,938,1.4910878271709507,,,,m0_reference_denominator_unbound
smollm,smollm/epoch-003,epoch-003,3,21,False,turkish_ppl,turkish_cross_domain,9.404505553974662,PPL,lower,12207027,measured,/vol/tmp2/yesildau/m1_eval_v2_matched_three_model_v3/results/smollm/epoch-003/turkish_perplexity/raw/trwiki_cross_domain/summary.json,fe398b68fa2d075fbffabc5c561a24da08597620ea3b8cb54102ad4b227e52e7,938,9.267012914466756,,,,m0_reference_denominator_unbound
smollm,smollm/epoch-003,epoch-003,3,21,False,turkish_byte_ppl,turkish_cross_domain,2.8302925970369075,PPL,lower,12207027,measured,/vol/tmp2/yesildau/m1_eval_v2_matched_three_model_v3/results/smollm/epoch-003/turkish_perplexity/raw/trwiki_cross_domain/summary.json,fe398b68fa2d075fbffabc5c561a24da08597620ea3b8cb54102ad4b227e52e7,938,2.811008521408759,,,,m0_reference_denominator_unbound
smollm,smollm/epoch-003,epoch-003,3,21,False,generation_top1_accuracy,generation,1.0,fraction,higher,30,measured,/vol/tmp2/yesildau/m1_eval_v2_matched_three_model_v3/results/smollm/epoch-003/generation_integrity/raw/20260824T223351Z_m1_smollm_epoch-003_generation/summary_metrics.json,4cf617dd1b1d1c41ff48d72e9dbc1808cf37e03756fce6be4a58b35c51ae889f,1083,1.0,30,0.0,0.0,direct_same_metric_and_denominator
smollm,smollm/epoch-003,epoch-003,3,21,False,generation_empty_or_near_empty,generation,0,count,lower,30,measured,/vol/tmp2/yesildau/m1_eval_v2_matched_three_model_v3/results/smollm/epoch-003/generation_integrity/raw/20260824T223351Z_m1_smollm_epoch-003_generation/summary_metrics.json,4cf617dd1b1d1c41ff48d72e9dbc1808cf37e03756fce6be4a58b35c51ae889f,1083,0,30,0,,direct_same_metric_and_denominator
smollm,smollm/epoch-003,epoch-003,3,21,False,generation_distinct_2,generation,0.6084656084656086,fraction,higher,30,measured,/vol/tmp2/yesildau/m1_eval_v2_matched_three_model_v3/results/smollm/epoch-003/generation_integrity/raw/20260824T223351Z_m1_smollm_epoch-003_generation/summary_metrics.json,4cf617dd1b1d1c41ff48d72e9dbc1808cf37e03756fce6be4a58b35c51ae889f,1083,0.6661375661375663,30,-0.05767195767195765,-8.65766481334392,direct_same_metric_and_denominator
smollm,smollm/epoch-003,epoch-003,3,21,False,generation_repeated_3gram,generation,0.5102150537634409,fraction,lower,30,measured,/vol/tmp2/yesildau/m1_eval_v2_matched_three_model_v3/results/smollm/epoch-003/generation_integrity/raw/20260824T223351Z_m1_smollm_epoch-003_generation/summary_metrics.json,4cf617dd1b1d1c41ff48d72e9dbc1808cf37e03756fce6be4a58b35c51ae889f,1083,0.42311827956989245,30,0.08709677419354844,20.584498094027968,direct_same_metric_and_denominator
smollm,smollm/epoch-003,epoch-003,3,21,False,generation_repeated_4gram,generation,0.46010928961748637,fraction,lower,30,measured,/vol/tmp2/yesildau/m1_eval_v2_matched_three_model_v3/results/smollm/epoch-003/generation_integrity/raw/20260824T223351Z_m1_smollm_epoch-003_generation/summary_metrics.json,4cf617dd1b1d1c41ff48d72e9dbc1808cf37e03756fce6be4a58b35c51ae889f,1083,,,,,no_m0_reference
smollm,smollm/epoch-003,epoch-003,3,21,False,generation_ppl,generation,16.055461749632283,PPL,lower,304243,measured,/vol/tmp2/yesildau/m1_eval_v2_matched_three_model_v3/results/smollm/epoch-003/generation_integrity/raw/20260824T223351Z_m1_smollm_epoch-003_generation/summary_metrics.json,4cf617dd1b1d1c41ff48d72e9dbc1808cf37e03756fce6be4a58b35c51ae889f,1083,15.924011152164711,304243,0.13145059746757148,0.8254867207230138,direct_same_metric_and_denominator
smollm,smollm/epoch-004,epoch-004,4,28,False,wikitext_bpb,wikitext,0.6447852517523255,bits/byte,lower,62,measured,/vol/tmp2/yesildau/m1_eval_v2_matched_three_model_v3/results/smollm/epoch-004/harness/raw/__vol__tmp2__yesildau__m1_matched_three_model_retry_v1__training__smollm__20260822T155242Z_m1_matched_epoch_dense_smollm_seed42_081e6e29__epoch_snapshots__epoch-004/results_2026-08-25T00-11-25.942849.json,f7bbf38232b377789926125fc8f27683296518a8350990716ccf2b40c5c40d08,12319,0.6411010344952439,62,0.003684217257081568,0.5746703029394191,direct_same_metric_and_denominator
smollm,smollm/epoch-004,epoch-004,4,28,False,wikitext_word_ppl,wikitext,10.912859732069242,PPL,lower,62,measured,/vol/tmp2/yesildau/m1_eval_v2_matched_three_model_v3/results/smollm/epoch-004/harness/raw/__vol__tmp2__yesildau__m1_matched_three_model_retry_v1__training__smollm__20260822T155242Z_m1_matched_epoch_dense_smollm_seed42_081e6e29__epoch_snapshots__epoch-004/results_2026-08-25T00-11-25.942849.json,f7bbf38232b377789926125fc8f27683296518a8350990716ccf2b40c5c40d08,12319,10.764848694209554,62,0.14801103785968728,1.3749476844881514,direct_same_metric_and_denominator
smollm,smollm/epoch-004,epoch-004,4,28,False,wikitext_byte_ppl,wikitext,1.5635065376372588,PPL,lower,62,measured,/vol/tmp2/yesildau/m1_eval_v2_matched_three_model_v3/results/smollm/epoch-004/harness/raw/__vol__tmp2__yesildau__m1_matched_three_model_retry_v1__training__smollm__20260822T155242Z_m1_matched_epoch_dense_smollm_seed42_081e6e29__epoch_snapshots__epoch-004/results_2026-08-25T00-11-25.942849.json,f7bbf38232b377789926125fc8f27683296518a8350990716ccf2b40c5c40d08,12319,1.5595188972757745,62,0.003987640361484246,0.25569682858284076,direct_same_metric_and_denominator
smollm,smollm/epoch-004,epoch-004,4,28,False,exact_prefix_top1_accuracy,exact_prefix,0.064,fraction,higher,500,measured,/vol/tmp2/yesildau/m1_eval_v2_matched_three_model_v3/results/smollm/epoch-004/exact_prefix/raw/20260824T223355Z_74f35d67/summary_metrics.json,95d9c0810f39ba2afc979f626cba3429685f91361d79fe0ee3f1fcfe3cf8aaa0,1759,0.032,500,0.032,100.0,direct_same_metric_and_denominator
smollm,smollm/epoch-004,epoch-004,4,28,False,exact_prefix_top5_accuracy,exact_prefix,0.186,fraction,higher,500,measured,/vol/tmp2/yesildau/m1_eval_v2_matched_three_model_v3/results/smollm/epoch-004/exact_prefix/raw/20260824T223355Z_74f35d67/summary_metrics.json,95d9c0810f39ba2afc979f626cba3429685f91361d79fe0ee3f1fcfe3cf8aaa0,1759,,,,,no_m0_reference
smollm,smollm/epoch-004,epoch-004,4,28,False,exact_prefix_mrr,exact_prefix,0.15033751505578424,fraction,higher,500,measured,/vol/tmp2/yesildau/m1_eval_v2_matched_three_model_v3/results/smollm/epoch-004/exact_prefix/raw/20260824T223355Z_74f35d67/summary_metrics.json,95d9c0810f39ba2afc979f626cba3429685f91361d79fe0ee3f1fcfe3cf8aaa0,1759,,,,,no_m0_reference
smollm,smollm/epoch-004,epoch-004,4,28,False,exact_prefix_mean_rank,exact_prefix,33.46,rank,lower,500,measured,/vol/tmp2/yesildau/m1_eval_v2_matched_three_model_v3/results/smollm/epoch-004/exact_prefix/raw/20260824T223355Z_74f35d67/summary_metrics.json,95d9c0810f39ba2afc979f626cba3429685f91361d79fe0ee3f1fcfe3cf8aaa0,1759,,,,,no_m0_reference
smollm,smollm/epoch-004,epoch-004,4,28,False,exact_prefix_mean_score_margin,exact_prefix,-1.8399266366753182,logprob,higher,500,measured,/vol/tmp2/yesildau/m1_eval_v2_matched_three_model_v3/results/smollm/epoch-004/exact_prefix/raw/20260824T223355Z_74f35d67/summary_metrics.json,95d9c0810f39ba2afc979f626cba3429685f91361d79fe0ee3f1fcfe3cf8aaa0,1759,,,,,no_m0_reference
smollm,smollm/epoch-004,epoch-004,4,28,False,factual_cheap_top1_count,factual_cheap,49,count,higher,1500,completed,/vol/tmp2/yesildau/m1_eval_v2_matched_three_model_v3/results/smollm/epoch-004/factual_cheap/raw/summary.json,5e808f603907bf0450502c146ffedc0ddf1292350ebb0f60ee86764b5cb181e8,324,,,,,no_m0_reference
smollm,smollm/epoch-004,epoch-004,4,28,False,turkish_bpb,turkish_cross_domain,1.5079639166949195,bits/byte,lower,12207027,measured,/vol/tmp2/yesildau/m1_eval_v2_matched_three_model_v3/results/smollm/epoch-004/turkish_perplexity/raw/trwiki_cross_domain/summary.json,cfd76d76c0a5f718dc819106b14ef9f55fbd761dd9ee7eaa45aa39c509161411,935,1.4910878271709507,,,,m0_reference_denominator_unbound
smollm,smollm/epoch-004,epoch-004,4,28,False,turkish_ppl,turkish_cross_domain,9.50349969220998,PPL,lower,12207027,measured,/vol/tmp2/yesildau/m1_eval_v2_matched_three_model_v3/results/smollm/epoch-004/turkish_perplexity/raw/trwiki_cross_domain/summary.json,cfd76d76c0a5f718dc819106b14ef9f55fbd761dd9ee7eaa45aa39c509161411,935,9.267012914466756,,,,m0_reference_denominator_unbound
smollm,smollm/epoch-004,epoch-004,4,28,False,turkish_byte_ppl,turkish_cross_domain,2.8440836867907655,PPL,lower,12207027,measured,/vol/tmp2/yesildau/m1_eval_v2_matched_three_model_v3/results/smollm/epoch-004/turkish_perplexity/raw/trwiki_cross_domain/summary.json,cfd76d76c0a5f718dc819106b14ef9f55fbd761dd9ee7eaa45aa39c509161411,935,2.811008521408759,,,,m0_reference_denominator_unbound
smollm,smollm/epoch-004,epoch-004,4,28,False,generation_top1_accuracy,generation,1.0,fraction,higher,30,measured,/vol/tmp2/yesildau/m1_eval_v2_matched_three_model_v3/results/smollm/epoch-004/generation_integrity/raw/20260824T223504Z_m1_smollm_epoch-004_generation/summary_metrics.json,437e2009f530b08ff7eb029436c15ce5455bbc1cf68d02594c0b787e15aa8cfa,1082,1.0,30,0.0,0.0,direct_same_metric_and_denominator
smollm,smollm/epoch-004,epoch-004,4,28,False,generation_empty_or_near_empty,generation,0,count,lower,30,measured,/vol/tmp2/yesildau/m1_eval_v2_matched_three_model_v3/results/smollm/epoch-004/generation_integrity/raw/20260824T223504Z_m1_smollm_epoch-004_generation/summary_metrics.json,437e2009f530b08ff7eb029436c15ce5455bbc1cf68d02594c0b787e15aa8cfa,1082,0,30,0,,direct_same_metric_and_denominator
smollm,smollm/epoch-004,epoch-004,4,28,False,generation_distinct_2,generation,0.6423280423280423,fraction,higher,30,measured,/vol/tmp2/yesildau/m1_eval_v2_matched_three_model_v3/results/smollm/epoch-004/generation_integrity/raw/20260824T223504Z_m1_smollm_epoch-004_generation/summary_metrics.json,437e2009f530b08ff7eb029436c15ce5455bbc1cf68d02594c0b787e15aa8cfa,1082,0.6661375661375663,30,-0.023809523809523947,-3.574265289912649,direct_same_metric_and_denominator
smollm,smollm/epoch-004,epoch-004,4,28,False,generation_repeated_3gram,generation,0.4661290322580645,fraction,lower,30,measured,/vol/tmp2/yesildau/m1_eval_v2_matched_three_model_v3/results/smollm/epoch-004/generation_integrity/raw/20260824T223504Z_m1_smollm_epoch-004_generation/summary_metrics.json,437e2009f530b08ff7eb029436c15ce5455bbc1cf68d02594c0b787e15aa8cfa,1082,0.42311827956989245,30,0.04301075268817206,10.165184243964426,direct_same_metric_and_denominator
smollm,smollm/epoch-004,epoch-004,4,28,False,generation_repeated_4gram,generation,0.4273224043715847,fraction,lower,30,measured,/vol/tmp2/yesildau/m1_eval_v2_matched_three_model_v3/results/smollm/epoch-004/generation_integrity/raw/20260824T223504Z_m1_smollm_epoch-004_generation/summary_metrics.json,437e2009f530b08ff7eb029436c15ce5455bbc1cf68d02594c0b787e15aa8cfa,1082,,,,,no_m0_reference
smollm,smollm/epoch-004,epoch-004,4,28,False,generation_ppl,generation,16.15246664158489,PPL,lower,304243,measured,/vol/tmp2/yesildau/m1_eval_v2_matched_three_model_v3/results/smollm/epoch-004/generation_integrity/raw/20260824T223504Z_m1_smollm_epoch-004_generation/summary_metrics.json,437e2009f530b08ff7eb029436c15ce5455bbc1cf68d02594c0b787e15aa8cfa,1082,15.924011152164711,304243,0.22845548942017935,1.4346604460216237,direct_same_metric_and_denominator
smollm,smollm/epoch-005,epoch-005,5,35,False,wikitext_bpb,wikitext,0.6455877725073954,bits/byte,lower,62,measured,/vol/tmp2/yesildau/m1_eval_v2_matched_three_model_v3/results/smollm/epoch-005/harness/raw/__vol__tmp2__yesildau__m1_matched_three_model_retry_v1__training__smollm__20260822T155242Z_m1_matched_epoch_dense_smollm_seed42_081e6e29__epoch_snapshots__epoch-005/results_2026-08-25T00-37-06.585512.json,48fca1ee080d8d393deaf6d6ae9c03a525e13901b42925b9c89d3f229950a3cb,12390,0.6411010344952439,62,0.004486738012151492,0.6998488180079169,direct_same_metric_and_denominator
smollm,smollm/epoch-005,epoch-005,5,35,False,wikitext_word_ppl,wikitext,10.945369448236928,PPL,lower,62,measured,/vol/tmp2/yesildau/m1_eval_v2_matched_three_model_v3/results/smollm/epoch-005/harness/raw/__vol__tmp2__yesildau__m1_matched_three_model_retry_v1__training__smollm__20260822T155242Z_m1_matched_epoch_dense_smollm_seed42_081e6e29__epoch_snapshots__epoch-005/results_2026-08-25T00-37-06.585512.json,48fca1ee080d8d393deaf6d6ae9c03a525e13901b42925b9c89d3f229950a3cb,12390,10.764848694209554,62,0.18052075402737344,1.676946505755126,direct_same_metric_and_denominator
smollm,smollm/epoch-005,epoch-005,5,35,False,wikitext_byte_ppl,wikitext,1.5643765035427712,PPL,lower,62,measured,/vol/tmp2/yesildau/m1_eval_v2_matched_three_model_v3/results/smollm/epoch-005/harness/raw/__vol__tmp2__yesildau__m1_matched_three_model_retry_v1__training__smollm__20260822T155242Z_m1_matched_epoch_dense_smollm_seed42_081e6e29__epoch_snapshots__epoch-005/results_2026-08-25T00-37-06.585512.json,48fca1ee080d8d393deaf6d6ae9c03a525e13901b42925b9c89d3f229950a3cb,12390,1.5595188972757745,62,0.004857606266996717,0.3114810776247831,direct_same_metric_and_denominator
smollm,smollm/epoch-005,epoch-005,5,35,False,exact_prefix_top1_accuracy,exact_prefix,0.116,fraction,higher,500,measured,/vol/tmp2/yesildau/m1_eval_v2_matched_three_model_v3/results/smollm/epoch-005/exact_prefix/raw/20260824T225948Z_78ac5d15/summary_metrics.json,9186327cd67fdae8819795ce9f3ccaed8e6c968ffdd729fd6e47f8fd14e14ed1,1760,0.032,500,0.084,262.5,direct_same_metric_and_denominator
smollm,smollm/epoch-005,epoch-005,5,35,False,exact_prefix_top5_accuracy,exact_prefix,0.304,fraction,higher,500,measured,/vol/tmp2/yesildau/m1_eval_v2_matched_three_model_v3/results/smollm/epoch-005/exact_prefix/raw/20260824T225948Z_78ac5d15/summary_metrics.json,9186327cd67fdae8819795ce9f3ccaed8e6c968ffdd729fd6e47f8fd14e14ed1,1760,,,,,no_m0_reference
smollm,smollm/epoch-005,epoch-005,5,35,False,exact_prefix_mrr,exact_prefix,0.22326606548139186,fraction,higher,500,measured,/vol/tmp2/yesildau/m1_eval_v2_matched_three_model_v3/results/smollm/epoch-005/exact_prefix/raw/20260824T225948Z_78ac5d15/summary_metrics.json,9186327cd67fdae8819795ce9f3ccaed8e6c968ffdd729fd6e47f8fd14e14ed1,1760,,,,,no_m0_reference
smollm,smollm/epoch-005,epoch-005,5,35,False,exact_prefix_mean_rank,exact_prefix,25.35,rank,lower,500,measured,/vol/tmp2/yesildau/m1_eval_v2_matched_three_model_v3/results/smollm/epoch-005/exact_prefix/raw/20260824T225948Z_78ac5d15/summary_metrics.json,9186327cd67fdae8819795ce9f3ccaed8e6c968ffdd729fd6e47f8fd14e14ed1,1760,,,,,no_m0_reference
smollm,smollm/epoch-005,epoch-005,5,35,False,exact_prefix_mean_score_margin,exact_prefix,-1.4597619813031084,logprob,higher,500,measured,/vol/tmp2/yesildau/m1_eval_v2_matched_three_model_v3/results/smollm/epoch-005/exact_prefix/raw/20260824T225948Z_78ac5d15/summary_metrics.json,9186327cd67fdae8819795ce9f3ccaed8e6c968ffdd729fd6e47f8fd14e14ed1,1760,,,,,no_m0_reference
smollm,smollm/epoch-005,epoch-005,5,35,False,factual_cheap_top1_count,factual_cheap,87,count,higher,1500,completed,/vol/tmp2/yesildau/m1_eval_v2_matched_three_model_v3/results/smollm/epoch-005/factual_cheap/raw/summary.json,889de6c1ee3615d4db8e8fd7e71a68aab81405a58fc4f6ac23be8ffb3014a962,324,,,,,no_m0_reference
smollm,smollm/epoch-005,epoch-005,5,35,False,turkish_bpb,turkish_cross_domain,1.514879383987784,bits/byte,lower,12207027,measured,/vol/tmp2/yesildau/m1_eval_v2_matched_three_model_v3/results/smollm/epoch-005/turkish_perplexity/raw/trwiki_cross_domain/summary.json,4dd4a8e2d2de433380d05ed3ea8aea432b000600252457cd8c78a84cd38ab389,935,1.4910878271709507,,,,m0_reference_denominator_unbound
smollm,smollm/epoch-005,epoch-005,5,35,False,turkish_ppl,turkish_cross_domain,9.60214153599919,PPL,lower,12207027,measured,/vol/tmp2/yesildau/m1_eval_v2_matched_three_model_v3/results/smollm/epoch-005/turkish_perplexity/raw/trwiki_cross_domain/summary.json,4dd4a8e2d2de433380d05ed3ea8aea432b000600252457cd8c78a84cd38ab389,935,9.267012914466756,,,,m0_reference_denominator_unbound
smollm,smollm/epoch-005,epoch-005,5,35,False,turkish_byte_ppl,turkish_cross_domain,2.8577493483638268,PPL,lower,12207027,measured,/vol/tmp2/yesildau/m1_eval_v2_matched_three_model_v3/results/smollm/epoch-005/turkish_perplexity/raw/trwiki_cross_domain/summary.json,4dd4a8e2d2de433380d05ed3ea8aea432b000600252457cd8c78a84cd38ab389,935,2.811008521408759,,,,m0_reference_denominator_unbound
smollm,smollm/epoch-005,epoch-005,5,35,False,generation_top1_accuracy,generation,1.0,fraction,higher,30,measured,/vol/tmp2/yesildau/m1_eval_v2_matched_three_model_v3/results/smollm/epoch-005/generation_integrity/raw/20260824T230102Z_m1_smollm_epoch-005_generation/summary_metrics.json,dc99eff4ef2a3388b4f2b502ee55ae9c0749addbc45a287e154d4e0d0dca9349,1084,1.0,30,0.0,0.0,direct_same_metric_and_denominator
smollm,smollm/epoch-005,epoch-005,5,35,False,generation_empty_or_near_empty,generation,0,count,lower,30,measured,/vol/tmp2/yesildau/m1_eval_v2_matched_three_model_v3/results/smollm/epoch-005/generation_integrity/raw/20260824T230102Z_m1_smollm_epoch-005_generation/summary_metrics.json,dc99eff4ef2a3388b4f2b502ee55ae9c0749addbc45a287e154d4e0d0dca9349,1084,0,30,0,,direct_same_metric_and_denominator
smollm,smollm/epoch-005,epoch-005,5,35,False,generation_distinct_2,generation,0.6052910052910053,fraction,higher,30,measured,/vol/tmp2/yesildau/m1_eval_v2_matched_three_model_v3/results/smollm/epoch-005/generation_integrity/raw/20260824T230102Z_m1_smollm_epoch-005_generation/summary_metrics.json,dc99eff4ef2a3388b4f2b502ee55ae9c0749addbc45a287e154d4e0d0dca9349,1084,0.6661375661375663,30,-0.060846560846560926,-9.134233518665619,direct_same_metric_and_denominator
smollm,smollm/epoch-005,epoch-005,5,35,False,generation_repeated_3gram,generation,0.5252688172043011,fraction,lower,30,measured,/vol/tmp2/yesildau/m1_eval_v2_matched_three_model_v3/results/smollm/epoch-005/generation_integrity/raw/20260824T230102Z_m1_smollm_epoch-005_generation/summary_metrics.json,dc99eff4ef2a3388b4f2b502ee55ae9c0749addbc45a287e154d4e0d0dca9349,1084,0.42311827956989245,30,0.10215053763440862,24.142312579415506,direct_same_metric_and_denominator
smollm,smollm/epoch-005,epoch-005,5,35,False,generation_repeated_4gram,generation,0.4786885245901639,fraction,lower,30,measured,/vol/tmp2/yesildau/m1_eval_v2_matched_three_model_v3/results/smollm/epoch-005/generation_integrity/raw/20260824T230102Z_m1_smollm_epoch-005_generation/summary_metrics.json,dc99eff4ef2a3388b4f2b502ee55ae9c0749addbc45a287e154d4e0d0dca9349,1084,,,,,no_m0_reference
smollm,smollm/epoch-005,epoch-005,5,35,False,generation_ppl,generation,16.242601269983496,PPL,lower,304243,measured,/vol/tmp2/yesildau/m1_eval_v2_matched_three_model_v3/results/smollm/epoch-005/generation_integrity/raw/20260824T230102Z_m1_smollm_epoch-005_generation/summary_metrics.json,dc99eff4ef2a3388b4f2b502ee55ae9c0749addbc45a287e154d4e0d0dca9349,1084,15.924011152164711,304243,0.31859011781878444,2.0006901199354865,direct_same_metric_and_denominator
smollm,smollm/epoch-006,epoch-006,6,42,False,wikitext_bpb,wikitext,0.646368913204042,bits/byte,lower,62,measured,/vol/tmp2/yesildau/m1_eval_v2_matched_three_model_v3/results/smollm/epoch-006/harness/raw/__vol__tmp2__yesildau__m1_matched_three_model_retry_v1__training__smollm__20260822T155242Z_m1_matched_epoch_dense_smollm_seed42_081e6e29__epoch_snapshots__epoch-006/results_2026-08-25T00-37-47.592546.json,d7c2a195d5a8c1121adbd8157984fc6d2a7b1e0bb23e190111c9c9e7d3a931da,12318,0.6411010344952439,62,0.005267878708798079,0.8216924361923112,direct_same_metric_and_denominator
smollm,smollm/epoch-006,epoch-006,6,42,False,wikitext_word_ppl,wikitext,10.977106077968893,PPL,lower,62,measured,/vol/tmp2/yesildau/m1_eval_v2_matched_three_model_v3/results/smollm/epoch-006/harness/raw/__vol__tmp2__yesildau__m1_matched_three_model_retry_v1__training__smollm__20260822T155242Z_m1_matched_epoch_dense_smollm_seed42_081e6e29__epoch_snapshots__epoch-006/results_2026-08-25T00-37-47.592546.json,d7c2a195d5a8c1121adbd8157984fc6d2a7b1e0bb23e190111c9c9e7d3a931da,12318,10.764848694209554,62,0.21225738375933823,1.9717637450260879,direct_same_metric_and_denominator
smollm,smollm/epoch-006,epoch-006,6,42,False,wikitext_byte_ppl,wikitext,1.5652237574665389,PPL,lower,62,measured,/vol/tmp2/yesildau/m1_eval_v2_matched_three_model_v3/results/smollm/epoch-006/harness/raw/__vol__tmp2__yesildau__m1_matched_three_model_retry_v1__training__smollm__20260822T155242Z_m1_matched_epoch_dense_smollm_seed42_081e6e29__epoch_snapshots__epoch-006/results_2026-08-25T00-37-47.592546.json,d7c2a195d5a8c1121adbd8157984fc6d2a7b1e0bb23e190111c9c9e7d3a931da,12318,1.5595188972757745,62,0.005704860190764327,0.3658089812652984,direct_same_metric_and_denominator
smollm,smollm/epoch-006,epoch-006,6,42,False,exact_prefix_top1_accuracy,exact_prefix,0.224,fraction,higher,500,measured,/vol/tmp2/yesildau/m1_eval_v2_matched_three_model_v3/results/smollm/epoch-006/exact_prefix/raw/20260824T230656Z_153b9441/summary_metrics.json,2fbb30ce69e557144c5e7cb113447b9b6143c50d77040f793be152ad2bc092d4,1758,0.032,500,0.192,600.0,direct_same_metric_and_denominator
smollm,smollm/epoch-006,epoch-006,6,42,False,exact_prefix_top5_accuracy,exact_prefix,0.454,fraction,higher,500,measured,/vol/tmp2/yesildau/m1_eval_v2_matched_three_model_v3/results/smollm/epoch-006/exact_prefix/raw/20260824T230656Z_153b9441/summary_metrics.json,2fbb30ce69e557144c5e7cb113447b9b6143c50d77040f793be152ad2bc092d4,1758,,,,,no_m0_reference
smollm,smollm/epoch-006,epoch-006,6,42,False,exact_prefix_mrr,exact_prefix,0.33666949935143625,fraction,higher,500,measured,/vol/tmp2/yesildau/m1_eval_v2_matched_three_model_v3/results/smollm/epoch-006/exact_prefix/raw/20260824T230656Z_153b9441/summary_metrics.json,2fbb30ce69e557144c5e7cb113447b9b6143c50d77040f793be152ad2bc092d4,1758,,,,,no_m0_reference
smollm,smollm/epoch-006,epoch-006,6,42,False,exact_prefix_mean_rank,exact_prefix,18.248,rank,lower,500,measured,/vol/tmp2/yesildau/m1_eval_v2_matched_three_model_v3/results/smollm/epoch-006/exact_prefix/raw/20260824T230656Z_153b9441/summary_metrics.json,2fbb30ce69e557144c5e7cb113447b9b6143c50d77040f793be152ad2bc092d4,1758,,,,,no_m0_reference
smollm,smollm/epoch-006,epoch-006,6,42,False,exact_prefix_mean_score_margin,exact_prefix,-1.0654781454729019,logprob,higher,500,measured,/vol/tmp2/yesildau/m1_eval_v2_matched_three_model_v3/results/smollm/epoch-006/exact_prefix/raw/20260824T230656Z_153b9441/summary_metrics.json,2fbb30ce69e557144c5e7cb113447b9b6143c50d77040f793be152ad2bc092d4,1758,,,,,no_m0_reference
smollm,smollm/epoch-006,epoch-006,6,42,False,factual_cheap_top1_count,factual_cheap,158,count,higher,1500,completed,/vol/tmp2/yesildau/m1_eval_v2_matched_three_model_v3/results/smollm/epoch-006/factual_cheap/raw/summary.json,a0b578be565d52628e00a24eae793f9c18ef88cfeefac5c576c511ed2427acc1,326,,,,,no_m0_reference
smollm,smollm/epoch-006,epoch-006,6,42,False,turkish_bpb,turkish_cross_domain,1.5226592345060588,bits/byte,lower,12207027,measured,/vol/tmp2/yesildau/m1_eval_v2_matched_three_model_v3/results/smollm/epoch-006/turkish_perplexity/raw/trwiki_cross_domain/summary.json,c391840e381fe3e9611b3d2661024873983bdfcef2d3317bc1e63a65d8f32c5b,940,1.4910878271709507,,,,m0_reference_denominator_unbound
smollm,smollm/epoch-006,epoch-006,6,42,False,turkish_ppl,turkish_cross_domain,9.714337238027484,PPL,lower,12207027,measured,/vol/tmp2/yesildau/m1_eval_v2_matched_three_model_v3/results/smollm/epoch-006/turkish_perplexity/raw/trwiki_cross_domain/summary.json,c391840e381fe3e9611b3d2661024873983bdfcef2d3317bc1e63a65d8f32c5b,940,9.267012914466756,,,,m0_reference_denominator_unbound
smollm,smollm/epoch-006,epoch-006,6,42,False,turkish_byte_ppl,turkish_cross_domain,2.8732016208671904,PPL,lower,12207027,measured,/vol/tmp2/yesildau/m1_eval_v2_matched_three_model_v3/results/smollm/epoch-006/turkish_perplexity/raw/trwiki_cross_domain/summary.json,c391840e381fe3e9611b3d2661024873983bdfcef2d3317bc1e63a65d8f32c5b,940,2.811008521408759,,,,m0_reference_denominator_unbound
smollm,smollm/epoch-006,epoch-006,6,42,False,generation_top1_accuracy,generation,1.0,fraction,higher,30,measured,/vol/tmp2/yesildau/m1_eval_v2_matched_three_model_v3/results/smollm/epoch-006/generation_integrity/raw/20260824T230815Z_m1_smollm_epoch-006_generation/summary_metrics.json,c59ab1cf7d8fdb67ca8614f124c870913d1be3d0e9e3d31f8eebaefc8a8d67e2,1081,1.0,30,0.0,0.0,direct_same_metric_and_denominator
smollm,smollm/epoch-006,epoch-006,6,42,False,generation_empty_or_near_empty,generation,0,count,lower,30,measured,/vol/tmp2/yesildau/m1_eval_v2_matched_three_model_v3/results/smollm/epoch-006/generation_integrity/raw/20260824T230815Z_m1_smollm_epoch-006_generation/summary_metrics.json,c59ab1cf7d8fdb67ca8614f124c870913d1be3d0e9e3d31f8eebaefc8a8d67e2,1081,0,30,0,,direct_same_metric_and_denominator
smollm,smollm/epoch-006,epoch-006,6,42,False,generation_distinct_2,generation,0.6476190476190475,fraction,higher,30,measured,/vol/tmp2/yesildau/m1_eval_v2_matched_three_model_v3/results/smollm/epoch-006/generation_integrity/raw/20260824T230815Z_m1_smollm_epoch-006_generation/summary_metrics.json,c59ab1cf7d8fdb67ca8614f124c870913d1be3d0e9e3d31f8eebaefc8a8d67e2,1081,0.6661375661375663,30,-0.018518518518518712,-2.779984114376518,direct_same_metric_and_denominator
smollm,smollm/epoch-006,epoch-006,6,42,False,generation_repeated_3gram,generation,0.45322580645161287,fraction,lower,30,measured,/vol/tmp2/yesildau/m1_eval_v2_matched_three_model_v3/results/smollm/epoch-006/generation_integrity/raw/20260824T230815Z_m1_smollm_epoch-006_generation/summary_metrics.json,c59ab1cf7d8fdb67ca8614f124c870913d1be3d0e9e3d31f8eebaefc8a8d67e2,1081,0.42311827956989245,30,0.030107526881720414,7.1156289707750915,direct_same_metric_and_denominator
smollm,smollm/epoch-006,epoch-006,6,42,False,generation_repeated_4gram,generation,0.40928961748633874,fraction,lower,30,measured,/vol/tmp2/yesildau/m1_eval_v2_matched_three_model_v3/results/smollm/epoch-006/generation_integrity/raw/20260824T230815Z_m1_smollm_epoch-006_generation/summary_metrics.json,c59ab1cf7d8fdb67ca8614f124c870913d1be3d0e9e3d31f8eebaefc8a8d67e2,1081,,,,,no_m0_reference
smollm,smollm/epoch-006,epoch-006,6,42,False,generation_ppl,generation,16.35155975749194,PPL,lower,304243,measured,/vol/tmp2/yesildau/m1_eval_v2_matched_three_model_v3/results/smollm/epoch-006/generation_integrity/raw/20260824T230815Z_m1_smollm_epoch-006_generation/summary_metrics.json,c59ab1cf7d8fdb67ca8614f124c870913d1be3d0e9e3d31f8eebaefc8a8d67e2,1081,15.924011152164711,304243,0.42754860532722994,2.6849303309430863,direct_same_metric_and_denominator
smollm,smollm/epoch-007,epoch-007,7,49,False,wikitext_bpb,wikitext,0.6471550845026705,bits/byte,lower,62,measured,/vol/tmp2/yesildau/m1_eval_v2_matched_three_model_v3/results/smollm/epoch-007/harness/raw/__vol__tmp2__yesildau__m1_matched_three_model_retry_v1__training__smollm__20260822T155242Z_m1_matched_epoch_dense_smollm_seed42_081e6e29__epoch_snapshots__epoch-007/results_2026-08-25T00-37-28.404510.json,937b94701732f0909d0791a6f9a57235a4209d025d79b091cfc5cc2cb22969d0,12319,0.6411010344952439,62,0.006054050007426537,0.9443207359964804,direct_same_metric_and_denominator
smollm,smollm/epoch-007,epoch-007,7,49,False,wikitext_word_ppl,wikitext,11.00914000719251,PPL,lower,62,measured,/vol/tmp2/yesildau/m1_eval_v2_matched_three_model_v3/results/smollm/epoch-007/harness/raw/__vol__tmp2__yesildau__m1_matched_three_model_retry_v1__training__smollm__20260822T155242Z_m1_matched_epoch_dense_smollm_seed42_081e6e29__epoch_snapshots__epoch-007/results_2026-08-25T00-37-28.404510.json,937b94701732f0909d0791a6f9a57235a4209d025d79b091cfc5cc2cb22969d0,12319,10.764848694209554,62,0.2442913129829556,2.2693427462139866,direct_same_metric_and_denominator
smollm,smollm/epoch-007,epoch-007,7,49,False,wikitext_byte_ppl,wikitext,1.5660769310749656,PPL,lower,62,measured,/vol/tmp2/yesildau/m1_eval_v2_matched_three_model_v3/results/smollm/epoch-007/harness/raw/__vol__tmp2__yesildau__m1_matched_three_model_retry_v1__training__smollm__20260822T155242Z_m1_matched_epoch_dense_smollm_seed42_081e6e29__epoch_snapshots__epoch-007/results_2026-08-25T00-37-28.404510.json,937b94701732f0909d0791a6f9a57235a4209d025d79b091cfc5cc2cb22969d0,12319,1.5595188972757745,62,0.006558033799191065,0.42051646893454653,direct_same_metric_and_denominator
smollm,smollm/epoch-007,epoch-007,7,49,False,exact_prefix_top1_accuracy,exact_prefix,0.338,fraction,higher,500,measured,/vol/tmp2/yesildau/m1_eval_v2_matched_three_model_v3/results/smollm/epoch-007/exact_prefix/raw/20260824T225945Z_1e53c49c/summary_metrics.json,6074bacdc86476a9450d04470e3e7ce1dd4b2767a788d4099db631627418f76b,1757,0.032,500,0.30600000000000005,956.2500000000001,direct_same_metric_and_denominator
smollm,smollm/epoch-007,epoch-007,7,49,False,exact_prefix_top5_accuracy,exact_prefix,0.59,fraction,higher,500,measured,/vol/tmp2/yesildau/m1_eval_v2_matched_three_model_v3/results/smollm/epoch-007/exact_prefix/raw/20260824T225945Z_1e53c49c/summary_metrics.json,6074bacdc86476a9450d04470e3e7ce1dd4b2767a788d4099db631627418f76b,1757,,,,,no_m0_reference
smollm,smollm/epoch-007,epoch-007,7,49,False,exact_prefix_mrr,exact_prefix,0.46257606835579546,fraction,higher,500,measured,/vol/tmp2/yesildau/m1_eval_v2_matched_three_model_v3/results/smollm/epoch-007/exact_prefix/raw/20260824T225945Z_1e53c49c/summary_metrics.json,6074bacdc86476a9450d04470e3e7ce1dd4b2767a788d4099db631627418f76b,1757,,,,,no_m0_reference
smollm,smollm/epoch-007,epoch-007,7,49,False,exact_prefix_mean_rank,exact_prefix,11.504,rank,lower,500,measured,/vol/tmp2/yesildau/m1_eval_v2_matched_three_model_v3/results/smollm/epoch-007/exact_prefix/raw/20260824T225945Z_1e53c49c/summary_metrics.json,6074bacdc86476a9450d04470e3e7ce1dd4b2767a788d4099db631627418f76b,1757,,,,,no_m0_reference
smollm,smollm/epoch-007,epoch-007,7,49,False,exact_prefix_mean_score_margin,exact_prefix,-0.5718564635241727,logprob,higher,500,measured,/vol/tmp2/yesildau/m1_eval_v2_matched_three_model_v3/results/smollm/epoch-007/exact_prefix/raw/20260824T225945Z_1e53c49c/summary_metrics.json,6074bacdc86476a9450d04470e3e7ce1dd4b2767a788d4099db631627418f76b,1757,,,,,no_m0_reference
smollm,smollm/epoch-007,epoch-007,7,49,False,factual_cheap_top1_count,factual_cheap,229,count,higher,1500,completed,/vol/tmp2/yesildau/m1_eval_v2_matched_three_model_v3/results/smollm/epoch-007/factual_cheap/raw/summary.json,a739cb4961f04d4ef7cbc9a129a4c3c490c007728cc162b028d5702413273830,326,,,,,no_m0_reference
smollm,smollm/epoch-007,epoch-007,7,49,False,turkish_bpb,turkish_cross_domain,1.530600780259436,bits/byte,lower,12207027,measured,/vol/tmp2/yesildau/m1_eval_v2_matched_three_model_v3/results/smollm/epoch-007/turkish_perplexity/raw/trwiki_cross_domain/summary.json,232d88b9463e0ddf8b00866c4f31dfb591902f982786494d6410734c1e92f221,939,1.4910878271709507,,,,m0_reference_denominator_unbound
smollm,smollm/epoch-007,epoch-007,7,49,False,turkish_ppl,turkish_cross_domain,9.830217005126995,PPL,lower,12207027,measured,/vol/tmp2/yesildau/m1_eval_v2_matched_three_model_v3/results/smollm/epoch-007/turkish_perplexity/raw/trwiki_cross_domain/summary.json,232d88b9463e0ddf8b00866c4f31dfb591902f982786494d6410734c1e92f221,939,9.267012914466756,,,,m0_reference_denominator_unbound
smollm,smollm/epoch-007,epoch-007,7,49,False,turkish_byte_ppl,turkish_cross_domain,2.8890612298709653,PPL,lower,12207027,measured,/vol/tmp2/yesildau/m1_eval_v2_matched_three_model_v3/results/smollm/epoch-007/turkish_perplexity/raw/trwiki_cross_domain/summary.json,232d88b9463e0ddf8b00866c4f31dfb591902f982786494d6410734c1e92f221,939,2.811008521408759,,,,m0_reference_denominator_unbound
smollm,smollm/epoch-007,epoch-007,7,49,False,generation_top1_accuracy,generation,1.0,fraction,higher,30,measured,/vol/tmp2/yesildau/m1_eval_v2_matched_three_model_v3/results/smollm/epoch-007/generation_integrity/raw/20260824T230054Z_m1_smollm_epoch-007_generation/summary_metrics.json,4efc2e58129fba20ae065f44dcfbed8d3ea1d0b1bba4f96e39be7d86bbdc7adc,1085,1.0,30,0.0,0.0,direct_same_metric_and_denominator
smollm,smollm/epoch-007,epoch-007,7,49,False,generation_empty_or_near_empty,generation,0,count,lower,30,measured,/vol/tmp2/yesildau/m1_eval_v2_matched_three_model_v3/results/smollm/epoch-007/generation_integrity/raw/20260824T230054Z_m1_smollm_epoch-007_generation/summary_metrics.json,4efc2e58129fba20ae065f44dcfbed8d3ea1d0b1bba4f96e39be7d86bbdc7adc,1085,0,30,0,,direct_same_metric_and_denominator
smollm,smollm/epoch-007,epoch-007,7,49,False,generation_distinct_2,generation,0.6365079365079365,fraction,higher,30,measured,/vol/tmp2/yesildau/m1_eval_v2_matched_three_model_v3/results/smollm/epoch-007/generation_integrity/raw/20260824T230054Z_m1_smollm_epoch-007_generation/summary_metrics.json,4efc2e58129fba20ae065f44dcfbed8d3ea1d0b1bba4f96e39be7d86bbdc7adc,1085,0.6661375661375663,30,-0.029629629629629783,-4.447974583002405,direct_same_metric_and_denominator
smollm,smollm/epoch-007,epoch-007,7,49,False,generation_repeated_3gram,generation,0.47580645161290325,fraction,lower,30,measured,/vol/tmp2/yesildau/m1_eval_v2_matched_three_model_v3/results/smollm/epoch-007/generation_integrity/raw/20260824T230054Z_m1_smollm_epoch-007_generation/summary_metrics.json,4efc2e58129fba20ae065f44dcfbed8d3ea1d0b1bba4f96e39be7d86bbdc7adc,1085,0.42311827956989245,30,0.052688172043010795,12.452350698856428,direct_same_metric_and_denominator
smollm,smollm/epoch-007,epoch-007,7,49,False,generation_repeated_4gram,generation,0.43333333333333335,fraction,lower,30,measured,/vol/tmp2/yesildau/m1_eval_v2_matched_three_model_v3/results/smollm/epoch-007/generation_integrity/raw/20260824T230054Z_m1_smollm_epoch-007_generation/summary_metrics.json,4efc2e58129fba20ae065f44dcfbed8d3ea1d0b1bba4f96e39be7d86bbdc7adc,1085,,,,,no_m0_reference
smollm,smollm/epoch-007,epoch-007,7,49,False,generation_ppl,generation,16.473485361011058,PPL,lower,304243,measured,/vol/tmp2/yesildau/m1_eval_v2_matched_three_model_v3/results/smollm/epoch-007/generation_integrity/raw/20260824T230054Z_m1_smollm_epoch-007_generation/summary_metrics.json,4efc2e58129fba20ae065f44dcfbed8d3ea1d0b1bba4f96e39be7d86bbdc7adc,1085,15.924011152164711,304243,0.5494742088463465,3.450601758537772,direct_same_metric_and_denominator
smollm,smollm/epoch-008,epoch-008,8,56,False,wikitext_bpb,wikitext,0.6479996666798676,bits/byte,lower,62,measured,/vol/tmp2/yesildau/m1_eval_v2_matched_three_model_v3/results/smollm/epoch-008/harness/raw/__vol__tmp2__yesildau__m1_matched_three_model_retry_v1__training__smollm__20260822T155242Z_m1_matched_epoch_dense_smollm_seed42_081e6e29__epoch_snapshots__epoch-008/results_2026-08-25T00-37-51.175966.json,3423472b512b85aaa7a4a35c03abed3d89e7bc20d7ea51b554feace24fa90c7b,12320,0.6411010344952439,62,0.006898632184623721,1.0760600612749283,direct_same_metric_and_denominator
smollm,smollm/epoch-008,epoch-008,8,56,False,wikitext_word_ppl,wikitext,11.043658157080964,PPL,lower,62,measured,/vol/tmp2/yesildau/m1_eval_v2_matched_three_model_v3/results/smollm/epoch-008/harness/raw/__vol__tmp2__yesildau__m1_matched_three_model_retry_v1__training__smollm__20260822T155242Z_m1_matched_epoch_dense_smollm_seed42_081e6e29__epoch_snapshots__epoch-008/results_2026-08-25T00-37-51.175966.json,3423472b512b85aaa7a4a35c03abed3d89e7bc20d7ea51b554feace24fa90c7b,12320,10.764848694209554,62,0.2788094628714095,2.589998900972774,direct_same_metric_and_denominator
smollm,smollm/epoch-008,epoch-008,8,56,False,wikitext_byte_ppl,wikitext,1.5669940118604841,PPL,lower,62,measured,/vol/tmp2/yesildau/m1_eval_v2_matched_three_model_v3/results/smollm/epoch-008/harness/raw/__vol__tmp2__yesildau__m1_matched_three_model_retry_v1__training__smollm__20260822T155242Z_m1_matched_epoch_dense_smollm_seed42_081e6e29__epoch_snapshots__epoch-008/results_2026-08-25T00-37-51.175966.json,3423472b512b85aaa7a4a35c03abed3d89e7bc20d7ea51b554feace24fa90c7b,12320,1.5595188972757745,62,0.007475114584709619,0.47932183430206754,direct_same_metric_and_denominator
smollm,smollm/epoch-008,epoch-008,8,56,False,exact_prefix_top1_accuracy,exact_prefix,0.494,fraction,higher,500,measured,/vol/tmp2/yesildau/m1_eval_v2_matched_three_model_v3/results/smollm/epoch-008/exact_prefix/raw/20260824T230001Z_eb743aab/summary_metrics.json,27fed574094e0193fedce8a4606ec38cc35ff8150249166166321612ef374e3b,1756,0.032,500,0.46199999999999997,1443.7499999999998,direct_same_metric_and_denominator
smollm,smollm/epoch-008,epoch-008,8,56,False,exact_prefix_top5_accuracy,exact_prefix,0.736,fraction,higher,500,measured,/vol/tmp2/yesildau/m1_eval_v2_matched_three_model_v3/results/smollm/epoch-008/exact_prefix/raw/20260824T230001Z_eb743aab/summary_metrics.json,27fed574094e0193fedce8a4606ec38cc35ff8150249166166321612ef374e3b,1756,,,,,no_m0_reference
smollm,smollm/epoch-008,epoch-008,8,56,False,exact_prefix_mrr,exact_prefix,0.6104473254397309,fraction,higher,500,measured,/vol/tmp2/yesildau/m1_eval_v2_matched_three_model_v3/results/smollm/epoch-008/exact_prefix/raw/20260824T230001Z_eb743aab/summary_metrics.json,27fed574094e0193fedce8a4606ec38cc35ff8150249166166321612ef374e3b,1756,,,,,no_m0_reference
smollm,smollm/epoch-008,epoch-008,8,56,False,exact_prefix_mean_rank,exact_prefix,6.81,rank,lower,500,measured,/vol/tmp2/yesildau/m1_eval_v2_matched_three_model_v3/results/smollm/epoch-008/exact_prefix/raw/20260824T230001Z_eb743aab/summary_metrics.json,27fed574094e0193fedce8a4606ec38cc35ff8150249166166321612ef374e3b,1756,,,,,no_m0_reference
smollm,smollm/epoch-008,epoch-008,8,56,False,exact_prefix_mean_score_margin,exact_prefix,-0.08526383664488982,logprob,higher,500,measured,/vol/tmp2/yesildau/m1_eval_v2_matched_three_model_v3/results/smollm/epoch-008/exact_prefix/raw/20260824T230001Z_eb743aab/summary_metrics.json,27fed574094e0193fedce8a4606ec38cc35ff8150249166166321612ef374e3b,1756,,,,,no_m0_reference
smollm,smollm/epoch-008,epoch-008,8,56,False,factual_cheap_top1_count,factual_cheap,324,count,higher,1500,completed,/vol/tmp2/yesildau/m1_eval_v2_matched_three_model_v3/results/smollm/epoch-008/factual_cheap/raw/summary.json,b947fa54fe7b5c822302a4e75f67fda057d8d4ed3b73c3d304d1002a307f91ff,326,,,,,no_m0_reference
smollm,smollm/epoch-008,epoch-008,8,56,False,turkish_bpb,turkish_cross_domain,1.5385820793500185,bits/byte,lower,12207027,measured,/vol/tmp2/yesildau/m1_eval_v2_matched_three_model_v3/results/smollm/epoch-008/turkish_perplexity/raw/trwiki_cross_domain/summary.json,68559d1c1b29658719e7384bfd6c4e17954aecd30ede29ed000f093f8425ac08,936,1.4910878271709507,,,,m0_reference_denominator_unbound
smollm,smollm/epoch-008,epoch-008,8,56,False,turkish_ppl,turkish_cross_domain,9.948069559852717,PPL,lower,12207027,measured,/vol/tmp2/yesildau/m1_eval_v2_matched_three_model_v3/results/smollm/epoch-008/turkish_perplexity/raw/trwiki_cross_domain/summary.json,68559d1c1b29658719e7384bfd6c4e17954aecd30ede29ed000f093f8425ac08,936,9.267012914466756,,,,m0_reference_denominator_unbound
smollm,smollm/epoch-008,epoch-008,8,56,False,turkish_byte_ppl,turkish_cross_domain,2.9050884297133654,PPL,lower,12207027,measured,/vol/tmp2/yesildau/m1_eval_v2_matched_three_model_v3/results/smollm/epoch-008/turkish_perplexity/raw/trwiki_cross_domain/summary.json,68559d1c1b29658719e7384bfd6c4e17954aecd30ede29ed000f093f8425ac08,936,2.811008521408759,,,,m0_reference_denominator_unbound
smollm,smollm/epoch-008,epoch-008,8,56,False,generation_top1_accuracy,generation,1.0,fraction,higher,30,measured,/vol/tmp2/yesildau/m1_eval_v2_matched_three_model_v3/results/smollm/epoch-008/generation_integrity/raw/20260824T230108Z_m1_smollm_epoch-008_generation/summary_metrics.json,c2bbdc56925efe882fb04f414fcf2379fc23dfc19d22c9f7534c46f4d584bc56,1083,1.0,30,0.0,0.0,direct_same_metric_and_denominator
smollm,smollm/epoch-008,epoch-008,8,56,False,generation_empty_or_near_empty,generation,0,count,lower,30,measured,/vol/tmp2/yesildau/m1_eval_v2_matched_three_model_v3/results/smollm/epoch-008/generation_integrity/raw/20260824T230108Z_m1_smollm_epoch-008_generation/summary_metrics.json,c2bbdc56925efe882fb04f414fcf2379fc23dfc19d22c9f7534c46f4d584bc56,1083,0,30,0,,direct_same_metric_and_denominator
smollm,smollm/epoch-008,epoch-008,8,56,False,generation_distinct_2,generation,0.6333333333333332,fraction,higher,30,measured,/vol/tmp2/yesildau/m1_eval_v2_matched_three_model_v3/results/smollm/epoch-008/generation_integrity/raw/20260824T230108Z_m1_smollm_epoch-008_generation/summary_metrics.json,c2bbdc56925efe882fb04f414fcf2379fc23dfc19d22c9f7534c46f4d584bc56,1083,0.6661375661375663,30,-0.03280423280423306,-4.924543288324104,direct_same_metric_and_denominator
smollm,smollm/epoch-008,epoch-008,8,56,False,generation_repeated_3gram,generation,0.4844086021505376,fraction,lower,30,measured,/vol/tmp2/yesildau/m1_eval_v2_matched_three_model_v3/results/smollm/epoch-008/generation_integrity/raw/20260824T230108Z_m1_smollm_epoch-008_generation/summary_metrics.json,c2bbdc56925efe882fb04f414fcf2379fc23dfc19d22c9f7534c46f4d584bc56,1083,0.42311827956989245,30,0.06129032258064515,14.4853875476493,direct_same_metric_and_denominator
smollm,smollm/epoch-008,epoch-008,8,56,False,generation_repeated_4gram,generation,0.44535519125683065,fraction,lower,30,measured,/vol/tmp2/yesildau/m1_eval_v2_matched_three_model_v3/results/smollm/epoch-008/generation_integrity/raw/20260824T230108Z_m1_smollm_epoch-008_generation/summary_metrics.json,c2bbdc56925efe882fb04f414fcf2379fc23dfc19d22c9f7534c46f4d584bc56,1083,,,,,no_m0_reference
smollm,smollm/epoch-008,epoch-008,8,56,False,generation_ppl,generation,16.608059253609827,PPL,lower,304243,measured,/vol/tmp2/yesildau/m1_eval_v2_matched_three_model_v3/results/smollm/epoch-008/generation_integrity/raw/20260824T230108Z_m1_smollm_epoch-008_generation/summary_metrics.json,c2bbdc56925efe882fb04f414fcf2379fc23dfc19d22c9f7534c46f4d584bc56,1083,15.924011152164711,304243,0.6840481014451161,4.295702225454209,direct_same_metric_and_denominator
smollm,smollm/epoch-009,epoch-009,9,63,False,wikitext_bpb,wikitext,0.6486523872870297,bits/byte,lower,62,measured,/vol/tmp2/yesildau/m1_eval_v2_matched_three_model_v3/results/smollm/epoch-009/harness/raw/__vol__tmp2__yesildau__m1_matched_three_model_retry_v1__training__smollm__20260822T155242Z_m1_matched_epoch_dense_smollm_seed42_081e6e29__epoch_snapshots__epoch-009/results_2026-08-25T01-03-52.429372.json,93061e861bbf3d53a72a320decdac7b386db224664fffe1a46ba16bc242099bf,12319,0.6411010344952439,62,0.007551352791785759,1.17787250144295,direct_same_metric_and_denominator
smollm,smollm/epoch-009,epoch-009,9,63,False,wikitext_word_ppl,wikitext,11.070409031761045,PPL,lower,62,measured,/vol/tmp2/yesildau/m1_eval_v2_matched_three_model_v3/results/smollm/epoch-009/harness/raw/__vol__tmp2__yesildau__m1_matched_three_model_retry_v1__training__smollm__20260822T155242Z_m1_matched_epoch_dense_smollm_seed42_081e6e29__epoch_snapshots__epoch-009/results_2026-08-25T01-03-52.429372.json,93061e861bbf3d53a72a320decdac7b386db224664fffe1a46ba16bc242099bf,12319,10.764848694209554,62,0.3055603375514906,2.838500997379113,direct_same_metric_and_denominator
smollm,smollm/epoch-009,epoch-009,9,63,False,wikitext_byte_ppl,wikitext,1.5677031296326303,PPL,lower,62,measured,/vol/tmp2/yesildau/m1_eval_v2_matched_three_model_v3/results/smollm/epoch-009/harness/raw/__vol__tmp2__yesildau__m1_matched_three_model_retry_v1__training__smollm__20260822T155242Z_m1_matched_epoch_dense_smollm_seed42_081e6e29__epoch_snapshots__epoch-009/results_2026-08-25T01-03-52.429372.json,93061e861bbf3d53a72a320decdac7b386db224664fffe1a46ba16bc242099bf,12319,1.5595188972757745,62,0.008184232356855725,0.5247921247477184,direct_same_metric_and_denominator
smollm,smollm/epoch-009,epoch-009,9,63,False,exact_prefix_top1_accuracy,exact_prefix,0.676,fraction,higher,500,measured,/vol/tmp2/yesildau/m1_eval_v2_matched_three_model_v3/results/smollm/epoch-009/exact_prefix/raw/20260824T232622Z_43da8f65/summary_metrics.json,32399aa9179aef3d3797fb817bd72d2294fd112f580127765af69e9c889134b9,1753,0.032,500,0.644,2012.5000000000002,direct_same_metric_and_denominator
smollm,smollm/epoch-009,epoch-009,9,63,False,exact_prefix_top5_accuracy,exact_prefix,0.87,fraction,higher,500,measured,/vol/tmp2/yesildau/m1_eval_v2_matched_three_model_v3/results/smollm/epoch-009/exact_prefix/raw/20260824T232622Z_43da8f65/summary_metrics.json,32399aa9179aef3d3797fb817bd72d2294fd112f580127765af69e9c889134b9,1753,,,,,no_m0_reference
smollm,smollm/epoch-009,epoch-009,9,63,False,exact_prefix_mrr,exact_prefix,0.7633451829980479,fraction,higher,500,measured,/vol/tmp2/yesildau/m1_eval_v2_matched_three_model_v3/results/smollm/epoch-009/exact_prefix/raw/20260824T232622Z_43da8f65/summary_metrics.json,32399aa9179aef3d3797fb817bd72d2294fd112f580127765af69e9c889134b9,1753,,,,,no_m0_reference
smollm,smollm/epoch-009,epoch-009,9,63,False,exact_prefix_mean_rank,exact_prefix,3.712,rank,lower,500,measured,/vol/tmp2/yesildau/m1_eval_v2_matched_three_model_v3/results/smollm/epoch-009/exact_prefix/raw/20260824T232622Z_43da8f65/summary_metrics.json,32399aa9179aef3d3797fb817bd72d2294fd112f580127765af69e9c889134b9,1753,,,,,no_m0_reference
smollm,smollm/epoch-009,epoch-009,9,63,False,exact_prefix_mean_score_margin,exact_prefix,0.5297701640539637,logprob,higher,500,measured,/vol/tmp2/yesildau/m1_eval_v2_matched_three_model_v3/results/smollm/epoch-009/exact_prefix/raw/20260824T232622Z_43da8f65/summary_metrics.json,32399aa9179aef3d3797fb817bd72d2294fd112f580127765af69e9c889134b9,1753,,,,,no_m0_reference
smollm,smollm/epoch-009,epoch-009,9,63,False,factual_cheap_top1_count,factual_cheap,395,count,higher,1500,completed,/vol/tmp2/yesildau/m1_eval_v2_matched_three_model_v3/results/smollm/epoch-009/factual_cheap/raw/summary.json,39e3c47a4bfd006c4abadd19da6eca334dcba304c881eda749bf075206c42625,326,,,,,no_m0_reference
smollm,smollm/epoch-009,epoch-009,9,63,False,turkish_bpb,turkish_cross_domain,1.546035452753607,bits/byte,lower,12207027,measured,/vol/tmp2/yesildau/m1_eval_v2_matched_three_model_v3/results/smollm/epoch-009/turkish_perplexity/raw/trwiki_cross_domain/summary.json,a8e72b9e176a18369ddc5514266cd618a8b4701ef4d775dfdcc6e4d0a58c0252,938,1.4910878271709507,,,,m0_reference_denominator_unbound
smollm,smollm/epoch-009,epoch-009,9,63,False,turkish_ppl,turkish_cross_domain,10.059402197870924,PPL,lower,12207027,measured,/vol/tmp2/yesildau/m1_eval_v2_matched_three_model_v3/results/smollm/epoch-009/turkish_perplexity/raw/trwiki_cross_domain/summary.json,a8e72b9e176a18369ddc5514266cd618a8b4701ef4d775dfdcc6e4d0a58c0252,938,9.267012914466756,,,,m0_reference_denominator_unbound
smollm,smollm/epoch-009,epoch-009,9,63,False,turkish_byte_ppl,turkish_cross_domain,2.920135779774514,PPL,lower,12207027,measured,/vol/tmp2/yesildau/m1_eval_v2_matched_three_model_v3/results/smollm/epoch-009/turkish_perplexity/raw/trwiki_cross_domain/summary.json,a8e72b9e176a18369ddc5514266cd618a8b4701ef4d775dfdcc6e4d0a58c0252,938,2.811008521408759,,,,m0_reference_denominator_unbound
smollm,smollm/epoch-009,epoch-009,9,63,False,generation_top1_accuracy,generation,1.0,fraction,higher,30,measured,/vol/tmp2/yesildau/m1_eval_v2_matched_three_model_v3/results/smollm/epoch-009/generation_integrity/raw/20260824T232728Z_m1_smollm_epoch-009_generation/summary_metrics.json,765110fb180bb467e555f13aefed0705e8744fe81584ba1eebdd9c98773047c4,1081,1.0,30,0.0,0.0,direct_same_metric_and_denominator
smollm,smollm/epoch-009,epoch-009,9,63,False,generation_empty_or_near_empty,generation,0,count,lower,30,measured,/vol/tmp2/yesildau/m1_eval_v2_matched_three_model_v3/results/smollm/epoch-009/generation_integrity/raw/20260824T232728Z_m1_smollm_epoch-009_generation/summary_metrics.json,765110fb180bb467e555f13aefed0705e8744fe81584ba1eebdd9c98773047c4,1081,0,30,0,,direct_same_metric_and_denominator
smollm,smollm/epoch-009,epoch-009,9,63,False,generation_distinct_2,generation,0.6576719576719576,fraction,higher,30,measured,/vol/tmp2/yesildau/m1_eval_v2_matched_three_model_v3/results/smollm/epoch-009/generation_integrity/raw/20260824T232728Z_m1_smollm_epoch-009_generation/summary_metrics.json,765110fb180bb467e555f13aefed0705e8744fe81584ba1eebdd9c98773047c4,1081,0.6661375661375663,30,-0.00846560846560862,-1.2708498808578468,direct_same_metric_and_denominator
smollm,smollm/epoch-009,epoch-009,9,63,False,generation_repeated_3gram,generation,0.44086021505376344,fraction,lower,30,measured,/vol/tmp2/yesildau/m1_eval_v2_matched_three_model_v3/results/smollm/epoch-009/generation_integrity/raw/20260824T232728Z_m1_smollm_epoch-009_generation/summary_metrics.json,765110fb180bb467e555f13aefed0705e8744fe81584ba1eebdd9c98773047c4,1081,0.42311827956989245,30,0.017741935483870985,4.193138500635328,direct_same_metric_and_denominator
smollm,smollm/epoch-009,epoch-009,9,63,False,generation_repeated_4gram,generation,0.3972677595628415,fraction,lower,30,measured,/vol/tmp2/yesildau/m1_eval_v2_matched_three_model_v3/results/smollm/epoch-009/generation_integrity/raw/20260824T232728Z_m1_smollm_epoch-009_generation/summary_metrics.json,765110fb180bb467e555f13aefed0705e8744fe81584ba1eebdd9c98773047c4,1081,,,,,no_m0_reference
smollm,smollm/epoch-009,epoch-009,9,63,False,generation_ppl,generation,16.7141649695444,PPL,lower,304243,measured,/vol/tmp2/yesildau/m1_eval_v2_matched_three_model_v3/results/smollm/epoch-009/generation_integrity/raw/20260824T232728Z_m1_smollm_epoch-009_generation/summary_metrics.json,765110fb180bb467e555f13aefed0705e8744fe81584ba1eebdd9c98773047c4,1081,15.924011152164711,304243,0.7901538173796876,4.962027530810126,direct_same_metric_and_denominator
smollm,smollm/epoch-010,epoch-010,10,70,False,wikitext_bpb,wikitext,0.6493157280539315,bits/byte,lower,62,measured,/vol/tmp2/yesildau/m1_eval_v2_matched_three_model_v3/results/smollm/epoch-010/harness/raw/__vol__tmp2__yesildau__m1_matched_three_model_retry_v1__training__smollm__20260822T155242Z_m1_matched_epoch_dense_smollm_seed42_081e6e29__epoch_snapshots__epoch-010/results_2026-08-25T01-04-24.442392.json,4c1f6fe1ddb24b0e0bf6e8562902bd8ffd3bd49cf5bbfdcb550865e9feb82045,12390,0.6411010344952439,62,0.008214693558687536,1.2813414916971995,direct_same_metric_and_denominator
smollm,smollm/epoch-010,epoch-010,10,70,False,wikitext_word_ppl,wikitext,11.097661548499024,PPL,lower,62,measured,/vol/tmp2/yesildau/m1_eval_v2_matched_three_model_v3/results/smollm/epoch-010/harness/raw/__vol__tmp2__yesildau__m1_matched_three_model_retry_v1__training__smollm__20260822T155242Z_m1_matched_epoch_dense_smollm_seed42_081e6e29__epoch_snapshots__epoch-010/results_2026-08-25T01-04-24.442392.json,4c1f6fe1ddb24b0e0bf6e8562902bd8ffd3bd49cf5bbfdcb550865e9feb82045,12390,10.764848694209554,62,0.33281285428946994,3.091663094795666,direct_same_metric_and_denominator
smollm,smollm/epoch-010,epoch-010,10,70,False,wikitext_byte_ppl,wikitext,1.5684241139554609,PPL,lower,62,measured,/vol/tmp2/yesildau/m1_eval_v2_matched_three_model_v3/results/smollm/epoch-010/harness/raw/__vol__tmp2__yesildau__m1_matched_three_model_retry_v1__training__smollm__20260822T155242Z_m1_matched_epoch_dense_smollm_seed42_081e6e29__epoch_snapshots__epoch-010/results_2026-08-25T01-04-24.442392.json,4c1f6fe1ddb24b0e0bf6e8562902bd8ffd3bd49cf5bbfdcb550865e9feb82045,12390,1.5595188972757745,62,0.008905216679686356,0.5710233261836275,direct_same_metric_and_denominator
smollm,smollm/epoch-010,epoch-010,10,70,False,exact_prefix_top1_accuracy,exact_prefix,0.816,fraction,higher,500,measured,/vol/tmp2/yesildau/m1_eval_v2_matched_three_model_v3/results/smollm/epoch-010/exact_prefix/raw/20260824T232717Z_83001336/summary_metrics.json,ad00a7a0951b9bb959715399d9959afba4ee97ca1ba6813c0fc4f2d074dfd5a9,1755,0.032,500,0.7839999999999999,2449.9999999999995,direct_same_metric_and_denominator
smollm,smollm/epoch-010,epoch-010,10,70,False,exact_prefix_top5_accuracy,exact_prefix,0.936,fraction,higher,500,measured,/vol/tmp2/yesildau/m1_eval_v2_matched_three_model_v3/results/smollm/epoch-010/exact_prefix/raw/20260824T232717Z_83001336/summary_metrics.json,ad00a7a0951b9bb959715399d9959afba4ee97ca1ba6813c0fc4f2d074dfd5a9,1755,,,,,no_m0_reference
smollm,smollm/epoch-010,epoch-010,10,70,False,exact_prefix_mrr,exact_prefix,0.8736126559247498,fraction,higher,500,measured,/vol/tmp2/yesildau/m1_eval_v2_matched_three_model_v3/results/smollm/epoch-010/exact_prefix/raw/20260824T232717Z_83001336/summary_metrics.json,ad00a7a0951b9bb959715399d9959afba4ee97ca1ba6813c0fc4f2d074dfd5a9,1755,,,,,no_m0_reference
smollm,smollm/epoch-010,epoch-010,10,70,False,exact_prefix_mean_rank,exact_prefix,1.976,rank,lower,500,measured,/vol/tmp2/yesildau/m1_eval_v2_matched_three_model_v3/results/smollm/epoch-010/exact_prefix/raw/20260824T232717Z_83001336/summary_metrics.json,ad00a7a0951b9bb959715399d9959afba4ee97ca1ba6813c0fc4f2d074dfd5a9,1755,,,,,no_m0_reference
smollm,smollm/epoch-010,epoch-010,10,70,False,exact_prefix_mean_score_margin,exact_prefix,1.1612167747905875,logprob,higher,500,measured,/vol/tmp2/yesildau/m1_eval_v2_matched_three_model_v3/results/smollm/epoch-010/exact_prefix/raw/20260824T232717Z_83001336/summary_metrics.json,ad00a7a0951b9bb959715399d9959afba4ee97ca1ba6813c0fc4f2d074dfd5a9,1755,,,,,no_m0_reference
smollm,smollm/epoch-010,epoch-010,10,70,False,factual_cheap_top1_count,factual_cheap,481,count,higher,1500,completed,/vol/tmp2/yesildau/m1_eval_v2_matched_three_model_v3/results/smollm/epoch-010/factual_cheap/raw/summary.json,4d7a094ee8dedfd9a6ff52fefcc5981aa8df9e25c484cc3005522ccb38100678,326,,,,,no_m0_reference
smollm,smollm/epoch-010,epoch-010,10,70,False,turkish_bpb,turkish_cross_domain,1.5543773936659435,bits/byte,lower,12207027,measured,/vol/tmp2/yesildau/m1_eval_v2_matched_three_model_v3/results/smollm/epoch-010/turkish_perplexity/raw/trwiki_cross_domain/summary.json,65f36ee0127152b683d9a264549a89349e2707f6510212afcd5a221fb423222e,939,1.4910878271709507,,,,m0_reference_denominator_unbound
smollm,smollm/epoch-010,epoch-010,10,70,False,turkish_ppl,turkish_cross_domain,10.185485845379779,PPL,lower,12207027,measured,/vol/tmp2/yesildau/m1_eval_v2_matched_three_model_v3/results/smollm/epoch-010/turkish_perplexity/raw/trwiki_cross_domain/summary.json,65f36ee0127152b683d9a264549a89349e2707f6510212afcd5a221fb423222e,939,9.267012914466756,,,,m0_reference_denominator_unbound
smollm,smollm/epoch-010,epoch-010,10,70,False,turkish_byte_ppl,turkish_cross_domain,2.937069477698377,PPL,lower,12207027,measured,/vol/tmp2/yesildau/m1_eval_v2_matched_three_model_v3/results/smollm/epoch-010/turkish_perplexity/raw/trwiki_cross_domain/summary.json,65f36ee0127152b683d9a264549a89349e2707f6510212afcd5a221fb423222e,939,2.811008521408759,,,,m0_reference_denominator_unbound
smollm,smollm/epoch-010,epoch-010,10,70,False,generation_top1_accuracy,generation,1.0,fraction,higher,30,measured,/vol/tmp2/yesildau/m1_eval_v2_matched_three_model_v3/results/smollm/epoch-010/generation_integrity/raw/20260824T232835Z_m1_smollm_epoch-010_generation/summary_metrics.json,a678890ed147ea68e448f3dad95e827ad645a86ee852d063df41792cb152c70e,1081,1.0,30,0.0,0.0,direct_same_metric_and_denominator
smollm,smollm/epoch-010,epoch-010,10,70,False,generation_empty_or_near_empty,generation,0,count,lower,30,measured,/vol/tmp2/yesildau/m1_eval_v2_matched_three_model_v3/results/smollm/epoch-010/generation_integrity/raw/20260824T232835Z_m1_smollm_epoch-010_generation/summary_metrics.json,a678890ed147ea68e448f3dad95e827ad645a86ee852d063df41792cb152c70e,1081,0,30,0,,direct_same_metric_and_denominator
smollm,smollm/epoch-010,epoch-010,10,70,False,generation_distinct_2,generation,0.6582010582010581,fraction,higher,30,measured,/vol/tmp2/yesildau/m1_eval_v2_matched_three_model_v3/results/smollm/epoch-010/generation_integrity/raw/20260824T232835Z_m1_smollm_epoch-010_generation/summary_metrics.json,a678890ed147ea68e448f3dad95e827ad645a86ee852d063df41792cb152c70e,1081,0.6661375661375663,30,-0.00793650793650813,-1.1914217633042385,direct_same_metric_and_denominator
smollm,smollm/epoch-010,epoch-010,10,70,False,generation_repeated_3gram,generation,0.43440860215053767,fraction,lower,30,measured,/vol/tmp2/yesildau/m1_eval_v2_matched_three_model_v3/results/smollm/epoch-010/generation_integrity/raw/20260824T232835Z_m1_smollm_epoch-010_generation/summary_metrics.json,a678890ed147ea68e448f3dad95e827ad645a86ee852d063df41792cb152c70e,1081,0.42311827956989245,30,0.011290322580645218,2.6683608640406744,direct_same_metric_and_denominator
smollm,smollm/epoch-010,epoch-010,10,70,False,generation_repeated_4gram,generation,0.39180327868852466,fraction,lower,30,measured,/vol/tmp2/yesildau/m1_eval_v2_matched_three_model_v3/results/smollm/epoch-010/generation_integrity/raw/20260824T232835Z_m1_smollm_epoch-010_generation/summary_metrics.json,a678890ed147ea68e448f3dad95e827ad645a86ee852d063df41792cb152c70e,1081,,,,,no_m0_reference
smollm,smollm/epoch-010,epoch-010,10,70,False,generation_ppl,generation,16.836001031119267,PPL,lower,304243,measured,/vol/tmp2/yesildau/m1_eval_v2_matched_three_model_v3/results/smollm/epoch-010/generation_integrity/raw/20260824T232835Z_m1_smollm_epoch-010_generation/summary_metrics.json,a678890ed147ea68e448f3dad95e827ad645a86ee852d063df41792cb152c70e,1081,15.924011152164711,304243,0.9119898789545555,5.727136650683516,direct_same_metric_and_denominator
smollm,smollm/epoch-011,epoch-011,11,77,False,wikitext_bpb,wikitext,0.6498145960838113,bits/byte,lower,62,measured,/vol/tmp2/yesildau/m1_eval_v2_matched_three_model_v3/results/smollm/epoch-011/harness/raw/__vol__tmp2__yesildau__m1_matched_three_model_retry_v1__training__smollm__20260822T155242Z_m1_matched_epoch_dense_smollm_seed42_081e6e29__epoch_snapshots__epoch-011/results_2026-08-25T01-03-54.952806.json,ebadf4aff9e33db9e888bb0bd3d5bacbe8ca8a261a691baac2c60d398bed437a,12320,0.6411010344952439,62,0.008713561588567398,1.3591557523265922,direct_same_metric_and_denominator
smollm,smollm/epoch-011,epoch-011,11,77,False,wikitext_word_ppl,wikitext,11.118201101159615,PPL,lower,62,measured,/vol/tmp2/yesildau/m1_eval_v2_matched_three_model_v3/results/smollm/epoch-011/harness/raw/__vol__tmp2__yesildau__m1_matched_three_model_retry_v1__training__smollm__20260822T155242Z_m1_matched_epoch_dense_smollm_seed42_081e6e29__epoch_snapshots__epoch-011/results_2026-08-25T01-03-54.952806.json,ebadf4aff9e33db9e888bb0bd3d5bacbe8ca8a261a691baac2c60d398bed437a,12320,10.764848694209554,62,0.3533524069500604,3.282465151044155,direct_same_metric_and_denominator
smollm,smollm/epoch-011,epoch-011,11,77,False,wikitext_byte_ppl,wikitext,1.5689665514908653,PPL,lower,62,measured,/vol/tmp2/yesildau/m1_eval_v2_matched_three_model_v3/results/smollm/epoch-011/harness/raw/__vol__tmp2__yesildau__m1_matched_three_model_retry_v1__training__smollm__20260822T155242Z_m1_matched_epoch_dense_smollm_seed42_081e6e29__epoch_snapshots__epoch-011/results_2026-08-25T01-03-54.952806.json,ebadf4aff9e33db9e888bb0bd3d5bacbe8ca8a261a691baac2c60d398bed437a,12320,1.5595188972757745,62,0.00944765421509075,0.605805689921056,direct_same_metric_and_denominator
smollm,smollm/epoch-011,epoch-011,11,77,False,exact_prefix_top1_accuracy,exact_prefix,0.936,fraction,higher,500,measured,/vol/tmp2/yesildau/m1_eval_v2_matched_three_model_v3/results/smollm/epoch-011/exact_prefix/raw/20260824T232605Z_d84f416c/summary_metrics.json,64ab41951bdb04881a3266013dfce0747960fc154e8dcf05d1d1a1837f21f6f4,1754,0.032,500,0.904,2825.0,direct_same_metric_and_denominator
smollm,smollm/epoch-011,epoch-011,11,77,False,exact_prefix_top5_accuracy,exact_prefix,0.984,fraction,higher,500,measured,/vol/tmp2/yesildau/m1_eval_v2_matched_three_model_v3/results/smollm/epoch-011/exact_prefix/raw/20260824T232605Z_d84f416c/summary_metrics.json,64ab41951bdb04881a3266013dfce0747960fc154e8dcf05d1d1a1837f21f6f4,1754,,,,,no_m0_reference
smollm,smollm/epoch-011,epoch-011,11,77,False,exact_prefix_mrr,exact_prefix,0.9588334493284494,fraction,higher,500,measured,/vol/tmp2/yesildau/m1_eval_v2_matched_three_model_v3/results/smollm/epoch-011/exact_prefix/raw/20260824T232605Z_d84f416c/summary_metrics.json,64ab41951bdb04881a3266013dfce0747960fc154e8dcf05d1d1a1837f21f6f4,1754,,,,,no_m0_reference
smollm,smollm/epoch-011,epoch-011,11,77,False,exact_prefix_mean_rank,exact_prefix,1.25,rank,lower,500,measured,/vol/tmp2/yesildau/m1_eval_v2_matched_three_model_v3/results/smollm/epoch-011/exact_prefix/raw/20260824T232605Z_d84f416c/summary_metrics.json,64ab41951bdb04881a3266013dfce0747960fc154e8dcf05d1d1a1837f21f6f4,1754,,,,,no_m0_reference
smollm,smollm/epoch-011,epoch-011,11,77,False,exact_prefix_mean_score_margin,exact_prefix,1.8810257335032485,logprob,higher,500,measured,/vol/tmp2/yesildau/m1_eval_v2_matched_three_model_v3/results/smollm/epoch-011/exact_prefix/raw/20260824T232605Z_d84f416c/summary_metrics.json,64ab41951bdb04881a3266013dfce0747960fc154e8dcf05d1d1a1837f21f6f4,1754,,,,,no_m0_reference
smollm,smollm/epoch-011,epoch-011,11,77,False,factual_cheap_top1_count,factual_cheap,513,count,higher,1500,completed,/vol/tmp2/yesildau/m1_eval_v2_matched_three_model_v3/results/smollm/epoch-011/factual_cheap/raw/summary.json,64803443c0eb185a962d0e6e1270cac56c0d02744117e5ab5f3f7e306c88ed01,326,,,,,no_m0_reference
smollm,smollm/epoch-011,epoch-011,11,77,False,turkish_bpb,turkish_cross_domain,1.5604601332009882,bits/byte,lower,12207027,measured,/vol/tmp2/yesildau/m1_eval_v2_matched_three_model_v3/results/smollm/epoch-011/turkish_perplexity/raw/trwiki_cross_domain/summary.json,0f2460fa755ff39c073294f0f5c2a5e69ebfcd0d9155d6df619f168ce470bef4,938,1.4910878271709507,,,,m0_reference_denominator_unbound
smollm,smollm/epoch-011,epoch-011,11,77,False,turkish_ppl,turkish_cross_domain,10.278418130130696,PPL,lower,12207027,measured,/vol/tmp2/yesildau/m1_eval_v2_matched_three_model_v3/results/smollm/epoch-011/turkish_perplexity/raw/trwiki_cross_domain/summary.json,0f2460fa755ff39c073294f0f5c2a5e69ebfcd0d9155d6df619f168ce470bef4,938,9.267012914466756,,,,m0_reference_denominator_unbound
smollm,smollm/epoch-011,epoch-011,11,77,False,turkish_byte_ppl,turkish_cross_domain,2.9494789915044306,PPL,lower,12207027,measured,/vol/tmp2/yesildau/m1_eval_v2_matched_three_model_v3/results/smollm/epoch-011/turkish_perplexity/raw/trwiki_cross_domain/summary.json,0f2460fa755ff39c073294f0f5c2a5e69ebfcd0d9155d6df619f168ce470bef4,938,2.811008521408759,,,,m0_reference_denominator_unbound
smollm,smollm/epoch-011,epoch-011,11,77,False,generation_top1_accuracy,generation,1.0,fraction,higher,30,measured,/vol/tmp2/yesildau/m1_eval_v2_matched_three_model_v3/results/smollm/epoch-011/generation_integrity/raw/20260824T232712Z_m1_smollm_epoch-011_generation/summary_metrics.json,9052fff76f322fb4c966d3cb7e2c486f4f2f6adf5cc722d74420073992d84f1b,1082,1.0,30,0.0,0.0,direct_same_metric_and_denominator
smollm,smollm/epoch-011,epoch-011,11,77,False,generation_empty_or_near_empty,generation,0,count,lower,30,measured,/vol/tmp2/yesildau/m1_eval_v2_matched_three_model_v3/results/smollm/epoch-011/generation_integrity/raw/20260824T232712Z_m1_smollm_epoch-011_generation/summary_metrics.json,9052fff76f322fb4c966d3cb7e2c486f4f2f6adf5cc722d74420073992d84f1b,1082,0,30,0,,direct_same_metric_and_denominator
smollm,smollm/epoch-011,epoch-011,11,77,False,generation_distinct_2,generation,0.6201058201058199,fraction,higher,30,measured,/vol/tmp2/yesildau/m1_eval_v2_matched_three_model_v3/results/smollm/epoch-011/generation_integrity/raw/20260824T232712Z_m1_smollm_epoch-011_generation/summary_metrics.json,9052fff76f322fb4c966d3cb7e2c486f4f2f6adf5cc722d74420073992d84f1b,1082,0.6661375661375663,30,-0.04603174603174631,-6.910246227164457,direct_same_metric_and_denominator
smollm,smollm/epoch-011,epoch-011,11,77,False,generation_repeated_3gram,generation,0.4962365591397849,fraction,lower,30,measured,/vol/tmp2/yesildau/m1_eval_v2_matched_three_model_v3/results/smollm/epoch-011/generation_integrity/raw/20260824T232712Z_m1_smollm_epoch-011_generation/summary_metrics.json,9052fff76f322fb4c966d3cb7e2c486f4f2f6adf5cc722d74420073992d84f1b,1082,0.42311827956989245,30,0.07311827956989247,17.28081321473952,direct_same_metric_and_denominator
smollm,smollm/epoch-011,epoch-011,11,77,False,generation_repeated_4gram,generation,0.4508196721311475,fraction,lower,30,measured,/vol/tmp2/yesildau/m1_eval_v2_matched_three_model_v3/results/smollm/epoch-011/generation_integrity/raw/20260824T232712Z_m1_smollm_epoch-011_generation/summary_metrics.json,9052fff76f322fb4c966d3cb7e2c486f4f2f6adf5cc722d74420073992d84f1b,1082,,,,,no_m0_reference
smollm,smollm/epoch-011,epoch-011,11,77,False,generation_ppl,generation,16.925551332792377,PPL,lower,304243,measured,/vol/tmp2/yesildau/m1_eval_v2_matched_three_model_v3/results/smollm/epoch-011/generation_integrity/raw/20260824T232712Z_m1_smollm_epoch-011_generation/summary_metrics.json,9052fff76f322fb4c966d3cb7e2c486f4f2f6adf5cc722d74420073992d84f1b,1082,15.924011152164711,304243,1.001540180627666,6.289496855140776,direct_same_metric_and_denominator
smollm,smollm/epoch-012,epoch-012,12,84,False,wikitext_bpb,wikitext,0.6503530102348272,bits/byte,lower,62,measured,/vol/tmp2/yesildau/m1_eval_v2_matched_three_model_v3/results/smollm/epoch-012/harness/raw/__vol__tmp2__yesildau__m1_matched_three_model_retry_v1__training__smollm__20260822T155242Z_m1_matched_epoch_dense_smollm_seed42_081e6e29__epoch_snapshots__epoch-012/results_2026-08-25T01-11-30.420784.json,13c714e21dc364e69d273dc1c3f41cc123084aa5ec7a2790b453998b677c64a8,12320,0.6411010344952439,62,0.009251975739583251,1.4431384823559956,direct_same_metric_and_denominator
smollm,smollm/epoch-012,epoch-012,12,84,False,wikitext_word_ppl,wikitext,11.140411515611673,PPL,lower,62,measured,/vol/tmp2/yesildau/m1_eval_v2_matched_three_model_v3/results/smollm/epoch-012/harness/raw/__vol__tmp2__yesildau__m1_matched_three_model_retry_v1__training__smollm__20260822T155242Z_m1_matched_epoch_dense_smollm_seed42_081e6e29__epoch_snapshots__epoch-012/results_2026-08-25T01-11-30.420784.json,13c714e21dc364e69d273dc1c3f41cc123084aa5ec7a2790b453998b677c64a8,12320,10.764848694209554,62,0.3755628214021183,3.4887886682897333,direct_same_metric_and_denominator
smollm,smollm/epoch-012,epoch-012,12,84,False,wikitext_byte_ppl,wikitext,1.5695521994764905,PPL,lower,62,measured,/vol/tmp2/yesildau/m1_eval_v2_matched_three_model_v3/results/smollm/epoch-012/harness/raw/__vol__tmp2__yesildau__m1_matched_three_model_retry_v1__training__smollm__20260822T155242Z_m1_matched_epoch_dense_smollm_seed42_081e6e29__epoch_snapshots__epoch-012/results_2026-08-25T01-11-30.420784.json,13c714e21dc364e69d273dc1c3f41cc123084aa5ec7a2790b453998b677c64a8,12320,1.5595188972757745,62,0.010033302200715966,0.6433588088122888,direct_same_metric_and_denominator
smollm,smollm/epoch-012,epoch-012,12,84,False,exact_prefix_top1_accuracy,exact_prefix,0.98,fraction,higher,500,measured,/vol/tmp2/yesildau/m1_eval_v2_matched_three_model_v3/results/smollm/epoch-012/exact_prefix/raw/20260824T233745Z_a0a7e027/summary_metrics.json,e0d65d562f24cd6f0d7608291eda4abb9507e42983c88bc11c72cd6d2c2d02b3,1752,0.032,500,0.948,2962.5,direct_same_metric_and_denominator
smollm,smollm/epoch-012,epoch-012,12,84,False,exact_prefix_top5_accuracy,exact_prefix,0.996,fraction,higher,500,measured,/vol/tmp2/yesildau/m1_eval_v2_matched_three_model_v3/results/smollm/epoch-012/exact_prefix/raw/20260824T233745Z_a0a7e027/summary_metrics.json,e0d65d562f24cd6f0d7608291eda4abb9507e42983c88bc11c72cd6d2c2d02b3,1752,,,,,no_m0_reference
smollm,smollm/epoch-012,epoch-012,12,84,False,exact_prefix_mrr,exact_prefix,0.9879333333333333,fraction,higher,500,measured,/vol/tmp2/yesildau/m1_eval_v2_matched_three_model_v3/results/smollm/epoch-012/exact_prefix/raw/20260824T233745Z_a0a7e027/summary_metrics.json,e0d65d562f24cd6f0d7608291eda4abb9507e42983c88bc11c72cd6d2c2d02b3,1752,,,,,no_m0_reference
smollm,smollm/epoch-012,epoch-012,12,84,False,exact_prefix_mean_rank,exact_prefix,1.068,rank,lower,500,measured,/vol/tmp2/yesildau/m1_eval_v2_matched_three_model_v3/results/smollm/epoch-012/exact_prefix/raw/20260824T233745Z_a0a7e027/summary_metrics.json,e0d65d562f24cd6f0d7608291eda4abb9507e42983c88bc11c72cd6d2c2d02b3,1752,,,,,no_m0_reference
smollm,smollm/epoch-012,epoch-012,12,84,False,exact_prefix_mean_score_margin,exact_prefix,2.5187658342344545,logprob,higher,500,measured,/vol/tmp2/yesildau/m1_eval_v2_matched_three_model_v3/results/smollm/epoch-012/exact_prefix/raw/20260824T233745Z_a0a7e027/summary_metrics.json,e0d65d562f24cd6f0d7608291eda4abb9507e42983c88bc11c72cd6d2c2d02b3,1752,,,,,no_m0_reference
smollm,smollm/epoch-012,epoch-012,12,84,False,factual_cheap_top1_count,factual_cheap,577,count,higher,1500,completed,/vol/tmp2/yesildau/m1_eval_v2_matched_three_model_v3/results/smollm/epoch-012/factual_cheap/raw/summary.json,6b50dbe0b8bf46acc528fa996e51ca9aecbed1cd7c35f53c096a05fd422890f1,326,,,,,no_m0_reference
smollm,smollm/epoch-012,epoch-012,12,84,False,turkish_bpb,turkish_cross_domain,1.5672281827925691,bits/byte,lower,12207027,measured,/vol/tmp2/yesildau/m1_eval_v2_matched_three_model_v3/results/smollm/epoch-012/turkish_perplexity/raw/trwiki_cross_domain/summary.json,5b589fe9e91c45b2eef9b49efd969d3acb1892bce1675a5e17353c011f1bbddd,939,1.4910878271709507,,,,m0_reference_denominator_unbound
smollm,smollm/epoch-012,epoch-012,12,84,False,turkish_ppl,turkish_cross_domain,10.382817533790298,PPL,lower,12207027,measured,/vol/tmp2/yesildau/m1_eval_v2_matched_three_model_v3/results/smollm/epoch-012/turkish_perplexity/raw/trwiki_cross_domain/summary.json,5b589fe9e91c45b2eef9b49efd969d3acb1892bce1675a5e17353c011f1bbddd,939,9.267012914466756,,,,m0_reference_denominator_unbound
smollm,smollm/epoch-012,epoch-012,12,84,False,turkish_byte_ppl,turkish_cross_domain,2.963348254758959,PPL,lower,12207027,measured,/vol/tmp2/yesildau/m1_eval_v2_matched_three_model_v3/results/smollm/epoch-012/turkish_perplexity/raw/trwiki_cross_domain/summary.json,5b589fe9e91c45b2eef9b49efd969d3acb1892bce1675a5e17353c011f1bbddd,939,2.811008521408759,,,,m0_reference_denominator_unbound
smollm,smollm/epoch-012,epoch-012,12,84,False,generation_top1_accuracy,generation,1.0,fraction,higher,30,measured,/vol/tmp2/yesildau/m1_eval_v2_matched_three_model_v3/results/smollm/epoch-012/generation_integrity/raw/20260824T233855Z_m1_smollm_epoch-012_generation/summary_metrics.json,499dbbeed61c9f38a62d84f494b2ec3a00c2ff7f5326d11bffb341206a784551,1085,1.0,30,0.0,0.0,direct_same_metric_and_denominator
smollm,smollm/epoch-012,epoch-012,12,84,False,generation_empty_or_near_empty,generation,0,count,lower,30,measured,/vol/tmp2/yesildau/m1_eval_v2_matched_three_model_v3/results/smollm/epoch-012/generation_integrity/raw/20260824T233855Z_m1_smollm_epoch-012_generation/summary_metrics.json,499dbbeed61c9f38a62d84f494b2ec3a00c2ff7f5326d11bffb341206a784551,1085,0,30,0,,direct_same_metric_and_denominator
smollm,smollm/epoch-012,epoch-012,12,84,False,generation_distinct_2,generation,0.6529100529100529,fraction,higher,30,measured,/vol/tmp2/yesildau/m1_eval_v2_matched_three_model_v3/results/smollm/epoch-012/generation_integrity/raw/20260824T233855Z_m1_smollm_epoch-012_generation/summary_metrics.json,499dbbeed61c9f38a62d84f494b2ec3a00c2ff7f5326d11bffb341206a784551,1085,0.6661375661375663,30,-0.013227513227513366,-1.98570293884037,direct_same_metric_and_denominator
smollm,smollm/epoch-012,epoch-012,12,84,False,generation_repeated_3gram,generation,0.44623655913978494,fraction,lower,30,measured,/vol/tmp2/yesildau/m1_eval_v2_matched_three_model_v3/results/smollm/epoch-012/generation_integrity/raw/20260824T233855Z_m1_smollm_epoch-012_generation/summary_metrics.json,499dbbeed61c9f38a62d84f494b2ec3a00c2ff7f5326d11bffb341206a784551,1085,0.42311827956989245,30,0.023118279569892486,5.46378653113088,direct_same_metric_and_denominator
smollm,smollm/epoch-012,epoch-012,12,84,False,generation_repeated_4gram,generation,0.4065573770491804,fraction,lower,30,measured,/vol/tmp2/yesildau/m1_eval_v2_matched_three_model_v3/results/smollm/epoch-012/generation_integrity/raw/20260824T233855Z_m1_smollm_epoch-012_generation/summary_metrics.json,499dbbeed61c9f38a62d84f494b2ec3a00c2ff7f5326d11bffb341206a784551,1085,,,,,no_m0_reference
smollm,smollm/epoch-012,epoch-012,12,84,False,generation_ppl,generation,17.010168256536875,PPL,lower,304243,measured,/vol/tmp2/yesildau/m1_eval_v2_matched_three_model_v3/results/smollm/epoch-012/generation_integrity/raw/20260824T233855Z_m1_smollm_epoch-012_generation/summary_metrics.json,499dbbeed61c9f38a62d84f494b2ec3a00c2ff7f5326d11bffb341206a784551,1085,15.924011152164711,304243,1.0861571043721643,6.820876310580277,direct_same_metric_and_denominator
smollm,smollm/epoch-013,epoch-013,13,91,False,wikitext_bpb,wikitext,0.6506249422197421,bits/byte,lower,62,measured,/vol/tmp2/yesildau/m1_eval_v2_matched_three_model_v3/results/smollm/epoch-013/harness/raw/__vol__tmp2__yesildau__m1_matched_three_model_retry_v1__training__smollm__20260822T155242Z_m1_matched_epoch_dense_smollm_seed42_081e6e29__epoch_snapshots__epoch-013/results_2026-08-25T01-30-11.793008.json,e863fbf7167c2b733cc83db36f857e704243387b0f5a8531acfc632206bc08ad,12320,0.6411010344952439,62,0.009523907724498182,1.4855548832481,direct_same_metric_and_denominator
smollm,smollm/epoch-013,epoch-013,13,91,False,wikitext_word_ppl,wikitext,11.151645987463132,PPL,lower,62,measured,/vol/tmp2/yesildau/m1_eval_v2_matched_three_model_v3/results/smollm/epoch-013/harness/raw/__vol__tmp2__yesildau__m1_matched_three_model_retry_v1__training__smollm__20260822T155242Z_m1_matched_epoch_dense_smollm_seed42_081e6e29__epoch_snapshots__epoch-013/results_2026-08-25T01-30-11.793008.json,e863fbf7167c2b733cc83db36f857e704243387b0f5a8531acfc632206bc08ad,12320,10.764848694209554,62,0.3867972932535775,3.5931512299066215,direct_same_metric_and_denominator
smollm,smollm/epoch-013,epoch-013,13,91,False,wikitext_byte_ppl,wikitext,1.5698480705095696,PPL,lower,62,measured,/vol/tmp2/yesildau/m1_eval_v2_matched_three_model_v3/results/smollm/epoch-013/harness/raw/__vol__tmp2__yesildau__m1_matched_three_model_retry_v1__training__smollm__20260822T155242Z_m1_matched_epoch_dense_smollm_seed42_081e6e29__epoch_snapshots__epoch-013/results_2026-08-25T01-30-11.793008.json,e863fbf7167c2b733cc83db36f857e704243387b0f5a8531acfc632206bc08ad,12320,1.5595188972757745,62,0.01032917323379512,0.66233075160798,direct_same_metric_and_denominator
smollm,smollm/epoch-013,epoch-013,13,91,False,exact_prefix_top1_accuracy,exact_prefix,0.998,fraction,higher,500,measured,/vol/tmp2/yesildau/m1_eval_v2_matched_three_model_v3/results/smollm/epoch-013/exact_prefix/raw/20260824T235215Z_9c90f00c/summary_metrics.json,15ede6b8d6ac283414c6fc71a3fcd778ece968f1a40e80864340bf7ea4cf4352,1751,0.032,500,0.966,3018.7499999999995,direct_same_metric_and_denominator
smollm,smollm/epoch-013,epoch-013,13,91,False,exact_prefix_top5_accuracy,exact_prefix,1.0,fraction,higher,500,measured,/vol/tmp2/yesildau/m1_eval_v2_matched_three_model_v3/results/smollm/epoch-013/exact_prefix/raw/20260824T235215Z_9c90f00c/summary_metrics.json,15ede6b8d6ac283414c6fc71a3fcd778ece968f1a40e80864340bf7ea4cf4352,1751,,,,,no_m0_reference
smollm,smollm/epoch-013,epoch-013,13,91,False,exact_prefix_mrr,exact_prefix,0.9986666666666667,fraction,higher,500,measured,/vol/tmp2/yesildau/m1_eval_v2_matched_three_model_v3/results/smollm/epoch-013/exact_prefix/raw/20260824T235215Z_9c90f00c/summary_metrics.json,15ede6b8d6ac283414c6fc71a3fcd778ece968f1a40e80864340bf7ea4cf4352,1751,,,,,no_m0_reference
smollm,smollm/epoch-013,epoch-013,13,91,False,exact_prefix_mean_rank,exact_prefix,1.004,rank,lower,500,measured,/vol/tmp2/yesildau/m1_eval_v2_matched_three_model_v3/results/smollm/epoch-013/exact_prefix/raw/20260824T235215Z_9c90f00c/summary_metrics.json,15ede6b8d6ac283414c6fc71a3fcd778ece968f1a40e80864340bf7ea4cf4352,1751,,,,,no_m0_reference
smollm,smollm/epoch-013,epoch-013,13,91,False,exact_prefix_mean_score_margin,exact_prefix,2.9550207887855717,logprob,higher,500,measured,/vol/tmp2/yesildau/m1_eval_v2_matched_three_model_v3/results/smollm/epoch-013/exact_prefix/raw/20260824T235215Z_9c90f00c/summary_metrics.json,15ede6b8d6ac283414c6fc71a3fcd778ece968f1a40e80864340bf7ea4cf4352,1751,,,,,no_m0_reference
smollm,smollm/epoch-013,epoch-013,13,91,False,factual_cheap_top1_count,factual_cheap,588,count,higher,1500,completed,/vol/tmp2/yesildau/m1_eval_v2_matched_three_model_v3/results/smollm/epoch-013/factual_cheap/raw/summary.json,489b718d40f470c454721c91c45af27948b4a56a970175ff61a12ba4f337cf3c,326,,,,,no_m0_reference
smollm,smollm/epoch-013,epoch-013,13,91,False,turkish_bpb,turkish_cross_domain,1.5696229621030158,bits/byte,lower,12207027,measured,/vol/tmp2/yesildau/m1_eval_v2_matched_three_model_v3/results/smollm/epoch-013/turkish_perplexity/raw/trwiki_cross_domain/summary.json,5685c22469248229d5d4f0d1deeb1f9ada453286fed630073b85a954101b2dd4,939,1.4910878271709507,,,,m0_reference_denominator_unbound
smollm,smollm/epoch-013,epoch-013,13,91,False,turkish_ppl,turkish_cross_domain,10.420011228275385,PPL,lower,12207027,measured,/vol/tmp2/yesildau/m1_eval_v2_matched_three_model_v3/results/smollm/epoch-013/turkish_perplexity/raw/trwiki_cross_domain/summary.json,5685c22469248229d5d4f0d1deeb1f9ada453286fed630073b85a954101b2dd4,939,9.267012914466756,,,,m0_reference_denominator_unbound
smollm,smollm/epoch-013,epoch-013,13,91,False,turkish_byte_ppl,turkish_cross_domain,2.968271303681889,PPL,lower,12207027,measured,/vol/tmp2/yesildau/m1_eval_v2_matched_three_model_v3/results/smollm/epoch-013/turkish_perplexity/raw/trwiki_cross_domain/summary.json,5685c22469248229d5d4f0d1deeb1f9ada453286fed630073b85a954101b2dd4,939,2.811008521408759,,,,m0_reference_denominator_unbound
smollm,smollm/epoch-013,epoch-013,13,91,False,generation_top1_accuracy,generation,1.0,fraction,higher,30,measured,/vol/tmp2/yesildau/m1_eval_v2_matched_three_model_v3/results/smollm/epoch-013/generation_integrity/raw/20260824T235322Z_m1_smollm_epoch-013_generation/summary_metrics.json,7209f8924101792421c2bb1811cfbce8d0f67f8446ecea2979df1b8a07d36a0e,1084,1.0,30,0.0,0.0,direct_same_metric_and_denominator
smollm,smollm/epoch-013,epoch-013,13,91,False,generation_empty_or_near_empty,generation,0,count,lower,30,measured,/vol/tmp2/yesildau/m1_eval_v2_matched_three_model_v3/results/smollm/epoch-013/generation_integrity/raw/20260824T235322Z_m1_smollm_epoch-013_generation/summary_metrics.json,7209f8924101792421c2bb1811cfbce8d0f67f8446ecea2979df1b8a07d36a0e,1084,0,30,0,,direct_same_metric_and_denominator
smollm,smollm/epoch-013,epoch-013,13,91,False,generation_distinct_2,generation,0.6333333333333333,fraction,higher,30,measured,/vol/tmp2/yesildau/m1_eval_v2_matched_three_model_v3/results/smollm/epoch-013/generation_integrity/raw/20260824T235322Z_m1_smollm_epoch-013_generation/summary_metrics.json,7209f8924101792421c2bb1811cfbce8d0f67f8446ecea2979df1b8a07d36a0e,1084,0.6661375661375663,30,-0.03280423280423295,-4.924543288324087,direct_same_metric_and_denominator
smollm,smollm/epoch-013,epoch-013,13,91,False,generation_repeated_3gram,generation,0.4774193548387097,fraction,lower,30,measured,/vol/tmp2/yesildau/m1_eval_v2_matched_three_model_v3/results/smollm/epoch-013/generation_integrity/raw/20260824T235322Z_m1_smollm_epoch-013_generation/summary_metrics.json,7209f8924101792421c2bb1811cfbce8d0f67f8446ecea2979df1b8a07d36a0e,1084,0.42311827956989245,30,0.05430107526881722,12.833545108005087,direct_same_metric_and_denominator
smollm,smollm/epoch-013,epoch-013,13,91,False,generation_repeated_4gram,generation,0.44153005464480877,fraction,lower,30,measured,/vol/tmp2/yesildau/m1_eval_v2_matched_three_model_v3/results/smollm/epoch-013/generation_integrity/raw/20260824T235322Z_m1_smollm_epoch-013_generation/summary_metrics.json,7209f8924101792421c2bb1811cfbce8d0f67f8446ecea2979df1b8a07d36a0e,1084,,,,,no_m0_reference
smollm,smollm/epoch-013,epoch-013,13,91,False,generation_ppl,generation,17.054086640295807,PPL,lower,304243,measured,/vol/tmp2/yesildau/m1_eval_v2_matched_three_model_v3/results/smollm/epoch-013/generation_integrity/raw/20260824T235322Z_m1_smollm_epoch-013_generation/summary_metrics.json,7209f8924101792421c2bb1811cfbce8d0f67f8446ecea2979df1b8a07d36a0e,1084,15.924011152164711,304243,1.1300754881310962,7.096676065675034,direct_same_metric_and_denominator
smollm,smollm/epoch-014,epoch-014,14,98,False,wikitext_bpb,wikitext,0.6508627779023346,bits/byte,lower,62,measured,/vol/tmp2/yesildau/m1_eval_v2_matched_three_model_v3/results/smollm/epoch-014/harness/raw/__vol__tmp2__yesildau__m1_matched_three_model_retry_v1__training__smollm__20260822T155242Z_m1_matched_epoch_dense_smollm_seed42_081e6e29__epoch_snapshots__epoch-014/results_2026-08-25T01-30-11.759195.json,3d759eb2d7895218724dbeacdb354d615ae2d86c03b4dac96d7a35f038542df7,12317,0.6411010344952439,62,0.009761743407090684,1.5226528864949294,direct_same_metric_and_denominator
smollm,smollm/epoch-014,epoch-014,14,98,False,wikitext_word_ppl,wikitext,11.16148110769448,PPL,lower,62,measured,/vol/tmp2/yesildau/m1_eval_v2_matched_three_model_v3/results/smollm/epoch-014/harness/raw/__vol__tmp2__yesildau__m1_matched_three_model_retry_v1__training__smollm__20260822T155242Z_m1_matched_epoch_dense_smollm_seed42_081e6e29__epoch_snapshots__epoch-014/results_2026-08-25T01-30-11.759195.json,3d759eb2d7895218724dbeacdb354d615ae2d86c03b4dac96d7a35f038542df7,12317,10.764848694209554,62,0.39663241348492484,3.684514522700859,direct_same_metric_and_denominator
smollm,smollm/epoch-014,epoch-014,14,98,False,wikitext_byte_ppl,wikitext,1.570106889354971,PPL,lower,62,measured,/vol/tmp2/yesildau/m1_eval_v2_matched_three_model_v3/results/smollm/epoch-014/harness/raw/__vol__tmp2__yesildau__m1_matched_three_model_retry_v1__training__smollm__20260822T155242Z_m1_matched_epoch_dense_smollm_seed42_081e6e29__epoch_snapshots__epoch-014/results_2026-08-25T01-30-11.759195.json,3d759eb2d7895218724dbeacdb354d615ae2d86c03b4dac96d7a35f038542df7,12317,1.5595188972757745,62,0.010587992079196473,0.6789268214506391,direct_same_metric_and_denominator
smollm,smollm/epoch-014,epoch-014,14,98,False,exact_prefix_top1_accuracy,exact_prefix,1.0,fraction,higher,500,measured,/vol/tmp2/yesildau/m1_eval_v2_matched_three_model_v3/results/smollm/epoch-014/exact_prefix/raw/20260824T235241Z_dc388981/summary_metrics.json,7eaf7bcfbcbecaf932eea03246f0eb8002b09e372161522513ba6ea4059d46fb,1718,0.032,500,0.968,3025.0,direct_same_metric_and_denominator
smollm,smollm/epoch-014,epoch-014,14,98,False,exact_prefix_top5_accuracy,exact_prefix,1.0,fraction,higher,500,measured,/vol/tmp2/yesildau/m1_eval_v2_matched_three_model_v3/results/smollm/epoch-014/exact_prefix/raw/20260824T235241Z_dc388981/summary_metrics.json,7eaf7bcfbcbecaf932eea03246f0eb8002b09e372161522513ba6ea4059d46fb,1718,,,,,no_m0_reference
smollm,smollm/epoch-014,epoch-014,14,98,False,exact_prefix_mrr,exact_prefix,1.0,fraction,higher,500,measured,/vol/tmp2/yesildau/m1_eval_v2_matched_three_model_v3/results/smollm/epoch-014/exact_prefix/raw/20260824T235241Z_dc388981/summary_metrics.json,7eaf7bcfbcbecaf932eea03246f0eb8002b09e372161522513ba6ea4059d46fb,1718,,,,,no_m0_reference
smollm,smollm/epoch-014,epoch-014,14,98,False,exact_prefix_mean_rank,exact_prefix,1,rank,lower,500,measured,/vol/tmp2/yesildau/m1_eval_v2_matched_three_model_v3/results/smollm/epoch-014/exact_prefix/raw/20260824T235241Z_dc388981/summary_metrics.json,7eaf7bcfbcbecaf932eea03246f0eb8002b09e372161522513ba6ea4059d46fb,1718,,,,,no_m0_reference
smollm,smollm/epoch-014,epoch-014,14,98,False,exact_prefix_mean_score_margin,exact_prefix,3.410907344642755,logprob,higher,500,measured,/vol/tmp2/yesildau/m1_eval_v2_matched_three_model_v3/results/smollm/epoch-014/exact_prefix/raw/20260824T235241Z_dc388981/summary_metrics.json,7eaf7bcfbcbecaf932eea03246f0eb8002b09e372161522513ba6ea4059d46fb,1718,,,,,no_m0_reference
smollm,smollm/epoch-014,epoch-014,14,98,False,factual_cheap_top1_count,factual_cheap,595,count,higher,1500,completed,/vol/tmp2/yesildau/m1_eval_v2_matched_three_model_v3/results/smollm/epoch-014/factual_cheap/raw/summary.json,b67488e72e8677840e3b15c529f98fa252a630b9f98b2cdcdffd37835545741d,326,,,,,no_m0_reference
smollm,smollm/epoch-014,epoch-014,14,98,False,turkish_bpb,turkish_cross_domain,1.5720169992186364,bits/byte,lower,12207027,measured,/vol/tmp2/yesildau/m1_eval_v2_matched_three_model_v3/results/smollm/epoch-014/turkish_perplexity/raw/trwiki_cross_domain/summary.json,03e5f746425b83fc4aaa4e70a5e3709713ff8789527585f77926ce91e0799bc1,941,1.4910878271709507,,,,m0_reference_denominator_unbound
smollm,smollm/epoch-014,epoch-014,14,98,False,turkish_ppl,turkish_cross_domain,10.457326570195278,PPL,lower,12207027,measured,/vol/tmp2/yesildau/m1_eval_v2_matched_three_model_v3/results/smollm/epoch-014/turkish_perplexity/raw/trwiki_cross_domain/summary.json,03e5f746425b83fc4aaa4e70a5e3709713ff8789527585f77926ce91e0799bc1,941,9.267012914466756,,,,m0_reference_denominator_unbound
smollm,smollm/epoch-014,epoch-014,14,98,False,turkish_byte_ppl,turkish_cross_domain,2.9732010017655055,PPL,lower,12207027,measured,/vol/tmp2/yesildau/m1_eval_v2_matched_three_model_v3/results/smollm/epoch-014/turkish_perplexity/raw/trwiki_cross_domain/summary.json,03e5f746425b83fc4aaa4e70a5e3709713ff8789527585f77926ce91e0799bc1,941,2.811008521408759,,,,m0_reference_denominator_unbound
smollm,smollm/epoch-014,epoch-014,14,98,False,generation_top1_accuracy,generation,1.0,fraction,higher,30,measured,/vol/tmp2/yesildau/m1_eval_v2_matched_three_model_v3/results/smollm/epoch-014/generation_integrity/raw/20260824T235348Z_m1_smollm_epoch-014_generation/summary_metrics.json,65f0f8c055af5df4b0addd94a34ede1d24c8e600f1cb6c7b401e3732807028f0,1083,1.0,30,0.0,0.0,direct_same_metric_and_denominator
smollm,smollm/epoch-014,epoch-014,14,98,False,generation_empty_or_near_empty,generation,0,count,lower,30,measured,/vol/tmp2/yesildau/m1_eval_v2_matched_three_model_v3/results/smollm/epoch-014/generation_integrity/raw/20260824T235348Z_m1_smollm_epoch-014_generation/summary_metrics.json,65f0f8c055af5df4b0addd94a34ede1d24c8e600f1cb6c7b401e3732807028f0,1083,0,30,0,,direct_same_metric_and_denominator
smollm,smollm/epoch-014,epoch-014,14,98,False,generation_distinct_2,generation,0.619047619047619,fraction,higher,30,measured,/vol/tmp2/yesildau/m1_eval_v2_matched_three_model_v3/results/smollm/epoch-014/generation_integrity/raw/20260824T235348Z_m1_smollm_epoch-014_generation/summary_metrics.json,65f0f8c055af5df4b0addd94a34ede1d24c8e600f1cb6c7b401e3732807028f0,1083,0.6661375661375663,30,-0.04708994708994729,-7.069102462271673,direct_same_metric_and_denominator
smollm,smollm/epoch-014,epoch-014,14,98,False,generation_repeated_3gram,generation,0.4967741935483872,fraction,lower,30,measured,/vol/tmp2/yesildau/m1_eval_v2_matched_three_model_v3/results/smollm/epoch-014/generation_integrity/raw/20260824T235348Z_m1_smollm_epoch-014_generation/summary_metrics.json,65f0f8c055af5df4b0addd94a34ede1d24c8e600f1cb6c7b401e3732807028f0,1083,0.42311827956989245,30,0.07365591397849475,17.407878017789102,direct_same_metric_and_denominator
smollm,smollm/epoch-014,epoch-014,14,98,False,generation_repeated_4gram,generation,0.4546448087431694,fraction,lower,30,measured,/vol/tmp2/yesildau/m1_eval_v2_matched_three_model_v3/results/smollm/epoch-014/generation_integrity/raw/20260824T235348Z_m1_smollm_epoch-014_generation/summary_metrics.json,65f0f8c055af5df4b0addd94a34ede1d24c8e600f1cb6c7b401e3732807028f0,1083,,,,,no_m0_reference
smollm,smollm/epoch-014,epoch-014,14,98,False,generation_ppl,generation,17.093312519511958,PPL,lower,304243,measured,/vol/tmp2/yesildau/m1_eval_v2_matched_three_model_v3/results/smollm/epoch-014/generation_integrity/raw/20260824T235348Z_m1_smollm_epoch-014_generation/summary_metrics.json,65f0f8c055af5df4b0addd94a34ede1d24c8e600f1cb6c7b401e3732807028f0,1083,15.924011152164711,304243,1.1693013673472468,7.343007714411779,direct_same_metric_and_denominator
smollm,smollm/epoch-015,epoch-015,15,105,False,wikitext_bpb,wikitext,0.6510001412842314,bits/byte,lower,62,measured,/vol/tmp2/yesildau/m1_eval_v2_matched_three_model_v3/results/smollm/epoch-015/harness/raw/__vol__tmp2__yesildau__m1_matched_three_model_retry_v1__training__smollm__20260822T155242Z_m1_matched_epoch_dense_smollm_seed42_081e6e29__epoch_snapshots__epoch-015/results_2026-08-25T01-32-08.481479.json,1d4bd8072909fc4f46314e3d19397cc53f5d1150b5a3d068b12693432b4c253b,12390,0.6411010344952439,62,0.009899106788987533,1.5440790540575817,direct_same_metric_and_denominator
smollm,smollm/epoch-015,epoch-015,15,105,False,wikitext_word_ppl,wikitext,11.167165389665794,PPL,lower,62,measured,/vol/tmp2/yesildau/m1_eval_v2_matched_three_model_v3/results/smollm/epoch-015/harness/raw/__vol__tmp2__yesildau__m1_matched_three_model_retry_v1__training__smollm__20260822T155242Z_m1_matched_epoch_dense_smollm_seed42_081e6e29__epoch_snapshots__epoch-015/results_2026-08-25T01-32-08.481479.json,1d4bd8072909fc4f46314e3d19397cc53f5d1150b5a3d068b12693432b4c253b,12390,10.764848694209554,62,0.40231669545623916,3.737318627363955,direct_same_metric_and_denominator
smollm,smollm/epoch-015,epoch-015,15,105,False,wikitext_byte_ppl,wikitext,1.5702563911235496,PPL,lower,62,measured,/vol/tmp2/yesildau/m1_eval_v2_matched_three_model_v3/results/smollm/epoch-015/harness/raw/__vol__tmp2__yesildau__m1_matched_three_model_retry_v1__training__smollm__20260822T155242Z_m1_matched_epoch_dense_smollm_seed42_081e6e29__epoch_snapshots__epoch-015/results_2026-08-25T01-32-08.481479.json,1d4bd8072909fc4f46314e3d19397cc53f5d1150b5a3d068b12693432b4c253b,12390,1.5595188972757745,62,0.010737493847775115,0.6885132245932876,direct_same_metric_and_denominator
smollm,smollm/epoch-015,epoch-015,15,105,False,exact_prefix_top1_accuracy,exact_prefix,1.0,fraction,higher,500,measured,/vol/tmp2/yesildau/m1_eval_v2_matched_three_model_v3/results/smollm/epoch-015/exact_prefix/raw/20260824T235442Z_fe532a02/summary_metrics.json,41b27d5aa7a845c20cb3e2f4a7bb1a491ffbe83dda990ec387bfaaf2403a132a,1709,0.032,500,0.968,3025.0,direct_same_metric_and_denominator
smollm,smollm/epoch-015,epoch-015,15,105,False,exact_prefix_top5_accuracy,exact_prefix,1.0,fraction,higher,500,measured,/vol/tmp2/yesildau/m1_eval_v2_matched_three_model_v3/results/smollm/epoch-015/exact_prefix/raw/20260824T235442Z_fe532a02/summary_metrics.json,41b27d5aa7a845c20cb3e2f4a7bb1a491ffbe83dda990ec387bfaaf2403a132a,1709,,,,,no_m0_reference
smollm,smollm/epoch-015,epoch-015,15,105,False,exact_prefix_mrr,exact_prefix,1.0,fraction,higher,500,measured,/vol/tmp2/yesildau/m1_eval_v2_matched_three_model_v3/results/smollm/epoch-015/exact_prefix/raw/20260824T235442Z_fe532a02/summary_metrics.json,41b27d5aa7a845c20cb3e2f4a7bb1a491ffbe83dda990ec387bfaaf2403a132a,1709,,,,,no_m0_reference
smollm,smollm/epoch-015,epoch-015,15,105,False,exact_prefix_mean_rank,exact_prefix,1,rank,lower,500,measured,/vol/tmp2/yesildau/m1_eval_v2_matched_three_model_v3/results/smollm/epoch-015/exact_prefix/raw/20260824T235442Z_fe532a02/summary_metrics.json,41b27d5aa7a845c20cb3e2f4a7bb1a491ffbe83dda990ec387bfaaf2403a132a,1709,,,,,no_m0_reference
smollm,smollm/epoch-015,epoch-015,15,105,False,exact_prefix_mean_score_margin,exact_prefix,3.7155209234847755,logprob,higher,500,measured,/vol/tmp2/yesildau/m1_eval_v2_matched_three_model_v3/results/smollm/epoch-015/exact_prefix/raw/20260824T235442Z_fe532a02/summary_metrics.json,41b27d5aa7a845c20cb3e2f4a7bb1a491ffbe83dda990ec387bfaaf2403a132a,1709,,,,,no_m0_reference
smollm,smollm/epoch-015,epoch-015,15,105,False,factual_cheap_top1_count,factual_cheap,610,count,higher,1500,completed,/vol/tmp2/yesildau/m1_eval_v2_matched_three_model_v3/results/smollm/epoch-015/factual_cheap/raw/summary.json,51fb291c00c0598d9064db4dcec8c3f71c8ee0226b97a0d0ff1d5cdadf682230,326,,,,,no_m0_reference
smollm,smollm/epoch-015,epoch-015,15,105,False,turkish_bpb,turkish_cross_domain,1.5736836107593912,bits/byte,lower,12207027,measured,/vol/tmp2/yesildau/m1_eval_v2_matched_three_model_v3/results/smollm/epoch-015/turkish_perplexity/raw/trwiki_cross_domain/summary.json,073a97aa941dc25c43082fb9f4f3d7a8bfd1179569680b3190ddb4dad8939d49,941,1.4910878271709507,,,,m0_reference_denominator_unbound
smollm,smollm/epoch-015,epoch-015,15,105,False,turkish_ppl,turkish_cross_domain,10.483382551591887,PPL,lower,12207027,measured,/vol/tmp2/yesildau/m1_eval_v2_matched_three_model_v3/results/smollm/epoch-015/turkish_perplexity/raw/trwiki_cross_domain/summary.json,073a97aa941dc25c43082fb9f4f3d7a8bfd1179569680b3190ddb4dad8939d49,941,9.267012914466756,,,,m0_reference_denominator_unbound
smollm,smollm/epoch-015,epoch-015,15,105,False,turkish_byte_ppl,turkish_cross_domain,2.9766376492820186,PPL,lower,12207027,measured,/vol/tmp2/yesildau/m1_eval_v2_matched_three_model_v3/results/smollm/epoch-015/turkish_perplexity/raw/trwiki_cross_domain/summary.json,073a97aa941dc25c43082fb9f4f3d7a8bfd1179569680b3190ddb4dad8939d49,941,2.811008521408759,,,,m0_reference_denominator_unbound
smollm,smollm/epoch-015,epoch-015,15,105,False,generation_top1_accuracy,generation,1.0,fraction,higher,30,measured,/vol/tmp2/yesildau/m1_eval_v2_matched_three_model_v3/results/smollm/epoch-015/generation_integrity/raw/20260824T235603Z_m1_smollm_epoch-015_generation/summary_metrics.json,f756684b956e6f13b25e5f57db5ed40b729cd82ba7e512a6dff97e531b674872,1085,1.0,30,0.0,0.0,direct_same_metric_and_denominator
smollm,smollm/epoch-015,epoch-015,15,105,False,generation_empty_or_near_empty,generation,0,count,lower,30,measured,/vol/tmp2/yesildau/m1_eval_v2_matched_three_model_v3/results/smollm/epoch-015/generation_integrity/raw/20260824T235603Z_m1_smollm_epoch-015_generation/summary_metrics.json,f756684b956e6f13b25e5f57db5ed40b729cd82ba7e512a6dff97e531b674872,1085,0,30,0,,direct_same_metric_and_denominator
smollm,smollm/epoch-015,epoch-015,15,105,False,generation_distinct_2,generation,0.6174603174603173,fraction,higher,30,measured,/vol/tmp2/yesildau/m1_eval_v2_matched_three_model_v3/results/smollm/epoch-015/generation_integrity/raw/20260824T235603Z_m1_smollm_epoch-015_generation/summary_metrics.json,f756684b956e6f13b25e5f57db5ed40b729cd82ba7e512a6dff97e531b674872,1085,0.6661375661375663,30,-0.048677248677248985,-7.307386814932531,direct_same_metric_and_denominator
smollm,smollm/epoch-015,epoch-015,15,105,False,generation_repeated_3gram,generation,0.49032258064516127,fraction,lower,30,measured,/vol/tmp2/yesildau/m1_eval_v2_matched_three_model_v3/results/smollm/epoch-015/generation_integrity/raw/20260824T235603Z_m1_smollm_epoch-015_generation/summary_metrics.json,f756684b956e6f13b25e5f57db5ed40b729cd82ba7e512a6dff97e531b674872,1085,0.42311827956989245,30,0.06720430107526881,15.883100381194408,direct_same_metric_and_denominator
smollm,smollm/epoch-015,epoch-015,15,105,False,generation_repeated_4gram,generation,0.4453551912568306,fraction,lower,30,measured,/vol/tmp2/yesildau/m1_eval_v2_matched_three_model_v3/results/smollm/epoch-015/generation_integrity/raw/20260824T235603Z_m1_smollm_epoch-015_generation/summary_metrics.json,f756684b956e6f13b25e5f57db5ed40b729cd82ba7e512a6dff97e531b674872,1085,,,,,no_m0_reference
smollm,smollm/epoch-015,epoch-015,15,105,False,generation_ppl,generation,17.131022665076042,PPL,lower,304243,measured,/vol/tmp2/yesildau/m1_eval_v2_matched_three_model_v3/results/smollm/epoch-015/generation_integrity/raw/20260824T235603Z_m1_smollm_epoch-015_generation/summary_metrics.json,f756684b956e6f13b25e5f57db5ed40b729cd82ba7e512a6dff97e531b674872,1085,15.924011152164711,304243,1.2070115129113308,7.579820821384249,direct_same_metric_and_denominator
smollm,smollm/epoch-016,epoch-016,16,112,False,wikitext_bpb,wikitext,0.6511602821139912,bits/byte,lower,62,measured,/vol/tmp2/yesildau/m1_eval_v2_matched_three_model_v3/results/smollm/epoch-016/harness/raw/__vol__tmp2__yesildau__m1_matched_three_model_retry_v1__training__smollm__20260822T155242Z_m1_matched_epoch_dense_smollm_seed42_081e6e29__epoch_snapshots__epoch-016/results_2026-08-25T01-41-54.986775.json,b4b5fa209a568546bf8edfbe45689138020a89e3a4158582c795f645e30d5a87,12318,0.6411010344952439,62,0.010059247618747325,1.5690580856209724,direct_same_metric_and_denominator
smollm,smollm/epoch-016,epoch-016,16,112,False,wikitext_word_ppl,wikitext,11.173795887954592,PPL,lower,62,measured,/vol/tmp2/yesildau/m1_eval_v2_matched_three_model_v3/results/smollm/epoch-016/harness/raw/__vol__tmp2__yesildau__m1_matched_three_model_retry_v1__training__smollm__20260822T155242Z_m1_matched_epoch_dense_smollm_seed42_081e6e29__epoch_snapshots__epoch-016/results_2026-08-25T01-41-54.986775.json,b4b5fa209a568546bf8edfbe45689138020a89e3a4158582c795f645e30d5a87,12318,10.764848694209554,62,0.4089471937450373,3.7989126030634437,direct_same_metric_and_denominator
smollm,smollm/epoch-016,epoch-016,16,112,False,wikitext_byte_ppl,wikitext,1.570430701085874,PPL,lower,62,measured,/vol/tmp2/yesildau/m1_eval_v2_matched_three_model_v3/results/smollm/epoch-016/harness/raw/__vol__tmp2__yesildau__m1_matched_three_model_retry_v1__training__smollm__20260822T155242Z_m1_matched_epoch_dense_smollm_seed42_081e6e29__epoch_snapshots__epoch-016/results_2026-08-25T01-41-54.986775.json,b4b5fa209a568546bf8edfbe45689138020a89e3a4158582c795f645e30d5a87,12318,1.5595188972757745,62,0.010911803810099485,0.6996903871546942,direct_same_metric_and_denominator
smollm,smollm/epoch-016,epoch-016,16,112,False,exact_prefix_top1_accuracy,exact_prefix,1.0,fraction,higher,500,measured,/vol/tmp2/yesildau/m1_eval_v2_matched_three_model_v3/results/smollm/epoch-016/exact_prefix/raw/20260825T000617Z_6e45fa12/summary_metrics.json,1897dedaf8e7a993cb357ce128f123192e6cf10b8fc64e52218627fe361159f6,1710,0.032,500,0.968,3025.0,direct_same_metric_and_denominator
smollm,smollm/epoch-016,epoch-016,16,112,False,exact_prefix_top5_accuracy,exact_prefix,1.0,fraction,higher,500,measured,/vol/tmp2/yesildau/m1_eval_v2_matched_three_model_v3/results/smollm/epoch-016/exact_prefix/raw/20260825T000617Z_6e45fa12/summary_metrics.json,1897dedaf8e7a993cb357ce128f123192e6cf10b8fc64e52218627fe361159f6,1710,,,,,no_m0_reference
smollm,smollm/epoch-016,epoch-016,16,112,False,exact_prefix_mrr,exact_prefix,1.0,fraction,higher,500,measured,/vol/tmp2/yesildau/m1_eval_v2_matched_three_model_v3/results/smollm/epoch-016/exact_prefix/raw/20260825T000617Z_6e45fa12/summary_metrics.json,1897dedaf8e7a993cb357ce128f123192e6cf10b8fc64e52218627fe361159f6,1710,,,,,no_m0_reference
smollm,smollm/epoch-016,epoch-016,16,112,False,exact_prefix_mean_rank,exact_prefix,1,rank,lower,500,measured,/vol/tmp2/yesildau/m1_eval_v2_matched_three_model_v3/results/smollm/epoch-016/exact_prefix/raw/20260825T000617Z_6e45fa12/summary_metrics.json,1897dedaf8e7a993cb357ce128f123192e6cf10b8fc64e52218627fe361159f6,1710,,,,,no_m0_reference
smollm,smollm/epoch-016,epoch-016,16,112,False,exact_prefix_mean_score_margin,exact_prefix,3.820312860567423,logprob,higher,500,measured,/vol/tmp2/yesildau/m1_eval_v2_matched_three_model_v3/results/smollm/epoch-016/exact_prefix/raw/20260825T000617Z_6e45fa12/summary_metrics.json,1897dedaf8e7a993cb357ce128f123192e6cf10b8fc64e52218627fe361159f6,1710,,,,,no_m0_reference
smollm,smollm/epoch-016,epoch-016,16,112,False,factual_cheap_top1_count,factual_cheap,614,count,higher,1500,completed,/vol/tmp2/yesildau/m1_eval_v2_matched_three_model_v3/results/smollm/epoch-016/factual_cheap/raw/summary.json,6e25951c8a44c072235320f868f4f14ce4385b95500c79c2805516960668b91b,326,,,,,no_m0_reference
smollm,smollm/epoch-016,epoch-016,16,112,False,turkish_bpb,turkish_cross_domain,1.5750133321070843,bits/byte,lower,12207027,measured,/vol/tmp2/yesildau/m1_eval_v2_matched_three_model_v3/results/smollm/epoch-016/turkish_perplexity/raw/trwiki_cross_domain/summary.json,a698b1799b2963ae2397f3affca37757432cad2cc7ac80f4bbcb87c0ba078af2,939,1.4910878271709507,,,,m0_reference_denominator_unbound
smollm,smollm/epoch-016,epoch-016,16,112,False,turkish_ppl,turkish_cross_domain,10.504218111762626,PPL,lower,12207027,measured,/vol/tmp2/yesildau/m1_eval_v2_matched_three_model_v3/results/smollm/epoch-016/turkish_perplexity/raw/trwiki_cross_domain/summary.json,a698b1799b2963ae2397f3affca37757432cad2cc7ac80f4bbcb87c0ba078af2,939,9.267012914466756,,,,m0_reference_denominator_unbound
smollm,smollm/epoch-016,epoch-016,16,112,False,turkish_byte_ppl,turkish_cross_domain,2.979382458926482,PPL,lower,12207027,measured,/vol/tmp2/yesildau/m1_eval_v2_matched_three_model_v3/results/smollm/epoch-016/turkish_perplexity/raw/trwiki_cross_domain/summary.json,a698b1799b2963ae2397f3affca37757432cad2cc7ac80f4bbcb87c0ba078af2,939,2.811008521408759,,,,m0_reference_denominator_unbound
smollm,smollm/epoch-016,epoch-016,16,112,False,generation_top1_accuracy,generation,1.0,fraction,higher,30,measured,/vol/tmp2/yesildau/m1_eval_v2_matched_three_model_v3/results/smollm/epoch-016/generation_integrity/raw/20260825T000727Z_m1_smollm_epoch-016_generation/summary_metrics.json,cf45c24088019841d5835383924b51869b3d5c0e0e52b795d069177153209b5e,1079,1.0,30,0.0,0.0,direct_same_metric_and_denominator
smollm,smollm/epoch-016,epoch-016,16,112,False,generation_empty_or_near_empty,generation,0,count,lower,30,measured,/vol/tmp2/yesildau/m1_eval_v2_matched_three_model_v3/results/smollm/epoch-016/generation_integrity/raw/20260825T000727Z_m1_smollm_epoch-016_generation/summary_metrics.json,cf45c24088019841d5835383924b51869b3d5c0e0e52b795d069177153209b5e,1079,0,30,0,,direct_same_metric_and_denominator
smollm,smollm/epoch-016,epoch-016,16,112,False,generation_distinct_2,generation,0.608994708994709,fraction,higher,30,measured,/vol/tmp2/yesildau/m1_eval_v2_matched_three_model_v3/results/smollm/epoch-016/generation_integrity/raw/20260825T000727Z_m1_smollm_epoch-016_generation/summary_metrics.json,cf45c24088019841d5835383924b51869b3d5c0e0e52b795d069177153209b5e,1079,0.6661375661375663,30,-0.05714285714285727,-8.578236695790329,direct_same_metric_and_denominator
smollm,smollm/epoch-016,epoch-016,16,112,False,generation_repeated_3gram,generation,0.5107526881720431,fraction,lower,30,measured,/vol/tmp2/yesildau/m1_eval_v2_matched_three_model_v3/results/smollm/epoch-016/generation_integrity/raw/20260825T000727Z_m1_smollm_epoch-016_generation/summary_metrics.json,cf45c24088019841d5835383924b51869b3d5c0e0e52b795d069177153209b5e,1079,0.42311827956989245,30,0.08763440860215066,20.711562897077542,direct_same_metric_and_denominator
smollm,smollm/epoch-016,epoch-016,16,112,False,generation_repeated_4gram,generation,0.4688524590163935,fraction,lower,30,measured,/vol/tmp2/yesildau/m1_eval_v2_matched_three_model_v3/results/smollm/epoch-016/generation_integrity/raw/20260825T000727Z_m1_smollm_epoch-016_generation/summary_metrics.json,cf45c24088019841d5835383924b51869b3d5c0e0e52b795d069177153209b5e,1079,,,,,no_m0_reference
smollm,smollm/epoch-016,epoch-016,16,112,False,generation_ppl,generation,17.1535439095453,PPL,lower,304243,measured,/vol/tmp2/yesildau/m1_eval_v2_matched_three_model_v3/results/smollm/epoch-016/generation_integrity/raw/20260825T000727Z_m1_smollm_epoch-016_generation/summary_metrics.json,cf45c24088019841d5835383924b51869b3d5c0e0e52b795d069177153209b5e,1079,15.924011152164711,304243,1.2295327573805874,7.721250290718647,direct_same_metric_and_denominator
smollm,smollm/epoch-017,epoch-017,17,119,False,wikitext_bpb,wikitext,0.6512065357044367,bits/byte,lower,62,measured,/vol/tmp2/yesildau/m1_eval_v2_matched_three_model_v3/results/smollm/epoch-017/harness/raw/__vol__tmp2__yesildau__m1_matched_three_model_retry_v1__training__smollm__20260822T155242Z_m1_matched_epoch_dense_smollm_seed42_081e6e29__epoch_snapshots__epoch-017/results_2026-08-25T01-56-22.487299.json,f4bdf04930634778120909a09ac7b6d60db908490969c3f375adf4d4243e8adb,12320,0.6411010344952439,62,0.010105501209192735,1.5762727971807233,direct_same_metric_and_denominator
smollm,smollm/epoch-017,epoch-017,17,119,False,wikitext_word_ppl,wikitext,11.175711712171326,PPL,lower,62,measured,/vol/tmp2/yesildau/m1_eval_v2_matched_three_model_v3/results/smollm/epoch-017/harness/raw/__vol__tmp2__yesildau__m1_matched_three_model_retry_v1__training__smollm__20260822T155242Z_m1_matched_epoch_dense_smollm_seed42_081e6e29__epoch_snapshots__epoch-017/results_2026-08-25T01-56-22.487299.json,f4bdf04930634778120909a09ac7b6d60db908490969c3f375adf4d4243e8adb,12320,10.764848694209554,62,0.4108630179617716,3.816709641100447,direct_same_metric_and_denominator
smollm,smollm/epoch-017,epoch-017,17,119,False,wikitext_byte_ppl,wikitext,1.5704810507584193,PPL,lower,62,measured,/vol/tmp2/yesildau/m1_eval_v2_matched_three_model_v3/results/smollm/epoch-017/harness/raw/__vol__tmp2__yesildau__m1_matched_three_model_retry_v1__training__smollm__20260822T155242Z_m1_matched_epoch_dense_smollm_seed42_081e6e29__epoch_snapshots__epoch-017/results_2026-08-25T01-56-22.487299.json,f4bdf04930634778120909a09ac7b6d60db908490969c3f375adf4d4243e8adb,12320,1.5595188972757745,62,0.010962153482644732,0.7029189259452917,direct_same_metric_and_denominator
smollm,smollm/epoch-017,epoch-017,17,119,False,exact_prefix_top1_accuracy,exact_prefix,1.0,fraction,higher,500,measured,/vol/tmp2/yesildau/m1_eval_v2_matched_three_model_v3/results/smollm/epoch-017/exact_prefix/raw/20260825T001836Z_dc684552/summary_metrics.json,98ca93749d2b74b739af845dbb07d28ce0d21c9174bb9416df7763cc60037932,1720,0.032,500,0.968,3025.0,direct_same_metric_and_denominator
smollm,smollm/epoch-017,epoch-017,17,119,False,exact_prefix_top5_accuracy,exact_prefix,1.0,fraction,higher,500,measured,/vol/tmp2/yesildau/m1_eval_v2_matched_three_model_v3/results/smollm/epoch-017/exact_prefix/raw/20260825T001836Z_dc684552/summary_metrics.json,98ca93749d2b74b739af845dbb07d28ce0d21c9174bb9416df7763cc60037932,1720,,,,,no_m0_reference
smollm,smollm/epoch-017,epoch-017,17,119,False,exact_prefix_mrr,exact_prefix,1.0,fraction,higher,500,measured,/vol/tmp2/yesildau/m1_eval_v2_matched_three_model_v3/results/smollm/epoch-017/exact_prefix/raw/20260825T001836Z_dc684552/summary_metrics.json,98ca93749d2b74b739af845dbb07d28ce0d21c9174bb9416df7763cc60037932,1720,,,,,no_m0_reference
smollm,smollm/epoch-017,epoch-017,17,119,False,exact_prefix_mean_rank,exact_prefix,1,rank,lower,500,measured,/vol/tmp2/yesildau/m1_eval_v2_matched_three_model_v3/results/smollm/epoch-017/exact_prefix/raw/20260825T001836Z_dc684552/summary_metrics.json,98ca93749d2b74b739af845dbb07d28ce0d21c9174bb9416df7763cc60037932,1720,,,,,no_m0_reference
smollm,smollm/epoch-017,epoch-017,17,119,False,exact_prefix_mean_score_margin,exact_prefix,3.9252709127843364,logprob,higher,500,measured,/vol/tmp2/yesildau/m1_eval_v2_matched_three_model_v3/results/smollm/epoch-017/exact_prefix/raw/20260825T001836Z_dc684552/summary_metrics.json,98ca93749d2b74b739af845dbb07d28ce0d21c9174bb9416df7763cc60037932,1720,,,,,no_m0_reference
smollm,smollm/epoch-017,epoch-017,17,119,False,factual_cheap_top1_count,factual_cheap,617,count,higher,1500,completed,/vol/tmp2/yesildau/m1_eval_v2_matched_three_model_v3/results/smollm/epoch-017/factual_cheap/raw/summary.json,c8bd458f415a962a57b2fb98214597ca2550e4170fac8f6d99b7bac50e8ccd13,326,,,,,no_m0_reference
smollm,smollm/epoch-017,epoch-017,17,119,False,turkish_bpb,turkish_cross_domain,1.5760686875515915,bits/byte,lower,12207027,measured,/vol/tmp2/yesildau/m1_eval_v2_matched_three_model_v3/results/smollm/epoch-017/turkish_perplexity/raw/trwiki_cross_domain/summary.json,df98460761e99987cbae47b1edf9374bc480ae024e5148f04571de68e08b71c6,940,1.4910878271709507,,,,m0_reference_denominator_unbound
smollm,smollm/epoch-017,epoch-017,17,119,False,turkish_ppl,turkish_cross_domain,10.52078407164101,PPL,lower,12207027,measured,/vol/tmp2/yesildau/m1_eval_v2_matched_three_model_v3/results/smollm/epoch-017/turkish_perplexity/raw/trwiki_cross_domain/summary.json,df98460761e99987cbae47b1edf9374bc480ae024e5148f04571de68e08b71c6,940,9.267012914466756,,,,m0_reference_denominator_unbound
smollm,smollm/epoch-017,epoch-017,17,119,False,turkish_byte_ppl,turkish_cross_domain,2.9815627241573686,PPL,lower,12207027,measured,/vol/tmp2/yesildau/m1_eval_v2_matched_three_model_v3/results/smollm/epoch-017/turkish_perplexity/raw/trwiki_cross_domain/summary.json,df98460761e99987cbae47b1edf9374bc480ae024e5148f04571de68e08b71c6,940,2.811008521408759,,,,m0_reference_denominator_unbound
smollm,smollm/epoch-017,epoch-017,17,119,False,generation_top1_accuracy,generation,1.0,fraction,higher,30,measured,/vol/tmp2/yesildau/m1_eval_v2_matched_three_model_v3/results/smollm/epoch-017/generation_integrity/raw/20260825T001943Z_m1_smollm_epoch-017_generation/summary_metrics.json,fa71f7f48df04c61ace0fb95ebe04598ec47600c54b8df8fa60946c7444d1d0d,1085,1.0,30,0.0,0.0,direct_same_metric_and_denominator
smollm,smollm/epoch-017,epoch-017,17,119,False,generation_empty_or_near_empty,generation,0,count,lower,30,measured,/vol/tmp2/yesildau/m1_eval_v2_matched_three_model_v3/results/smollm/epoch-017/generation_integrity/raw/20260825T001943Z_m1_smollm_epoch-017_generation/summary_metrics.json,fa71f7f48df04c61ace0fb95ebe04598ec47600c54b8df8fa60946c7444d1d0d,1085,0,30,0,,direct_same_metric_and_denominator
smollm,smollm/epoch-017,epoch-017,17,119,False,generation_distinct_2,generation,0.6529100529100526,fraction,higher,30,measured,/vol/tmp2/yesildau/m1_eval_v2_matched_three_model_v3/results/smollm/epoch-017/generation_integrity/raw/20260825T001943Z_m1_smollm_epoch-017_generation/summary_metrics.json,fa71f7f48df04c61ace0fb95ebe04598ec47600c54b8df8fa60946c7444d1d0d,1085,0.6661375661375663,30,-0.013227513227513699,-1.98570293884042,direct_same_metric_and_denominator
smollm,smollm/epoch-017,epoch-017,17,119,False,generation_repeated_3gram,generation,0.44677419354838704,fraction,lower,30,measured,/vol/tmp2/yesildau/m1_eval_v2_matched_three_model_v3/results/smollm/epoch-017/generation_integrity/raw/20260825T001943Z_m1_smollm_epoch-017_generation/summary_metrics.json,fa71f7f48df04c61ace0fb95ebe04598ec47600c54b8df8fa60946c7444d1d0d,1085,0.42311827956989245,30,0.02365591397849459,5.590851334180425,direct_same_metric_and_denominator
smollm,smollm/epoch-017,epoch-017,17,119,False,generation_repeated_4gram,generation,0.40983606557377056,fraction,lower,30,measured,/vol/tmp2/yesildau/m1_eval_v2_matched_three_model_v3/results/smollm/epoch-017/generation_integrity/raw/20260825T001943Z_m1_smollm_epoch-017_generation/summary_metrics.json,fa71f7f48df04c61ace0fb95ebe04598ec47600c54b8df8fa60946c7444d1d0d,1085,,,,,no_m0_reference
smollm,smollm/epoch-017,epoch-017,17,119,False,generation_ppl,generation,17.174053540640323,PPL,lower,304243,measured,/vol/tmp2/yesildau/m1_eval_v2_matched_three_model_v3/results/smollm/epoch-017/generation_integrity/raw/20260825T001943Z_m1_smollm_epoch-017_generation/summary_metrics.json,fa71f7f48df04c61ace0fb95ebe04598ec47600c54b8df8fa60946c7444d1d0d,1085,15.924011152164711,304243,1.2500423884756113,7.850047180516327,direct_same_metric_and_denominator
smollm,smollm/epoch-018,epoch-018,18,126,True,wikitext_bpb,wikitext,0.6512877240308681,bits/byte,lower,62,measured,/vol/tmp2/yesildau/m1_eval_v2_matched_three_model_v3/results/smollm/epoch-018/harness/raw/__vol__tmp2__yesildau__m1_matched_three_model_retry_v1__training__smollm__20260822T155242Z_m1_matched_epoch_dense_smollm_seed42_081e6e29__epoch_snapshots__epoch-018/results_2026-08-25T23-40-07.016144.json,d65326add75ca4a342a908bc53d7d7edfa0d9dc45fbba58fe837cdd4190f217b,234612,0.6411010344952439,62,0.010186689535624183,1.588936686655706,direct_same_metric_and_denominator
smollm,smollm/epoch-018,epoch-018,18,126,True,wikitext_word_ppl,wikitext,11.179075327885029,PPL,lower,62,measured,/vol/tmp2/yesildau/m1_eval_v2_matched_three_model_v3/results/smollm/epoch-018/harness/raw/__vol__tmp2__yesildau__m1_matched_three_model_retry_v1__training__smollm__20260822T155242Z_m1_matched_epoch_dense_smollm_seed42_081e6e29__epoch_snapshots__epoch-018/results_2026-08-25T23-40-07.016144.json,d65326add75ca4a342a908bc53d7d7edfa0d9dc45fbba58fe837cdd4190f217b,234612,10.764848694209554,62,0.4142266336754741,3.847955929917416,direct_same_metric_and_denominator
smollm,smollm/epoch-018,epoch-018,18,126,True,wikitext_byte_ppl,wikitext,1.5705694327881279,PPL,lower,62,measured,/vol/tmp2/yesildau/m1_eval_v2_matched_three_model_v3/results/smollm/epoch-018/harness/raw/__vol__tmp2__yesildau__m1_matched_three_model_retry_v1__training__smollm__20260822T155242Z_m1_matched_epoch_dense_smollm_seed42_081e6e29__epoch_snapshots__epoch-018/results_2026-08-25T23-40-07.016144.json,d65326add75ca4a342a908bc53d7d7edfa0d9dc45fbba58fe837cdd4190f217b,234612,1.5595188972757745,62,0.011050535512353354,0.708586188449325,direct_same_metric_and_denominator
smollm,smollm/epoch-018,epoch-018,18,126,True,blimp_accuracy,blimp,0.7738955223880597,fraction,higher,67000,measured,/vol/tmp2/yesildau/m1_eval_v2_matched_three_model_v3/results/smollm/epoch-018/harness/raw/__vol__tmp2__yesildau__m1_matched_three_model_retry_v1__training__smollm__20260822T155242Z_m1_matched_epoch_dense_smollm_seed42_081e6e29__epoch_snapshots__epoch-018/results_2026-08-25T23-40-07.016144.json,d65326add75ca4a342a908bc53d7d7edfa0d9dc45fbba58fe837cdd4190f217b,234612,0.8026268656716419,67000,-0.028731343283582178,-3.579663790538541,direct_same_metric_and_denominator
smollm,smollm/epoch-018,epoch-018,18,126,True,hellaswag_accuracy,hellaswag,0.5431189006174069,fraction,higher,10042,measured,/vol/tmp2/yesildau/m1_eval_v2_matched_three_model_v3/results/smollm/epoch-018/harness/raw/__vol__tmp2__yesildau__m1_matched_three_model_retry_v1__training__smollm__20260822T155242Z_m1_matched_epoch_dense_smollm_seed42_081e6e29__epoch_snapshots__epoch-018/results_2026-08-25T23-40-07.016144.json,d65326add75ca4a342a908bc53d7d7edfa0d9dc45fbba58fe837cdd4190f217b,234612,0.5350527783310097,10042,0.008066122286397137,1.507537688442212,direct_same_metric_and_denominator
smollm,smollm/epoch-018,epoch-018,18,126,True,hellaswag_acc_norm,hellaswag,0.7227643895638319,fraction,higher,10042,measured,/vol/tmp2/yesildau/m1_eval_v2_matched_three_model_v3/results/smollm/epoch-018/harness/raw/__vol__tmp2__yesildau__m1_matched_three_model_retry_v1__training__smollm__20260822T155242Z_m1_matched_epoch_dense_smollm_seed42_081e6e29__epoch_snapshots__epoch-018/results_2026-08-25T23-40-07.016144.json,d65326add75ca4a342a908bc53d7d7edfa0d9dc45fbba58fe837cdd4190f217b,234612,0.7140011949810795,10042,0.008763194582752432,1.227336122733611,direct_same_metric_and_denominator
smollm,smollm/epoch-018,epoch-018,18,126,True,winogender_female,winogender,0.5833333333333334,fraction,higher,240,measured,/vol/tmp2/yesildau/m1_eval_v2_matched_three_model_v3/results/smollm/epoch-018/harness/raw/__vol__tmp2__yesildau__m1_matched_three_model_retry_v1__training__smollm__20260822T155242Z_m1_matched_epoch_dense_smollm_seed42_081e6e29__epoch_snapshots__epoch-018/results_2026-08-25T23-40-07.016144.json,d65326add75ca4a342a908bc53d7d7edfa0d9dc45fbba58fe837cdd4190f217b,234612,0.6,240,-0.016666666666666607,-2.777777777777768,direct_same_metric_and_denominator
smollm,smollm/epoch-018,epoch-018,18,126,True,winogender_male,winogender,0.5583333333333333,fraction,higher,240,measured,/vol/tmp2/yesildau/m1_eval_v2_matched_three_model_v3/results/smollm/epoch-018/harness/raw/__vol__tmp2__yesildau__m1_matched_three_model_retry_v1__training__smollm__20260822T155242Z_m1_matched_epoch_dense_smollm_seed42_081e6e29__epoch_snapshots__epoch-018/results_2026-08-25T23-40-07.016144.json,d65326add75ca4a342a908bc53d7d7edfa0d9dc45fbba58fe837cdd4190f217b,234612,0.5791666666666667,240,-0.02083333333333337,-3.5971223021582794,direct_same_metric_and_denominator
smollm,smollm/epoch-018,epoch-018,18,126,True,winogender_neutral,winogender,0.6083333333333333,fraction,higher,240,measured,/vol/tmp2/yesildau/m1_eval_v2_matched_three_model_v3/results/smollm/epoch-018/harness/raw/__vol__tmp2__yesildau__m1_matched_three_model_retry_v1__training__smollm__20260822T155242Z_m1_matched_epoch_dense_smollm_seed42_081e6e29__epoch_snapshots__epoch-018/results_2026-08-25T23-40-07.016144.json,d65326add75ca4a342a908bc53d7d7edfa0d9dc45fbba58fe837cdd4190f217b,234612,0.6,240,0.008333333333333304,1.388888888888884,direct_same_metric_and_denominator
smollm,smollm/epoch-018,epoch-018,18,126,True,turblimp_acc_norm,turblimp,0.5890625,fraction,higher,16000,measured,/vol/tmp2/yesildau/m1_eval_v2_matched_three_model_v3/results/smollm/epoch-018/harness/raw/__vol__tmp2__yesildau__m1_matched_three_model_retry_v1__training__smollm__20260822T155242Z_m1_matched_epoch_dense_smollm_seed42_081e6e29__epoch_snapshots__epoch-018/results_2026-08-25T23-40-07.016144.json,d65326add75ca4a342a908bc53d7d7edfa0d9dc45fbba58fe837cdd4190f217b,234612,0.59,16000,-0.0009374999999999245,-0.158898305084733,direct_same_metric_and_denominator
smollm,smollm/epoch-018,epoch-018,18,126,True,exact_prefix_top1_accuracy,exact_prefix,1.0,fraction,higher,500,measured,/vol/tmp2/yesildau/m1_eval_v2_matched_three_model_v3/results/smollm/epoch-018/exact_prefix/raw/20260825T233330Z_0be8f1c6/summary_metrics.json,2e9b456a7aa84a04d1f41aab84b4ef7e4ad8935549b014c3ea5098bd8308210d,1718,0.032,500,0.968,3025.0,direct_same_metric_and_denominator
smollm,smollm/epoch-018,epoch-018,18,126,True,exact_prefix_top5_accuracy,exact_prefix,1.0,fraction,higher,500,measured,/vol/tmp2/yesildau/m1_eval_v2_matched_three_model_v3/results/smollm/epoch-018/exact_prefix/raw/20260825T233330Z_0be8f1c6/summary_metrics.json,2e9b456a7aa84a04d1f41aab84b4ef7e4ad8935549b014c3ea5098bd8308210d,1718,,,,,no_m0_reference
smollm,smollm/epoch-018,epoch-018,18,126,True,exact_prefix_mrr,exact_prefix,1.0,fraction,higher,500,measured,/vol/tmp2/yesildau/m1_eval_v2_matched_three_model_v3/results/smollm/epoch-018/exact_prefix/raw/20260825T233330Z_0be8f1c6/summary_metrics.json,2e9b456a7aa84a04d1f41aab84b4ef7e4ad8935549b014c3ea5098bd8308210d,1718,,,,,no_m0_reference
smollm,smollm/epoch-018,epoch-018,18,126,True,exact_prefix_mean_rank,exact_prefix,1,rank,lower,500,measured,/vol/tmp2/yesildau/m1_eval_v2_matched_three_model_v3/results/smollm/epoch-018/exact_prefix/raw/20260825T233330Z_0be8f1c6/summary_metrics.json,2e9b456a7aa84a04d1f41aab84b4ef7e4ad8935549b014c3ea5098bd8308210d,1718,,,,,no_m0_reference
smollm,smollm/epoch-018,epoch-018,18,126,True,exact_prefix_mean_score_margin,exact_prefix,3.9992187331080933,logprob,higher,500,measured,/vol/tmp2/yesildau/m1_eval_v2_matched_three_model_v3/results/smollm/epoch-018/exact_prefix/raw/20260825T233330Z_0be8f1c6/summary_metrics.json,2e9b456a7aa84a04d1f41aab84b4ef7e4ad8935549b014c3ea5098bd8308210d,1718,,,,,no_m0_reference
smollm,smollm/epoch-018,epoch-018,18,126,True,factual_cheap_top1_count,factual_cheap,627,count,higher,1500,completed_derived_from_full_without_rescoring,/vol/tmp2/yesildau/m1_eval_v2_matched_three_model_v3/results/smollm/epoch-018/factual_cheap/summary.json,49066a41cbb43f281fd565315a49c3a75e80afaefd09be373cc09d5693b39060,656,,,,,no_m0_reference
smollm,smollm/epoch-018,epoch-018,18,126,True,factual_cheap_top1_rate,factual_cheap,0.418,fraction,higher,1500,completed_derived_from_full_without_rescoring,/vol/tmp2/yesildau/m1_eval_v2_matched_three_model_v3/results/smollm/epoch-018/factual_cheap/summary.json,49066a41cbb43f281fd565315a49c3a75e80afaefd09be373cc09d5693b39060,656,,,,,no_m0_reference
smollm,smollm/epoch-018,epoch-018,18,126,True,factual_top1_count,factual_full,4987,count,higher,12000,measured,/vol/tmp2/yesildau/m1_eval_v2_matched_three_model_v3/results/smollm/epoch-018/factual_full/raw/summary.json,d68976bbfc444723f760898fb42eed190bc390b61371d98d13ee863e7322e304,334,146,12000,4841,3315.753424657534,direct_same_metric_and_denominator
smollm,smollm/epoch-018,epoch-018,18,126,True,factual_top1_rate,factual_full,0.41558333333333336,fraction,higher,12000,measured,/vol/tmp2/yesildau/m1_eval_v2_matched_three_model_v3/results/smollm/epoch-018/factual_full/raw/summary.json,d68976bbfc444723f760898fb42eed190bc390b61371d98d13ee863e7322e304,334,0.012166666666666666,12000,0.4034166666666667,3315.7534246575347,direct_same_metric_and_denominator
smollm,smollm/epoch-018,epoch-018,18,126,True,factual_forced_choice_rate,factual_full,0.6077083333333333,fraction,higher,4800,measured,/vol/tmp2/yesildau/m1_eval_v2_matched_three_model_v3/results/smollm/epoch-018/factual_full/raw/summary.json,d68976bbfc444723f760898fb42eed190bc390b61371d98d13ee863e7322e304,334,0.5027083333333333,4800,0.10499999999999998,20.88686282635723,direct_same_metric_and_denominator
smollm,smollm/epoch-018,epoch-018,18,126,True,factual_failure_early_eos,factual_full,1189,count,lower,12000,measured,/vol/tmp2/yesildau/m1_eval_v2_matched_three_model_v3/results/smollm/epoch-018/factual_full/raw/summary.json,d68976bbfc444723f760898fb42eed190bc390b61371d98d13ee863e7322e304,334,,,,,no_m0_reference
smollm,smollm/epoch-018,epoch-018,18,126,True,factual_failure_none,factual_full,4987,count,lower,12000,measured,/vol/tmp2/yesildau/m1_eval_v2_matched_three_model_v3/results/smollm/epoch-018/factual_full/raw/summary.json,d68976bbfc444723f760898fb42eed190bc390b61371d98d13ee863e7322e304,334,,,,,no_m0_reference
smollm,smollm/epoch-018,epoch-018,18,126,True,factual_prompt_form_failures,factual_full,4500,count,lower,12000,measured,/vol/tmp2/yesildau/m1_eval_v2_matched_three_model_v3/results/smollm/epoch-018/factual_full/raw/summary.json,d68976bbfc444723f760898fb42eed190bc390b61371d98d13ee863e7322e304,334,3165,12000,1335,42.18009478672986,direct_same_metric_and_denominator
smollm,smollm/epoch-018,epoch-018,18,126,True,factual_failure_relation_swap,factual_full,1324,count,lower,12000,measured,/vol/tmp2/yesildau/m1_eval_v2_matched_three_model_v3/results/smollm/epoch-018/factual_full/raw/summary.json,d68976bbfc444723f760898fb42eed190bc390b61371d98d13ee863e7322e304,334,,,,,no_m0_reference
smollm,smollm/epoch-018,epoch-018,18,126,True,turkish_bpb,turkish_cross_domain,1.576605167629299,bits/byte,lower,12207027,measured,/vol/tmp2/yesildau/m1_eval_v2_matched_three_model_v3/results/smollm/epoch-018/turkish_perplexity/raw/trwiki_cross_domain/summary.json,de994935bc95d08b910e2afd72459f558fca29c89ad02c0b8235bf0bf892fbba,940,1.4910878271709507,,,,m0_reference_denominator_unbound
smollm,smollm/epoch-018,epoch-018,18,126,True,turkish_ppl,turkish_cross_domain,10.529215235933039,PPL,lower,12207027,measured,/vol/tmp2/yesildau/m1_eval_v2_matched_three_model_v3/results/smollm/epoch-018/turkish_perplexity/raw/trwiki_cross_domain/summary.json,de994935bc95d08b910e2afd72459f558fca29c89ad02c0b8235bf0bf892fbba,940,9.267012914466756,,,,m0_reference_denominator_unbound
smollm,smollm/epoch-018,epoch-018,18,126,True,turkish_byte_ppl,turkish_cross_domain,2.982671653208442,PPL,lower,12207027,measured,/vol/tmp2/yesildau/m1_eval_v2_matched_three_model_v3/results/smollm/epoch-018/turkish_perplexity/raw/trwiki_cross_domain/summary.json,de994935bc95d08b910e2afd72459f558fca29c89ad02c0b8235bf0bf892fbba,940,2.811008521408759,,,,m0_reference_denominator_unbound
smollm,smollm/epoch-018,epoch-018,18,126,True,generation_top1_accuracy,generation,1.0,fraction,higher,30,measured,/vol/tmp2/yesildau/m1_eval_v2_matched_three_model_v3/results/smollm/epoch-018/generation_integrity/raw/20260825T233445Z_m1_smollm_epoch-018_generation/summary_metrics.json,e71992b2a38b69ac5555dcae3d52eebcf360a5d11bc882fae0bd22d199c9c725,1081,1.0,30,0.0,0.0,direct_same_metric_and_denominator
smollm,smollm/epoch-018,epoch-018,18,126,True,generation_empty_or_near_empty,generation,0,count,lower,30,measured,/vol/tmp2/yesildau/m1_eval_v2_matched_three_model_v3/results/smollm/epoch-018/generation_integrity/raw/20260825T233445Z_m1_smollm_epoch-018_generation/summary_metrics.json,e71992b2a38b69ac5555dcae3d52eebcf360a5d11bc882fae0bd22d199c9c725,1081,0,30,0,,direct_same_metric_and_denominator
smollm,smollm/epoch-018,epoch-018,18,126,True,generation_distinct_2,generation,0.6338624338624338,fraction,higher,30,measured,/vol/tmp2/yesildau/m1_eval_v2_matched_three_model_v3/results/smollm/epoch-018/generation_integrity/raw/20260825T233445Z_m1_smollm_epoch-018_generation/summary_metrics.json,e71992b2a38b69ac5555dcae3d52eebcf360a5d11bc882fae0bd22d199c9c725,1081,0.6661375661375663,30,-0.032275132275132457,-4.845115170770479,direct_same_metric_and_denominator
smollm,smollm/epoch-018,epoch-018,18,126,True,generation_repeated_3gram,generation,0.4704301075268818,fraction,lower,30,measured,/vol/tmp2/yesildau/m1_eval_v2_matched_three_model_v3/results/smollm/epoch-018/generation_integrity/raw/20260825T233445Z_m1_smollm_epoch-018_generation/summary_metrics.json,e71992b2a38b69ac5555dcae3d52eebcf360a5d11bc882fae0bd22d199c9c725,1081,0.42311827956989245,30,0.04731182795698935,11.181702668360888,direct_same_metric_and_denominator
smollm,smollm/epoch-018,epoch-018,18,126,True,generation_repeated_4gram,generation,0.4262295081967213,fraction,lower,30,measured,/vol/tmp2/yesildau/m1_eval_v2_matched_three_model_v3/results/smollm/epoch-018/generation_integrity/raw/20260825T233445Z_m1_smollm_epoch-018_generation/summary_metrics.json,e71992b2a38b69ac5555dcae3d52eebcf360a5d11bc882fae0bd22d199c9c725,1081,,,,,no_m0_reference
smollm,smollm/epoch-018,epoch-018,18,126,True,generation_ppl,generation,17.184490948463356,PPL,lower,304243,measured,/vol/tmp2/yesildau/m1_eval_v2_matched_three_model_v3/results/smollm/epoch-018/generation_integrity/raw/20260825T233445Z_m1_smollm_epoch-018_generation/summary_metrics.json,e71992b2a38b69ac5555dcae3d52eebcf360a5d11bc882fae0bd22d199c9c725,1081,15.924011152164711,304243,1.260479796298645,7.91559227291357,direct_same_metric_and_denominator
smollm,smollm/epoch-019,epoch-019,19,133,False,wikitext_bpb,wikitext,0.6513117591292265,bits/byte,lower,62,measured,/vol/tmp2/yesildau/m1_eval_v2_matched_three_model_v3/results/smollm/epoch-019/harness/raw/__vol__tmp2__yesildau__m1_matched_three_model_retry_v1__training__smollm__20260822T155242Z_m1_matched_epoch_dense_smollm_seed42_081e6e29__epoch_snapshots__epoch-019/results_2026-08-25T01-59-31.243397.json,cd546ff57e1882c2bd3682b2bcb860f1fc1a3e1f1e3383c5bddc8a4931191f57,12390,0.6411010344952439,62,0.010210724633982537,1.5926857210613792,direct_same_metric_and_denominator
smollm,smollm/epoch-019,epoch-019,19,133,False,wikitext_word_ppl,wikitext,11.180071291280292,PPL,lower,62,measured,/vol/tmp2/yesildau/m1_eval_v2_matched_three_model_v3/results/smollm/epoch-019/harness/raw/__vol__tmp2__yesildau__m1_matched_three_model_retry_v1__training__smollm__20260822T155242Z_m1_matched_epoch_dense_smollm_seed42_081e6e29__epoch_snapshots__epoch-019/results_2026-08-25T01-59-31.243397.json,cd546ff57e1882c2bd3682b2bcb860f1fc1a3e1f1e3383c5bddc8a4931191f57,12390,10.764848694209554,62,0.4152225970707377,3.8572079261465815,direct_same_metric_and_denominator
smollm,smollm/epoch-019,epoch-019,19,133,False,wikitext_byte_ppl,wikitext,1.570595598473995,PPL,lower,62,measured,/vol/tmp2/yesildau/m1_eval_v2_matched_three_model_v3/results/smollm/epoch-019/harness/raw/__vol__tmp2__yesildau__m1_matched_three_model_retry_v1__training__smollm__20260822T155242Z_m1_matched_epoch_dense_smollm_seed42_081e6e29__epoch_snapshots__epoch-019/results_2026-08-25T01-59-31.243397.json,cd546ff57e1882c2bd3682b2bcb860f1fc1a3e1f1e3383c5bddc8a4931191f57,12390,1.5595188972757745,62,0.011076701198220462,0.7102639934385954,direct_same_metric_and_denominator
smollm,smollm/epoch-019,epoch-019,19,133,False,exact_prefix_top1_accuracy,exact_prefix,1.0,fraction,higher,500,measured,/vol/tmp2/yesildau/m1_eval_v2_matched_three_model_v3/results/smollm/epoch-019/exact_prefix/raw/20260825T002221Z_afffd48d/summary_metrics.json,aafc3a0ce5267cc1477e25e7e49066df5b3f3c0a7789666833d1ab73f9b776a3,1711,0.032,500,0.968,3025.0,direct_same_metric_and_denominator
smollm,smollm/epoch-019,epoch-019,19,133,False,exact_prefix_top5_accuracy,exact_prefix,1.0,fraction,higher,500,measured,/vol/tmp2/yesildau/m1_eval_v2_matched_three_model_v3/results/smollm/epoch-019/exact_prefix/raw/20260825T002221Z_afffd48d/summary_metrics.json,aafc3a0ce5267cc1477e25e7e49066df5b3f3c0a7789666833d1ab73f9b776a3,1711,,,,,no_m0_reference
smollm,smollm/epoch-019,epoch-019,19,133,False,exact_prefix_mrr,exact_prefix,1.0,fraction,higher,500,measured,/vol/tmp2/yesildau/m1_eval_v2_matched_three_model_v3/results/smollm/epoch-019/exact_prefix/raw/20260825T002221Z_afffd48d/summary_metrics.json,aafc3a0ce5267cc1477e25e7e49066df5b3f3c0a7789666833d1ab73f9b776a3,1711,,,,,no_m0_reference
smollm,smollm/epoch-019,epoch-019,19,133,False,exact_prefix_mean_rank,exact_prefix,1,rank,lower,500,measured,/vol/tmp2/yesildau/m1_eval_v2_matched_three_model_v3/results/smollm/epoch-019/exact_prefix/raw/20260825T002221Z_afffd48d/summary_metrics.json,aafc3a0ce5267cc1477e25e7e49066df5b3f3c0a7789666833d1ab73f9b776a3,1711,,,,,no_m0_reference
smollm,smollm/epoch-019,epoch-019,19,133,False,exact_prefix_mean_score_margin,exact_prefix,4.055628503890556,logprob,higher,500,measured,/vol/tmp2/yesildau/m1_eval_v2_matched_three_model_v3/results/smollm/epoch-019/exact_prefix/raw/20260825T002221Z_afffd48d/summary_metrics.json,aafc3a0ce5267cc1477e25e7e49066df5b3f3c0a7789666833d1ab73f9b776a3,1711,,,,,no_m0_reference
smollm,smollm/epoch-019,epoch-019,19,133,False,factual_cheap_top1_count,factual_cheap,627,count,higher,1500,completed,/vol/tmp2/yesildau/m1_eval_v2_matched_three_model_v3/results/smollm/epoch-019/factual_cheap/raw/summary.json,3a7e01a700a4a25688b9bdb1cc74343fcc2ce5de948ec3330f6ae456e00874e0,326,,,,,no_m0_reference
smollm,smollm/epoch-019,epoch-019,19,133,False,turkish_bpb,turkish_cross_domain,1.5770467615135835,bits/byte,lower,12207027,measured,/vol/tmp2/yesildau/m1_eval_v2_matched_three_model_v3/results/smollm/epoch-019/turkish_perplexity/raw/trwiki_cross_domain/summary.json,14b6c5eaa812fb9b7b2074b107196534cbc504b116c3deb212a9348a28e8c211,939,1.4910878271709507,,,,m0_reference_denominator_unbound
smollm,smollm/epoch-019,epoch-019,19,133,False,turkish_ppl,turkish_cross_domain,10.536160265995672,PPL,lower,12207027,measured,/vol/tmp2/yesildau/m1_eval_v2_matched_three_model_v3/results/smollm/epoch-019/turkish_perplexity/raw/trwiki_cross_domain/summary.json,14b6c5eaa812fb9b7b2074b107196534cbc504b116c3deb212a9348a28e8c211,939,9.267012914466756,,,,m0_reference_denominator_unbound
smollm,smollm/epoch-019,epoch-019,19,133,False,turkish_byte_ppl,turkish_cross_domain,2.98358475758873,PPL,lower,12207027,measured,/vol/tmp2/yesildau/m1_eval_v2_matched_three_model_v3/results/smollm/epoch-019/turkish_perplexity/raw/trwiki_cross_domain/summary.json,14b6c5eaa812fb9b7b2074b107196534cbc504b116c3deb212a9348a28e8c211,939,2.811008521408759,,,,m0_reference_denominator_unbound
smollm,smollm/epoch-019,epoch-019,19,133,False,generation_top1_accuracy,generation,1.0,fraction,higher,30,measured,/vol/tmp2/yesildau/m1_eval_v2_matched_three_model_v3/results/smollm/epoch-019/generation_integrity/raw/20260825T002338Z_m1_smollm_epoch-019_generation/summary_metrics.json,e425682083bef05e7468f7e333d26971a0f7f308a3cab824ec7f112b70582543,1084,1.0,30,0.0,0.0,direct_same_metric_and_denominator
smollm,smollm/epoch-019,epoch-019,19,133,False,generation_empty_or_near_empty,generation,0,count,lower,30,measured,/vol/tmp2/yesildau/m1_eval_v2_matched_three_model_v3/results/smollm/epoch-019/generation_integrity/raw/20260825T002338Z_m1_smollm_epoch-019_generation/summary_metrics.json,e425682083bef05e7468f7e333d26971a0f7f308a3cab824ec7f112b70582543,1084,0,30,0,,direct_same_metric_and_denominator
smollm,smollm/epoch-019,epoch-019,19,133,False,generation_distinct_2,generation,0.6126984126984125,fraction,higher,30,measured,/vol/tmp2/yesildau/m1_eval_v2_matched_three_model_v3/results/smollm/epoch-019/generation_integrity/raw/20260825T002338Z_m1_smollm_epoch-019_generation/summary_metrics.json,e425682083bef05e7468f7e333d26971a0f7f308a3cab824ec7f112b70582543,1084,0.6661375661375663,30,-0.05343915343915373,-8.022239872915055,direct_same_metric_and_denominator
smollm,smollm/epoch-019,epoch-019,19,133,False,generation_repeated_3gram,generation,0.5075268817204301,fraction,lower,30,measured,/vol/tmp2/yesildau/m1_eval_v2_matched_three_model_v3/results/smollm/epoch-019/generation_integrity/raw/20260825T002338Z_m1_smollm_epoch-019_generation/summary_metrics.json,e425682083bef05e7468f7e333d26971a0f7f308a3cab824ec7f112b70582543,1084,0.42311827956989245,30,0.08440860215053769,19.949174078780192,direct_same_metric_and_denominator
smollm,smollm/epoch-019,epoch-019,19,133,False,generation_repeated_4gram,generation,0.46721311475409827,fraction,lower,30,measured,/vol/tmp2/yesildau/m1_eval_v2_matched_three_model_v3/results/smollm/epoch-019/generation_integrity/raw/20260825T002338Z_m1_smollm_epoch-019_generation/summary_metrics.json,e425682083bef05e7468f7e333d26971a0f7f308a3cab824ec7f112b70582543,1084,,,,,no_m0_reference
smollm,smollm/epoch-019,epoch-019,19,133,False,generation_ppl,generation,17.190141630972256,PPL,lower,304243,measured,/vol/tmp2/yesildau/m1_eval_v2_matched_three_model_v3/results/smollm/epoch-019/generation_integrity/raw/20260825T002338Z_m1_smollm_epoch-019_generation/summary_metrics.json,e425682083bef05e7468f7e333d26971a0f7f308a3cab824ec7f112b70582543,1084,15.924011152164711,304243,1.2661304788075451,7.951077569017071,direct_same_metric_and_denominator
smollm,smollm/epoch-020,epoch-020,20,140,False,wikitext_bpb,wikitext,0.6513357942275848,bits/byte,lower,62,measured,/vol/tmp2/yesildau/m1_eval_v2_matched_three_model_v3/results/smollm/epoch-020/harness/raw/__vol__tmp2__yesildau__m1_matched_three_model_retry_v1__training__smollm__20260822T155242Z_m1_matched_epoch_dense_smollm_seed42_081e6e29__epoch_snapshots__epoch-020/results_2026-08-25T02-10-30.213598.json,dd32cd21420854facd960a815b1e995c99e68dcc5823b9741478bb1e532fb464,12320,0.6411010344952439,62,0.010234759732340892,1.5964347554670526,direct_same_metric_and_denominator
smollm,smollm/epoch-020,epoch-020,20,140,False,wikitext_word_ppl,wikitext,11.181067343407683,PPL,lower,62,measured,/vol/tmp2/yesildau/m1_eval_v2_matched_three_model_v3/results/smollm/epoch-020/harness/raw/__vol__tmp2__yesildau__m1_matched_three_model_retry_v1__training__smollm__20260822T155242Z_m1_matched_epoch_dense_smollm_seed42_081e6e29__epoch_snapshots__epoch-020/results_2026-08-25T02-10-30.213598.json,dd32cd21420854facd960a815b1e995c99e68dcc5823b9741478bb1e532fb464,12320,10.764848694209554,62,0.4162186491981288,3.866460746652334,direct_same_metric_and_denominator
smollm,smollm/epoch-020,epoch-020,20,140,False,wikitext_byte_ppl,wikitext,1.5706217645957827,PPL,lower,62,measured,/vol/tmp2/yesildau/m1_eval_v2_matched_three_model_v3/results/smollm/epoch-020/harness/raw/__vol__tmp2__yesildau__m1_matched_three_model_retry_v1__training__smollm__20260822T155242Z_m1_matched_epoch_dense_smollm_seed42_081e6e29__epoch_snapshots__epoch-020/results_2026-08-25T02-10-30.213598.json,dd32cd21420854facd960a815b1e995c99e68dcc5823b9741478bb1e532fb464,12320,1.5595188972757745,62,0.011102867320008203,0.7119418263801166,direct_same_metric_and_denominator
smollm,smollm/epoch-020,epoch-020,20,140,False,exact_prefix_top1_accuracy,exact_prefix,1.0,fraction,higher,500,measured,/vol/tmp2/yesildau/m1_eval_v2_matched_three_model_v3/results/smollm/epoch-020/exact_prefix/raw/20260825T003517Z_4a9267aa/summary_metrics.json,c15e18d949e91c49ef2efd5ba280dddc34bf7927b97f3708113779300b4ee125,1709,0.032,500,0.968,3025.0,direct_same_metric_and_denominator
smollm,smollm/epoch-020,epoch-020,20,140,False,exact_prefix_top5_accuracy,exact_prefix,1.0,fraction,higher,500,measured,/vol/tmp2/yesildau/m1_eval_v2_matched_three_model_v3/results/smollm/epoch-020/exact_prefix/raw/20260825T003517Z_4a9267aa/summary_metrics.json,c15e18d949e91c49ef2efd5ba280dddc34bf7927b97f3708113779300b4ee125,1709,,,,,no_m0_reference
smollm,smollm/epoch-020,epoch-020,20,140,False,exact_prefix_mrr,exact_prefix,1.0,fraction,higher,500,measured,/vol/tmp2/yesildau/m1_eval_v2_matched_three_model_v3/results/smollm/epoch-020/exact_prefix/raw/20260825T003517Z_4a9267aa/summary_metrics.json,c15e18d949e91c49ef2efd5ba280dddc34bf7927b97f3708113779300b4ee125,1709,,,,,no_m0_reference
smollm,smollm/epoch-020,epoch-020,20,140,False,exact_prefix_mean_rank,exact_prefix,1,rank,lower,500,measured,/vol/tmp2/yesildau/m1_eval_v2_matched_three_model_v3/results/smollm/epoch-020/exact_prefix/raw/20260825T003517Z_4a9267aa/summary_metrics.json,c15e18d949e91c49ef2efd5ba280dddc34bf7927b97f3708113779300b4ee125,1709,,,,,no_m0_reference
smollm,smollm/epoch-020,epoch-020,20,140,False,exact_prefix_mean_score_margin,exact_prefix,4.101688448368228,logprob,higher,500,measured,/vol/tmp2/yesildau/m1_eval_v2_matched_three_model_v3/results/smollm/epoch-020/exact_prefix/raw/20260825T003517Z_4a9267aa/summary_metrics.json,c15e18d949e91c49ef2efd5ba280dddc34bf7927b97f3708113779300b4ee125,1709,,,,,no_m0_reference
smollm,smollm/epoch-020,epoch-020,20,140,False,factual_cheap_top1_count,factual_cheap,628,count,higher,1500,completed,/vol/tmp2/yesildau/m1_eval_v2_matched_three_model_v3/results/smollm/epoch-020/factual_cheap/raw/summary.json,065521cb95e5151c8ea12257a048f6452d5baf12cfed8a566a20d4b869966f08,326,,,,,no_m0_reference
smollm,smollm/epoch-020,epoch-020,20,140,False,turkish_bpb,turkish_cross_domain,1.5773273314547331,bits/byte,lower,12207027,measured,/vol/tmp2/yesildau/m1_eval_v2_matched_three_model_v3/results/smollm/epoch-020/turkish_perplexity/raw/trwiki_cross_domain/summary.json,acca9ebba72b59cf3bf21166e532da192c9ace59a863b86445ea39217614e1e5,938,1.4910878271709507,,,,m0_reference_denominator_unbound
smollm,smollm/epoch-020,epoch-020,20,140,False,turkish_ppl,turkish_cross_domain,10.540575221901198,PPL,lower,12207027,measured,/vol/tmp2/yesildau/m1_eval_v2_matched_three_model_v3/results/smollm/epoch-020/turkish_perplexity/raw/trwiki_cross_domain/summary.json,acca9ebba72b59cf3bf21166e532da192c9ace59a863b86445ea39217614e1e5,938,9.267012914466756,,,,m0_reference_denominator_unbound
smollm,smollm/epoch-020,epoch-020,20,140,False,turkish_byte_ppl,turkish_cross_domain,2.9841650504294552,PPL,lower,12207027,measured,/vol/tmp2/yesildau/m1_eval_v2_matched_three_model_v3/results/smollm/epoch-020/turkish_perplexity/raw/trwiki_cross_domain/summary.json,acca9ebba72b59cf3bf21166e532da192c9ace59a863b86445ea39217614e1e5,938,2.811008521408759,,,,m0_reference_denominator_unbound
smollm,smollm/epoch-020,epoch-020,20,140,False,generation_top1_accuracy,generation,1.0,fraction,higher,30,measured,/vol/tmp2/yesildau/m1_eval_v2_matched_three_model_v3/results/smollm/epoch-020/generation_integrity/raw/20260825T003628Z_m1_smollm_epoch-020_generation/summary_metrics.json,639948bb2c0ed8c7f1990eb9520f886aa83ceb82f8db323228ce9c0de1534d3f,1083,1.0,30,0.0,0.0,direct_same_metric_and_denominator
smollm,smollm/epoch-020,epoch-020,20,140,False,generation_empty_or_near_empty,generation,0,count,lower,30,measured,/vol/tmp2/yesildau/m1_eval_v2_matched_three_model_v3/results/smollm/epoch-020/generation_integrity/raw/20260825T003628Z_m1_smollm_epoch-020_generation/summary_metrics.json,639948bb2c0ed8c7f1990eb9520f886aa83ceb82f8db323228ce9c0de1534d3f,1083,0,30,0,,direct_same_metric_and_denominator
smollm,smollm/epoch-020,epoch-020,20,140,False,generation_distinct_2,generation,0.6513227513227512,fraction,higher,30,measured,/vol/tmp2/yesildau/m1_eval_v2_matched_three_model_v3/results/smollm/epoch-020/generation_integrity/raw/20260825T003628Z_m1_smollm_epoch-020_generation/summary_metrics.json,639948bb2c0ed8c7f1990eb9520f886aa83ceb82f8db323228ce9c0de1534d3f,1083,0.6661375661375663,30,-0.014814814814815058,-2.2239872915012278,direct_same_metric_and_denominator
smollm,smollm/epoch-020,epoch-020,20,140,False,generation_repeated_3gram,generation,0.4483870967741935,fraction,lower,30,measured,/vol/tmp2/yesildau/m1_eval_v2_matched_three_model_v3/results/smollm/epoch-020/generation_integrity/raw/20260825T003628Z_m1_smollm_epoch-020_generation/summary_metrics.json,639948bb2c0ed8c7f1990eb9520f886aa83ceb82f8db323228ce9c0de1534d3f,1083,0.42311827956989245,30,0.025268817204301075,5.972045743329098,direct_same_metric_and_denominator
smollm,smollm/epoch-020,epoch-020,20,140,False,generation_repeated_4gram,generation,0.4021857923497268,fraction,lower,30,measured,/vol/tmp2/yesildau/m1_eval_v2_matched_three_model_v3/results/smollm/epoch-020/generation_integrity/raw/20260825T003628Z_m1_smollm_epoch-020_generation/summary_metrics.json,639948bb2c0ed8c7f1990eb9520f886aa83ceb82f8db323228ce9c0de1534d3f,1083,,,,,no_m0_reference
smollm,smollm/epoch-020,epoch-020,20,140,False,generation_ppl,generation,17.19604985855075,PPL,lower,304243,measured,/vol/tmp2/yesildau/m1_eval_v2_matched_three_model_v3/results/smollm/epoch-020/generation_integrity/raw/20260825T003628Z_m1_smollm_epoch-020_generation/summary_metrics.json,639948bb2c0ed8c7f1990eb9520f886aa83ceb82f8db323228ce9c0de1534d3f,1083,15.924011152164711,304243,1.2720387063860397,7.9881802030333215,direct_same_metric_and_denominator
smollm,smollm/epoch-021,epoch-021,21,147,False,wikitext_bpb,wikitext,0.6513615061932705,bits/byte,lower,62,measured,/vol/tmp2/yesildau/m1_eval_v2_matched_three_model_v3/results/smollm/epoch-021/harness/raw/__vol__tmp2__yesildau__m1_matched_three_model_retry_v1__training__smollm__20260822T155242Z_m1_matched_epoch_dense_smollm_seed42_081e6e29__epoch_snapshots__epoch-021/results_2026-08-25T02-22-34.569412.json,c9f80579cd584788e01de5a46f6a2706ddfe4018460176e02f3be74b0f529c4f,12318,0.6411010344952439,62,0.010260471698026574,1.6004453504126568,direct_same_metric_and_denominator
smollm,smollm/epoch-021,epoch-021,21,147,False,wikitext_word_ppl,wikitext,11.182132985786911,PPL,lower,62,measured,/vol/tmp2/yesildau/m1_eval_v2_matched_three_model_v3/results/smollm/epoch-021/harness/raw/__vol__tmp2__yesildau__m1_matched_three_model_retry_v1__training__smollm__20260822T155242Z_m1_matched_epoch_dense_smollm_seed42_081e6e29__epoch_snapshots__epoch-021/results_2026-08-25T02-22-34.569412.json,c9f80579cd584788e01de5a46f6a2706ddfe4018460176e02f3be74b0f529c4f,12318,10.764848694209554,62,0.41728429157735647,3.8763600254020756,direct_same_metric_and_denominator
smollm,smollm/epoch-021,epoch-021,21,147,False,wikitext_byte_ppl,wikitext,1.57064975674356,PPL,lower,62,measured,/vol/tmp2/yesildau/m1_eval_v2_matched_three_model_v3/results/smollm/epoch-021/harness/raw/__vol__tmp2__yesildau__m1_matched_three_model_retry_v1__training__smollm__20260822T155242Z_m1_matched_epoch_dense_smollm_seed42_081e6e29__epoch_snapshots__epoch-021/results_2026-08-25T02-22-34.569412.json,c9f80579cd584788e01de5a46f6a2706ddfe4018460176e02f3be74b0f529c4f,12318,1.5595188972757745,62,0.01113085946778547,0.7137367483798541,direct_same_metric_and_denominator
smollm,smollm/epoch-021,epoch-021,21,147,False,exact_prefix_top1_accuracy,exact_prefix,1.0,fraction,higher,500,measured,/vol/tmp2/yesildau/m1_eval_v2_matched_three_model_v3/results/smollm/epoch-021/exact_prefix/raw/20260825T004442Z_da8c9b9d/summary_metrics.json,096050c71a3d2f8a65af3eb9b5ac52fdefdc0557c776bae7733438eeb825fdbf,1708,0.032,500,0.968,3025.0,direct_same_metric_and_denominator
smollm,smollm/epoch-021,epoch-021,21,147,False,exact_prefix_top5_accuracy,exact_prefix,1.0,fraction,higher,500,measured,/vol/tmp2/yesildau/m1_eval_v2_matched_three_model_v3/results/smollm/epoch-021/exact_prefix/raw/20260825T004442Z_da8c9b9d/summary_metrics.json,096050c71a3d2f8a65af3eb9b5ac52fdefdc0557c776bae7733438eeb825fdbf,1708,,,,,no_m0_reference
smollm,smollm/epoch-021,epoch-021,21,147,False,exact_prefix_mrr,exact_prefix,1.0,fraction,higher,500,measured,/vol/tmp2/yesildau/m1_eval_v2_matched_three_model_v3/results/smollm/epoch-021/exact_prefix/raw/20260825T004442Z_da8c9b9d/summary_metrics.json,096050c71a3d2f8a65af3eb9b5ac52fdefdc0557c776bae7733438eeb825fdbf,1708,,,,,no_m0_reference
smollm,smollm/epoch-021,epoch-021,21,147,False,exact_prefix_mean_rank,exact_prefix,1,rank,lower,500,measured,/vol/tmp2/yesildau/m1_eval_v2_matched_three_model_v3/results/smollm/epoch-021/exact_prefix/raw/20260825T004442Z_da8c9b9d/summary_metrics.json,096050c71a3d2f8a65af3eb9b5ac52fdefdc0557c776bae7733438eeb825fdbf,1708,,,,,no_m0_reference
smollm,smollm/epoch-021,epoch-021,21,147,False,exact_prefix_mean_score_margin,exact_prefix,4.119656781577037,logprob,higher,500,measured,/vol/tmp2/yesildau/m1_eval_v2_matched_three_model_v3/results/smollm/epoch-021/exact_prefix/raw/20260825T004442Z_da8c9b9d/summary_metrics.json,096050c71a3d2f8a65af3eb9b5ac52fdefdc0557c776bae7733438eeb825fdbf,1708,,,,,no_m0_reference
smollm,smollm/epoch-021,epoch-021,21,147,False,factual_cheap_top1_count,factual_cheap,634,count,higher,1500,completed,/vol/tmp2/yesildau/m1_eval_v2_matched_three_model_v3/results/smollm/epoch-021/factual_cheap/raw/summary.json,ef383406052e10c10e8894820e8ca71c45a04ac9de6b173bc4ad9d18f485df4f,326,,,,,no_m0_reference
smollm,smollm/epoch-021,epoch-021,21,147,False,turkish_bpb,turkish_cross_domain,1.5776170032349506,bits/byte,lower,12207027,measured,/vol/tmp2/yesildau/m1_eval_v2_matched_three_model_v3/results/smollm/epoch-021/turkish_perplexity/raw/trwiki_cross_domain/summary.json,2b9d557990f7d4029fac18e45798d8feb28e00edec409c16acb048a5bb1fbf14,938,1.4910878271709507,,,,m0_reference_denominator_unbound
smollm,smollm/epoch-021,epoch-021,21,147,False,turkish_ppl,turkish_cross_domain,10.545135342338103,PPL,lower,12207027,measured,/vol/tmp2/yesildau/m1_eval_v2_matched_three_model_v3/results/smollm/epoch-021/turkish_perplexity/raw/trwiki_cross_domain/summary.json,2b9d557990f7d4029fac18e45798d8feb28e00edec409c16acb048a5bb1fbf14,938,9.267012914466756,,,,m0_reference_denominator_unbound
smollm,smollm/epoch-021,epoch-021,21,147,False,turkish_byte_ppl,turkish_cross_domain,2.984764286696395,PPL,lower,12207027,measured,/vol/tmp2/yesildau/m1_eval_v2_matched_three_model_v3/results/smollm/epoch-021/turkish_perplexity/raw/trwiki_cross_domain/summary.json,2b9d557990f7d4029fac18e45798d8feb28e00edec409c16acb048a5bb1fbf14,938,2.811008521408759,,,,m0_reference_denominator_unbound
smollm,smollm/epoch-021,epoch-021,21,147,False,generation_top1_accuracy,generation,1.0,fraction,higher,30,measured,/vol/tmp2/yesildau/m1_eval_v2_matched_three_model_v3/results/smollm/epoch-021/generation_integrity/raw/20260825T004550Z_m1_smollm_epoch-021_generation/summary_metrics.json,f12408ce51a1c01452a127452efb644a12067cfea5c6dfb9e7c7974841a1cd1f,1082,1.0,30,0.0,0.0,direct_same_metric_and_denominator
smollm,smollm/epoch-021,epoch-021,21,147,False,generation_empty_or_near_empty,generation,0,count,lower,30,measured,/vol/tmp2/yesildau/m1_eval_v2_matched_three_model_v3/results/smollm/epoch-021/generation_integrity/raw/20260825T004550Z_m1_smollm_epoch-021_generation/summary_metrics.json,f12408ce51a1c01452a127452efb644a12067cfea5c6dfb9e7c7974841a1cd1f,1082,0,30,0,,direct_same_metric_and_denominator
smollm,smollm/epoch-021,epoch-021,21,147,False,generation_distinct_2,generation,0.603174603174603,fraction,higher,30,measured,/vol/tmp2/yesildau/m1_eval_v2_matched_three_model_v3/results/smollm/epoch-021/generation_integrity/raw/20260825T004550Z_m1_smollm_epoch-021_generation/summary_metrics.json,f12408ce51a1c01452a127452efb644a12067cfea5c6dfb9e7c7974841a1cd1f,1082,0.6661375661375663,30,-0.06296296296296322,-9.451945988880102,direct_same_metric_and_denominator
smollm,smollm/epoch-021,epoch-021,21,147,False,generation_repeated_3gram,generation,0.5193548387096774,fraction,lower,30,measured,/vol/tmp2/yesildau/m1_eval_v2_matched_three_model_v3/results/smollm/epoch-021/generation_integrity/raw/20260825T004550Z_m1_smollm_epoch-021_generation/summary_metrics.json,f12408ce51a1c01452a127452efb644a12067cfea5c6dfb9e7c7974841a1cd1f,1082,0.42311827956989245,30,0.0962365591397849,22.744599745870385,direct_same_metric_and_denominator
smollm,smollm/epoch-021,epoch-021,21,147,False,generation_repeated_4gram,generation,0.4743169398907104,fraction,lower,30,measured,/vol/tmp2/yesildau/m1_eval_v2_matched_three_model_v3/results/smollm/epoch-021/generation_integrity/raw/20260825T004550Z_m1_smollm_epoch-021_generation/summary_metrics.json,f12408ce51a1c01452a127452efb644a12067cfea5c6dfb9e7c7974841a1cd1f,1082,,,,,no_m0_reference
smollm,smollm/epoch-021,epoch-021,21,147,False,generation_ppl,generation,17.199468942847524,PPL,lower,304243,measured,/vol/tmp2/yesildau/m1_eval_v2_matched_three_model_v3/results/smollm/epoch-021/generation_integrity/raw/20260825T004550Z_m1_smollm_epoch-021_generation/summary_metrics.json,f12408ce51a1c01452a127452efb644a12067cfea5c6dfb9e7c7974841a1cd1f,1082,15.924011152164711,304243,1.2754577906828128,8.00965145336153,direct_same_metric_and_denominator
smollm,smollm/epoch-022,epoch-022,22,154,False,wikitext_bpb,wikitext,0.6513560563744567,bits/byte,lower,62,measured,/vol/tmp2/yesildau/m1_eval_v2_matched_three_model_v3/results/smollm/epoch-022/harness/raw/__vol__tmp2__yesildau__m1_matched_three_model_retry_v1__training__smollm__20260822T155242Z_m1_matched_epoch_dense_smollm_seed42_081e6e29__epoch_snapshots__epoch-022/results_2026-08-25T02-26-59.953360.json,407956de5d23fe1efea47010faa2081394cbd239995297d888a0b8ecd796f78c,12390,0.6411010344952439,62,0.010255021879212789,1.5995952786578864,direct_same_metric_and_denominator
smollm,smollm/epoch-022,epoch-022,22,154,False,wikitext_word_ppl,wikitext,11.181907107452956,PPL,lower,62,measured,/vol/tmp2/yesildau/m1_eval_v2_matched_three_model_v3/results/smollm/epoch-022/harness/raw/__vol__tmp2__yesildau__m1_matched_three_model_retry_v1__training__smollm__20260822T155242Z_m1_matched_epoch_dense_smollm_seed42_081e6e29__epoch_snapshots__epoch-022/results_2026-08-25T02-26-59.953360.json,407956de5d23fe1efea47010faa2081394cbd239995297d888a0b8ecd796f78c,12390,10.764848694209554,62,0.4170584132434012,3.874261729918584,direct_same_metric_and_denominator
smollm,smollm/epoch-022,epoch-022,22,154,False,wikitext_byte_ppl,wikitext,1.5706438235836166,PPL,lower,62,measured,/vol/tmp2/yesildau/m1_eval_v2_matched_three_model_v3/results/smollm/epoch-022/harness/raw/__vol__tmp2__yesildau__m1_matched_three_model_retry_v1__training__smollm__20260822T155242Z_m1_matched_epoch_dense_smollm_seed42_081e6e29__epoch_snapshots__epoch-022/results_2026-08-25T02-26-59.953360.json,407956de5d23fe1efea47010faa2081394cbd239995297d888a0b8ecd796f78c,12390,1.5595188972757745,62,0.01112492630784212,0.7133563002843732,direct_same_metric_and_denominator
smollm,smollm/epoch-022,epoch-022,22,154,False,exact_prefix_top1_accuracy,exact_prefix,1.0,fraction,higher,500,measured,/vol/tmp2/yesildau/m1_eval_v2_matched_three_model_v3/results/smollm/epoch-022/exact_prefix/raw/20260825T004955Z_b76f7ab9/summary_metrics.json,b2bfce0507d5948206e202163e70b28c2146d359c9b3fb76bfbb902629766f7e,1710,0.032,500,0.968,3025.0,direct_same_metric_and_denominator
smollm,smollm/epoch-022,epoch-022,22,154,False,exact_prefix_top5_accuracy,exact_prefix,1.0,fraction,higher,500,measured,/vol/tmp2/yesildau/m1_eval_v2_matched_three_model_v3/results/smollm/epoch-022/exact_prefix/raw/20260825T004955Z_b76f7ab9/summary_metrics.json,b2bfce0507d5948206e202163e70b28c2146d359c9b3fb76bfbb902629766f7e,1710,,,,,no_m0_reference
smollm,smollm/epoch-022,epoch-022,22,154,False,exact_prefix_mrr,exact_prefix,1.0,fraction,higher,500,measured,/vol/tmp2/yesildau/m1_eval_v2_matched_three_model_v3/results/smollm/epoch-022/exact_prefix/raw/20260825T004955Z_b76f7ab9/summary_metrics.json,b2bfce0507d5948206e202163e70b28c2146d359c9b3fb76bfbb902629766f7e,1710,,,,,no_m0_reference
smollm,smollm/epoch-022,epoch-022,22,154,False,exact_prefix_mean_rank,exact_prefix,1,rank,lower,500,measured,/vol/tmp2/yesildau/m1_eval_v2_matched_three_model_v3/results/smollm/epoch-022/exact_prefix/raw/20260825T004955Z_b76f7ab9/summary_metrics.json,b2bfce0507d5948206e202163e70b28c2146d359c9b3fb76bfbb902629766f7e,1710,,,,,no_m0_reference
smollm,smollm/epoch-022,epoch-022,22,154,False,exact_prefix_mean_score_margin,exact_prefix,4.145569114848015,logprob,higher,500,measured,/vol/tmp2/yesildau/m1_eval_v2_matched_three_model_v3/results/smollm/epoch-022/exact_prefix/raw/20260825T004955Z_b76f7ab9/summary_metrics.json,b2bfce0507d5948206e202163e70b28c2146d359c9b3fb76bfbb902629766f7e,1710,,,,,no_m0_reference
smollm,smollm/epoch-022,epoch-022,22,154,False,factual_cheap_top1_count,factual_cheap,631,count,higher,1500,completed,/vol/tmp2/yesildau/m1_eval_v2_matched_three_model_v3/results/smollm/epoch-022/factual_cheap/raw/summary.json,28698bd881b4af91d9b6cc2229e5761f607b788bda9a745d070bee9a54beccca,326,,,,,no_m0_reference
smollm,smollm/epoch-022,epoch-022,22,154,False,turkish_bpb,turkish_cross_domain,1.5777191707374731,bits/byte,lower,12207027,measured,/vol/tmp2/yesildau/m1_eval_v2_matched_three_model_v3/results/smollm/epoch-022/turkish_perplexity/raw/trwiki_cross_domain/summary.json,216c1b9ab30e53d4bad92c5febcd5ac894d5776a6b8cbf145a81217763adaa8a,940,1.4910878271709507,,,,m0_reference_denominator_unbound
smollm,smollm/epoch-022,epoch-022,22,154,False,turkish_ppl,turkish_cross_domain,10.546744171570088,PPL,lower,12207027,measured,/vol/tmp2/yesildau/m1_eval_v2_matched_three_model_v3/results/smollm/epoch-022/turkish_perplexity/raw/trwiki_cross_domain/summary.json,216c1b9ab30e53d4bad92c5febcd5ac894d5776a6b8cbf145a81217763adaa8a,940,9.267012914466756,,,,m0_reference_denominator_unbound
smollm,smollm/epoch-022,epoch-022,22,154,False,turkish_byte_ppl,turkish_cross_domain,2.9849756665806373,PPL,lower,12207027,measured,/vol/tmp2/yesildau/m1_eval_v2_matched_three_model_v3/results/smollm/epoch-022/turkish_perplexity/raw/trwiki_cross_domain/summary.json,216c1b9ab30e53d4bad92c5febcd5ac894d5776a6b8cbf145a81217763adaa8a,940,2.811008521408759,,,,m0_reference_denominator_unbound
smollm,smollm/epoch-022,epoch-022,22,154,False,generation_top1_accuracy,generation,1.0,fraction,higher,30,measured,/vol/tmp2/yesildau/m1_eval_v2_matched_three_model_v3/results/smollm/epoch-022/generation_integrity/raw/20260825T005112Z_m1_smollm_epoch-022_generation/summary_metrics.json,5bc2a154f91f24ed4e13fd7211770e6ec492b6052b7651c70631cf14317bee6f,1083,1.0,30,0.0,0.0,direct_same_metric_and_denominator
smollm,smollm/epoch-022,epoch-022,22,154,False,generation_empty_or_near_empty,generation,0,count,lower,30,measured,/vol/tmp2/yesildau/m1_eval_v2_matched_three_model_v3/results/smollm/epoch-022/generation_integrity/raw/20260825T005112Z_m1_smollm_epoch-022_generation/summary_metrics.json,5bc2a154f91f24ed4e13fd7211770e6ec492b6052b7651c70631cf14317bee6f,1083,0,30,0,,direct_same_metric_and_denominator
smollm,smollm/epoch-022,epoch-022,22,154,False,generation_distinct_2,generation,0.6359788359788359,fraction,higher,30,measured,/vol/tmp2/yesildau/m1_eval_v2_matched_three_model_v3/results/smollm/epoch-022/generation_integrity/raw/20260825T005112Z_m1_smollm_epoch-022_generation/summary_metrics.json,5bc2a154f91f24ed4e13fd7211770e6ec492b6052b7651c70631cf14317bee6f,1083,0.6661375661375663,30,-0.030158730158730385,-4.52740270055603,direct_same_metric_and_denominator
smollm,smollm/epoch-022,epoch-022,22,154,False,generation_repeated_3gram,generation,0.45053763440860223,fraction,lower,30,measured,/vol/tmp2/yesildau/m1_eval_v2_matched_three_model_v3/results/smollm/epoch-022/generation_integrity/raw/20260825T005112Z_m1_smollm_epoch-022_generation/summary_metrics.json,5bc2a154f91f24ed4e13fd7211770e6ec492b6052b7651c70631cf14317bee6f,1083,0.42311827956989245,30,0.027419354838709775,6.480304955527343,direct_same_metric_and_denominator
smollm,smollm/epoch-022,epoch-022,22,154,False,generation_repeated_4gram,generation,0.4027322404371585,fraction,lower,30,measured,/vol/tmp2/yesildau/m1_eval_v2_matched_three_model_v3/results/smollm/epoch-022/generation_integrity/raw/20260825T005112Z_m1_smollm_epoch-022_generation/summary_metrics.json,5bc2a154f91f24ed4e13fd7211770e6ec492b6052b7651c70631cf14317bee6f,1083,,,,,no_m0_reference
smollm,smollm/epoch-022,epoch-022,22,154,False,generation_ppl,generation,17.205112224919578,PPL,lower,304243,measured,/vol/tmp2/yesildau/m1_eval_v2_matched_three_model_v3/results/smollm/epoch-022/generation_integrity/raw/20260825T005112Z_m1_smollm_epoch-022_generation/summary_metrics.json,5bc2a154f91f24ed4e13fd7211770e6ec492b6052b7651c70631cf14317bee6f,1083,15.924011152164711,304243,1.2811010727548666,8.04509027601826,direct_same_metric_and_denominator
smollm,smollm/epoch-023,epoch-023,23,161,False,wikitext_bpb,wikitext,0.6513649996668691,bits/byte,lower,62,measured,/vol/tmp2/yesildau/m1_eval_v2_matched_three_model_v3/results/smollm/epoch-023/harness/raw/__vol__tmp2__yesildau__m1_matched_three_model_retry_v1__training__smollm__20260822T155242Z_m1_matched_epoch_dense_smollm_seed42_081e6e29__epoch_snapshots__epoch-023/results_2026-08-25T02-39-29.581976.json,d415723fd8f63f18c844fffa7ac7fb918648af839ce61c9e3e9ecf8d70c6db94,12318,0.6411010344952439,62,0.0102639651716252,1.6009902682041834,direct_same_metric_and_denominator
smollm,smollm/epoch-023,epoch-023,23,161,False,wikitext_word_ppl,wikitext,11.182277781990631,PPL,lower,62,measured,/vol/tmp2/yesildau/m1_eval_v2_matched_three_model_v3/results/smollm/epoch-023/harness/raw/__vol__tmp2__yesildau__m1_matched_three_model_retry_v1__training__smollm__20260822T155242Z_m1_matched_epoch_dense_smollm_seed42_081e6e29__epoch_snapshots__epoch-023/results_2026-08-25T02-39-29.581976.json,d415723fd8f63f18c844fffa7ac7fb918648af839ce61c9e3e9ecf8d70c6db94,12318,10.764848694209554,62,0.4174290877810769,3.877705108903326,direct_same_metric_and_denominator
smollm,smollm/epoch-023,epoch-023,23,161,False,wikitext_byte_ppl,wikitext,1.5706535600630043,PPL,lower,62,measured,/vol/tmp2/yesildau/m1_eval_v2_matched_three_model_v3/results/smollm/epoch-023/harness/raw/__vol__tmp2__yesildau__m1_matched_three_model_retry_v1__training__smollm__20260822T155242Z_m1_matched_epoch_dense_smollm_seed42_081e6e29__epoch_snapshots__epoch-023/results_2026-08-25T02-39-29.581976.json,d415723fd8f63f18c844fffa7ac7fb918648af839ce61c9e3e9ecf8d70c6db94,12318,1.5595188972757745,62,0.011134662787229743,0.7139806261200288,direct_same_metric_and_denominator
smollm,smollm/epoch-023,epoch-023,23,161,False,exact_prefix_top1_accuracy,exact_prefix,1.0,fraction,higher,500,measured,/vol/tmp2/yesildau/m1_eval_v2_matched_three_model_v3/results/smollm/epoch-023/exact_prefix/raw/20260825T010408Z_6f52a68a/summary_metrics.json,68bab399ecf869474694a0d53666ff10d1e6cdfa4250acb9590545c29477ffa5,1710,0.032,500,0.968,3025.0,direct_same_metric_and_denominator
smollm,smollm/epoch-023,epoch-023,23,161,False,exact_prefix_top5_accuracy,exact_prefix,1.0,fraction,higher,500,measured,/vol/tmp2/yesildau/m1_eval_v2_matched_three_model_v3/results/smollm/epoch-023/exact_prefix/raw/20260825T010408Z_6f52a68a/summary_metrics.json,68bab399ecf869474694a0d53666ff10d1e6cdfa4250acb9590545c29477ffa5,1710,,,,,no_m0_reference
smollm,smollm/epoch-023,epoch-023,23,161,False,exact_prefix_mrr,exact_prefix,1.0,fraction,higher,500,measured,/vol/tmp2/yesildau/m1_eval_v2_matched_three_model_v3/results/smollm/epoch-023/exact_prefix/raw/20260825T010408Z_6f52a68a/summary_metrics.json,68bab399ecf869474694a0d53666ff10d1e6cdfa4250acb9590545c29477ffa5,1710,,,,,no_m0_reference
smollm,smollm/epoch-023,epoch-023,23,161,False,exact_prefix_mean_rank,exact_prefix,1,rank,lower,500,measured,/vol/tmp2/yesildau/m1_eval_v2_matched_three_model_v3/results/smollm/epoch-023/exact_prefix/raw/20260825T010408Z_6f52a68a/summary_metrics.json,68bab399ecf869474694a0d53666ff10d1e6cdfa4250acb9590545c29477ffa5,1710,,,,,no_m0_reference
smollm,smollm/epoch-023,epoch-023,23,161,False,exact_prefix_mean_score_margin,exact_prefix,4.157782436362151,logprob,higher,500,measured,/vol/tmp2/yesildau/m1_eval_v2_matched_three_model_v3/results/smollm/epoch-023/exact_prefix/raw/20260825T010408Z_6f52a68a/summary_metrics.json,68bab399ecf869474694a0d53666ff10d1e6cdfa4250acb9590545c29477ffa5,1710,,,,,no_m0_reference
smollm,smollm/epoch-023,epoch-023,23,161,False,factual_cheap_top1_count,factual_cheap,634,count,higher,1500,completed,/vol/tmp2/yesildau/m1_eval_v2_matched_three_model_v3/results/smollm/epoch-023/factual_cheap/raw/summary.json,86e6f77803126739f4baa47efba72bf5bb57dbafb8169453af2d8f504cc4b443,326,,,,,no_m0_reference
smollm,smollm/epoch-023,epoch-023,23,161,False,turkish_bpb,turkish_cross_domain,1.5778762845687855,bits/byte,lower,12207027,measured,/vol/tmp2/yesildau/m1_eval_v2_matched_three_model_v3/results/smollm/epoch-023/turkish_perplexity/raw/trwiki_cross_domain/summary.json,5c6e3dd367246807e3d0eb052abae92c55df560cb1920880533e615eba58a11c,940,1.4910878271709507,,,,m0_reference_denominator_unbound
smollm,smollm/epoch-023,epoch-023,23,161,False,turkish_ppl,turkish_cross_domain,10.549218718306095,PPL,lower,12207027,measured,/vol/tmp2/yesildau/m1_eval_v2_matched_three_model_v3/results/smollm/epoch-023/turkish_perplexity/raw/trwiki_cross_domain/summary.json,5c6e3dd367246807e3d0eb052abae92c55df560cb1920880533e615eba58a11c,940,9.267012914466756,,,,m0_reference_denominator_unbound
smollm,smollm/epoch-023,epoch-023,23,161,False,turkish_byte_ppl,turkish_cross_domain,2.9853007571144667,PPL,lower,12207027,measured,/vol/tmp2/yesildau/m1_eval_v2_matched_three_model_v3/results/smollm/epoch-023/turkish_perplexity/raw/trwiki_cross_domain/summary.json,5c6e3dd367246807e3d0eb052abae92c55df560cb1920880533e615eba58a11c,940,2.811008521408759,,,,m0_reference_denominator_unbound
smollm,smollm/epoch-023,epoch-023,23,161,False,generation_top1_accuracy,generation,1.0,fraction,higher,30,measured,/vol/tmp2/yesildau/m1_eval_v2_matched_three_model_v3/results/smollm/epoch-023/generation_integrity/raw/20260825T010518Z_m1_smollm_epoch-023_generation/summary_metrics.json,8b842903d6880917880ba99c2b59e4e6a2b22e0087a076a382ebb3985b84142d,1085,1.0,30,0.0,0.0,direct_same_metric_and_denominator
smollm,smollm/epoch-023,epoch-023,23,161,False,generation_empty_or_near_empty,generation,0,count,lower,30,measured,/vol/tmp2/yesildau/m1_eval_v2_matched_three_model_v3/results/smollm/epoch-023/generation_integrity/raw/20260825T010518Z_m1_smollm_epoch-023_generation/summary_metrics.json,8b842903d6880917880ba99c2b59e4e6a2b22e0087a076a382ebb3985b84142d,1085,0,30,0,,direct_same_metric_and_denominator
smollm,smollm/epoch-023,epoch-023,23,161,False,generation_distinct_2,generation,0.6126984126984125,fraction,higher,30,measured,/vol/tmp2/yesildau/m1_eval_v2_matched_three_model_v3/results/smollm/epoch-023/generation_integrity/raw/20260825T010518Z_m1_smollm_epoch-023_generation/summary_metrics.json,8b842903d6880917880ba99c2b59e4e6a2b22e0087a076a382ebb3985b84142d,1085,0.6661375661375663,30,-0.05343915343915373,-8.022239872915055,direct_same_metric_and_denominator
smollm,smollm/epoch-023,epoch-023,23,161,False,generation_repeated_3gram,generation,0.4940860215053764,fraction,lower,30,measured,/vol/tmp2/yesildau/m1_eval_v2_matched_three_model_v3/results/smollm/epoch-023/generation_integrity/raw/20260825T010518Z_m1_smollm_epoch-023_generation/summary_metrics.json,8b842903d6880917880ba99c2b59e4e6a2b22e0087a076a382ebb3985b84142d,1085,0.42311827956989245,30,0.07096774193548394,16.772554002541312,direct_same_metric_and_denominator
smollm,smollm/epoch-023,epoch-023,23,161,False,generation_repeated_4gram,generation,0.44590163934426225,fraction,lower,30,measured,/vol/tmp2/yesildau/m1_eval_v2_matched_three_model_v3/results/smollm/epoch-023/generation_integrity/raw/20260825T010518Z_m1_smollm_epoch-023_generation/summary_metrics.json,8b842903d6880917880ba99c2b59e4e6a2b22e0087a076a382ebb3985b84142d,1085,,,,,no_m0_reference
smollm,smollm/epoch-023,epoch-023,23,161,False,generation_ppl,generation,17.206538304567623,PPL,lower,304243,measured,/vol/tmp2/yesildau/m1_eval_v2_matched_three_model_v3/results/smollm/epoch-023/generation_integrity/raw/20260825T010518Z_m1_smollm_epoch-023_generation/summary_metrics.json,8b842903d6880917880ba99c2b59e4e6a2b22e0087a076a382ebb3985b84142d,1085,15.924011152164711,304243,1.2825271524029116,8.054045806345501,direct_same_metric_and_denominator
smollm,smollm/epoch-024,epoch-024,24,168,False,wikitext_bpb,wikitext,0.6513856810305728,bits/byte,lower,62,measured,/vol/tmp2/yesildau/m1_eval_v2_matched_three_model_v3/results/smollm/epoch-024/harness/raw/__vol__tmp2__yesildau__m1_matched_three_model_retry_v1__training__smollm__20260822T155242Z_m1_matched_epoch_dense_smollm_seed42_081e6e29__epoch_snapshots__epoch-024/results_2026-08-25T02-48-42.362918.json,0e61d8e3b2ccd33a6aa4b573d5216c34d29d3527ec0668f38d4889084f29bde5,12320,0.6411010344952439,62,0.0102846465353289,1.6042161815299953,direct_same_metric_and_denominator
smollm,smollm/epoch-024,epoch-024,24,168,False,wikitext_word_ppl,wikitext,11.183135013922431,PPL,lower,62,measured,/vol/tmp2/yesildau/m1_eval_v2_matched_three_model_v3/results/smollm/epoch-024/harness/raw/__vol__tmp2__yesildau__m1_matched_three_model_retry_v1__training__smollm__20260822T155242Z_m1_matched_epoch_dense_smollm_seed42_081e6e29__epoch_snapshots__epoch-024/results_2026-08-25T02-48-42.362918.json,0e61d8e3b2ccd33a6aa4b573d5216c34d29d3527ec0668f38d4889084f29bde5,12320,10.764848694209554,62,0.4182863197128768,3.8856683600009565,direct_same_metric_and_denominator
smollm,smollm/epoch-024,epoch-024,24,168,False,wikitext_byte_ppl,wikitext,1.5706760759027598,PPL,lower,62,measured,/vol/tmp2/yesildau/m1_eval_v2_matched_three_model_v3/results/smollm/epoch-024/harness/raw/__vol__tmp2__yesildau__m1_matched_three_model_retry_v1__training__smollm__20260822T155242Z_m1_matched_epoch_dense_smollm_seed42_081e6e29__epoch_snapshots__epoch-024/results_2026-08-25T02-48-42.362918.json,0e61d8e3b2ccd33a6aa4b573d5216c34d29d3527ec0668f38d4889084f29bde5,12320,1.5595188972757745,62,0.011157178626985287,0.7154243944382502,direct_same_metric_and_denominator
smollm,smollm/epoch-024,epoch-024,24,168,False,exact_prefix_top1_accuracy,exact_prefix,1.0,fraction,higher,500,measured,/vol/tmp2/yesildau/m1_eval_v2_matched_three_model_v3/results/smollm/epoch-024/exact_prefix/raw/20260825T011051Z_3d2e0abc/summary_metrics.json,5c278b8fbc47abc5c4858c8719f56ce67f85f3c768aef6cad44cdd5635c230d9,1710,0.032,500,0.968,3025.0,direct_same_metric_and_denominator
smollm,smollm/epoch-024,epoch-024,24,168,False,exact_prefix_top5_accuracy,exact_prefix,1.0,fraction,higher,500,measured,/vol/tmp2/yesildau/m1_eval_v2_matched_three_model_v3/results/smollm/epoch-024/exact_prefix/raw/20260825T011051Z_3d2e0abc/summary_metrics.json,5c278b8fbc47abc5c4858c8719f56ce67f85f3c768aef6cad44cdd5635c230d9,1710,,,,,no_m0_reference
smollm,smollm/epoch-024,epoch-024,24,168,False,exact_prefix_mrr,exact_prefix,1.0,fraction,higher,500,measured,/vol/tmp2/yesildau/m1_eval_v2_matched_three_model_v3/results/smollm/epoch-024/exact_prefix/raw/20260825T011051Z_3d2e0abc/summary_metrics.json,5c278b8fbc47abc5c4858c8719f56ce67f85f3c768aef6cad44cdd5635c230d9,1710,,,,,no_m0_reference
smollm,smollm/epoch-024,epoch-024,24,168,False,exact_prefix_mean_rank,exact_prefix,1,rank,lower,500,measured,/vol/tmp2/yesildau/m1_eval_v2_matched_three_model_v3/results/smollm/epoch-024/exact_prefix/raw/20260825T011051Z_3d2e0abc/summary_metrics.json,5c278b8fbc47abc5c4858c8719f56ce67f85f3c768aef6cad44cdd5635c230d9,1710,,,,,no_m0_reference
smollm,smollm/epoch-024,epoch-024,24,168,False,exact_prefix_mean_score_margin,exact_prefix,4.198293717200178,logprob,higher,500,measured,/vol/tmp2/yesildau/m1_eval_v2_matched_three_model_v3/results/smollm/epoch-024/exact_prefix/raw/20260825T011051Z_3d2e0abc/summary_metrics.json,5c278b8fbc47abc5c4858c8719f56ce67f85f3c768aef6cad44cdd5635c230d9,1710,,,,,no_m0_reference
smollm,smollm/epoch-024,epoch-024,24,168,False,factual_cheap_top1_count,factual_cheap,637,count,higher,1500,completed,/vol/tmp2/yesildau/m1_eval_v2_matched_three_model_v3/results/smollm/epoch-024/factual_cheap/raw/summary.json,f21cce6461b63f07612446b8ec3c18527767f4c0b8d58805484f03bb585b17f2,326,,,,,no_m0_reference
smollm,smollm/epoch-024,epoch-024,24,168,False,turkish_bpb,turkish_cross_domain,1.578016345479372,bits/byte,lower,12207027,measured,/vol/tmp2/yesildau/m1_eval_v2_matched_three_model_v3/results/smollm/epoch-024/turkish_perplexity/raw/trwiki_cross_domain/summary.json,4a610a192a359fb2f491abb7ed26154493e85ce3deac21e3c87fa01aacf3f7b4,940,1.4910878271709507,,,,m0_reference_denominator_unbound
smollm,smollm/epoch-024,epoch-024,24,168,False,turkish_ppl,turkish_cross_domain,10.551425170602972,PPL,lower,12207027,measured,/vol/tmp2/yesildau/m1_eval_v2_matched_three_model_v3/results/smollm/epoch-024/turkish_perplexity/raw/trwiki_cross_domain/summary.json,4a610a192a359fb2f491abb7ed26154493e85ce3deac21e3c87fa01aacf3f7b4,940,9.267012914466756,,,,m0_reference_denominator_unbound
smollm,smollm/epoch-024,epoch-024,24,168,False,turkish_byte_ppl,turkish_cross_domain,2.985590592615075,PPL,lower,12207027,measured,/vol/tmp2/yesildau/m1_eval_v2_matched_three_model_v3/results/smollm/epoch-024/turkish_perplexity/raw/trwiki_cross_domain/summary.json,4a610a192a359fb2f491abb7ed26154493e85ce3deac21e3c87fa01aacf3f7b4,940,2.811008521408759,,,,m0_reference_denominator_unbound
smollm,smollm/epoch-024,epoch-024,24,168,False,generation_top1_accuracy,generation,1.0,fraction,higher,30,measured,/vol/tmp2/yesildau/m1_eval_v2_matched_three_model_v3/results/smollm/epoch-024/generation_integrity/raw/20260825T011159Z_m1_smollm_epoch-024_generation/summary_metrics.json,f0497b29f5bd1e25a6d88426734f081fedb31910bbb269bc1d89a0b5810f07c1,1082,1.0,30,0.0,0.0,direct_same_metric_and_denominator
smollm,smollm/epoch-024,epoch-024,24,168,False,generation_empty_or_near_empty,generation,0,count,lower,30,measured,/vol/tmp2/yesildau/m1_eval_v2_matched_three_model_v3/results/smollm/epoch-024/generation_integrity/raw/20260825T011159Z_m1_smollm_epoch-024_generation/summary_metrics.json,f0497b29f5bd1e25a6d88426734f081fedb31910bbb269bc1d89a0b5810f07c1,1082,0,30,0,,direct_same_metric_and_denominator
smollm,smollm/epoch-024,epoch-024,24,168,False,generation_distinct_2,generation,0.6687830687830687,fraction,higher,30,measured,/vol/tmp2/yesildau/m1_eval_v2_matched_three_model_v3/results/smollm/epoch-024/generation_integrity/raw/20260825T011159Z_m1_smollm_epoch-024_generation/summary_metrics.json,f0497b29f5bd1e25a6d88426734f081fedb31910bbb269bc1d89a0b5810f07c1,1082,0.6661375661375663,30,0.002645502645502451,0.3971405877680406,direct_same_metric_and_denominator
smollm,smollm/epoch-024,epoch-024,24,168,False,generation_repeated_3gram,generation,0.40967741935483865,fraction,lower,30,measured,/vol/tmp2/yesildau/m1_eval_v2_matched_three_model_v3/results/smollm/epoch-024/generation_integrity/raw/20260825T011159Z_m1_smollm_epoch-024_generation/summary_metrics.json,f0497b29f5bd1e25a6d88426734f081fedb31910bbb269bc1d89a0b5810f07c1,1082,0.42311827956989245,30,-0.013440860215053807,-3.1766200762388923,direct_same_metric_and_denominator
smollm,smollm/epoch-024,epoch-024,24,168,False,generation_repeated_4gram,generation,0.360655737704918,fraction,lower,30,measured,/vol/tmp2/yesildau/m1_eval_v2_matched_three_model_v3/results/smollm/epoch-024/generation_integrity/raw/20260825T011159Z_m1_smollm_epoch-024_generation/summary_metrics.json,f0497b29f5bd1e25a6d88426734f081fedb31910bbb269bc1d89a0b5810f07c1,1082,,,,,no_m0_reference
smollm,smollm/epoch-024,epoch-024,24,168,False,generation_ppl,generation,17.209623206612125,PPL,lower,304243,measured,/vol/tmp2/yesildau/m1_eval_v2_matched_three_model_v3/results/smollm/epoch-024/generation_integrity/raw/20260825T011159Z_m1_smollm_epoch-024_generation/summary_metrics.json,f0497b29f5bd1e25a6d88426734f081fedb31910bbb269bc1d89a0b5810f07c1,1082,15.924011152164711,304243,1.285612054447414,8.073418450681302,direct_same_metric_and_denominator
smollm,smollm/epoch-025,epoch-025,25,175,False,wikitext_bpb,wikitext,0.6513872181589562,bits/byte,lower,62,measured,/vol/tmp2/yesildau/m1_eval_v2_matched_three_model_v3/results/smollm/epoch-025/harness/raw/__vol__tmp2__yesildau__m1_matched_three_model_retry_v1__training__smollm__20260822T155242Z_m1_matched_epoch_dense_smollm_seed42_081e6e29__epoch_snapshots__epoch-025/results_2026-08-25T02-54-30.736326.json,4b517e085cdc46909e9465ed5cf31b8dd8b699754714b1252b61988425f6418a,12390,0.6411010344952439,62,0.010286183663712256,1.604455945358261,direct_same_metric_and_denominator
smollm,smollm/epoch-025,epoch-025,25,175,False,wikitext_word_ppl,wikitext,11.183198729730123,PPL,lower,62,measured,/vol/tmp2/yesildau/m1_eval_v2_matched_three_model_v3/results/smollm/epoch-025/harness/raw/__vol__tmp2__yesildau__m1_matched_three_model_retry_v1__training__smollm__20260822T155242Z_m1_matched_epoch_dense_smollm_seed42_081e6e29__epoch_snapshots__epoch-025/results_2026-08-25T02-54-30.736326.json,4b517e085cdc46909e9465ed5cf31b8dd8b699754714b1252b61988425f6418a,12390,10.764848694209554,62,0.41835003552056804,3.8862602476298607,direct_same_metric_and_denominator
smollm,smollm/epoch-025,epoch-025,25,175,False,wikitext_byte_ppl,wikitext,1.5706777493902224,PPL,lower,62,measured,/vol/tmp2/yesildau/m1_eval_v2_matched_three_model_v3/results/smollm/epoch-025/harness/raw/__vol__tmp2__yesildau__m1_matched_three_model_retry_v1__training__smollm__20260822T155242Z_m1_matched_epoch_dense_smollm_seed42_081e6e29__epoch_snapshots__epoch-025/results_2026-08-25T02-54-30.736326.json,4b517e085cdc46909e9465ed5cf31b8dd8b699754714b1252b61988425f6418a,12390,1.5595188972757745,62,0.011158852114447892,0.7155317023692749,direct_same_metric_and_denominator
smollm,smollm/epoch-025,epoch-025,25,175,False,exact_prefix_top1_accuracy,exact_prefix,1.0,fraction,higher,500,measured,/vol/tmp2/yesildau/m1_eval_v2_matched_three_model_v3/results/smollm/epoch-025/exact_prefix/raw/20260825T011714Z_7f049a3e/summary_metrics.json,57b1b4dd921bd8a6ba4240ab9ca5b2f7b0c71e6759140d9848f21d29780b1f9a,1718,0.032,500,0.968,3025.0,direct_same_metric_and_denominator
smollm,smollm/epoch-025,epoch-025,25,175,False,exact_prefix_top5_accuracy,exact_prefix,1.0,fraction,higher,500,measured,/vol/tmp2/yesildau/m1_eval_v2_matched_three_model_v3/results/smollm/epoch-025/exact_prefix/raw/20260825T011714Z_7f049a3e/summary_metrics.json,57b1b4dd921bd8a6ba4240ab9ca5b2f7b0c71e6759140d9848f21d29780b1f9a,1718,,,,,no_m0_reference
smollm,smollm/epoch-025,epoch-025,25,175,False,exact_prefix_mrr,exact_prefix,1.0,fraction,higher,500,measured,/vol/tmp2/yesildau/m1_eval_v2_matched_three_model_v3/results/smollm/epoch-025/exact_prefix/raw/20260825T011714Z_7f049a3e/summary_metrics.json,57b1b4dd921bd8a6ba4240ab9ca5b2f7b0c71e6759140d9848f21d29780b1f9a,1718,,,,,no_m0_reference
smollm,smollm/epoch-025,epoch-025,25,175,False,exact_prefix_mean_rank,exact_prefix,1,rank,lower,500,measured,/vol/tmp2/yesildau/m1_eval_v2_matched_three_model_v3/results/smollm/epoch-025/exact_prefix/raw/20260825T011714Z_7f049a3e/summary_metrics.json,57b1b4dd921bd8a6ba4240ab9ca5b2f7b0c71e6759140d9848f21d29780b1f9a,1718,,,,,no_m0_reference
smollm,smollm/epoch-025,epoch-025,25,175,False,exact_prefix_mean_score_margin,exact_prefix,4.20338311893243,logprob,higher,500,measured,/vol/tmp2/yesildau/m1_eval_v2_matched_three_model_v3/results/smollm/epoch-025/exact_prefix/raw/20260825T011714Z_7f049a3e/summary_metrics.json,57b1b4dd921bd8a6ba4240ab9ca5b2f7b0c71e6759140d9848f21d29780b1f9a,1718,,,,,no_m0_reference
smollm,smollm/epoch-025,epoch-025,25,175,False,factual_cheap_top1_count,factual_cheap,634,count,higher,1500,completed,/vol/tmp2/yesildau/m1_eval_v2_matched_three_model_v3/results/smollm/epoch-025/factual_cheap/raw/summary.json,2a22e021527be9eaf6ffadf6874a5d49de9baaea9fd029b83ab80378a98ff58c,326,,,,,no_m0_reference
smollm,smollm/epoch-025,epoch-025,25,175,False,turkish_bpb,turkish_cross_domain,1.5780940971091193,bits/byte,lower,12207027,measured,/vol/tmp2/yesildau/m1_eval_v2_matched_three_model_v3/results/smollm/epoch-025/turkish_perplexity/raw/trwiki_cross_domain/summary.json,55af6381a96cee60dd0fc059167eefad06d060c8c0216ebc51c02036576ee038,939,1.4910878271709507,,,,m0_reference_denominator_unbound
smollm,smollm/epoch-025,epoch-025,25,175,False,turkish_ppl,turkish_cross_domain,10.55265023162179,PPL,lower,12207027,measured,/vol/tmp2/yesildau/m1_eval_v2_matched_three_model_v3/results/smollm/epoch-025/turkish_perplexity/raw/trwiki_cross_domain/summary.json,55af6381a96cee60dd0fc059167eefad06d060c8c0216ebc51c02036576ee038,939,9.267012914466756,,,,m0_reference_denominator_unbound
smollm,smollm/epoch-025,epoch-025,25,175,False,turkish_byte_ppl,turkish_cross_domain,2.985751500348946,PPL,lower,12207027,measured,/vol/tmp2/yesildau/m1_eval_v2_matched_three_model_v3/results/smollm/epoch-025/turkish_perplexity/raw/trwiki_cross_domain/summary.json,55af6381a96cee60dd0fc059167eefad06d060c8c0216ebc51c02036576ee038,939,2.811008521408759,,,,m0_reference_denominator_unbound
smollm,smollm/epoch-025,epoch-025,25,175,False,generation_top1_accuracy,generation,1.0,fraction,higher,30,measured,/vol/tmp2/yesildau/m1_eval_v2_matched_three_model_v3/results/smollm/epoch-025/generation_integrity/raw/20260825T011831Z_m1_smollm_epoch-025_generation/summary_metrics.json,06ecc65c07a5966f6770918664fd721b4a10beb8a583eb48edefc4508e9ce755,1081,1.0,30,0.0,0.0,direct_same_metric_and_denominator
smollm,smollm/epoch-025,epoch-025,25,175,False,generation_empty_or_near_empty,generation,0,count,lower,30,measured,/vol/tmp2/yesildau/m1_eval_v2_matched_three_model_v3/results/smollm/epoch-025/generation_integrity/raw/20260825T011831Z_m1_smollm_epoch-025_generation/summary_metrics.json,06ecc65c07a5966f6770918664fd721b4a10beb8a583eb48edefc4508e9ce755,1081,0,30,0,,direct_same_metric_and_denominator
smollm,smollm/epoch-025,epoch-025,25,175,False,generation_distinct_2,generation,0.6433862433862434,fraction,higher,30,measured,/vol/tmp2/yesildau/m1_eval_v2_matched_three_model_v3/results/smollm/epoch-025/generation_integrity/raw/20260825T011831Z_m1_smollm_epoch-025_generation/summary_metrics.json,06ecc65c07a5966f6770918664fd721b4a10beb8a583eb48edefc4508e9ce755,1081,0.6661375661375663,30,-0.022751322751322856,-3.415409054805416,direct_same_metric_and_denominator
smollm,smollm/epoch-025,epoch-025,25,175,False,generation_repeated_3gram,generation,0.44193548387096776,fraction,lower,30,measured,/vol/tmp2/yesildau/m1_eval_v2_matched_three_model_v3/results/smollm/epoch-025/generation_integrity/raw/20260825T011831Z_m1_smollm_epoch-025_generation/summary_metrics.json,06ecc65c07a5966f6770918664fd721b4a10beb8a583eb48edefc4508e9ce755,1081,0.42311827956989245,30,0.018817204301075308,4.447268106734444,direct_same_metric_and_denominator
smollm,smollm/epoch-025,epoch-025,25,175,False,generation_repeated_4gram,generation,0.40327868852459026,fraction,lower,30,measured,/vol/tmp2/yesildau/m1_eval_v2_matched_three_model_v3/results/smollm/epoch-025/generation_integrity/raw/20260825T011831Z_m1_smollm_epoch-025_generation/summary_metrics.json,06ecc65c07a5966f6770918664fd721b4a10beb8a583eb48edefc4508e9ce755,1081,,,,,no_m0_reference
smollm,smollm/epoch-025,epoch-025,25,175,False,generation_ppl,generation,17.211713718794,PPL,lower,304243,measured,/vol/tmp2/yesildau/m1_eval_v2_matched_three_model_v3/results/smollm/epoch-025/generation_integrity/raw/20260825T011831Z_m1_smollm_epoch-025_generation/summary_metrics.json,06ecc65c07a5966f6770918664fd721b4a10beb8a583eb48edefc4508e9ce755,1081,15.924011152164711,304243,1.2877025666292905,8.086546500906213,direct_same_metric_and_denominator
smollm,smollm/epoch-026,epoch-026,26,182,False,wikitext_bpb,wikitext,0.6514058034385007,bits/byte,lower,62,measured,/vol/tmp2/yesildau/m1_eval_v2_matched_three_model_v3/results/smollm/epoch-026/harness/raw/__vol__tmp2__yesildau__m1_matched_three_model_retry_v1__training__smollm__20260822T155242Z_m1_matched_epoch_dense_smollm_seed42_081e6e29__epoch_snapshots__epoch-026/results_2026-08-25T03-08-21.913773.json,5bc45045329246f74a719d93018a3cd0ddb7be0aee12b20d99cc7d6aa9477006,12319,0.6411010344952439,62,0.010304768943256826,1.6073549080091638,direct_same_metric_and_denominator
smollm,smollm/epoch-026,epoch-026,26,182,False,wikitext_word_ppl,wikitext,11.18396914049875,PPL,lower,62,measured,/vol/tmp2/yesildau/m1_eval_v2_matched_three_model_v3/results/smollm/epoch-026/harness/raw/__vol__tmp2__yesildau__m1_matched_three_model_retry_v1__training__smollm__20260822T155242Z_m1_matched_epoch_dense_smollm_seed42_081e6e29__epoch_snapshots__epoch-026/results_2026-08-25T03-08-21.913773.json,5bc45045329246f74a719d93018a3cd0ddb7be0aee12b20d99cc7d6aa9477006,12319,10.764848694209554,62,0.4191204462891953,3.8934169740317994,direct_same_metric_and_denominator
smollm,smollm/epoch-026,epoch-026,26,182,False,wikitext_byte_ppl,wikitext,1.5706979835161101,PPL,lower,62,measured,/vol/tmp2/yesildau/m1_eval_v2_matched_three_model_v3/results/smollm/epoch-026/harness/raw/__vol__tmp2__yesildau__m1_matched_three_model_retry_v1__training__smollm__20260822T155242Z_m1_matched_epoch_dense_smollm_seed42_081e6e29__epoch_snapshots__epoch-026/results_2026-08-25T03-08-21.913773.json,5bc45045329246f74a719d93018a3cd0ddb7be0aee12b20d99cc7d6aa9477006,12319,1.5595188972757745,62,0.01117908624033559,0.7168291618564951,direct_same_metric_and_denominator
smollm,smollm/epoch-026,epoch-026,26,182,False,exact_prefix_top1_accuracy,exact_prefix,1.0,fraction,higher,500,measured,/vol/tmp2/yesildau/m1_eval_v2_matched_three_model_v3/results/smollm/epoch-026/exact_prefix/raw/20260825T013302Z_04a6ac09/summary_metrics.json,b6ff87c03b493677cb35d43826b08c2189e448666d2b7c1ffffa96cf47989e0d,1710,0.032,500,0.968,3025.0,direct_same_metric_and_denominator
smollm,smollm/epoch-026,epoch-026,26,182,False,exact_prefix_top5_accuracy,exact_prefix,1.0,fraction,higher,500,measured,/vol/tmp2/yesildau/m1_eval_v2_matched_three_model_v3/results/smollm/epoch-026/exact_prefix/raw/20260825T013302Z_04a6ac09/summary_metrics.json,b6ff87c03b493677cb35d43826b08c2189e448666d2b7c1ffffa96cf47989e0d,1710,,,,,no_m0_reference
smollm,smollm/epoch-026,epoch-026,26,182,False,exact_prefix_mrr,exact_prefix,1.0,fraction,higher,500,measured,/vol/tmp2/yesildau/m1_eval_v2_matched_three_model_v3/results/smollm/epoch-026/exact_prefix/raw/20260825T013302Z_04a6ac09/summary_metrics.json,b6ff87c03b493677cb35d43826b08c2189e448666d2b7c1ffffa96cf47989e0d,1710,,,,,no_m0_reference
smollm,smollm/epoch-026,epoch-026,26,182,False,exact_prefix_mean_rank,exact_prefix,1,rank,lower,500,measured,/vol/tmp2/yesildau/m1_eval_v2_matched_three_model_v3/results/smollm/epoch-026/exact_prefix/raw/20260825T013302Z_04a6ac09/summary_metrics.json,b6ff87c03b493677cb35d43826b08c2189e448666d2b7c1ffffa96cf47989e0d,1710,,,,,no_m0_reference
smollm,smollm/epoch-026,epoch-026,26,182,False,exact_prefix_mean_score_margin,exact_prefix,4.218365684086447,logprob,higher,500,measured,/vol/tmp2/yesildau/m1_eval_v2_matched_three_model_v3/results/smollm/epoch-026/exact_prefix/raw/20260825T013302Z_04a6ac09/summary_metrics.json,b6ff87c03b493677cb35d43826b08c2189e448666d2b7c1ffffa96cf47989e0d,1710,,,,,no_m0_reference
smollm,smollm/epoch-026,epoch-026,26,182,False,factual_cheap_top1_count,factual_cheap,629,count,higher,1500,completed,/vol/tmp2/yesildau/m1_eval_v2_matched_three_model_v3/results/smollm/epoch-026/factual_cheap/raw/summary.json,a776d9d72d284de1b578120e00780676f4d0e146120dd110148a4f654da5719e,326,,,,,no_m0_reference
smollm,smollm/epoch-026,epoch-026,26,182,False,turkish_bpb,turkish_cross_domain,1.5782615557257342,bits/byte,lower,12207027,measured,/vol/tmp2/yesildau/m1_eval_v2_matched_three_model_v3/results/smollm/epoch-026/turkish_perplexity/raw/trwiki_cross_domain/summary.json,aceac3b248a538d9a23186b70d62d41b0c94d54f9261f133bbe7c69ae361127d,940,1.4910878271709507,,,,m0_reference_denominator_unbound
smollm,smollm/epoch-026,epoch-026,26,182,False,turkish_ppl,turkish_cross_domain,10.555289206323126,PPL,lower,12207027,measured,/vol/tmp2/yesildau/m1_eval_v2_matched_three_model_v3/results/smollm/epoch-026/turkish_perplexity/raw/trwiki_cross_domain/summary.json,aceac3b248a538d9a23186b70d62d41b0c94d54f9261f133bbe7c69ae361127d,940,9.267012914466756,,,,m0_reference_denominator_unbound
smollm,smollm/epoch-026,epoch-026,26,182,False,turkish_byte_ppl,turkish_cross_domain,2.986098086994447,PPL,lower,12207027,measured,/vol/tmp2/yesildau/m1_eval_v2_matched_three_model_v3/results/smollm/epoch-026/turkish_perplexity/raw/trwiki_cross_domain/summary.json,aceac3b248a538d9a23186b70d62d41b0c94d54f9261f133bbe7c69ae361127d,940,2.811008521408759,,,,m0_reference_denominator_unbound
smollm,smollm/epoch-026,epoch-026,26,182,False,generation_top1_accuracy,generation,1.0,fraction,higher,30,measured,/vol/tmp2/yesildau/m1_eval_v2_matched_three_model_v3/results/smollm/epoch-026/generation_integrity/raw/20260825T013411Z_m1_smollm_epoch-026_generation/summary_metrics.json,5435d89b40c74355d66f55aeaf9fa348f6152f458a071663cefeb32b1947a0e5,1084,1.0,30,0.0,0.0,direct_same_metric_and_denominator
smollm,smollm/epoch-026,epoch-026,26,182,False,generation_empty_or_near_empty,generation,0,count,lower,30,measured,/vol/tmp2/yesildau/m1_eval_v2_matched_three_model_v3/results/smollm/epoch-026/generation_integrity/raw/20260825T013411Z_m1_smollm_epoch-026_generation/summary_metrics.json,5435d89b40c74355d66f55aeaf9fa348f6152f458a071663cefeb32b1947a0e5,1084,0,30,0,,direct_same_metric_and_denominator
smollm,smollm/epoch-026,epoch-026,26,182,False,generation_distinct_2,generation,0.6592592592592591,fraction,higher,30,measured,/vol/tmp2/yesildau/m1_eval_v2_matched_three_model_v3/results/smollm/epoch-026/generation_integrity/raw/20260825T013411Z_m1_smollm_epoch-026_generation/summary_metrics.json,5435d89b40c74355d66f55aeaf9fa348f6152f458a071663cefeb32b1947a0e5,1084,0.6661375661375663,30,-0.00687830687830715,-1.0325655281970223,direct_same_metric_and_denominator
smollm,smollm/epoch-026,epoch-026,26,182,False,generation_repeated_3gram,generation,0.4327956989247311,fraction,lower,30,measured,/vol/tmp2/yesildau/m1_eval_v2_matched_three_model_v3/results/smollm/epoch-026/generation_integrity/raw/20260825T013411Z_m1_smollm_epoch-026_generation/summary_metrics.json,5435d89b40c74355d66f55aeaf9fa348f6152f458a071663cefeb32b1947a0e5,1084,0.42311827956989245,30,0.009677419354838623,2.287166454891975,direct_same_metric_and_denominator
smollm,smollm/epoch-026,epoch-026,26,182,False,generation_repeated_4gram,generation,0.3879781420765028,fraction,lower,30,measured,/vol/tmp2/yesildau/m1_eval_v2_matched_three_model_v3/results/smollm/epoch-026/generation_integrity/raw/20260825T013411Z_m1_smollm_epoch-026_generation/summary_metrics.json,5435d89b40c74355d66f55aeaf9fa348f6152f458a071663cefeb32b1947a0e5,1084,,,,,no_m0_reference
smollm,smollm/epoch-026,epoch-026,26,182,False,generation_ppl,generation,17.212476673936205,PPL,lower,304243,measured,/vol/tmp2/yesildau/m1_eval_v2_matched_three_model_v3/results/smollm/epoch-026/generation_integrity/raw/20260825T013411Z_m1_smollm_epoch-026_generation/summary_metrics.json,5435d89b40c74355d66f55aeaf9fa348f6152f458a071663cefeb32b1947a0e5,1084,15.924011152164711,304243,1.288465521771494,8.091337725522378,direct_same_metric_and_denominator
smollm,smollm/epoch-027,epoch-027,27,189,False,wikitext_bpb,wikitext,0.6513855412916288,bits/byte,lower,62,measured,/vol/tmp2/yesildau/m1_eval_v2_matched_three_model_v3/results/smollm/epoch-027/harness/raw/__vol__tmp2__yesildau__m1_matched_three_model_retry_v1__training__smollm__20260822T155242Z_m1_matched_epoch_dense_smollm_seed42_081e6e29__epoch_snapshots__epoch-027/results_2026-08-25T03-14-50.357443.json,065891ca5b45fcd9337c489cd1a3124321e947dcdd5b8d2ea24ff919effe3554,12318,0.6411010344952439,62,0.010284506796384929,1.6041943848183302,direct_same_metric_and_denominator
smollm,smollm/epoch-027,epoch-027,27,189,False,wikitext_word_ppl,wikitext,11.183129221594276,PPL,lower,62,measured,/vol/tmp2/yesildau/m1_eval_v2_matched_three_model_v3/results/smollm/epoch-027/harness/raw/__vol__tmp2__yesildau__m1_matched_three_model_retry_v1__training__smollm__20260822T155242Z_m1_matched_epoch_dense_smollm_seed42_081e6e29__epoch_snapshots__epoch-027/results_2026-08-25T03-14-50.357443.json,065891ca5b45fcd9337c489cd1a3124321e947dcdd5b8d2ea24ff919effe3554,12318,10.764848694209554,62,0.4182805273847219,3.8856145522018926,direct_same_metric_and_denominator
smollm,smollm/epoch-027,epoch-027,27,189,False,wikitext_byte_ppl,wikitext,1.5706759237676242,PPL,lower,62,measured,/vol/tmp2/yesildau/m1_eval_v2_matched_three_model_v3/results/smollm/epoch-027/harness/raw/__vol__tmp2__yesildau__m1_matched_three_model_retry_v1__training__smollm__20260822T155242Z_m1_matched_epoch_dense_smollm_seed42_081e6e29__epoch_snapshots__epoch-027/results_2026-08-25T03-14-50.357443.json,065891ca5b45fcd9337c489cd1a3124321e947dcdd5b8d2ea24ff919effe3554,12318,1.5595188972757745,62,0.011157026491849686,0.7154146391774536,direct_same_metric_and_denominator
smollm,smollm/epoch-027,epoch-027,27,189,False,exact_prefix_top1_accuracy,exact_prefix,1.0,fraction,higher,500,measured,/vol/tmp2/yesildau/m1_eval_v2_matched_three_model_v3/results/smollm/epoch-027/exact_prefix/raw/20260825T013705Z_f7ebe23c/summary_metrics.json,78cedf3488801a7c174929d36a91752cab48323681071a704da9d994fa19c773,1717,0.032,500,0.968,3025.0,direct_same_metric_and_denominator
smollm,smollm/epoch-027,epoch-027,27,189,False,exact_prefix_top5_accuracy,exact_prefix,1.0,fraction,higher,500,measured,/vol/tmp2/yesildau/m1_eval_v2_matched_three_model_v3/results/smollm/epoch-027/exact_prefix/raw/20260825T013705Z_f7ebe23c/summary_metrics.json,78cedf3488801a7c174929d36a91752cab48323681071a704da9d994fa19c773,1717,,,,,no_m0_reference
smollm,smollm/epoch-027,epoch-027,27,189,False,exact_prefix_mrr,exact_prefix,1.0,fraction,higher,500,measured,/vol/tmp2/yesildau/m1_eval_v2_matched_three_model_v3/results/smollm/epoch-027/exact_prefix/raw/20260825T013705Z_f7ebe23c/summary_metrics.json,78cedf3488801a7c174929d36a91752cab48323681071a704da9d994fa19c773,1717,,,,,no_m0_reference
smollm,smollm/epoch-027,epoch-027,27,189,False,exact_prefix_mean_rank,exact_prefix,1,rank,lower,500,measured,/vol/tmp2/yesildau/m1_eval_v2_matched_three_model_v3/results/smollm/epoch-027/exact_prefix/raw/20260825T013705Z_f7ebe23c/summary_metrics.json,78cedf3488801a7c174929d36a91752cab48323681071a704da9d994fa19c773,1717,,,,,no_m0_reference
smollm,smollm/epoch-027,epoch-027,27,189,False,exact_prefix_mean_score_margin,exact_prefix,4.219108806631585,logprob,higher,500,measured,/vol/tmp2/yesildau/m1_eval_v2_matched_three_model_v3/results/smollm/epoch-027/exact_prefix/raw/20260825T013705Z_f7ebe23c/summary_metrics.json,78cedf3488801a7c174929d36a91752cab48323681071a704da9d994fa19c773,1717,,,,,no_m0_reference
smollm,smollm/epoch-027,epoch-027,27,189,False,factual_cheap_top1_count,factual_cheap,628,count,higher,1500,completed,/vol/tmp2/yesildau/m1_eval_v2_matched_three_model_v3/results/smollm/epoch-027/factual_cheap/raw/summary.json,359fe5b17d52381ce94cd4a25a02ccd1931abdee329aa50ab4c51a9eca91d0c9,326,,,,,no_m0_reference
smollm,smollm/epoch-027,epoch-027,27,189,False,turkish_bpb,turkish_cross_domain,1.5783515469820266,bits/byte,lower,12207027,measured,/vol/tmp2/yesildau/m1_eval_v2_matched_three_model_v3/results/smollm/epoch-027/turkish_perplexity/raw/trwiki_cross_domain/summary.json,e74adaa764aff6dd3c826100873093f9219a901ac3d82401891dcf9d44aead3f,942,1.4910878271709507,,,,m0_reference_denominator_unbound
smollm,smollm/epoch-027,epoch-027,27,189,False,turkish_ppl,turkish_cross_domain,10.556707648110253,PPL,lower,12207027,measured,/vol/tmp2/yesildau/m1_eval_v2_matched_three_model_v3/results/smollm/epoch-027/turkish_perplexity/raw/trwiki_cross_domain/summary.json,e74adaa764aff6dd3c826100873093f9219a901ac3d82401891dcf9d44aead3f,942,9.267012914466756,,,,m0_reference_denominator_unbound
smollm,smollm/epoch-027,epoch-027,27,189,False,turkish_byte_ppl,turkish_cross_domain,2.9862843571984072,PPL,lower,12207027,measured,/vol/tmp2/yesildau/m1_eval_v2_matched_three_model_v3/results/smollm/epoch-027/turkish_perplexity/raw/trwiki_cross_domain/summary.json,e74adaa764aff6dd3c826100873093f9219a901ac3d82401891dcf9d44aead3f,942,2.811008521408759,,,,m0_reference_denominator_unbound
smollm,smollm/epoch-027,epoch-027,27,189,False,generation_top1_accuracy,generation,1.0,fraction,higher,30,measured,/vol/tmp2/yesildau/m1_eval_v2_matched_three_model_v3/results/smollm/epoch-027/generation_integrity/raw/20260825T013816Z_m1_smollm_epoch-027_generation/summary_metrics.json,5edc7f272c639f6203358986519e6cf21482f2de80b58c3e41ba7d52236ea77c,1083,1.0,30,0.0,0.0,direct_same_metric_and_denominator
smollm,smollm/epoch-027,epoch-027,27,189,False,generation_empty_or_near_empty,generation,0,count,lower,30,measured,/vol/tmp2/yesildau/m1_eval_v2_matched_three_model_v3/results/smollm/epoch-027/generation_integrity/raw/20260825T013816Z_m1_smollm_epoch-027_generation/summary_metrics.json,5edc7f272c639f6203358986519e6cf21482f2de80b58c3e41ba7d52236ea77c,1083,0,30,0,,direct_same_metric_and_denominator
smollm,smollm/epoch-027,epoch-027,27,189,False,generation_distinct_2,generation,0.6248677248677248,fraction,higher,30,measured,/vol/tmp2/yesildau/m1_eval_v2_matched_three_model_v3/results/smollm/epoch-027/generation_integrity/raw/20260825T013816Z_m1_smollm_epoch-027_generation/summary_metrics.json,5edc7f272c639f6203358986519e6cf21482f2de80b58c3e41ba7d52236ea77c,1083,0.6661375661375663,30,-0.041269841269841456,-6.195393169181918,direct_same_metric_and_denominator
smollm,smollm/epoch-027,epoch-027,27,189,False,generation_repeated_3gram,generation,0.47903225806451616,fraction,lower,30,measured,/vol/tmp2/yesildau/m1_eval_v2_matched_three_model_v3/results/smollm/epoch-027/generation_integrity/raw/20260825T013816Z_m1_smollm_epoch-027_generation/summary_metrics.json,5edc7f272c639f6203358986519e6cf21482f2de80b58c3e41ba7d52236ea77c,1083,0.42311827956989245,30,0.055913978494623706,13.21473951715376,direct_same_metric_and_denominator
smollm,smollm/epoch-027,epoch-027,27,189,False,generation_repeated_4gram,generation,0.43278688524590164,fraction,lower,30,measured,/vol/tmp2/yesildau/m1_eval_v2_matched_three_model_v3/results/smollm/epoch-027/generation_integrity/raw/20260825T013816Z_m1_smollm_epoch-027_generation/summary_metrics.json,5edc7f272c639f6203358986519e6cf21482f2de80b58c3e41ba7d52236ea77c,1083,,,,,no_m0_reference
smollm,smollm/epoch-027,epoch-027,27,189,False,generation_ppl,generation,17.2171165923522,PPL,lower,304243,measured,/vol/tmp2/yesildau/m1_eval_v2_matched_three_model_v3/results/smollm/epoch-027/generation_integrity/raw/20260825T013816Z_m1_smollm_epoch-027_generation/summary_metrics.json,5edc7f272c639f6203358986519e6cf21482f2de80b58c3e41ba7d52236ea77c,1083,15.924011152164711,304243,1.293105440187487,8.12047560021774,direct_same_metric_and_denominator
smollm,smollm/epoch-028,epoch-028,28,196,False,wikitext_bpb,wikitext,0.6514203362886709,bits/byte,lower,62,measured,/vol/tmp2/yesildau/m1_eval_v2_matched_three_model_v3/results/smollm/epoch-028/harness/raw/__vol__tmp2__yesildau__m1_matched_three_model_retry_v1__training__smollm__20260822T155242Z_m1_matched_epoch_dense_smollm_seed42_081e6e29__epoch_snapshots__epoch-028/results_2026-08-25T03-21-47.743556.json,cc084f1bf77aad60bf2a4833e9de08cd3dadef6ef50d6c7f7e33748dd2a5ea80,12388,0.6411010344952439,62,0.010319301793426994,1.6096217660218965,direct_same_metric_and_denominator
smollm,smollm/epoch-028,epoch-028,28,196,False,wikitext_word_ppl,wikitext,11.184571603940872,PPL,lower,62,measured,/vol/tmp2/yesildau/m1_eval_v2_matched_three_model_v3/results/smollm/epoch-028/harness/raw/__vol__tmp2__yesildau__m1_matched_three_model_retry_v1__training__smollm__20260822T155242Z_m1_matched_epoch_dense_smollm_seed42_081e6e29__epoch_snapshots__epoch-028/results_2026-08-25T03-21-47.743556.json,cc084f1bf77aad60bf2a4833e9de08cd3dadef6ef50d6c7f7e33748dd2a5ea80,12388,10.764848694209554,62,0.419722909731318,3.899013554710604,direct_same_metric_and_denominator
smollm,smollm/epoch-028,epoch-028,28,196,False,wikitext_byte_ppl,wikitext,1.5707138058713426,PPL,lower,62,measured,/vol/tmp2/yesildau/m1_eval_v2_matched_three_model_v3/results/smollm/epoch-028/harness/raw/__vol__tmp2__yesildau__m1_matched_three_model_retry_v1__training__smollm__20260822T155242Z_m1_matched_epoch_dense_smollm_seed42_081e6e29__epoch_snapshots__epoch-028/results_2026-08-25T03-21-47.743556.json,cc084f1bf77aad60bf2a4833e9de08cd3dadef6ef50d6c7f7e33748dd2a5ea80,12388,1.5595188972757745,62,0.011194908595568043,0.7178437282884949,direct_same_metric_and_denominator
smollm,smollm/epoch-028,epoch-028,28,196,False,exact_prefix_top1_accuracy,exact_prefix,1.0,fraction,higher,500,measured,/vol/tmp2/yesildau/m1_eval_v2_matched_three_model_v3/results/smollm/epoch-028/exact_prefix/raw/20260825T014428Z_035154ac/summary_metrics.json,b68a19b30a74a6f0df8f4da351a838277400156f708b0cbec7fc02ccde1c340d,1717,0.032,500,0.968,3025.0,direct_same_metric_and_denominator
smollm,smollm/epoch-028,epoch-028,28,196,False,exact_prefix_top5_accuracy,exact_prefix,1.0,fraction,higher,500,measured,/vol/tmp2/yesildau/m1_eval_v2_matched_three_model_v3/results/smollm/epoch-028/exact_prefix/raw/20260825T014428Z_035154ac/summary_metrics.json,b68a19b30a74a6f0df8f4da351a838277400156f708b0cbec7fc02ccde1c340d,1717,,,,,no_m0_reference
smollm,smollm/epoch-028,epoch-028,28,196,False,exact_prefix_mrr,exact_prefix,1.0,fraction,higher,500,measured,/vol/tmp2/yesildau/m1_eval_v2_matched_three_model_v3/results/smollm/epoch-028/exact_prefix/raw/20260825T014428Z_035154ac/summary_metrics.json,b68a19b30a74a6f0df8f4da351a838277400156f708b0cbec7fc02ccde1c340d,1717,,,,,no_m0_reference
smollm,smollm/epoch-028,epoch-028,28,196,False,exact_prefix_mean_rank,exact_prefix,1,rank,lower,500,measured,/vol/tmp2/yesildau/m1_eval_v2_matched_three_model_v3/results/smollm/epoch-028/exact_prefix/raw/20260825T014428Z_035154ac/summary_metrics.json,b68a19b30a74a6f0df8f4da351a838277400156f708b0cbec7fc02ccde1c340d,1717,,,,,no_m0_reference
smollm,smollm/epoch-028,epoch-028,28,196,False,exact_prefix_mean_score_margin,exact_prefix,4.243815273138511,logprob,higher,500,measured,/vol/tmp2/yesildau/m1_eval_v2_matched_three_model_v3/results/smollm/epoch-028/exact_prefix/raw/20260825T014428Z_035154ac/summary_metrics.json,b68a19b30a74a6f0df8f4da351a838277400156f708b0cbec7fc02ccde1c340d,1717,,,,,no_m0_reference
smollm,smollm/epoch-028,epoch-028,28,196,False,factual_cheap_top1_count,factual_cheap,628,count,higher,1500,completed,/vol/tmp2/yesildau/m1_eval_v2_matched_three_model_v3/results/smollm/epoch-028/factual_cheap/raw/summary.json,19cd50d614faa4aa994623e56052b69ab714067886a03f2f5426ef3214c76966,326,,,,,no_m0_reference
smollm,smollm/epoch-028,epoch-028,28,196,False,turkish_bpb,turkish_cross_domain,1.5784564594602397,bits/byte,lower,12207027,measured,/vol/tmp2/yesildau/m1_eval_v2_matched_three_model_v3/results/smollm/epoch-028/turkish_perplexity/raw/trwiki_cross_domain/summary.json,c5beb8a56d9334dc102b724fd4bcc02426c27e81b50984499e748c482a46b1b6,940,1.4910878271709507,,,,m0_reference_denominator_unbound
smollm,smollm/epoch-028,epoch-028,28,196,False,turkish_ppl,turkish_cross_domain,10.558361518774637,PPL,lower,12207027,measured,/vol/tmp2/yesildau/m1_eval_v2_matched_three_model_v3/results/smollm/epoch-028/turkish_perplexity/raw/trwiki_cross_domain/summary.json,c5beb8a56d9334dc102b724fd4bcc02426c27e81b50984499e748c482a46b1b6,940,9.267012914466756,,,,m0_reference_denominator_unbound
smollm,smollm/epoch-028,epoch-028,28,196,False,turkish_byte_ppl,turkish_cross_domain,2.9865015270613786,PPL,lower,12207027,measured,/vol/tmp2/yesildau/m1_eval_v2_matched_three_model_v3/results/smollm/epoch-028/turkish_perplexity/raw/trwiki_cross_domain/summary.json,c5beb8a56d9334dc102b724fd4bcc02426c27e81b50984499e748c482a46b1b6,940,2.811008521408759,,,,m0_reference_denominator_unbound
smollm,smollm/epoch-028,epoch-028,28,196,False,generation_top1_accuracy,generation,1.0,fraction,higher,30,measured,/vol/tmp2/yesildau/m1_eval_v2_matched_three_model_v3/results/smollm/epoch-028/generation_integrity/raw/20260825T014547Z_m1_smollm_epoch-028_generation/summary_metrics.json,ee9ca869875b257b752433f54c08600cf7e2f698e25a3bfbc15c7b054dadf66c,1084,1.0,30,0.0,0.0,direct_same_metric_and_denominator
smollm,smollm/epoch-028,epoch-028,28,196,False,generation_empty_or_near_empty,generation,0,count,lower,30,measured,/vol/tmp2/yesildau/m1_eval_v2_matched_three_model_v3/results/smollm/epoch-028/generation_integrity/raw/20260825T014547Z_m1_smollm_epoch-028_generation/summary_metrics.json,ee9ca869875b257b752433f54c08600cf7e2f698e25a3bfbc15c7b054dadf66c,1084,0,30,0,,direct_same_metric_and_denominator
smollm,smollm/epoch-028,epoch-028,28,196,False,generation_distinct_2,generation,0.6216931216931216,fraction,higher,30,measured,/vol/tmp2/yesildau/m1_eval_v2_matched_three_model_v3/results/smollm/epoch-028/generation_integrity/raw/20260825T014547Z_m1_smollm_epoch-028_generation/summary_metrics.json,ee9ca869875b257b752433f54c08600cf7e2f698e25a3bfbc15c7b054dadf66c,1084,0.6661375661375663,30,-0.04444444444444462,-6.6719618745036,direct_same_metric_and_denominator
smollm,smollm/epoch-028,epoch-028,28,196,False,generation_repeated_3gram,generation,0.4827956989247312,fraction,lower,30,measured,/vol/tmp2/yesildau/m1_eval_v2_matched_three_model_v3/results/smollm/epoch-028/generation_integrity/raw/20260825T014547Z_m1_smollm_epoch-028_generation/summary_metrics.json,ee9ca869875b257b752433f54c08600cf7e2f698e25a3bfbc15c7b054dadf66c,1084,0.42311827956989245,30,0.05967741935483872,14.104193138500639,direct_same_metric_and_denominator
smollm,smollm/epoch-028,epoch-028,28,196,False,generation_repeated_4gram,generation,0.44098360655737706,fraction,lower,30,measured,/vol/tmp2/yesildau/m1_eval_v2_matched_three_model_v3/results/smollm/epoch-028/generation_integrity/raw/20260825T014547Z_m1_smollm_epoch-028_generation/summary_metrics.json,ee9ca869875b257b752433f54c08600cf7e2f698e25a3bfbc15c7b054dadf66c,1084,,,,,no_m0_reference
smollm,smollm/epoch-028,epoch-028,28,196,False,generation_ppl,generation,17.220203840040117,PPL,lower,304243,measured,/vol/tmp2/yesildau/m1_eval_v2_matched_three_model_v3/results/smollm/epoch-028/generation_integrity/raw/20260825T014547Z_m1_smollm_epoch-028_generation/summary_metrics.json,ee9ca869875b257b752433f54c08600cf7e2f698e25a3bfbc15c7b054dadf66c,1084,15.924011152164711,304243,1.296192687875406,8.139862974783219,direct_same_metric_and_denominator
smollm,smollm/epoch-029,epoch-029,29,203,False,wikitext_bpb,wikitext,0.6514294193200273,bits/byte,lower,62,measured,/vol/tmp2/yesildau/m1_eval_v2_matched_three_model_v3/results/smollm/epoch-029/harness/raw/__vol__tmp2__yesildau__m1_matched_three_model_retry_v1__training__smollm__20260822T155242Z_m1_matched_epoch_dense_smollm_seed42_081e6e29__epoch_snapshots__epoch-029/results_2026-08-25T03-37-14.213079.json,e2080b32886e462278612c0af069f5ab40dc5ed6b8fe3d1746bbff23052a6caa,12320,0.6411010344952439,62,0.010328384824783376,1.611038552279859,direct_same_metric_and_denominator
smollm,smollm/epoch-029,epoch-029,29,203,False,wikitext_word_ppl,wikitext,11.184948160072524,PPL,lower,62,measured,/vol/tmp2/yesildau/m1_eval_v2_matched_three_model_v3/results/smollm/epoch-029/harness/raw/__vol__tmp2__yesildau__m1_matched_three_model_retry_v1__training__smollm__20260822T155242Z_m1_matched_epoch_dense_smollm_seed42_081e6e29__epoch_snapshots__epoch-029/results_2026-08-25T03-37-14.213079.json,e2080b32886e462278612c0af069f5ab40dc5ed6b8fe3d1746bbff23052a6caa,12320,10.764848694209554,62,0.42009946586297,3.902511570728744,direct_same_metric_and_denominator
smollm,smollm/epoch-029,epoch-029,29,203,False,wikitext_byte_ppl,wikitext,1.5707236949243006,PPL,lower,62,measured,/vol/tmp2/yesildau/m1_eval_v2_matched_three_model_v3/results/smollm/epoch-029/harness/raw/__vol__tmp2__yesildau__m1_matched_three_model_retry_v1__training__smollm__20260822T155242Z_m1_matched_epoch_dense_smollm_seed42_081e6e29__epoch_snapshots__epoch-029/results_2026-08-25T03-37-14.213079.json,e2080b32886e462278612c0af069f5ab40dc5ed6b8fe3d1746bbff23052a6caa,12320,1.5595188972757745,62,0.01120479764852611,0.7184778374984149,direct_same_metric_and_denominator
smollm,smollm/epoch-029,epoch-029,29,203,False,exact_prefix_top1_accuracy,exact_prefix,1.0,fraction,higher,500,measured,/vol/tmp2/yesildau/m1_eval_v2_matched_three_model_v3/results/smollm/epoch-029/exact_prefix/raw/20260825T020201Z_30df8c31/summary_metrics.json,c4c5076aabaf79b753d0c1cabdeb3d34e5bc129bd73029e4be89b631fb37510b,1719,0.032,500,0.968,3025.0,direct_same_metric_and_denominator
smollm,smollm/epoch-029,epoch-029,29,203,False,exact_prefix_top5_accuracy,exact_prefix,1.0,fraction,higher,500,measured,/vol/tmp2/yesildau/m1_eval_v2_matched_three_model_v3/results/smollm/epoch-029/exact_prefix/raw/20260825T020201Z_30df8c31/summary_metrics.json,c4c5076aabaf79b753d0c1cabdeb3d34e5bc129bd73029e4be89b631fb37510b,1719,,,,,no_m0_reference
smollm,smollm/epoch-029,epoch-029,29,203,False,exact_prefix_mrr,exact_prefix,1.0,fraction,higher,500,measured,/vol/tmp2/yesildau/m1_eval_v2_matched_three_model_v3/results/smollm/epoch-029/exact_prefix/raw/20260825T020201Z_30df8c31/summary_metrics.json,c4c5076aabaf79b753d0c1cabdeb3d34e5bc129bd73029e4be89b631fb37510b,1719,,,,,no_m0_reference
smollm,smollm/epoch-029,epoch-029,29,203,False,exact_prefix_mean_rank,exact_prefix,1,rank,lower,500,measured,/vol/tmp2/yesildau/m1_eval_v2_matched_three_model_v3/results/smollm/epoch-029/exact_prefix/raw/20260825T020201Z_30df8c31/summary_metrics.json,c4c5076aabaf79b753d0c1cabdeb3d34e5bc129bd73029e4be89b631fb37510b,1719,,,,,no_m0_reference
smollm,smollm/epoch-029,epoch-029,29,203,False,exact_prefix_mean_score_margin,exact_prefix,4.265369433205082,logprob,higher,500,measured,/vol/tmp2/yesildau/m1_eval_v2_matched_three_model_v3/results/smollm/epoch-029/exact_prefix/raw/20260825T020201Z_30df8c31/summary_metrics.json,c4c5076aabaf79b753d0c1cabdeb3d34e5bc129bd73029e4be89b631fb37510b,1719,,,,,no_m0_reference
smollm,smollm/epoch-029,epoch-029,29,203,False,factual_cheap_top1_count,factual_cheap,629,count,higher,1500,completed,/vol/tmp2/yesildau/m1_eval_v2_matched_three_model_v3/results/smollm/epoch-029/factual_cheap/raw/summary.json,579409439013509530e5c91afb06f8449a1100a6579e4f610175b8dd84d70799,326,,,,,no_m0_reference
smollm,smollm/epoch-029,epoch-029,29,203,False,turkish_bpb,turkish_cross_domain,1.5785932408416736,bits/byte,lower,12207027,measured,/vol/tmp2/yesildau/m1_eval_v2_matched_three_model_v3/results/smollm/epoch-029/turkish_perplexity/raw/trwiki_cross_domain/summary.json,6aad0a1cf3ad1df1c2ac8479a8bbba53b8fdc3d9dc6db8fc1260aad466b37a29,941,1.4910878271709507,,,,m0_reference_denominator_unbound
smollm,smollm/epoch-029,epoch-029,29,203,False,turkish_ppl,turkish_cross_domain,10.560518169176683,PPL,lower,12207027,measured,/vol/tmp2/yesildau/m1_eval_v2_matched_three_model_v3/results/smollm/epoch-029/turkish_perplexity/raw/trwiki_cross_domain/summary.json,6aad0a1cf3ad1df1c2ac8479a8bbba53b8fdc3d9dc6db8fc1260aad466b37a29,941,9.267012914466756,,,,m0_reference_denominator_unbound
smollm,smollm/epoch-029,epoch-029,29,203,False,turkish_byte_ppl,turkish_cross_domain,2.9867846895859054,PPL,lower,12207027,measured,/vol/tmp2/yesildau/m1_eval_v2_matched_three_model_v3/results/smollm/epoch-029/turkish_perplexity/raw/trwiki_cross_domain/summary.json,6aad0a1cf3ad1df1c2ac8479a8bbba53b8fdc3d9dc6db8fc1260aad466b37a29,941,2.811008521408759,,,,m0_reference_denominator_unbound
smollm,smollm/epoch-029,epoch-029,29,203,False,generation_top1_accuracy,generation,1.0,fraction,higher,30,measured,/vol/tmp2/yesildau/m1_eval_v2_matched_three_model_v3/results/smollm/epoch-029/generation_integrity/raw/20260825T020309Z_m1_smollm_epoch-029_generation/summary_metrics.json,8bf33db74dc02725b9c8b59bc547d05ffd6ec51fad59a8d5010b16d666a5f882,1085,1.0,30,0.0,0.0,direct_same_metric_and_denominator
smollm,smollm/epoch-029,epoch-029,29,203,False,generation_empty_or_near_empty,generation,0,count,lower,30,measured,/vol/tmp2/yesildau/m1_eval_v2_matched_three_model_v3/results/smollm/epoch-029/generation_integrity/raw/20260825T020309Z_m1_smollm_epoch-029_generation/summary_metrics.json,8bf33db74dc02725b9c8b59bc547d05ffd6ec51fad59a8d5010b16d666a5f882,1085,0,30,0,,direct_same_metric_and_denominator
smollm,smollm/epoch-029,epoch-029,29,203,False,generation_distinct_2,generation,0.6317460317460317,fraction,higher,30,measured,/vol/tmp2/yesildau/m1_eval_v2_matched_three_model_v3/results/smollm/epoch-029/generation_integrity/raw/20260825T020309Z_m1_smollm_epoch-029_generation/summary_metrics.json,8bf33db74dc02725b9c8b59bc547d05ffd6ec51fad59a8d5010b16d666a5f882,1085,0.6661375661375663,30,-0.03439153439153453,-5.162827640984928,direct_same_metric_and_denominator
smollm,smollm/epoch-029,epoch-029,29,203,False,generation_repeated_3gram,generation,0.46827956989247316,fraction,lower,30,measured,/vol/tmp2/yesildau/m1_eval_v2_matched_three_model_v3/results/smollm/epoch-029/generation_integrity/raw/20260825T020309Z_m1_smollm_epoch-029_generation/summary_metrics.json,8bf33db74dc02725b9c8b59bc547d05ffd6ec51fad59a8d5010b16d666a5f882,1085,0.42311827956989245,30,0.045161290322580705,10.673443456162657,direct_same_metric_and_denominator
smollm,smollm/epoch-029,epoch-029,29,203,False,generation_repeated_4gram,generation,0.42786885245901646,fraction,lower,30,measured,/vol/tmp2/yesildau/m1_eval_v2_matched_three_model_v3/results/smollm/epoch-029/generation_integrity/raw/20260825T020309Z_m1_smollm_epoch-029_generation/summary_metrics.json,8bf33db74dc02725b9c8b59bc547d05ffd6ec51fad59a8d5010b16d666a5f882,1085,,,,,no_m0_reference
smollm,smollm/epoch-029,epoch-029,29,203,False,generation_ppl,generation,17.219915189911585,PPL,lower,304243,measured,/vol/tmp2/yesildau/m1_eval_v2_matched_three_model_v3/results/smollm/epoch-029/generation_integrity/raw/20260825T020309Z_m1_smollm_epoch-029_generation/summary_metrics.json,8bf33db74dc02725b9c8b59bc547d05ffd6ec51fad59a8d5010b16d666a5f882,1085,15.924011152164711,304243,1.2959040377468742,8.138050302550239,direct_same_metric_and_denominator
smollm,smollm/epoch-030,epoch-030,30,210,False,wikitext_bpb,wikitext,0.6514104148236508,bits/byte,lower,62,measured,/vol/tmp2/yesildau/m1_eval_v2_matched_three_model_v3/results/smollm/epoch-030/harness/raw/__vol__tmp2__yesildau__m1_matched_three_model_retry_v1__training__smollm__20260822T155242Z_m1_matched_epoch_dense_smollm_seed42_081e6e29__epoch_snapshots__epoch-030/results_2026-08-25T03-41-07.565713.json,4f50cd26ea8a7065788a81f5e4f578aad2d6453fdc9510878f2b9e7652104be5,12320,0.6411010344952439,62,0.010309380328406892,1.6080741994939602,direct_same_metric_and_denominator
smollm,smollm/epoch-030,epoch-030,30,210,False,wikitext_word_ppl,wikitext,11.184160303268248,PPL,lower,62,measured,/vol/tmp2/yesildau/m1_eval_v2_matched_three_model_v3/results/smollm/epoch-030/harness/raw/__vol__tmp2__yesildau__m1_matched_three_model_retry_v1__training__smollm__20260822T155242Z_m1_matched_epoch_dense_smollm_seed42_081e6e29__epoch_snapshots__epoch-030/results_2026-08-25T03-41-07.565713.json,4f50cd26ea8a7065788a81f5e4f578aad2d6453fdc9510878f2b9e7652104be5,12320,10.764848694209554,62,0.4193116090586937,3.8951927794790344,direct_same_metric_and_denominator
smollm,smollm/epoch-030,epoch-030,30,210,False,wikitext_byte_ppl,wikitext,1.5707030040538725,PPL,lower,62,measured,/vol/tmp2/yesildau/m1_eval_v2_matched_three_model_v3/results/smollm/epoch-030/harness/raw/__vol__tmp2__yesildau__m1_matched_three_model_retry_v1__training__smollm__20260822T155242Z_m1_matched_epoch_dense_smollm_seed42_081e6e29__epoch_snapshots__epoch-030/results_2026-08-25T03-41-07.565713.json,4f50cd26ea8a7065788a81f5e4f578aad2d6453fdc9510878f2b9e7652104be5,12320,1.5595188972757745,62,0.011184106778098002,0.7171510904827646,direct_same_metric_and_denominator
smollm,smollm/epoch-030,epoch-030,30,210,False,exact_prefix_top1_accuracy,exact_prefix,1.0,fraction,higher,500,measured,/vol/tmp2/yesildau/m1_eval_v2_matched_three_model_v3/results/smollm/epoch-030/exact_prefix/raw/20260825T020320Z_49eb8732/summary_metrics.json,dd9a427c2ca9467c5fc380ceb52c935290672217b349b0d7dedb238a98d4fd5c,1711,0.032,500,0.968,3025.0,direct_same_metric_and_denominator
smollm,smollm/epoch-030,epoch-030,30,210,False,exact_prefix_top5_accuracy,exact_prefix,1.0,fraction,higher,500,measured,/vol/tmp2/yesildau/m1_eval_v2_matched_three_model_v3/results/smollm/epoch-030/exact_prefix/raw/20260825T020320Z_49eb8732/summary_metrics.json,dd9a427c2ca9467c5fc380ceb52c935290672217b349b0d7dedb238a98d4fd5c,1711,,,,,no_m0_reference
smollm,smollm/epoch-030,epoch-030,30,210,False,exact_prefix_mrr,exact_prefix,1.0,fraction,higher,500,measured,/vol/tmp2/yesildau/m1_eval_v2_matched_three_model_v3/results/smollm/epoch-030/exact_prefix/raw/20260825T020320Z_49eb8732/summary_metrics.json,dd9a427c2ca9467c5fc380ceb52c935290672217b349b0d7dedb238a98d4fd5c,1711,,,,,no_m0_reference
smollm,smollm/epoch-030,epoch-030,30,210,False,exact_prefix_mean_rank,exact_prefix,1,rank,lower,500,measured,/vol/tmp2/yesildau/m1_eval_v2_matched_three_model_v3/results/smollm/epoch-030/exact_prefix/raw/20260825T020320Z_49eb8732/summary_metrics.json,dd9a427c2ca9467c5fc380ceb52c935290672217b349b0d7dedb238a98d4fd5c,1711,,,,,no_m0_reference
smollm,smollm/epoch-030,epoch-030,30,210,False,exact_prefix_mean_score_margin,exact_prefix,4.272001369262289,logprob,higher,500,measured,/vol/tmp2/yesildau/m1_eval_v2_matched_three_model_v3/results/smollm/epoch-030/exact_prefix/raw/20260825T020320Z_49eb8732/summary_metrics.json,dd9a427c2ca9467c5fc380ceb52c935290672217b349b0d7dedb238a98d4fd5c,1711,,,,,no_m0_reference
smollm,smollm/epoch-030,epoch-030,30,210,False,factual_cheap_top1_count,factual_cheap,630,count,higher,1500,completed,/vol/tmp2/yesildau/m1_eval_v2_matched_three_model_v3/results/smollm/epoch-030/factual_cheap/raw/summary.json,1a57deafaae00329095aa37d3720dbffaefdcc8b6c97b1b2233c2c094c017eb8,326,,,,,no_m0_reference
smollm,smollm/epoch-030,epoch-030,30,210,False,turkish_bpb,turkish_cross_domain,1.5787140917204976,bits/byte,lower,12207027,measured,/vol/tmp2/yesildau/m1_eval_v2_matched_three_model_v3/results/smollm/epoch-030/turkish_perplexity/raw/trwiki_cross_domain/summary.json,954f9771c5f0dc6db8b0170bb6cf1885c477d92297ddf5cffffb2c6298701b6e,940,1.4910878271709507,,,,m0_reference_denominator_unbound
smollm,smollm/epoch-030,epoch-030,30,210,False,turkish_ppl,turkish_cross_domain,10.56242400774921,PPL,lower,12207027,measured,/vol/tmp2/yesildau/m1_eval_v2_matched_three_model_v3/results/smollm/epoch-030/turkish_perplexity/raw/trwiki_cross_domain/summary.json,954f9771c5f0dc6db8b0170bb6cf1885c477d92297ddf5cffffb2c6298701b6e,940,9.267012914466756,,,,m0_reference_denominator_unbound
smollm,smollm/epoch-030,epoch-030,30,210,False,turkish_byte_ppl,turkish_cross_domain,2.9870348953902846,PPL,lower,12207027,measured,/vol/tmp2/yesildau/m1_eval_v2_matched_three_model_v3/results/smollm/epoch-030/turkish_perplexity/raw/trwiki_cross_domain/summary.json,954f9771c5f0dc6db8b0170bb6cf1885c477d92297ddf5cffffb2c6298701b6e,940,2.811008521408759,,,,m0_reference_denominator_unbound
smollm,smollm/epoch-030,epoch-030,30,210,False,generation_top1_accuracy,generation,1.0,fraction,higher,30,measured,/vol/tmp2/yesildau/m1_eval_v2_matched_three_model_v3/results/smollm/epoch-030/generation_integrity/raw/20260825T020428Z_m1_smollm_epoch-030_generation/summary_metrics.json,30da99475d8252ea37e65723bf3287b058e48fa66da2b2facbd771da9f0ac0e8,1085,1.0,30,0.0,0.0,direct_same_metric_and_denominator
smollm,smollm/epoch-030,epoch-030,30,210,False,generation_empty_or_near_empty,generation,0,count,lower,30,measured,/vol/tmp2/yesildau/m1_eval_v2_matched_three_model_v3/results/smollm/epoch-030/generation_integrity/raw/20260825T020428Z_m1_smollm_epoch-030_generation/summary_metrics.json,30da99475d8252ea37e65723bf3287b058e48fa66da2b2facbd771da9f0ac0e8,1085,0,30,0,,direct_same_metric_and_denominator
smollm,smollm/epoch-030,epoch-030,30,210,False,generation_distinct_2,generation,0.6164021164021164,fraction,higher,30,measured,/vol/tmp2/yesildau/m1_eval_v2_matched_three_model_v3/results/smollm/epoch-030/generation_integrity/raw/20260825T020428Z_m1_smollm_epoch-030_generation/summary_metrics.json,30da99475d8252ea37e65723bf3287b058e48fa66da2b2facbd771da9f0ac0e8,1085,0.6661375661375663,30,-0.049735449735449855,-7.466243050039731,direct_same_metric_and_denominator
smollm,smollm/epoch-030,epoch-030,30,210,False,generation_repeated_3gram,generation,0.48870967741935484,fraction,lower,30,measured,/vol/tmp2/yesildau/m1_eval_v2_matched_three_model_v3/results/smollm/epoch-030/generation_integrity/raw/20260825T020428Z_m1_smollm_epoch-030_generation/summary_metrics.json,30da99475d8252ea37e65723bf3287b058e48fa66da2b2facbd771da9f0ac0e8,1085,0.42311827956989245,30,0.06559139784946239,15.50190597204575,direct_same_metric_and_denominator
smollm,smollm/epoch-030,epoch-030,30,210,False,generation_repeated_4gram,generation,0.44098360655737706,fraction,lower,30,measured,/vol/tmp2/yesildau/m1_eval_v2_matched_three_model_v3/results/smollm/epoch-030/generation_integrity/raw/20260825T020428Z_m1_smollm_epoch-030_generation/summary_metrics.json,30da99475d8252ea37e65723bf3287b058e48fa66da2b2facbd771da9f0ac0e8,1085,,,,,no_m0_reference
smollm,smollm/epoch-030,epoch-030,30,210,False,generation_ppl,generation,17.222756916411953,PPL,lower,304243,measured,/vol/tmp2/yesildau/m1_eval_v2_matched_three_model_v3/results/smollm/epoch-030/generation_integrity/raw/20260825T020428Z_m1_smollm_epoch-030_generation/summary_metrics.json,30da99475d8252ea37e65723bf3287b058e48fa66da2b2facbd771da9f0ac0e8,1085,15.924011152164711,304243,1.2987457642472418,8.155895847075504,direct_same_metric_and_denominator
smollm,smollm/epoch-031,epoch-031,31,217,False,wikitext_bpb,wikitext,0.651432633315738,bits/byte,lower,62,measured,/vol/tmp2/yesildau/m1_eval_v2_matched_three_model_v3/results/smollm/epoch-031/harness/raw/__vol__tmp2__yesildau__m1_matched_three_model_retry_v1__training__smollm__20260822T155242Z_m1_matched_epoch_dense_smollm_seed42_081e6e29__epoch_snapshots__epoch-031/results_2026-08-25T03-49-11.691459.json,665de3617eed877e1b2cc9096f5648aa60378b328083cdd1e7102761ab44323b,12387,0.6411010344952439,62,0.010331598820494059,1.611539876648055,direct_same_metric_and_denominator
smollm,smollm/epoch-031,epoch-031,31,217,False,wikitext_word_ppl,wikitext,11.18508140604804,PPL,lower,62,measured,/vol/tmp2/yesildau/m1_eval_v2_matched_three_model_v3/results/smollm/epoch-031/harness/raw/__vol__tmp2__yesildau__m1_matched_three_model_retry_v1__training__smollm__20260822T155242Z_m1_matched_epoch_dense_smollm_seed42_081e6e29__epoch_snapshots__epoch-031/results_2026-08-25T03-49-11.691459.json,665de3617eed877e1b2cc9096f5648aa60378b328083cdd1e7102761ab44323b,12387,10.764848694209554,62,0.42023271183848543,3.903749358451549,direct_same_metric_and_denominator
smollm,smollm/epoch-031,epoch-031,31,217,False,wikitext_byte_ppl,wikitext,1.5707271941425682,PPL,lower,62,measured,/vol/tmp2/yesildau/m1_eval_v2_matched_three_model_v3/results/smollm/epoch-031/harness/raw/__vol__tmp2__yesildau__m1_matched_three_model_retry_v1__training__smollm__20260822T155242Z_m1_matched_epoch_dense_smollm_seed42_081e6e29__epoch_snapshots__epoch-031/results_2026-08-25T03-49-11.691459.json,665de3617eed877e1b2cc9096f5648aa60378b328083cdd1e7102761ab44323b,12387,1.5595188972757745,62,0.011208296866793699,0.7187022155597325,direct_same_metric_and_denominator
smollm,smollm/epoch-031,epoch-031,31,217,False,exact_prefix_top1_accuracy,exact_prefix,1.0,fraction,higher,500,measured,/vol/tmp2/yesildau/m1_eval_v2_matched_three_model_v3/results/smollm/epoch-031/exact_prefix/raw/20260825T021209Z_7d4127df/summary_metrics.json,7c1dba6ad3ce4c3d350bab2bf1b176a4669b001cb4f5f7953953e13c674d309a,1718,0.032,500,0.968,3025.0,direct_same_metric_and_denominator
smollm,smollm/epoch-031,epoch-031,31,217,False,exact_prefix_top5_accuracy,exact_prefix,1.0,fraction,higher,500,measured,/vol/tmp2/yesildau/m1_eval_v2_matched_three_model_v3/results/smollm/epoch-031/exact_prefix/raw/20260825T021209Z_7d4127df/summary_metrics.json,7c1dba6ad3ce4c3d350bab2bf1b176a4669b001cb4f5f7953953e13c674d309a,1718,,,,,no_m0_reference
smollm,smollm/epoch-031,epoch-031,31,217,False,exact_prefix_mrr,exact_prefix,1.0,fraction,higher,500,measured,/vol/tmp2/yesildau/m1_eval_v2_matched_three_model_v3/results/smollm/epoch-031/exact_prefix/raw/20260825T021209Z_7d4127df/summary_metrics.json,7c1dba6ad3ce4c3d350bab2bf1b176a4669b001cb4f5f7953953e13c674d309a,1718,,,,,no_m0_reference
smollm,smollm/epoch-031,epoch-031,31,217,False,exact_prefix_mean_rank,exact_prefix,1,rank,lower,500,measured,/vol/tmp2/yesildau/m1_eval_v2_matched_three_model_v3/results/smollm/epoch-031/exact_prefix/raw/20260825T021209Z_7d4127df/summary_metrics.json,7c1dba6ad3ce4c3d350bab2bf1b176a4669b001cb4f5f7953953e13c674d309a,1718,,,,,no_m0_reference
smollm,smollm/epoch-031,epoch-031,31,217,False,exact_prefix_mean_score_margin,exact_prefix,4.284957030969456,logprob,higher,500,measured,/vol/tmp2/yesildau/m1_eval_v2_matched_three_model_v3/results/smollm/epoch-031/exact_prefix/raw/20260825T021209Z_7d4127df/summary_metrics.json,7c1dba6ad3ce4c3d350bab2bf1b176a4669b001cb4f5f7953953e13c674d309a,1718,,,,,no_m0_reference
smollm,smollm/epoch-031,epoch-031,31,217,False,factual_cheap_top1_count,factual_cheap,635,count,higher,1500,completed,/vol/tmp2/yesildau/m1_eval_v2_matched_three_model_v3/results/smollm/epoch-031/factual_cheap/raw/summary.json,bebd15e473decaddd2c77bdfe509d54c77241bb1d1bdd5a2216a497545aa348e,326,,,,,no_m0_reference
smollm,smollm/epoch-031,epoch-031,31,217,False,turkish_bpb,turkish_cross_domain,1.5788358577552977,bits/byte,lower,12207027,measured,/vol/tmp2/yesildau/m1_eval_v2_matched_three_model_v3/results/smollm/epoch-031/turkish_perplexity/raw/trwiki_cross_domain/summary.json,74e8c02a8903cbb1c5c2d2ef5b2793c175bebff83bfe940030b52f5504eccfcf,942,1.4910878271709507,,,,m0_reference_denominator_unbound
smollm,smollm/epoch-031,epoch-031,31,217,False,turkish_ppl,turkish_cross_domain,10.564344626344809,PPL,lower,12207027,measured,/vol/tmp2/yesildau/m1_eval_v2_matched_three_model_v3/results/smollm/epoch-031/turkish_perplexity/raw/trwiki_cross_domain/summary.json,74e8c02a8903cbb1c5c2d2ef5b2793c175bebff83bfe940030b52f5504eccfcf,942,9.267012914466756,,,,m0_reference_denominator_unbound
smollm,smollm/epoch-031,epoch-031,31,217,False,turkish_byte_ppl,turkish_cross_domain,2.9872870171030694,PPL,lower,12207027,measured,/vol/tmp2/yesildau/m1_eval_v2_matched_three_model_v3/results/smollm/epoch-031/turkish_perplexity/raw/trwiki_cross_domain/summary.json,74e8c02a8903cbb1c5c2d2ef5b2793c175bebff83bfe940030b52f5504eccfcf,942,2.811008521408759,,,,m0_reference_denominator_unbound
smollm,smollm/epoch-031,epoch-031,31,217,False,generation_top1_accuracy,generation,1.0,fraction,higher,30,measured,/vol/tmp2/yesildau/m1_eval_v2_matched_three_model_v3/results/smollm/epoch-031/generation_integrity/raw/20260825T021315Z_m1_smollm_epoch-031_generation/summary_metrics.json,b354b8078663507d83e6c84ac02ef7146e833d022774f637ffc2bdbbd3a85b43,1083,1.0,30,0.0,0.0,direct_same_metric_and_denominator
smollm,smollm/epoch-031,epoch-031,31,217,False,generation_empty_or_near_empty,generation,0,count,lower,30,measured,/vol/tmp2/yesildau/m1_eval_v2_matched_three_model_v3/results/smollm/epoch-031/generation_integrity/raw/20260825T021315Z_m1_smollm_epoch-031_generation/summary_metrics.json,b354b8078663507d83e6c84ac02ef7146e833d022774f637ffc2bdbbd3a85b43,1083,0,30,0,,direct_same_metric_and_denominator
smollm,smollm/epoch-031,epoch-031,31,217,False,generation_distinct_2,generation,0.6502645502645502,fraction,higher,30,measured,/vol/tmp2/yesildau/m1_eval_v2_matched_three_model_v3/results/smollm/epoch-031/generation_integrity/raw/20260825T021315Z_m1_smollm_epoch-031_generation/summary_metrics.json,b354b8078663507d83e6c84ac02ef7146e833d022774f637ffc2bdbbd3a85b43,1083,0.6661375661375663,30,-0.01587301587301604,-2.382843526608444,direct_same_metric_and_denominator
smollm,smollm/epoch-031,epoch-031,31,217,False,generation_repeated_3gram,generation,0.44032258064516133,fraction,lower,30,measured,/vol/tmp2/yesildau/m1_eval_v2_matched_three_model_v3/results/smollm/epoch-031/generation_integrity/raw/20260825T021315Z_m1_smollm_epoch-031_generation/summary_metrics.json,b354b8078663507d83e6c84ac02ef7146e833d022774f637ffc2bdbbd3a85b43,1083,0.42311827956989245,30,0.01720430107526888,4.066073697585784,direct_same_metric_and_denominator
smollm,smollm/epoch-031,epoch-031,31,217,False,generation_repeated_4gram,generation,0.3923497267759563,fraction,lower,30,measured,/vol/tmp2/yesildau/m1_eval_v2_matched_three_model_v3/results/smollm/epoch-031/generation_integrity/raw/20260825T021315Z_m1_smollm_epoch-031_generation/summary_metrics.json,b354b8078663507d83e6c84ac02ef7146e833d022774f637ffc2bdbbd3a85b43,1083,,,,,no_m0_reference
smollm,smollm/epoch-031,epoch-031,31,217,False,generation_ppl,generation,17.22598969823948,PPL,lower,304243,measured,/vol/tmp2/yesildau/m1_eval_v2_matched_three_model_v3/results/smollm/epoch-031/generation_integrity/raw/20260825T021315Z_m1_smollm_epoch-031_generation/summary_metrics.json,b354b8078663507d83e6c84ac02ef7146e833d022774f637ffc2bdbbd3a85b43,1083,15.924011152164711,304243,1.3019785460747695,8.176197150538785,direct_same_metric_and_denominator
smollm,smollm/epoch-032,epoch-032,32,224,False,wikitext_bpb,wikitext,0.6514460482543566,bits/byte,lower,62,measured,/vol/tmp2/yesildau/m1_eval_v2_matched_three_model_v3/results/smollm/epoch-032/harness/raw/__vol__tmp2__yesildau__m1_matched_three_model_retry_v1__training__smollm__20260822T155242Z_m1_matched_epoch_dense_smollm_seed42_081e6e29__epoch_snapshots__epoch-032/results_2026-08-25T04-06-12.504559.json,522aa9c125498a853b78012b09bf96171e01a4538ac1d3bfa7ec05189a80f493,12316,0.6411010344952439,62,0.010345013759112676,1.6136323609675007,direct_same_metric_and_denominator
smollm,smollm/epoch-032,epoch-032,32,224,False,wikitext_word_ppl,wikitext,11.18563758030329,PPL,lower,62,measured,/vol/tmp2/yesildau/m1_eval_v2_matched_three_model_v3/results/smollm/epoch-032/harness/raw/__vol__tmp2__yesildau__m1_matched_three_model_retry_v1__training__smollm__20260822T155242Z_m1_matched_epoch_dense_smollm_seed42_081e6e29__epoch_snapshots__epoch-032/results_2026-08-25T04-06-12.504559.json,522aa9c125498a853b78012b09bf96171e01a4538ac1d3bfa7ec05189a80f493,12316,10.764848694209554,62,0.4207888860937352,3.9089159359952625,direct_same_metric_and_denominator
smollm,smollm/epoch-032,epoch-032,32,224,False,wikitext_byte_ppl,wikitext,1.57074179965951,PPL,lower,62,measured,/vol/tmp2/yesildau/m1_eval_v2_matched_three_model_v3/results/smollm/epoch-032/harness/raw/__vol__tmp2__yesildau__m1_matched_three_model_retry_v1__training__smollm__20260822T155242Z_m1_matched_epoch_dense_smollm_seed42_081e6e29__epoch_snapshots__epoch-032/results_2026-08-25T04-06-12.504559.json,522aa9c125498a853b78012b09bf96171e01a4538ac1d3bfa7ec05189a80f493,12316,1.5595188972757745,62,0.011222902383735578,0.7196387554738939,direct_same_metric_and_denominator
smollm,smollm/epoch-032,epoch-032,32,224,False,exact_prefix_top1_accuracy,exact_prefix,1.0,fraction,higher,500,measured,/vol/tmp2/yesildau/m1_eval_v2_matched_three_model_v3/results/smollm/epoch-032/exact_prefix/raw/20260825T023103Z_42b5a350/summary_metrics.json,13527b72bcb2051906743050c60f8bb8f3caf6ecdd4bec966b4cf251459583a2,1718,0.032,500,0.968,3025.0,direct_same_metric_and_denominator
smollm,smollm/epoch-032,epoch-032,32,224,False,exact_prefix_top5_accuracy,exact_prefix,1.0,fraction,higher,500,measured,/vol/tmp2/yesildau/m1_eval_v2_matched_three_model_v3/results/smollm/epoch-032/exact_prefix/raw/20260825T023103Z_42b5a350/summary_metrics.json,13527b72bcb2051906743050c60f8bb8f3caf6ecdd4bec966b4cf251459583a2,1718,,,,,no_m0_reference
smollm,smollm/epoch-032,epoch-032,32,224,False,exact_prefix_mrr,exact_prefix,1.0,fraction,higher,500,measured,/vol/tmp2/yesildau/m1_eval_v2_matched_three_model_v3/results/smollm/epoch-032/exact_prefix/raw/20260825T023103Z_42b5a350/summary_metrics.json,13527b72bcb2051906743050c60f8bb8f3caf6ecdd4bec966b4cf251459583a2,1718,,,,,no_m0_reference
smollm,smollm/epoch-032,epoch-032,32,224,False,exact_prefix_mean_rank,exact_prefix,1,rank,lower,500,measured,/vol/tmp2/yesildau/m1_eval_v2_matched_three_model_v3/results/smollm/epoch-032/exact_prefix/raw/20260825T023103Z_42b5a350/summary_metrics.json,13527b72bcb2051906743050c60f8bb8f3caf6ecdd4bec966b4cf251459583a2,1718,,,,,no_m0_reference
smollm,smollm/epoch-032,epoch-032,32,224,False,exact_prefix_mean_score_margin,exact_prefix,4.294999270341748,logprob,higher,500,measured,/vol/tmp2/yesildau/m1_eval_v2_matched_three_model_v3/results/smollm/epoch-032/exact_prefix/raw/20260825T023103Z_42b5a350/summary_metrics.json,13527b72bcb2051906743050c60f8bb8f3caf6ecdd4bec966b4cf251459583a2,1718,,,,,no_m0_reference
smollm,smollm/epoch-032,epoch-032,32,224,False,factual_cheap_top1_count,factual_cheap,631,count,higher,1500,completed,/vol/tmp2/yesildau/m1_eval_v2_matched_three_model_v3/results/smollm/epoch-032/factual_cheap/raw/summary.json,50a109d3845ea913745d8c0255846ff47b3fd1613c221b1fc60291a18c729be5,326,,,,,no_m0_reference
smollm,smollm/epoch-032,epoch-032,32,224,False,turkish_bpb,turkish_cross_domain,1.5788815778714957,bits/byte,lower,12207027,measured,/vol/tmp2/yesildau/m1_eval_v2_matched_three_model_v3/results/smollm/epoch-032/turkish_perplexity/raw/trwiki_cross_domain/summary.json,6be37d402ff2e2299bff1c43ee93bf5bcb03c2961e6338e7461b66f2f53e4df9,940,1.4910878271709507,,,,m0_reference_denominator_unbound
smollm,smollm/epoch-032,epoch-032,32,224,False,turkish_ppl,turkish_cross_domain,10.565065861016398,PPL,lower,12207027,measured,/vol/tmp2/yesildau/m1_eval_v2_matched_three_model_v3/results/smollm/epoch-032/turkish_perplexity/raw/trwiki_cross_domain/summary.json,6be37d402ff2e2299bff1c43ee93bf5bcb03c2961e6338e7461b66f2f53e4df9,940,9.267012914466756,,,,m0_reference_denominator_unbound
smollm,smollm/epoch-032,epoch-032,32,224,False,turkish_byte_ppl,turkish_cross_domain,2.987381688027859,PPL,lower,12207027,measured,/vol/tmp2/yesildau/m1_eval_v2_matched_three_model_v3/results/smollm/epoch-032/turkish_perplexity/raw/trwiki_cross_domain/summary.json,6be37d402ff2e2299bff1c43ee93bf5bcb03c2961e6338e7461b66f2f53e4df9,940,2.811008521408759,,,,m0_reference_denominator_unbound
smollm,smollm/epoch-032,epoch-032,32,224,False,generation_top1_accuracy,generation,1.0,fraction,higher,30,measured,/vol/tmp2/yesildau/m1_eval_v2_matched_three_model_v3/results/smollm/epoch-032/generation_integrity/raw/20260825T023212Z_m1_smollm_epoch-032_generation/summary_metrics.json,3001e1f93739a1b67af68c02c7078935a7dbf31218258e3b9666475bed69c936,1086,1.0,30,0.0,0.0,direct_same_metric_and_denominator
smollm,smollm/epoch-032,epoch-032,32,224,False,generation_empty_or_near_empty,generation,0,count,lower,30,measured,/vol/tmp2/yesildau/m1_eval_v2_matched_three_model_v3/results/smollm/epoch-032/generation_integrity/raw/20260825T023212Z_m1_smollm_epoch-032_generation/summary_metrics.json,3001e1f93739a1b67af68c02c7078935a7dbf31218258e3b9666475bed69c936,1086,0,30,0,,direct_same_metric_and_denominator
smollm,smollm/epoch-032,epoch-032,32,224,False,generation_distinct_2,generation,0.6428571428571427,fraction,higher,30,measured,/vol/tmp2/yesildau/m1_eval_v2_matched_three_model_v3/results/smollm/epoch-032/generation_integrity/raw/20260825T023212Z_m1_smollm_epoch-032_generation/summary_metrics.json,3001e1f93739a1b67af68c02c7078935a7dbf31218258e3b9666475bed69c936,1086,0.6661375661375663,30,-0.023280423280423568,-3.4948371723590577,direct_same_metric_and_denominator
smollm,smollm/epoch-032,epoch-032,32,224,False,generation_repeated_3gram,generation,0.44623655913978494,fraction,lower,30,measured,/vol/tmp2/yesildau/m1_eval_v2_matched_three_model_v3/results/smollm/epoch-032/generation_integrity/raw/20260825T023212Z_m1_smollm_epoch-032_generation/summary_metrics.json,3001e1f93739a1b67af68c02c7078935a7dbf31218258e3b9666475bed69c936,1086,0.42311827956989245,30,0.023118279569892486,5.46378653113088,direct_same_metric_and_denominator
smollm,smollm/epoch-032,epoch-032,32,224,False,generation_repeated_4gram,generation,0.39289617486338796,fraction,lower,30,measured,/vol/tmp2/yesildau/m1_eval_v2_matched_three_model_v3/results/smollm/epoch-032/generation_integrity/raw/20260825T023212Z_m1_smollm_epoch-032_generation/summary_metrics.json,3001e1f93739a1b67af68c02c7078935a7dbf31218258e3b9666475bed69c936,1086,,,,,no_m0_reference
smollm,smollm/epoch-032,epoch-032,32,224,False,generation_ppl,generation,17.22903132635464,PPL,lower,304243,measured,/vol/tmp2/yesildau/m1_eval_v2_matched_three_model_v3/results/smollm/epoch-032/generation_integrity/raw/20260825T023212Z_m1_smollm_epoch-032_generation/summary_metrics.json,3001e1f93739a1b67af68c02c7078935a7dbf31218258e3b9666475bed69c936,1086,15.924011152164711,304243,1.305020174189929,8.19529804218031,direct_same_metric_and_denominator
smollm,smollm/epoch-033,epoch-033,33,231,False,wikitext_bpb,wikitext,0.6514383626124396,bits/byte,lower,62,measured,/vol/tmp2/yesildau/m1_eval_v2_matched_three_model_v3/results/smollm/epoch-033/harness/raw/__vol__tmp2__yesildau__m1_matched_three_model_retry_v1__training__smollm__20260822T155242Z_m1_matched_epoch_dense_smollm_seed42_081e6e29__epoch_snapshots__epoch-033/results_2026-08-25T04-07-22.841146.json,5c7195d4a2b9440c7d7a153fa3ef9492375493b81d1648765099bb2829281513,12318,0.6411010344952439,62,0.010337328117195677,1.6124335418261386,direct_same_metric_and_denominator
smollm,smollm/epoch-033,epoch-033,33,231,False,wikitext_word_ppl,wikitext,11.18531893541955,PPL,lower,62,measured,/vol/tmp2/yesildau/m1_eval_v2_matched_three_model_v3/results/smollm/epoch-033/harness/raw/__vol__tmp2__yesildau__m1_matched_three_model_retry_v1__training__smollm__20260822T155242Z_m1_matched_epoch_dense_smollm_seed42_081e6e29__epoch_snapshots__epoch-033/results_2026-08-25T04-07-22.841146.json,5c7195d4a2b9440c7d7a153fa3ef9492375493b81d1648765099bb2829281513,12318,10.764848694209554,62,0.4204702412099959,3.905955886181365,direct_same_metric_and_denominator
smollm,smollm/epoch-033,epoch-033,33,231,False,wikitext_byte_ppl,wikitext,1.5707334318988135,PPL,lower,62,measured,/vol/tmp2/yesildau/m1_eval_v2_matched_three_model_v3/results/smollm/epoch-033/harness/raw/__vol__tmp2__yesildau__m1_matched_three_model_retry_v1__training__smollm__20260822T155242Z_m1_matched_epoch_dense_smollm_seed42_081e6e29__epoch_snapshots__epoch-033/results_2026-08-25T04-07-22.841146.json,5c7195d4a2b9440c7d7a153fa3ef9492375493b81d1648765099bb2829281513,12318,1.5595188972757745,62,0.011214534623039007,0.7191021950826613,direct_same_metric_and_denominator
smollm,smollm/epoch-033,epoch-033,33,231,False,exact_prefix_top1_accuracy,exact_prefix,1.0,fraction,higher,500,measured,/vol/tmp2/yesildau/m1_eval_v2_matched_three_model_v3/results/smollm/epoch-033/exact_prefix/raw/20260825T022945Z_53d76d74/summary_metrics.json,8209ba286d7b20ee54cd344429643093181259c6b20f024162e4807da2d67474,1707,0.032,500,0.968,3025.0,direct_same_metric_and_denominator
smollm,smollm/epoch-033,epoch-033,33,231,False,exact_prefix_top5_accuracy,exact_prefix,1.0,fraction,higher,500,measured,/vol/tmp2/yesildau/m1_eval_v2_matched_three_model_v3/results/smollm/epoch-033/exact_prefix/raw/20260825T022945Z_53d76d74/summary_metrics.json,8209ba286d7b20ee54cd344429643093181259c6b20f024162e4807da2d67474,1707,,,,,no_m0_reference
smollm,smollm/epoch-033,epoch-033,33,231,False,exact_prefix_mrr,exact_prefix,1.0,fraction,higher,500,measured,/vol/tmp2/yesildau/m1_eval_v2_matched_three_model_v3/results/smollm/epoch-033/exact_prefix/raw/20260825T022945Z_53d76d74/summary_metrics.json,8209ba286d7b20ee54cd344429643093181259c6b20f024162e4807da2d67474,1707,,,,,no_m0_reference
smollm,smollm/epoch-033,epoch-033,33,231,False,exact_prefix_mean_rank,exact_prefix,1,rank,lower,500,measured,/vol/tmp2/yesildau/m1_eval_v2_matched_three_model_v3/results/smollm/epoch-033/exact_prefix/raw/20260825T022945Z_53d76d74/summary_metrics.json,8209ba286d7b20ee54cd344429643093181259c6b20f024162e4807da2d67474,1707,,,,,no_m0_reference
smollm,smollm/epoch-033,epoch-033,33,231,False,exact_prefix_mean_score_margin,exact_prefix,4.320846669517487,logprob,higher,500,measured,/vol/tmp2/yesildau/m1_eval_v2_matched_three_model_v3/results/smollm/epoch-033/exact_prefix/raw/20260825T022945Z_53d76d74/summary_metrics.json,8209ba286d7b20ee54cd344429643093181259c6b20f024162e4807da2d67474,1707,,,,,no_m0_reference
smollm,smollm/epoch-033,epoch-033,33,231,False,factual_cheap_top1_count,factual_cheap,629,count,higher,1500,completed,/vol/tmp2/yesildau/m1_eval_v2_matched_three_model_v3/results/smollm/epoch-033/factual_cheap/raw/summary.json,b6cba8db67a33566a0134596598b00479971bf96e8535f6d9f1b6bdda9b875e7,326,,,,,no_m0_reference
smollm,smollm/epoch-033,epoch-033,33,231,False,turkish_bpb,turkish_cross_domain,1.5790337955635438,bits/byte,lower,12207027,measured,/vol/tmp2/yesildau/m1_eval_v2_matched_three_model_v3/results/smollm/epoch-033/turkish_perplexity/raw/trwiki_cross_domain/summary.json,1213937cfcd7d1749e0da0d66b4f15c6679e192abb6a22cf082c0356fe401a7c,939,1.4910878271709507,,,,m0_reference_denominator_unbound
smollm,smollm/epoch-033,epoch-033,33,231,False,turkish_ppl,turkish_cross_domain,10.567467449452113,PPL,lower,12207027,measured,/vol/tmp2/yesildau/m1_eval_v2_matched_three_model_v3/results/smollm/epoch-033/turkish_perplexity/raw/trwiki_cross_domain/summary.json,1213937cfcd7d1749e0da0d66b4f15c6679e192abb6a22cf082c0356fe401a7c,939,9.267012914466756,,,,m0_reference_denominator_unbound
smollm,smollm/epoch-033,epoch-033,33,231,False,turkish_byte_ppl,turkish_cross_domain,2.98769690109993,PPL,lower,12207027,measured,/vol/tmp2/yesildau/m1_eval_v2_matched_three_model_v3/results/smollm/epoch-033/turkish_perplexity/raw/trwiki_cross_domain/summary.json,1213937cfcd7d1749e0da0d66b4f15c6679e192abb6a22cf082c0356fe401a7c,939,2.811008521408759,,,,m0_reference_denominator_unbound
smollm,smollm/epoch-033,epoch-033,33,231,False,generation_top1_accuracy,generation,1.0,fraction,higher,30,measured,/vol/tmp2/yesildau/m1_eval_v2_matched_three_model_v3/results/smollm/epoch-033/generation_integrity/raw/20260825T023054Z_m1_smollm_epoch-033_generation/summary_metrics.json,8a4b40ae2f19549d4c365e01eb3302e9be7935be23823af324c8439f83d0e0eb,1084,1.0,30,0.0,0.0,direct_same_metric_and_denominator
smollm,smollm/epoch-033,epoch-033,33,231,False,generation_empty_or_near_empty,generation,0,count,lower,30,measured,/vol/tmp2/yesildau/m1_eval_v2_matched_three_model_v3/results/smollm/epoch-033/generation_integrity/raw/20260825T023054Z_m1_smollm_epoch-033_generation/summary_metrics.json,8a4b40ae2f19549d4c365e01eb3302e9be7935be23823af324c8439f83d0e0eb,1084,0,30,0,,direct_same_metric_and_denominator
smollm,smollm/epoch-033,epoch-033,33,231,False,generation_distinct_2,generation,0.6555555555555554,fraction,higher,30,measured,/vol/tmp2/yesildau/m1_eval_v2_matched_three_model_v3/results/smollm/epoch-033/generation_integrity/raw/20260825T023054Z_m1_smollm_epoch-033_generation/summary_metrics.json,8a4b40ae2f19549d4c365e01eb3302e9be7935be23823af324c8439f83d0e0eb,1084,0.6661375661375663,30,-0.010582010582010803,-1.5885623510723126,direct_same_metric_and_denominator
smollm,smollm/epoch-033,epoch-033,33,231,False,generation_repeated_3gram,generation,0.4435483870967742,fraction,lower,30,measured,/vol/tmp2/yesildau/m1_eval_v2_matched_three_model_v3/results/smollm/epoch-033/generation_integrity/raw/20260825T023054Z_m1_smollm_epoch-033_generation/summary_metrics.json,8a4b40ae2f19549d4c365e01eb3302e9be7935be23823af324c8439f83d0e0eb,1084,0.42311827956989245,30,0.020430107526881736,4.828462515883105,direct_same_metric_and_denominator
smollm,smollm/epoch-033,epoch-033,33,231,False,generation_repeated_4gram,generation,0.39781420765027325,fraction,lower,30,measured,/vol/tmp2/yesildau/m1_eval_v2_matched_three_model_v3/results/smollm/epoch-033/generation_integrity/raw/20260825T023054Z_m1_smollm_epoch-033_generation/summary_metrics.json,8a4b40ae2f19549d4c365e01eb3302e9be7935be23823af324c8439f83d0e0eb,1084,,,,,no_m0_reference
smollm,smollm/epoch-033,epoch-033,33,231,False,generation_ppl,generation,17.22621570646546,PPL,lower,304243,measured,/vol/tmp2/yesildau/m1_eval_v2_matched_three_model_v3/results/smollm/epoch-033/generation_integrity/raw/20260825T023054Z_m1_smollm_epoch-033_generation/summary_metrics.json,8a4b40ae2f19549d4c365e01eb3302e9be7935be23823af324c8439f83d0e0eb,1084,15.924011152164711,304243,1.302204554300749,8.177616442599183,direct_same_metric_and_denominator
smollm,smollm/epoch-034,epoch-034,34,238,False,wikitext_bpb,wikitext,0.6514428342586459,bits/byte,lower,62,measured,/vol/tmp2/yesildau/m1_eval_v2_matched_three_model_v3/results/smollm/epoch-034/harness/raw/__vol__tmp2__yesildau__m1_matched_three_model_retry_v1__training__smollm__20260822T155242Z_m1_matched_epoch_dense_smollm_seed42_081e6e29__epoch_snapshots__epoch-034/results_2026-08-25T04-16-03.443927.json,6b276b120b4e080e3260b83f33bdea3c1b113da7b08e1d75ea8e0d762eb13ab9,12389,0.6411010344952439,62,0.010341799763401993,1.6131310365993046,direct_same_metric_and_denominator
smollm,smollm/epoch-034,epoch-034,34,238,False,wikitext_word_ppl,wikitext,11.185504327702164,PPL,lower,62,measured,/vol/tmp2/yesildau/m1_eval_v2_matched_three_model_v3/results/smollm/epoch-034/harness/raw/__vol__tmp2__yesildau__m1_matched_three_model_retry_v1__training__smollm__20260822T155242Z_m1_matched_epoch_dense_smollm_seed42_081e6e29__epoch_snapshots__epoch-034/results_2026-08-25T04-16-03.443927.json,6b276b120b4e080e3260b83f33bdea3c1b113da7b08e1d75ea8e0d762eb13ab9,12389,10.764848694209554,62,0.4206556334926095,3.907678086723889,direct_same_metric_and_denominator
smollm,smollm/epoch-034,epoch-034,34,238,False,wikitext_byte_ppl,wikitext,1.570738300408705,PPL,lower,62,measured,/vol/tmp2/yesildau/m1_eval_v2_matched_three_model_v3/results/smollm/epoch-034/harness/raw/__vol__tmp2__yesildau__m1_matched_three_model_retry_v1__training__smollm__20260822T155242Z_m1_matched_epoch_dense_smollm_seed42_081e6e29__epoch_snapshots__epoch-034/results_2026-08-25T04-16-03.443927.json,6b276b120b4e080e3260b83f33bdea3c1b113da7b08e1d75ea8e0d762eb13ab9,12389,1.5595188972757745,62,0.011219403132930461,0.7194143753261939,direct_same_metric_and_denominator
smollm,smollm/epoch-034,epoch-034,34,238,False,exact_prefix_top1_accuracy,exact_prefix,1.0,fraction,higher,500,measured,/vol/tmp2/yesildau/m1_eval_v2_matched_three_model_v3/results/smollm/epoch-034/exact_prefix/raw/20260825T023837Z_47a78b17/summary_metrics.json,b749d44b571c1c961be803d348c2dbcb81bb6916d4765b016892e2283c91cd04,1711,0.032,500,0.968,3025.0,direct_same_metric_and_denominator
smollm,smollm/epoch-034,epoch-034,34,238,False,exact_prefix_top5_accuracy,exact_prefix,1.0,fraction,higher,500,measured,/vol/tmp2/yesildau/m1_eval_v2_matched_three_model_v3/results/smollm/epoch-034/exact_prefix/raw/20260825T023837Z_47a78b17/summary_metrics.json,b749d44b571c1c961be803d348c2dbcb81bb6916d4765b016892e2283c91cd04,1711,,,,,no_m0_reference
smollm,smollm/epoch-034,epoch-034,34,238,False,exact_prefix_mrr,exact_prefix,1.0,fraction,higher,500,measured,/vol/tmp2/yesildau/m1_eval_v2_matched_three_model_v3/results/smollm/epoch-034/exact_prefix/raw/20260825T023837Z_47a78b17/summary_metrics.json,b749d44b571c1c961be803d348c2dbcb81bb6916d4765b016892e2283c91cd04,1711,,,,,no_m0_reference
smollm,smollm/epoch-034,epoch-034,34,238,False,exact_prefix_mean_rank,exact_prefix,1,rank,lower,500,measured,/vol/tmp2/yesildau/m1_eval_v2_matched_three_model_v3/results/smollm/epoch-034/exact_prefix/raw/20260825T023837Z_47a78b17/summary_metrics.json,b749d44b571c1c961be803d348c2dbcb81bb6916d4765b016892e2283c91cd04,1711,,,,,no_m0_reference
smollm,smollm/epoch-034,epoch-034,34,238,False,exact_prefix_mean_score_margin,exact_prefix,4.319342629170723,logprob,higher,500,measured,/vol/tmp2/yesildau/m1_eval_v2_matched_three_model_v3/results/smollm/epoch-034/exact_prefix/raw/20260825T023837Z_47a78b17/summary_metrics.json,b749d44b571c1c961be803d348c2dbcb81bb6916d4765b016892e2283c91cd04,1711,,,,,no_m0_reference
smollm,smollm/epoch-034,epoch-034,34,238,False,factual_cheap_top1_count,factual_cheap,632,count,higher,1500,completed,/vol/tmp2/yesildau/m1_eval_v2_matched_three_model_v3/results/smollm/epoch-034/factual_cheap/raw/summary.json,c1b8d1d1abd43f073c5f3fa53c8059254af1963d20c9f97502cf578167c69e1a,326,,,,,no_m0_reference
smollm,smollm/epoch-034,epoch-034,34,238,False,turkish_bpb,turkish_cross_domain,1.5790643727679865,bits/byte,lower,12207027,measured,/vol/tmp2/yesildau/m1_eval_v2_matched_three_model_v3/results/smollm/epoch-034/turkish_perplexity/raw/trwiki_cross_domain/summary.json,9f95f6cf470300aa8bee56b53a72fc43a7cf351d8d4f1395e1f6423909c54b13,940,1.4910878271709507,,,,m0_reference_denominator_unbound
smollm,smollm/epoch-034,epoch-034,34,238,False,turkish_ppl,turkish_cross_domain,10.567949941873666,PPL,lower,12207027,measured,/vol/tmp2/yesildau/m1_eval_v2_matched_three_model_v3/results/smollm/epoch-034/turkish_perplexity/raw/trwiki_cross_domain/summary.json,9f95f6cf470300aa8bee56b53a72fc43a7cf351d8d4f1395e1f6423909c54b13,940,9.267012914466756,,,,m0_reference_denominator_unbound
smollm,smollm/epoch-034,epoch-034,34,238,False,turkish_byte_ppl,turkish_cross_domain,2.987760224522061,PPL,lower,12207027,measured,/vol/tmp2/yesildau/m1_eval_v2_matched_three_model_v3/results/smollm/epoch-034/turkish_perplexity/raw/trwiki_cross_domain/summary.json,9f95f6cf470300aa8bee56b53a72fc43a7cf351d8d4f1395e1f6423909c54b13,940,2.811008521408759,,,,m0_reference_denominator_unbound
smollm,smollm/epoch-034,epoch-034,34,238,False,generation_top1_accuracy,generation,1.0,fraction,higher,30,measured,/vol/tmp2/yesildau/m1_eval_v2_matched_three_model_v3/results/smollm/epoch-034/generation_integrity/raw/20260825T023952Z_m1_smollm_epoch-034_generation/summary_metrics.json,67834519bf256a40104dad58464fe55ad1e4788c8bdf3882e7e337c25b8624ad,1086,1.0,30,0.0,0.0,direct_same_metric_and_denominator
smollm,smollm/epoch-034,epoch-034,34,238,False,generation_empty_or_near_empty,generation,0,count,lower,30,measured,/vol/tmp2/yesildau/m1_eval_v2_matched_three_model_v3/results/smollm/epoch-034/generation_integrity/raw/20260825T023952Z_m1_smollm_epoch-034_generation/summary_metrics.json,67834519bf256a40104dad58464fe55ad1e4788c8bdf3882e7e337c25b8624ad,1086,0,30,0,,direct_same_metric_and_denominator
smollm,smollm/epoch-034,epoch-034,34,238,False,generation_distinct_2,generation,0.6460317460317458,fraction,higher,30,measured,/vol/tmp2/yesildau/m1_eval_v2_matched_three_model_v3/results/smollm/epoch-034/generation_integrity/raw/20260825T023952Z_m1_smollm_epoch-034_generation/summary_metrics.json,67834519bf256a40104dad58464fe55ad1e4788c8bdf3882e7e337c25b8624ad,1086,0.6661375661375663,30,-0.020105820105820404,-3.0182684670373754,direct_same_metric_and_denominator
smollm,smollm/epoch-034,epoch-034,34,238,False,generation_repeated_3gram,generation,0.45322580645161287,fraction,lower,30,measured,/vol/tmp2/yesildau/m1_eval_v2_matched_three_model_v3/results/smollm/epoch-034/generation_integrity/raw/20260825T023952Z_m1_smollm_epoch-034_generation/summary_metrics.json,67834519bf256a40104dad58464fe55ad1e4788c8bdf3882e7e337c25b8624ad,1086,0.42311827956989245,30,0.030107526881720414,7.1156289707750915,direct_same_metric_and_denominator
smollm,smollm/epoch-034,epoch-034,34,238,False,generation_repeated_4gram,generation,0.40546448087431697,fraction,lower,30,measured,/vol/tmp2/yesildau/m1_eval_v2_matched_three_model_v3/results/smollm/epoch-034/generation_integrity/raw/20260825T023952Z_m1_smollm_epoch-034_generation/summary_metrics.json,67834519bf256a40104dad58464fe55ad1e4788c8bdf3882e7e337c25b8624ad,1086,,,,,no_m0_reference
smollm,smollm/epoch-034,epoch-034,34,238,False,generation_ppl,generation,17.232510099951217,PPL,lower,304243,measured,/vol/tmp2/yesildau/m1_eval_v2_matched_three_model_v3/results/smollm/epoch-034/generation_integrity/raw/20260825T023952Z_m1_smollm_epoch-034_generation/summary_metrics.json,67834519bf256a40104dad58464fe55ad1e4788c8bdf3882e7e337c25b8624ad,1086,15.924011152164711,304243,1.3084989477865054,8.21714413085316,direct_same_metric_and_denominator
smollm,smollm/epoch-035,epoch-035,35,245,False,wikitext_bpb,wikitext,0.6514428342586459,bits/byte,lower,62,measured,/vol/tmp2/yesildau/m1_eval_v2_matched_three_model_v3/results/smollm/epoch-035/harness/raw/__vol__tmp2__yesildau__m1_matched_three_model_retry_v1__training__smollm__20260822T155242Z_m1_matched_epoch_dense_smollm_seed42_081e6e29__epoch_snapshots__epoch-035/results_2026-08-25T04-33-41.431995.json,7cc53b85b8513bf811662b36240c9be4d5e62abfdfda08ae7539bfc8fced5cd8,12319,0.6411010344952439,62,0.010341799763401993,1.6131310365993046,direct_same_metric_and_denominator
smollm,smollm/epoch-035,epoch-035,35,245,False,wikitext_word_ppl,wikitext,11.185504327702164,PPL,lower,62,measured,/vol/tmp2/yesildau/m1_eval_v2_matched_three_model_v3/results/smollm/epoch-035/harness/raw/__vol__tmp2__yesildau__m1_matched_three_model_retry_v1__training__smollm__20260822T155242Z_m1_matched_epoch_dense_smollm_seed42_081e6e29__epoch_snapshots__epoch-035/results_2026-08-25T04-33-41.431995.json,7cc53b85b8513bf811662b36240c9be4d5e62abfdfda08ae7539bfc8fced5cd8,12319,10.764848694209554,62,0.4206556334926095,3.907678086723889,direct_same_metric_and_denominator
smollm,smollm/epoch-035,epoch-035,35,245,False,wikitext_byte_ppl,wikitext,1.570738300408705,PPL,lower,62,measured,/vol/tmp2/yesildau/m1_eval_v2_matched_three_model_v3/results/smollm/epoch-035/harness/raw/__vol__tmp2__yesildau__m1_matched_three_model_retry_v1__training__smollm__20260822T155242Z_m1_matched_epoch_dense_smollm_seed42_081e6e29__epoch_snapshots__epoch-035/results_2026-08-25T04-33-41.431995.json,7cc53b85b8513bf811662b36240c9be4d5e62abfdfda08ae7539bfc8fced5cd8,12319,1.5595188972757745,62,0.011219403132930461,0.7194143753261939,direct_same_metric_and_denominator
smollm,smollm/epoch-035,epoch-035,35,245,False,exact_prefix_top1_accuracy,exact_prefix,1.0,fraction,higher,500,measured,/vol/tmp2/yesildau/m1_eval_v2_matched_three_model_v3/results/smollm/epoch-035/exact_prefix/raw/20260825T025553Z_fe586371/summary_metrics.json,0dccf0ba5141265048b4914274de28c81df5aaec68347e66c7aa3d62dc6b34b1,1710,0.032,500,0.968,3025.0,direct_same_metric_and_denominator
smollm,smollm/epoch-035,epoch-035,35,245,False,exact_prefix_top5_accuracy,exact_prefix,1.0,fraction,higher,500,measured,/vol/tmp2/yesildau/m1_eval_v2_matched_three_model_v3/results/smollm/epoch-035/exact_prefix/raw/20260825T025553Z_fe586371/summary_metrics.json,0dccf0ba5141265048b4914274de28c81df5aaec68347e66c7aa3d62dc6b34b1,1710,,,,,no_m0_reference
smollm,smollm/epoch-035,epoch-035,35,245,False,exact_prefix_mrr,exact_prefix,1.0,fraction,higher,500,measured,/vol/tmp2/yesildau/m1_eval_v2_matched_three_model_v3/results/smollm/epoch-035/exact_prefix/raw/20260825T025553Z_fe586371/summary_metrics.json,0dccf0ba5141265048b4914274de28c81df5aaec68347e66c7aa3d62dc6b34b1,1710,,,,,no_m0_reference
smollm,smollm/epoch-035,epoch-035,35,245,False,exact_prefix_mean_rank,exact_prefix,1,rank,lower,500,measured,/vol/tmp2/yesildau/m1_eval_v2_matched_three_model_v3/results/smollm/epoch-035/exact_prefix/raw/20260825T025553Z_fe586371/summary_metrics.json,0dccf0ba5141265048b4914274de28c81df5aaec68347e66c7aa3d62dc6b34b1,1710,,,,,no_m0_reference
smollm,smollm/epoch-035,epoch-035,35,245,False,exact_prefix_mean_score_margin,exact_prefix,4.344134796828201,logprob,higher,500,measured,/vol/tmp2/yesildau/m1_eval_v2_matched_three_model_v3/results/smollm/epoch-035/exact_prefix/raw/20260825T025553Z_fe586371/summary_metrics.json,0dccf0ba5141265048b4914274de28c81df5aaec68347e66c7aa3d62dc6b34b1,1710,,,,,no_m0_reference
smollm,smollm/epoch-035,epoch-035,35,245,False,factual_cheap_top1_count,factual_cheap,637,count,higher,1500,completed,/vol/tmp2/yesildau/m1_eval_v2_matched_three_model_v3/results/smollm/epoch-035/factual_cheap/raw/summary.json,0ce8bd90a52952a2c82c658aef14390e80441212106e063c07ca9c27e2035583,326,,,,,no_m0_reference
smollm,smollm/epoch-035,epoch-035,35,245,False,turkish_bpb,turkish_cross_domain,1.5792513244865853,bits/byte,lower,12207027,measured,/vol/tmp2/yesildau/m1_eval_v2_matched_three_model_v3/results/smollm/epoch-035/turkish_perplexity/raw/trwiki_cross_domain/summary.json,b812a1eba6dcbc36792ea72d26d83af65b51268807673b00e4744ae6ee687eaa,943,1.4910878271709507,,,,m0_reference_denominator_unbound
smollm,smollm/epoch-035,epoch-035,35,245,False,turkish_ppl,turkish_cross_domain,10.570900422138497,PPL,lower,12207027,measured,/vol/tmp2/yesildau/m1_eval_v2_matched_three_model_v3/results/smollm/epoch-035/turkish_perplexity/raw/trwiki_cross_domain/summary.json,b812a1eba6dcbc36792ea72d26d83af65b51268807673b00e4744ae6ee687eaa,943,9.267012914466756,,,,m0_reference_denominator_unbound
smollm,smollm/epoch-035,epoch-035,35,245,False,turkish_byte_ppl,turkish_cross_domain,2.9881474186867525,PPL,lower,12207027,measured,/vol/tmp2/yesildau/m1_eval_v2_matched_three_model_v3/results/smollm/epoch-035/turkish_perplexity/raw/trwiki_cross_domain/summary.json,b812a1eba6dcbc36792ea72d26d83af65b51268807673b00e4744ae6ee687eaa,943,2.811008521408759,,,,m0_reference_denominator_unbound
smollm,smollm/epoch-035,epoch-035,35,245,False,generation_top1_accuracy,generation,1.0,fraction,higher,30,measured,/vol/tmp2/yesildau/m1_eval_v2_matched_three_model_v3/results/smollm/epoch-035/generation_integrity/raw/20260825T025703Z_m1_smollm_epoch-035_generation/summary_metrics.json,a86c19fa9b10d66a972ae37a690d8b164ec2a1da01d62c3e2910da1e3061607b,1085,1.0,30,0.0,0.0,direct_same_metric_and_denominator
smollm,smollm/epoch-035,epoch-035,35,245,False,generation_empty_or_near_empty,generation,0,count,lower,30,measured,/vol/tmp2/yesildau/m1_eval_v2_matched_three_model_v3/results/smollm/epoch-035/generation_integrity/raw/20260825T025703Z_m1_smollm_epoch-035_generation/summary_metrics.json,a86c19fa9b10d66a972ae37a690d8b164ec2a1da01d62c3e2910da1e3061607b,1085,0,30,0,,direct_same_metric_and_denominator
smollm,smollm/epoch-035,epoch-035,35,245,False,generation_distinct_2,generation,0.664021164021164,fraction,higher,30,measured,/vol/tmp2/yesildau/m1_eval_v2_matched_three_model_v3/results/smollm/epoch-035/generation_integrity/raw/20260825T025703Z_m1_smollm_epoch-035_generation/summary_metrics.json,a86c19fa9b10d66a972ae37a690d8b164ec2a1da01d62c3e2910da1e3061607b,1085,0.6661375661375663,30,-0.002116402116402294,-0.3177124702144825,direct_same_metric_and_denominator
smollm,smollm/epoch-035,epoch-035,35,245,False,generation_repeated_3gram,generation,0.41666666666666663,fraction,lower,30,measured,/vol/tmp2/yesildau/m1_eval_v2_matched_three_model_v3/results/smollm/epoch-035/generation_integrity/raw/20260825T025703Z_m1_smollm_epoch-035_generation/summary_metrics.json,a86c19fa9b10d66a972ae37a690d8b164ec2a1da01d62c3e2910da1e3061607b,1085,0.42311827956989245,30,-0.006451612903225823,-1.5247776365946673,direct_same_metric_and_denominator
smollm,smollm/epoch-035,epoch-035,35,245,False,generation_repeated_4gram,generation,0.3743169398907104,fraction,lower,30,measured,/vol/tmp2/yesildau/m1_eval_v2_matched_three_model_v3/results/smollm/epoch-035/generation_integrity/raw/20260825T025703Z_m1_smollm_epoch-035_generation/summary_metrics.json,a86c19fa9b10d66a972ae37a690d8b164ec2a1da01d62c3e2910da1e3061607b,1085,,,,,no_m0_reference
smollm,smollm/epoch-035,epoch-035,35,245,False,generation_ppl,generation,17.233375336078957,PPL,lower,304243,measured,/vol/tmp2/yesildau/m1_eval_v2_matched_three_model_v3/results/smollm/epoch-035/generation_integrity/raw/20260825T025703Z_m1_smollm_epoch-035_generation/summary_metrics.json,a86c19fa9b10d66a972ae37a690d8b164ec2a1da01d62c3e2910da1e3061607b,1085,15.924011152164711,304243,1.309364183914246,8.222577662137915,direct_same_metric_and_denominator
smollm,smollm/epoch-036,epoch-036,36,252,True,wikitext_bpb,wikitext,0.6514583452814235,bits/byte,lower,62,measured,/vol/tmp2/yesildau/m1_eval_v2_matched_three_model_v3/results/smollm/epoch-036/harness/raw/__vol__tmp2__yesildau__m1_matched_three_model_retry_v1__training__smollm__20260822T155242Z_m1_matched_epoch_dense_smollm_seed42_081e6e29__epoch_snapshots__epoch-036/results_2026-08-25T23-43-19.765921.json,e7704544addbbe37aaee89d6e1a63e19642b74961c9b89a8d097926dd032e2bc,234557,0.6411010344952439,62,0.01035731078617963,1.615550471593642,direct_same_metric_and_denominator
smollm,smollm/epoch-036,epoch-036,36,252,True,wikitext_word_ppl,wikitext,11.186147430998549,PPL,lower,62,measured,/vol/tmp2/yesildau/m1_eval_v2_matched_three_model_v3/results/smollm/epoch-036/harness/raw/__vol__tmp2__yesildau__m1_matched_three_model_retry_v1__training__smollm__20260822T155242Z_m1_matched_epoch_dense_smollm_seed42_081e6e29__epoch_snapshots__epoch-036/results_2026-08-25T23-43-19.765921.json,e7704544addbbe37aaee89d6e1a63e19642b74961c9b89a8d097926dd032e2bc,234557,10.764848694209554,62,0.42129873678899443,3.9136521910950064,direct_same_metric_and_denominator
smollm,smollm/epoch-036,epoch-036,36,252,True,wikitext_byte_ppl,wikitext,1.570755188169346,PPL,lower,62,measured,/vol/tmp2/yesildau/m1_eval_v2_matched_three_model_v3/results/smollm/epoch-036/harness/raw/__vol__tmp2__yesildau__m1_matched_three_model_retry_v1__training__smollm__20260822T155242Z_m1_matched_epoch_dense_smollm_seed42_081e6e29__epoch_snapshots__epoch-036/results_2026-08-25T23-43-19.765921.json,e7704544addbbe37aaee89d6e1a63e19642b74961c9b89a8d097926dd032e2bc,234557,1.5595188972757745,62,0.011236290893571477,0.7204972580453783,direct_same_metric_and_denominator
smollm,smollm/epoch-036,epoch-036,36,252,True,blimp_accuracy,blimp,0.773865671641791,fraction,higher,67000,measured,/vol/tmp2/yesildau/m1_eval_v2_matched_three_model_v3/results/smollm/epoch-036/harness/raw/__vol__tmp2__yesildau__m1_matched_three_model_retry_v1__training__smollm__20260822T155242Z_m1_matched_epoch_dense_smollm_seed42_081e6e29__epoch_snapshots__epoch-036/results_2026-08-25T23-43-19.765921.json,e7704544addbbe37aaee89d6e1a63e19642b74961c9b89a8d097926dd032e2bc,234557,0.8026268656716419,67000,-0.02876119402985089,-3.5833829217494966,direct_same_metric_and_denominator
smollm,smollm/epoch-036,epoch-036,36,252,True,hellaswag_accuracy,hellaswag,0.5433180641306513,fraction,higher,10042,measured,/vol/tmp2/yesildau/m1_eval_v2_matched_three_model_v3/results/smollm/epoch-036/harness/raw/__vol__tmp2__yesildau__m1_matched_three_model_retry_v1__training__smollm__20260822T155242Z_m1_matched_epoch_dense_smollm_seed42_081e6e29__epoch_snapshots__epoch-036/results_2026-08-25T23-43-19.765921.json,e7704544addbbe37aaee89d6e1a63e19642b74961c9b89a8d097926dd032e2bc,234557,0.5350527783310097,10042,0.008265285799641586,1.5447608412432685,direct_same_metric_and_denominator
smollm,smollm/epoch-036,epoch-036,36,252,True,hellaswag_acc_norm,hellaswag,0.7232622983469429,fraction,higher,10042,measured,/vol/tmp2/yesildau/m1_eval_v2_matched_three_model_v3/results/smollm/epoch-036/harness/raw/__vol__tmp2__yesildau__m1_matched_three_model_retry_v1__training__smollm__20260822T155242Z_m1_matched_epoch_dense_smollm_seed42_081e6e29__epoch_snapshots__epoch-036/results_2026-08-25T23-43-19.765921.json,e7704544addbbe37aaee89d6e1a63e19642b74961c9b89a8d097926dd032e2bc,234557,0.7140011949810795,10042,0.009261103365863388,1.297071129707115,direct_same_metric_and_denominator
smollm,smollm/epoch-036,epoch-036,36,252,True,winogender_female,winogender,0.5833333333333334,fraction,higher,240,measured,/vol/tmp2/yesildau/m1_eval_v2_matched_three_model_v3/results/smollm/epoch-036/harness/raw/__vol__tmp2__yesildau__m1_matched_three_model_retry_v1__training__smollm__20260822T155242Z_m1_matched_epoch_dense_smollm_seed42_081e6e29__epoch_snapshots__epoch-036/results_2026-08-25T23-43-19.765921.json,e7704544addbbe37aaee89d6e1a63e19642b74961c9b89a8d097926dd032e2bc,234557,0.6,240,-0.016666666666666607,-2.777777777777768,direct_same_metric_and_denominator
smollm,smollm/epoch-036,epoch-036,36,252,True,winogender_male,winogender,0.5583333333333333,fraction,higher,240,measured,/vol/tmp2/yesildau/m1_eval_v2_matched_three_model_v3/results/smollm/epoch-036/harness/raw/__vol__tmp2__yesildau__m1_matched_three_model_retry_v1__training__smollm__20260822T155242Z_m1_matched_epoch_dense_smollm_seed42_081e6e29__epoch_snapshots__epoch-036/results_2026-08-25T23-43-19.765921.json,e7704544addbbe37aaee89d6e1a63e19642b74961c9b89a8d097926dd032e2bc,234557,0.5791666666666667,240,-0.02083333333333337,-3.5971223021582794,direct_same_metric_and_denominator
smollm,smollm/epoch-036,epoch-036,36,252,True,winogender_neutral,winogender,0.6083333333333333,fraction,higher,240,measured,/vol/tmp2/yesildau/m1_eval_v2_matched_three_model_v3/results/smollm/epoch-036/harness/raw/__vol__tmp2__yesildau__m1_matched_three_model_retry_v1__training__smollm__20260822T155242Z_m1_matched_epoch_dense_smollm_seed42_081e6e29__epoch_snapshots__epoch-036/results_2026-08-25T23-43-19.765921.json,e7704544addbbe37aaee89d6e1a63e19642b74961c9b89a8d097926dd032e2bc,234557,0.6,240,0.008333333333333304,1.388888888888884,direct_same_metric_and_denominator
smollm,smollm/epoch-036,epoch-036,36,252,True,turblimp_acc_norm,turblimp,0.5885625000000001,fraction,higher,16000,measured,/vol/tmp2/yesildau/m1_eval_v2_matched_three_model_v3/results/smollm/epoch-036/harness/raw/__vol__tmp2__yesildau__m1_matched_three_model_retry_v1__training__smollm__20260822T155242Z_m1_matched_epoch_dense_smollm_seed42_081e6e29__epoch_snapshots__epoch-036/results_2026-08-25T23-43-19.765921.json,e7704544addbbe37aaee89d6e1a63e19642b74961c9b89a8d097926dd032e2bc,234557,0.59,16000,-0.0014374999999998694,-0.24364406779658807,direct_same_metric_and_denominator
smollm,smollm/epoch-036,epoch-036,36,252,True,exact_prefix_top1_accuracy,exact_prefix,1.0,fraction,higher,500,measured,/vol/tmp2/yesildau/m1_eval_v2_matched_three_model_v3/results/smollm/epoch-036/exact_prefix/raw/20260826T000110Z_89adbda9/summary_metrics.json,d7b268525a15ecf0553ffb70856d9299f3094a61c29790c42d72feb1a4270a23,1710,0.032,500,0.968,3025.0,direct_same_metric_and_denominator
smollm,smollm/epoch-036,epoch-036,36,252,True,exact_prefix_top5_accuracy,exact_prefix,1.0,fraction,higher,500,measured,/vol/tmp2/yesildau/m1_eval_v2_matched_three_model_v3/results/smollm/epoch-036/exact_prefix/raw/20260826T000110Z_89adbda9/summary_metrics.json,d7b268525a15ecf0553ffb70856d9299f3094a61c29790c42d72feb1a4270a23,1710,,,,,no_m0_reference
smollm,smollm/epoch-036,epoch-036,36,252,True,exact_prefix_mrr,exact_prefix,1.0,fraction,higher,500,measured,/vol/tmp2/yesildau/m1_eval_v2_matched_three_model_v3/results/smollm/epoch-036/exact_prefix/raw/20260826T000110Z_89adbda9/summary_metrics.json,d7b268525a15ecf0553ffb70856d9299f3094a61c29790c42d72feb1a4270a23,1710,,,,,no_m0_reference
smollm,smollm/epoch-036,epoch-036,36,252,True,exact_prefix_mean_rank,exact_prefix,1,rank,lower,500,measured,/vol/tmp2/yesildau/m1_eval_v2_matched_three_model_v3/results/smollm/epoch-036/exact_prefix/raw/20260826T000110Z_89adbda9/summary_metrics.json,d7b268525a15ecf0553ffb70856d9299f3094a61c29790c42d72feb1a4270a23,1710,,,,,no_m0_reference
smollm,smollm/epoch-036,epoch-036,36,252,True,exact_prefix_mean_score_margin,exact_prefix,4.344714958218906,logprob,higher,500,measured,/vol/tmp2/yesildau/m1_eval_v2_matched_three_model_v3/results/smollm/epoch-036/exact_prefix/raw/20260826T000110Z_89adbda9/summary_metrics.json,d7b268525a15ecf0553ffb70856d9299f3094a61c29790c42d72feb1a4270a23,1710,,,,,no_m0_reference
smollm,smollm/epoch-036,epoch-036,36,252,True,factual_cheap_top1_count,factual_cheap,626,count,higher,1500,completed_derived_from_full_without_rescoring,/vol/tmp2/yesildau/m1_eval_v2_matched_three_model_v3/results/smollm/epoch-036/factual_cheap/summary.json,eb61e8255b1db4ba46ef850af7801fc5352c6a601376dff191b659bf7a1149d5,670,,,,,no_m0_reference
smollm,smollm/epoch-036,epoch-036,36,252,True,factual_cheap_top1_rate,factual_cheap,0.41733333333333333,fraction,higher,1500,completed_derived_from_full_without_rescoring,/vol/tmp2/yesildau/m1_eval_v2_matched_three_model_v3/results/smollm/epoch-036/factual_cheap/summary.json,eb61e8255b1db4ba46ef850af7801fc5352c6a601376dff191b659bf7a1149d5,670,,,,,no_m0_reference
smollm,smollm/epoch-036,epoch-036,36,252,True,factual_top1_count,factual_full,5045,count,higher,12000,measured,/vol/tmp2/yesildau/m1_eval_v2_matched_three_model_v3/results/smollm/epoch-036/factual_full/raw/summary.json,56d1a09592a75c9f26a14254df99d6f03fad3fe5fba8eb3e3841eb4e748c6d40,334,146,12000,4899,3355.4794520547944,direct_same_metric_and_denominator
smollm,smollm/epoch-036,epoch-036,36,252,True,factual_top1_rate,factual_full,0.42041666666666666,fraction,higher,12000,measured,/vol/tmp2/yesildau/m1_eval_v2_matched_three_model_v3/results/smollm/epoch-036/factual_full/raw/summary.json,56d1a09592a75c9f26a14254df99d6f03fad3fe5fba8eb3e3841eb4e748c6d40,334,0.012166666666666666,12000,0.40825,3355.479452054795,direct_same_metric_and_denominator
smollm,smollm/epoch-036,epoch-036,36,252,True,factual_forced_choice_rate,factual_full,0.6041666666666666,fraction,higher,4800,measured,/vol/tmp2/yesildau/m1_eval_v2_matched_three_model_v3/results/smollm/epoch-036/factual_full/raw/summary.json,56d1a09592a75c9f26a14254df99d6f03fad3fe5fba8eb3e3841eb4e748c6d40,334,0.5027083333333333,4800,0.10145833333333332,20.18234562784915,direct_same_metric_and_denominator
smollm,smollm/epoch-036,epoch-036,36,252,True,factual_failure_early_eos,factual_full,1182,count,lower,12000,measured,/vol/tmp2/yesildau/m1_eval_v2_matched_three_model_v3/results/smollm/epoch-036/factual_full/raw/summary.json,56d1a09592a75c9f26a14254df99d6f03fad3fe5fba8eb3e3841eb4e748c6d40,334,,,,,no_m0_reference
smollm,smollm/epoch-036,epoch-036,36,252,True,factual_failure_none,factual_full,5045,count,lower,12000,measured,/vol/tmp2/yesildau/m1_eval_v2_matched_three_model_v3/results/smollm/epoch-036/factual_full/raw/summary.json,56d1a09592a75c9f26a14254df99d6f03fad3fe5fba8eb3e3841eb4e748c6d40,334,,,,,no_m0_reference
smollm,smollm/epoch-036,epoch-036,36,252,True,factual_prompt_form_failures,factual_full,4431,count,lower,12000,measured,/vol/tmp2/yesildau/m1_eval_v2_matched_three_model_v3/results/smollm/epoch-036/factual_full/raw/summary.json,56d1a09592a75c9f26a14254df99d6f03fad3fe5fba8eb3e3841eb4e748c6d40,334,3165,12000,1266,40.0,direct_same_metric_and_denominator
smollm,smollm/epoch-036,epoch-036,36,252,True,factual_failure_relation_swap,factual_full,1342,count,lower,12000,measured,/vol/tmp2/yesildau/m1_eval_v2_matched_three_model_v3/results/smollm/epoch-036/factual_full/raw/summary.json,56d1a09592a75c9f26a14254df99d6f03fad3fe5fba8eb3e3841eb4e748c6d40,334,,,,,no_m0_reference
smollm,smollm/epoch-036,epoch-036,36,252,True,turkish_bpb,turkish_cross_domain,1.5793295360784965,bits/byte,lower,12207027,measured,/vol/tmp2/yesildau/m1_eval_v2_matched_three_model_v3/results/smollm/epoch-036/turkish_perplexity/raw/trwiki_cross_domain/summary.json,45eaa373952965d0785fa1eaffa8b5bbea43dd1255c5c7432543c39a236cfbdf,938,1.4910878271709507,,,,m0_reference_denominator_unbound
smollm,smollm/epoch-036,epoch-036,36,252,True,turkish_ppl,turkish_cross_domain,10.5721350053107,PPL,lower,12207027,measured,/vol/tmp2/yesildau/m1_eval_v2_matched_three_model_v3/results/smollm/epoch-036/turkish_perplexity/raw/trwiki_cross_domain/summary.json,45eaa373952965d0785fa1eaffa8b5bbea43dd1255c5c7432543c39a236cfbdf,938,9.267012914466756,,,,m0_reference_denominator_unbound
smollm,smollm/epoch-036,epoch-036,36,252,True,turkish_byte_ppl,turkish_cross_domain,2.9883094169572604,PPL,lower,12207027,measured,/vol/tmp2/yesildau/m1_eval_v2_matched_three_model_v3/results/smollm/epoch-036/turkish_perplexity/raw/trwiki_cross_domain/summary.json,45eaa373952965d0785fa1eaffa8b5bbea43dd1255c5c7432543c39a236cfbdf,938,2.811008521408759,,,,m0_reference_denominator_unbound
smollm,smollm/epoch-036,epoch-036,36,252,True,generation_top1_accuracy,generation,1.0,fraction,higher,30,measured,/vol/tmp2/yesildau/m1_eval_v2_matched_three_model_v3/results/smollm/epoch-036/generation_integrity/raw/20260826T000222Z_m1_smollm_epoch-036_generation/summary_metrics.json,0aa2af1c1389ccd7c36886c65f9c028e21e6823af838cc79288627713a2f927d,1082,1.0,30,0.0,0.0,direct_same_metric_and_denominator
smollm,smollm/epoch-036,epoch-036,36,252,True,generation_empty_or_near_empty,generation,0,count,lower,30,measured,/vol/tmp2/yesildau/m1_eval_v2_matched_three_model_v3/results/smollm/epoch-036/generation_integrity/raw/20260826T000222Z_m1_smollm_epoch-036_generation/summary_metrics.json,0aa2af1c1389ccd7c36886c65f9c028e21e6823af838cc79288627713a2f927d,1082,0,30,0,,direct_same_metric_and_denominator
smollm,smollm/epoch-036,epoch-036,36,252,True,generation_distinct_2,generation,0.6238095238095237,fraction,higher,30,measured,/vol/tmp2/yesildau/m1_eval_v2_matched_three_model_v3/results/smollm/epoch-036/generation_integrity/raw/20260826T000222Z_m1_smollm_epoch-036_generation/summary_metrics.json,0aa2af1c1389ccd7c36886c65f9c028e21e6823af838cc79288627713a2f927d,1082,0.6661375661375663,30,-0.04232804232804255,-6.35424940428915,direct_same_metric_and_denominator
smollm,smollm/epoch-036,epoch-036,36,252,True,generation_repeated_3gram,generation,0.47580645161290325,fraction,lower,30,measured,/vol/tmp2/yesildau/m1_eval_v2_matched_three_model_v3/results/smollm/epoch-036/generation_integrity/raw/20260826T000222Z_m1_smollm_epoch-036_generation/summary_metrics.json,0aa2af1c1389ccd7c36886c65f9c028e21e6823af838cc79288627713a2f927d,1082,0.42311827956989245,30,0.052688172043010795,12.452350698856428,direct_same_metric_and_denominator
smollm,smollm/epoch-036,epoch-036,36,252,True,generation_repeated_4gram,generation,0.4278688524590164,fraction,lower,30,measured,/vol/tmp2/yesildau/m1_eval_v2_matched_three_model_v3/results/smollm/epoch-036/generation_integrity/raw/20260826T000222Z_m1_smollm_epoch-036_generation/summary_metrics.json,0aa2af1c1389ccd7c36886c65f9c028e21e6823af838cc79288627713a2f927d,1082,,,,,no_m0_reference
smollm,smollm/epoch-036,epoch-036,36,252,True,generation_ppl,generation,17.233806231397427,PPL,lower,304243,measured,/vol/tmp2/yesildau/m1_eval_v2_matched_three_model_v3/results/smollm/epoch-036/generation_integrity/raw/20260826T000222Z_m1_smollm_epoch-036_generation/summary_metrics.json,0aa2af1c1389ccd7c36886c65f9c028e21e6823af838cc79288627713a2f927d,1082,15.924011152164711,304243,1.3097950792327158,8.225283609241018,direct_same_metric_and_denominator
smollm,smollm/parent,parent,0,0,False,blimp_accuracy,m0_parent_projection,0.8026268656716419,fraction,higher,67000,projected_from_canonical_m0_evidence_without_rescoring,/vol/tmp2/yesildau/eval_v1_m0_scientific_three_model_v1/smollm/lanes/english_grammar_blimp/raw/__vol__tmp__yesildau__transfer-vs-relearning__artifacts__models__HuggingFaceTB__SmolLM2-1.7B__effd688a12921b4cc83e3312b6feb579f70f9c71/results_2026-08-16T15-28-48.920583.json,d210e362d2b44d4a0dbd71b9b972147f1d3da9e21aed2cc150553243567b98b2,,0.8026268656716419,67000,0,0,m0_parent_projection
smollm,smollm/parent,parent,0,0,False,exact_prefix_top1_accuracy,m0_parent_projection,0.032,fraction,higher,500,projected_from_canonical_m0_evidence_without_rescoring,/vol/tmp2/yesildau/eval_v1_m0_exact_prefix_smollm_recovery_v1/smollm/lane_result.json,c52447dd603691b5c135801633907abe7e8bf0ddacb38ec89120ce65b76e3771,,0.032,500,0,0,m0_parent_projection
smollm,smollm/parent,parent,0,0,False,factual_forced_choice_rate,m0_parent_projection,0.5027083333333333,fraction,higher,4800,projected_from_canonical_m0_evidence_without_rescoring,/vol/tmp2/yesildau/eval_v1_m0_scientific_three_model_v1/smollm/lanes/factual_access/raw/frozen_suite/summary.json,b2ff2650c1daf74b3bd5796612ec4ecb9f44fbbbabc61bc81d74fca5fb9bfe5f,331,0.5027083333333333,4800,0,0,m0_parent_projection
smollm,smollm/parent,parent,0,0,False,factual_prompt_form_failures,m0_parent_projection,3165,count,lower,12000,projected_from_canonical_m0_evidence_without_rescoring,/vol/tmp2/yesildau/eval_v1_m0_scientific_three_model_v1/smollm/lanes/factual_access/raw/frozen_suite/summary.json,b2ff2650c1daf74b3bd5796612ec4ecb9f44fbbbabc61bc81d74fca5fb9bfe5f,331,3165,12000,0,0,m0_parent_projection
smollm,smollm/parent,parent,0,0,False,factual_top1_count,m0_parent_projection,146,count,higher,12000,projected_from_canonical_m0_evidence_without_rescoring,/vol/tmp2/yesildau/eval_v1_m0_scientific_three_model_v1/smollm/lanes/factual_access/raw/frozen_suite/summary.json,b2ff2650c1daf74b3bd5796612ec4ecb9f44fbbbabc61bc81d74fca5fb9bfe5f,331,146,12000,0,0,m0_parent_projection
smollm,smollm/parent,parent,0,0,False,factual_top1_rate,m0_parent_projection,0.012166666666666666,fraction,higher,12000,projected_from_canonical_m0_evidence_without_rescoring,/vol/tmp2/yesildau/eval_v1_m0_scientific_three_model_v1/smollm/lanes/factual_access/raw/frozen_suite/summary.json,b2ff2650c1daf74b3bd5796612ec4ecb9f44fbbbabc61bc81d74fca5fb9bfe5f,,0.012166666666666666,12000,0,0,m0_parent_projection
smollm,smollm/parent,parent,0,0,False,generation_distinct_2,m0_parent_projection,0.6661375661375663,fraction,higher,30,projected_from_canonical_m0_evidence_without_rescoring,/vol/tmp2/yesildau/eval_v1_m0_scientific_three_model_v1/smollm/lanes/generation_integrity/raw/general_capability/20260816T163239Z_m0_smollm_scientific_generation/summary_metrics.json,82a6e317ceae23d70aafdb1d9cc3621ce88b2f7871bd740f40d4db79dbb800b6,1085,0.6661375661375663,30,0,0,m0_parent_projection
smollm,smollm/parent,parent,0,0,False,generation_empty_or_near_empty,m0_parent_projection,0,count,lower,30,projected_from_canonical_m0_evidence_without_rescoring,/vol/tmp2/yesildau/eval_v1_m0_scientific_three_model_v1/smollm/lanes/generation_integrity/raw/general_capability/20260816T163239Z_m0_smollm_scientific_generation/summary_metrics.json,82a6e317ceae23d70aafdb1d9cc3621ce88b2f7871bd740f40d4db79dbb800b6,1085,0,30,0,0,m0_parent_projection
smollm,smollm/parent,parent,0,0,False,generation_ppl,m0_parent_projection,15.924011152164711,PPL,lower,304243,projected_from_canonical_m0_evidence_without_rescoring,/vol/tmp2/yesildau/eval_v1_m0_scientific_three_model_v1/smollm/lanes/generation_integrity/raw/general_capability/20260816T163239Z_m0_smollm_scientific_generation/summary_metrics.json,82a6e317ceae23d70aafdb1d9cc3621ce88b2f7871bd740f40d4db79dbb800b6,1085,15.924011152164711,304243,0,0,m0_parent_projection
smollm,smollm/parent,parent,0,0,False,generation_repeated_3gram,m0_parent_projection,0.42311827956989245,fraction,lower,30,projected_from_canonical_m0_evidence_without_rescoring,/vol/tmp2/yesildau/eval_v1_m0_scientific_three_model_v1/smollm/lanes/generation_integrity/raw/general_capability/20260816T163239Z_m0_smollm_scientific_generation/summary_metrics.json,82a6e317ceae23d70aafdb1d9cc3621ce88b2f7871bd740f40d4db79dbb800b6,,0.42311827956989245,30,0,0,m0_parent_projection
smollm,smollm/parent,parent,0,0,False,generation_top1_accuracy,m0_parent_projection,1.0,fraction,higher,30,projected_from_canonical_m0_evidence_without_rescoring,/vol/tmp2/yesildau/eval_v1_m0_scientific_three_model_v1/smollm/lanes/generation_integrity/raw/general_capability/20260816T163239Z_m0_smollm_scientific_generation/summary_metrics.json,82a6e317ceae23d70aafdb1d9cc3621ce88b2f7871bd740f40d4db79dbb800b6,1085,1.0,30,0,0,m0_parent_projection
smollm,smollm/parent,parent,0,0,False,hellaswag_acc_norm,m0_parent_projection,0.7140011949810795,fraction,higher,10042,projected_from_canonical_m0_evidence_without_rescoring,/vol/tmp2/yesildau/eval_v1_m0_scientific_three_model_recovery_retargeted_v1/smollm/lanes/english_capability/raw/__vol__tmp__yesildau__transfer-vs-relearning__artifacts__models__HuggingFaceTB__SmolLM2-1.7B__effd688a12921b4cc83e3312b6feb579f70f9c71/results_2026-08-20T21-35-54.370560.json,bcb35b70c72ffa3732ec10a7116142021cefbf58190cfa3a46c911a27d18aabd,,0.7140011949810795,10042,0,0,m0_parent_projection
smollm,smollm/parent,parent,0,0,False,hellaswag_accuracy,m0_parent_projection,0.5350527783310097,fraction,higher,10042,projected_from_canonical_m0_evidence_without_rescoring,/vol/tmp2/yesildau/eval_v1_m0_scientific_three_model_recovery_retargeted_v1/smollm/lanes/english_capability/raw/__vol__tmp__yesildau__transfer-vs-relearning__artifacts__models__HuggingFaceTB__SmolLM2-1.7B__effd688a12921b4cc83e3312b6feb579f70f9c71/results_2026-08-20T21-35-54.370560.json,bcb35b70c72ffa3732ec10a7116142021cefbf58190cfa3a46c911a27d18aabd,18359,0.5350527783310097,10042,0,0,m0_parent_projection
smollm,smollm/parent,parent,0,0,False,turblimp_acc_norm,m0_parent_projection,0.59,fraction,higher,16000,projected_from_canonical_m0_evidence_without_rescoring,/vol/tmp2/yesildau/eval_v1_m0_scientific_three_model_v1/smollm/lanes/turkish_capability/raw/__vol__tmp__yesildau__transfer-vs-relearning__artifacts__models__HuggingFaceTB__SmolLM2-1.7B__effd688a12921b4cc83e3312b6feb579f70f9c71/results_2026-08-16T15-22-23.057434.json,7f1468fe09617901a1f93c46e80e0a2e500ef137407221188dd370e438cfa45a,,0.59,16000,0,0,m0_parent_projection
smollm,smollm/parent,parent,0,0,False,turkish_bpb,m0_parent_projection,1.4910878271709507,bits/byte,lower,,projected_from_canonical_m0_evidence_without_rescoring,/vol/tmp2/yesildau/eval_v1_m0_scientific_three_model_v1/smollm/lanes/turkish_perplexity/raw/corpora/trwiki_cross_domain/summary.json,3059ac0feb523336b1ef180c1757a2c010b3882003f4e6720a182cd1a9bcf922,,1.4910878271709507,,0,0,m0_parent_projection
smollm,smollm/parent,parent,0,0,False,turkish_byte_ppl,m0_parent_projection,2.811008521408759,PPL,lower,,projected_from_canonical_m0_evidence_without_rescoring,/vol/tmp2/yesildau/eval_v1_m0_scientific_three_model_v1/smollm/lanes/turkish_perplexity/raw/corpora/trwiki_cross_domain/summary.json,3059ac0feb523336b1ef180c1757a2c010b3882003f4e6720a182cd1a9bcf922,,2.811008521408759,,0,0,m0_parent_projection
smollm,smollm/parent,parent,0,0,False,turkish_ppl,m0_parent_projection,9.267012914466756,PPL,lower,,projected_from_canonical_m0_evidence_without_rescoring,/vol/tmp2/yesildau/eval_v1_m0_scientific_three_model_v1/smollm/lanes/turkish_perplexity/raw/corpora/trwiki_cross_domain/summary.json,3059ac0feb523336b1ef180c1757a2c010b3882003f4e6720a182cd1a9bcf922,,9.267012914466756,,0,0,m0_parent_projection
smollm,smollm/parent,parent,0,0,False,wikitext_bpb,m0_parent_projection,0.6411010344952439,bits/byte,lower,62,projected_from_canonical_m0_evidence_without_rescoring,/vol/tmp2/yesildau/eval_v1_m0_scientific_three_model_v1/smollm/lanes/english_retention_wikitext/raw/__vol__tmp__yesildau__transfer-vs-relearning__artifacts__models__HuggingFaceTB__SmolLM2-1.7B__effd688a12921b4cc83e3312b6feb579f70f9c71/results_2026-08-16T15-22-27.759561.json,31b690938e121518c7a593eb5a1a79142363ce16c74abfa929bcc2a66fe06b98,,0.6411010344952439,62,0,0,m0_parent_projection
smollm,smollm/parent,parent,0,0,False,wikitext_byte_ppl,m0_parent_projection,1.5595188972757745,PPL,lower,62,projected_from_canonical_m0_evidence_without_rescoring,/vol/tmp2/yesildau/eval_v1_m0_scientific_three_model_v1/smollm/lanes/english_retention_wikitext/raw/__vol__tmp__yesildau__transfer-vs-relearning__artifacts__models__HuggingFaceTB__SmolLM2-1.7B__effd688a12921b4cc83e3312b6feb579f70f9c71/results_2026-08-16T15-22-27.759561.json,31b690938e121518c7a593eb5a1a79142363ce16c74abfa929bcc2a66fe06b98,,1.5595188972757745,62,0,0,m0_parent_projection
smollm,smollm/parent,parent,0,0,False,wikitext_word_ppl,m0_parent_projection,10.764848694209554,PPL,lower,62,projected_from_canonical_m0_evidence_without_rescoring,/vol/tmp2/yesildau/eval_v1_m0_scientific_three_model_v1/smollm/lanes/english_retention_wikitext/raw/__vol__tmp__yesildau__transfer-vs-relearning__artifacts__models__HuggingFaceTB__SmolLM2-1.7B__effd688a12921b4cc83e3312b6feb579f70f9c71/results_2026-08-16T15-22-27.759561.json,31b690938e121518c7a593eb5a1a79142363ce16c74abfa929bcc2a66fe06b98,,10.764848694209554,62,0,0,m0_parent_projection
smollm,smollm/parent,parent,0,0,False,winogender_female,m0_parent_projection,0.6,fraction,higher,240,projected_from_canonical_m0_evidence_without_rescoring,/vol/tmp2/yesildau/eval_v1_m0_scientific_three_model_recovery_retargeted_v1/smollm/lanes/english_capability/raw/__vol__tmp__yesildau__transfer-vs-relearning__artifacts__models__HuggingFaceTB__SmolLM2-1.7B__effd688a12921b4cc83e3312b6feb579f70f9c71/results_2026-08-20T21-35-54.370560.json,bcb35b70c72ffa3732ec10a7116142021cefbf58190cfa3a46c911a27d18aabd,18359,0.6,240,0,0,m0_parent_projection
smollm,smollm/parent,parent,0,0,False,winogender_male,m0_parent_projection,0.5791666666666667,fraction,higher,240,projected_from_canonical_m0_evidence_without_rescoring,/vol/tmp2/yesildau/eval_v1_m0_scientific_three_model_recovery_retargeted_v1/smollm/lanes/english_capability/raw/__vol__tmp__yesildau__transfer-vs-relearning__artifacts__models__HuggingFaceTB__SmolLM2-1.7B__effd688a12921b4cc83e3312b6feb579f70f9c71/results_2026-08-20T21-35-54.370560.json,bcb35b70c72ffa3732ec10a7116142021cefbf58190cfa3a46c911a27d18aabd,18359,0.5791666666666667,240,0,0,m0_parent_projection
smollm,smollm/parent,parent,0,0,False,winogender_neutral,m0_parent_projection,0.6,fraction,higher,240,projected_from_canonical_m0_evidence_without_rescoring,/vol/tmp2/yesildau/eval_v1_m0_scientific_three_model_recovery_retargeted_v1/smollm/lanes/english_capability/raw/__vol__tmp__yesildau__transfer-vs-relearning__artifacts__models__HuggingFaceTB__SmolLM2-1.7B__effd688a12921b4cc83e3312b6feb579f70f9c71/results_2026-08-20T21-35-54.370560.json,bcb35b70c72ffa3732ec10a7116142021cefbf58190cfa3a46c911a27d18aabd,18359,0.6,240,0,0,m0_parent_projection
