model,state,checkpoint,epoch,update,full_state,task_status,task_result_path,task_result_sha256,task_result_bytes,archived_failed_attempts,memory_gate,validations,state_kind,wikitext_bpb,wikitext_bpb_m0,wikitext_bpb_delta,exact_prefix_top1_accuracy,exact_prefix_top1_accuracy_m0,exact_prefix_top1_accuracy_delta,factual_cheap_top1_rate,factual_cheap_top1_rate_m0,factual_cheap_top1_rate_delta,factual_top1_rate,factual_top1_rate_m0,factual_top1_rate_delta,factual_forced_choice_rate,factual_forced_choice_rate_m0,factual_forced_choice_rate_delta,turkish_bpb,turkish_bpb_m0,turkish_bpb_delta,generation_top1_accuracy,generation_top1_accuracy_m0,generation_top1_accuracy_delta,generation_distinct_2,generation_distinct_2_m0,generation_distinct_2_delta,generation_repeated_3gram,generation_repeated_3gram_m0,generation_repeated_3gram_delta,generation_ppl,generation_ppl_m0,generation_ppl_delta,blimp_accuracy,blimp_accuracy_m0,blimp_accuracy_delta,hellaswag_acc_norm,hellaswag_acc_norm_m0,hellaswag_acc_norm_delta,turblimp_acc_norm,turblimp_acc_norm_m0,turblimp_acc_norm_delta
olmo,olmo/parent,parent,0,0,False,complete,/vol/tmp2/yesildau/m1_eval_v2_matched_three_model_v3/results/olmo/parent/task_result.json,54822d7a7c1895f4dfbcb2f7cc9386a706edc50df972a73d11ac5e91df04d20e,8014,[],,,m0_parent_projection,0.6597443057015225,0.6597443057015225,0,0.022,0.022,0,,,,0.015166666666666667,0.015166666666666667,0,0.505,0.505,0,1.6476820673132215,1.6476820673132215,0,1.0,1.0,0,0.5930820105820105,0.5930820105820105,0,0.49161841742486906,0.49161841742486906,0,16.80073153464442,16.80073153464442,0,0.8221641791044775,0.8221641791044775,0,0.682832105158335,0.682832105158335,0,0.5735,0.5735,0
olmo,olmo/epoch-001,epoch-001,1,7,False,complete,/vol/tmp2/yesildau/m1_eval_v2_matched_three_model_v3/results/olmo/epoch-001/task_result.json,057bcc25f8c9073bcefe80528127cf67afcd1f56b56be7c6409b5389ea496fe8,1884,['epoch-001__failed_2'],"{'free_bytes': 82739986432, 'gate_bytes': 21474836480, 'gpu_index': '0', 'probe_attempts': 1}","{'exact_prefix': {'result_sha256': None, 'status': 'complete'}, 'factual_cheap': {'result_sha256': None, 'status': 'complete'}, 'generation_integrity': {'result_sha256': None, 'status': 'complete'}, 'harness': {'result_sha256': 'fa4d5290eb194e8601c4862af8191adc1678402212fcbdecd6f38cff3eeb8555', 'status': 'complete'}, 'turkish_perplexity': {'result_sha256': None, 'status': 'complete'}}",m1_gpu_snapshot,0.6639848236944449,0.6597443057015225,0.004240517992922355,0.046,0.022,0.024,,,,,0.015166666666666667,,,0.505,,1.677020783852316,1.6476820673132215,0.029338716539094367,1.0,1.0,0.0,0.6481481481481481,0.5930820105820105,0.05506613756613765,0.45107526881720433,0.49161841742486906,-0.040543148607664725,18.134868769538663,16.80073153464442,1.3341372348942429,,0.8221641791044775,,,0.682832105158335,,,0.5735,
olmo,olmo/epoch-002,epoch-002,2,14,False,complete,/vol/tmp2/yesildau/m1_eval_v2_matched_three_model_v3/results/olmo/epoch-002/task_result.json,0ed16d7f9b54612f259a4848a7bdaf3270ebb64dcd329bdf8c89113f5ecd4e23,1885,['epoch-002__failed_1'],"{'free_bytes': 85076213760, 'gate_bytes': 21474836480, 'gpu_index': '0', 'probe_attempts': 1}","{'exact_prefix': {'result_sha256': None, 'status': 'complete'}, 'factual_cheap': {'result_sha256': None, 'status': 'complete'}, 'generation_integrity': {'result_sha256': None, 'status': 'complete'}, 'harness': {'result_sha256': 'a3eacd0113fbf2bdd01ab6a4031c4f79f73e02ad36a9c924ca2659a1b593fd9c', 'status': 'complete'}, 'turkish_perplexity': {'result_sha256': None, 'status': 'complete'}}",m1_gpu_snapshot,0.6734180408443233,0.6597443057015225,0.013673735142800791,0.114,0.022,0.092,,,,,0.015166666666666667,,,0.505,,1.772692917135121,1.6476820673132215,0.12501084982189936,1.0,1.0,0.0,0.5562437973092799,0.5930820105820105,-0.036838213272730624,0.5573200992555832,0.49161841742486906,0.06570168183071418,20.057908821427915,16.80073153464442,3.257177286783495,,0.8221641791044775,,,0.682832105158335,,,0.5735,
olmo,olmo/epoch-003,epoch-003,3,21,False,complete,/vol/tmp2/yesildau/m1_eval_v2_matched_three_model_v3/results/olmo/epoch-003/task_result.json,bc0305044ac49ea3649e3deb3099ecbc58d4528188fb9977118a65f66996ce89,1885,['epoch-003__failed_2'],"{'free_bytes': 85076213760, 'gate_bytes': 21474836480, 'gpu_index': '0', 'probe_attempts': 1}","{'exact_prefix': {'result_sha256': None, 'status': 'complete'}, 'factual_cheap': {'result_sha256': None, 'status': 'complete'}, 'generation_integrity': {'result_sha256': None, 'status': 'complete'}, 'harness': {'result_sha256': '7a0ede98c6bd2a5778820b55849bdfeae7effceb11753316fde820d4ba3020ed', 'status': 'complete'}, 'turkish_perplexity': {'result_sha256': None, 'status': 'complete'}}",m1_gpu_snapshot,0.6777718871207843,0.6597443057015225,0.01802758141926175,0.404,0.022,0.382,,,,,0.015166666666666667,,,0.505,,1.866489553896258,1.6476820673132215,0.2188074865830365,1.0,1.0,0.0,0.5586403114705001,0.5930820105820105,-0.034441699111510404,0.5653529898311682,0.49161841742486906,0.07373457240629916,21.130939822968895,16.80073153464442,4.330208288324474,,0.8221641791044775,,,0.682832105158335,,,0.5735,
olmo,olmo/epoch-004,epoch-004,4,28,False,complete,/vol/tmp2/yesildau/m1_eval_v2_matched_three_model_v3/results/olmo/epoch-004/task_result.json,510a95019d536caa70e935988c217ae381b5419bfdb3055474f8d43eb225de9d,1856,[],"{'free_bytes': 85076213760, 'gate_bytes': 21474836480, 'gpu_index': '0', 'probe_attempts': 1}","{'exact_prefix': {'result_sha256': None, 'status': 'complete'}, 'factual_cheap': {'result_sha256': None, 'status': 'complete'}, 'generation_integrity': {'result_sha256': None, 'status': 'complete'}, 'harness': {'result_sha256': '4ce4dde12a075a362b7c831e3eee5679ddf51d12e19169b6f93cf45884a765b1', 'status': 'complete'}, 'turkish_perplexity': {'result_sha256': None, 'status': 'complete'}}",m1_gpu_snapshot,0.6814165582567296,0.6597443057015225,0.021672252555207105,0.846,0.022,0.824,,,,,0.015166666666666667,,,0.505,,1.962604844163866,1.6476820673132215,0.3149227768506444,1.0,1.0,0.0,0.5994708994708995,0.5930820105820105,0.006388888888888999,0.48010752688172037,0.49161841742486906,-0.011510890543148689,22.230952882017373,16.80073153464442,5.430221347372953,,0.8221641791044775,,,0.682832105158335,,,0.5735,
olmo,olmo/epoch-005,epoch-005,5,35,False,complete,/vol/tmp2/yesildau/m1_eval_v2_matched_three_model_v3/results/olmo/epoch-005/task_result.json,0f5bfddfe86a5551fe1f1d74aa624bfc1a9cef0647a2deab093291b4ba313c4c,1856,[],"{'free_bytes': 85076213760, 'gate_bytes': 21474836480, 'gpu_index': '0', 'probe_attempts': 1}","{'exact_prefix': {'result_sha256': None, 'status': 'complete'}, 'factual_cheap': {'result_sha256': None, 'status': 'complete'}, 'generation_integrity': {'result_sha256': None, 'status': 'complete'}, 'harness': {'result_sha256': '98bc77572f099e794fbc842937c406965509c68fd0c8a09bf89025305b18bbc2', 'status': 'complete'}, 'turkish_perplexity': {'result_sha256': None, 'status': 'complete'}}",m1_gpu_snapshot,0.6839461126200026,0.6597443057015225,0.024201806918480062,0.988,0.022,0.966,,,,,0.015166666666666667,,,0.505,,2.031098882452399,1.6476820673132215,0.38341681513917725,1.0,1.0,0.0,0.624949124949125,0.5930820105820105,0.031867114367114535,0.44838709677419364,0.49161841742486906,-0.04323132065067542,22.968353935417113,16.80073153464442,6.167622400772693,,0.8221641791044775,,,0.682832105158335,,,0.5735,
olmo,olmo/epoch-006,epoch-006,6,42,False,complete,/vol/tmp2/yesildau/m1_eval_v2_matched_three_model_v3/results/olmo/epoch-006/task_result.json,397c7135d290f8cfddc78e9cfb834cfba20c5d6fa5e9f2a0669691d7636e57f3,1856,[],"{'free_bytes': 85076213760, 'gate_bytes': 21474836480, 'gpu_index': '0', 'probe_attempts': 1}","{'exact_prefix': {'result_sha256': None, 'status': 'complete'}, 'factual_cheap': {'result_sha256': None, 'status': 'complete'}, 'generation_integrity': {'result_sha256': None, 'status': 'complete'}, 'harness': {'result_sha256': 'ff1c02b0797faec66a8958e6049108a756f9237c00e5d83d8cab1f6959ead33c', 'status': 'complete'}, 'turkish_perplexity': {'result_sha256': None, 'status': 'complete'}}",m1_gpu_snapshot,0.6865628640842965,0.6597443057015225,0.026818558382773916,0.998,0.022,0.976,,,,,0.015166666666666667,,,0.505,,2.0886321941701245,1.6476820673132215,0.44095012685690294,1.0,1.0,0.0,0.5959788359788359,0.5930820105820105,0.002896825396825453,0.5192012288786482,0.49161841742486906,0.02758281145377911,23.985723011457225,16.80073153464442,7.1849914768128045,,0.8221641791044775,,,0.682832105158335,,,0.5735,
olmo,olmo/epoch-007,epoch-007,7,49,False,complete,/vol/tmp2/yesildau/m1_eval_v2_matched_three_model_v3/results/olmo/epoch-007/task_result.json,890ec88643c7d01bd328571728561eb02b35603ca47065ff46ecd7bd04719bfe,1856,[],"{'free_bytes': 82739986432, 'gate_bytes': 21474836480, 'gpu_index': '0', 'probe_attempts': 1}","{'exact_prefix': {'result_sha256': None, 'status': 'complete'}, 'factual_cheap': {'result_sha256': None, 'status': 'complete'}, 'generation_integrity': {'result_sha256': None, 'status': 'complete'}, 'harness': {'result_sha256': 'b6d11ce1506f00925c97172efdc355e505e93c872fbfcf5268974b1c62b8380b', 'status': 'complete'}, 'turkish_perplexity': {'result_sha256': None, 'status': 'complete'}}",m1_gpu_snapshot,0.6868649796811033,0.6597443057015225,0.027120673979580734,1.0,0.022,0.978,,,,,0.015166666666666667,,,0.505,,2.0904108662455387,1.6476820673132215,0.4427287989323172,1.0,1.0,0.0,0.5976625116355427,0.5930820105820105,0.004580501053532249,0.5188948375048944,0.49161841742486906,0.027276420080025343,24.04547493079773,16.80073153464442,7.244743396153311,,0.8221641791044775,,,0.682832105158335,,,0.5735,
olmo,olmo/epoch-008,epoch-008,8,56,False,complete,/vol/tmp2/yesildau/m1_eval_v2_matched_three_model_v3/results/olmo/epoch-008/task_result.json,fcad2e277ccb36586904816a0071266db117ebfbdb9f7521ed5600707c5c800a,1856,[],"{'free_bytes': 85076213760, 'gate_bytes': 21474836480, 'gpu_index': '0', 'probe_attempts': 1}","{'exact_prefix': {'result_sha256': None, 'status': 'complete'}, 'factual_cheap': {'result_sha256': None, 'status': 'complete'}, 'generation_integrity': {'result_sha256': None, 'status': 'complete'}, 'harness': {'result_sha256': 'da87f27908ba9ad7b040d02a07ac022215705dc606de668e3793b9de2fc234f6', 'status': 'complete'}, 'turkish_perplexity': {'result_sha256': None, 'status': 'complete'}}",m1_gpu_snapshot,0.6870905183366287,0.6597443057015225,0.02734621263510617,1.0,0.022,0.978,,,,,0.015166666666666667,,,0.505,,2.0946526038922064,1.6476820673132215,0.4469705365789849,1.0,1.0,0.0,0.6299176592268249,0.5930820105820105,0.03683564864481437,0.47658901840306017,0.49161841742486906,-0.015029399021808887,24.13379247112434,16.80073153464442,7.333060936479921,,0.8221641791044775,,,0.682832105158335,,,0.5735,
olmo,olmo/epoch-009,epoch-009,9,63,False,complete,/vol/tmp2/yesildau/m1_eval_v2_matched_three_model_v3/results/olmo/epoch-009/task_result.json,29004ce72e6cd1e56b331999fa92b4af39127c33a84f6c5fcd3bc765d84a2a20,1856,[],"{'free_bytes': 85076213760, 'gate_bytes': 21474836480, 'gpu_index': '0', 'probe_attempts': 1}","{'exact_prefix': {'result_sha256': None, 'status': 'complete'}, 'factual_cheap': {'result_sha256': None, 'status': 'complete'}, 'generation_integrity': {'result_sha256': None, 'status': 'complete'}, 'harness': {'result_sha256': '18beed20a87711082e05342dbb6b3afcf2d4b0a3ac88cf13082fda5cfa442683', 'status': 'complete'}, 'turkish_perplexity': {'result_sha256': None, 'status': 'complete'}}",m1_gpu_snapshot,0.6872436722191914,0.6597443057015225,0.027499366517668822,1.0,0.022,0.978,,,,,0.015166666666666667,,,0.505,,2.0978853613013557,1.6476820673132215,0.4502032939881342,1.0,1.0,0.0,0.5699156242247898,0.5930820105820105,-0.02316638635722068,0.5439303635432668,0.49161841742486906,0.05231194611839779,24.19205239001728,16.80073153464442,7.391320855372861,,0.8221641791044775,,,0.682832105158335,,,0.5735,
olmo,olmo/epoch-010,epoch-010,10,70,False,complete,/vol/tmp2/yesildau/m1_eval_v2_matched_three_model_v3/results/olmo/epoch-010/task_result.json,6473cd62a8d0ab0bd8f03e0f6b8007daa206ed484f4797d71a7d862d77b98ed1,1857,[],"{'free_bytes': 82739986432, 'gate_bytes': 21474836480, 'gpu_index': '0', 'probe_attempts': 1}","{'exact_prefix': {'result_sha256': None, 'status': 'complete'}, 'factual_cheap': {'result_sha256': None, 'status': 'complete'}, 'generation_integrity': {'result_sha256': None, 'status': 'complete'}, 'harness': {'result_sha256': '5ddd7b3f64a8bbc75e892eb3986cca741e5bb6d2a8bc83adb727d5ae65c704ae', 'status': 'complete'}, 'turkish_perplexity': {'result_sha256': None, 'status': 'complete'}}",m1_gpu_snapshot,0.6873181530763134,0.6597443057015225,0.02757384737479085,1.0,0.022,0.978,,,,,0.015166666666666667,,,0.505,,2.100033635698581,1.6476820673132215,0.4523515683853596,1.0,1.0,0.0,0.5976630971225261,0.5930820105820105,0.004581086540515589,0.5083291399615092,0.49161841742486906,0.016710722536640132,24.239022967955762,16.80073153464442,7.438291433311342,,0.8221641791044775,,,0.682832105158335,,,0.5735,
olmo,olmo/epoch-011,epoch-011,11,77,False,complete,/vol/tmp2/yesildau/m1_eval_v2_matched_three_model_v3/results/olmo/epoch-011/task_result.json,34cf3963b1dd90cc826b12b90ebba2faa7e0d596983584df1593b1ba8c23aa01,1858,[],"{'free_bytes': 85076213760, 'gate_bytes': 21474836480, 'gpu_index': '0', 'probe_attempts': 1}","{'exact_prefix': {'result_sha256': None, 'status': 'complete'}, 'factual_cheap': {'result_sha256': None, 'status': 'complete'}, 'generation_integrity': {'result_sha256': None, 'status': 'complete'}, 'harness': {'result_sha256': '00c5156f4d5355e3fef8990737dc0ad29a3525d4974ae8ea9560abd2bb6a0f69', 'status': 'complete'}, 'turkish_perplexity': {'result_sha256': None, 'status': 'complete'}}",m1_gpu_snapshot,0.6873797779505927,0.6597443057015225,0.027635472249070148,1.0,0.022,0.978,,,,,0.015166666666666667,,,0.505,,2.101466208970893,1.6476820673132215,0.45378414165767134,1.0,1.0,0.0,0.613309234766014,0.5930820105820105,0.020227224184003467,0.47313797313797307,0.49161841742486906,-0.01848044428689599,24.2678407341296,16.80073153464442,7.467109199485179,,0.8221641791044775,,,0.682832105158335,,,0.5735,
olmo,olmo/epoch-012,epoch-012,12,84,False,complete,/vol/tmp2/yesildau/m1_eval_v2_matched_three_model_v3/results/olmo/epoch-012/task_result.json,83cac72827c4cd3ee6708140a8f06a991f46438a7550e35c764fe631fa58ca70,1858,[],"{'free_bytes': 85076213760, 'gate_bytes': 21474836480, 'gpu_index': '0', 'probe_attempts': 1}","{'exact_prefix': {'result_sha256': None, 'status': 'complete'}, 'factual_cheap': {'result_sha256': None, 'status': 'complete'}, 'generation_integrity': {'result_sha256': None, 'status': 'complete'}, 'harness': {'result_sha256': '3cd8fc754bd57aae85db90268ed2aed18c3135d59f40ff8d23310624e473e54d', 'status': 'complete'}, 'turkish_perplexity': {'result_sha256': None, 'status': 'complete'}}",m1_gpu_snapshot,0.6874295250146367,0.6597443057015225,0.027685219313114184,1.0,0.022,0.978,,,,,0.015166666666666667,,,0.505,,2.1026314513825173,1.6476820673132215,0.45494938406929575,1.0,1.0,0.0,0.5834729851536574,0.5930820105820105,-0.009609025428353068,0.5234139784946236,0.49161841742486906,0.03179556106975451,24.297502279979337,16.80073153464442,7.496770745334917,,0.8221641791044775,,,0.682832105158335,,,0.5735,
olmo,olmo/epoch-013,epoch-013,13,91,False,complete,/vol/tmp2/yesildau/m1_eval_v2_matched_three_model_v3/results/olmo/epoch-013/task_result.json,f7af0016f73e2c6cf5b1ae7588d7aff1e028f18849c6ef38594ec85ff3bc4036,1858,[],"{'free_bytes': 82719014912, 'gate_bytes': 21474836480, 'gpu_index': '0', 'probe_attempts': 1}","{'exact_prefix': {'result_sha256': None, 'status': 'complete'}, 'factual_cheap': {'result_sha256': None, 'status': 'complete'}, 'generation_integrity': {'result_sha256': None, 'status': 'complete'}, 'harness': {'result_sha256': '2e3e48bc585cfc40f55ff351c3041e5000464322227a1e86abdadd2c340ba831', 'status': 'complete'}, 'turkish_perplexity': {'result_sha256': None, 'status': 'complete'}}",m1_gpu_snapshot,0.6874666955737259,0.6597443057015225,0.027722389872203324,1.0,0.022,0.978,,,,,0.015166666666666667,,,0.505,,2.1035909650249107,1.6476820673132215,0.4559088977116892,1.0,1.0,0.0,0.5528256771348427,0.5930820105820105,-0.040256333447167836,0.5627657927395489,0.49161841742486906,0.0711473753146798,24.31151267074488,16.80073153464442,7.510781136100459,,0.8221641791044775,,,0.682832105158335,,,0.5735,
olmo,olmo/epoch-014,epoch-014,14,98,False,complete,/vol/tmp2/yesildau/m1_eval_v2_matched_three_model_v3/results/olmo/epoch-014/task_result.json,51838ed58da6125c759ff18eb258e349822484d3c09ef975f15230a5d77a4292,1858,[],"{'free_bytes': 85076213760, 'gate_bytes': 21474836480, 'gpu_index': '0', 'probe_attempts': 1}","{'exact_prefix': {'result_sha256': None, 'status': 'complete'}, 'factual_cheap': {'result_sha256': None, 'status': 'complete'}, 'generation_integrity': {'result_sha256': None, 'status': 'complete'}, 'harness': {'result_sha256': '9eb2e758434a414ca3ca72bcfe02c8daa4f6d41cc2c330b7774433c3d02dfbc7', 'status': 'complete'}, 'turkish_perplexity': {'result_sha256': None, 'status': 'complete'}}",m1_gpu_snapshot,0.6875121107305076,0.6597443057015225,0.027767805028985015,1.0,0.022,0.978,,,,,0.015166666666666667,,,0.505,,2.104360856808758,1.6476820673132215,0.4566787894955364,1.0,1.0,0.0,0.6029548935723754,0.5930820105820105,0.009872882990364928,0.49827067669172925,0.49161841742486906,0.006652259266860194,24.333704567525473,16.80073153464442,7.532973032881053,,0.8221641791044775,,,0.682832105158335,,,0.5735,
olmo,olmo/epoch-015,epoch-015,15,105,False,complete,/vol/tmp2/yesildau/m1_eval_v2_matched_three_model_v3/results/olmo/epoch-015/task_result.json,f4f8d1175321cd18a1d5db10782c9a7964d1acb3f1c20c3c3238f7a67bbb1a16,1859,[],"{'free_bytes': 85076213760, 'gate_bytes': 21474836480, 'gpu_index': '0', 'probe_attempts': 1}","{'exact_prefix': {'result_sha256': None, 'status': 'complete'}, 'factual_cheap': {'result_sha256': None, 'status': 'complete'}, 'generation_integrity': {'result_sha256': None, 'status': 'complete'}, 'harness': {'result_sha256': '9a8ba5b1d867d9cd0d284fc2ceaeb96b04f9e396172cac52f5b9b44114993925', 'status': 'complete'}, 'turkish_perplexity': {'result_sha256': None, 'status': 'complete'}}",m1_gpu_snapshot,0.6875346087004826,0.6597443057015225,0.027790302998960015,1.0,0.022,0.978,,,,,0.015166666666666667,,,0.505,,2.1051891447600557,1.6476820673132215,0.45750707744683417,1.0,1.0,0.0,0.5925460958794292,0.5930820105820105,-0.0005359147025812971,0.49862037543284116,0.49161841742486906,0.007001958007972098,24.3504268157342,16.80073153464442,7.549695281089779,,0.8221641791044775,,,0.682832105158335,,,0.5735,
olmo,olmo/epoch-016,epoch-016,16,112,False,complete,/vol/tmp2/yesildau/m1_eval_v2_matched_three_model_v3/results/olmo/epoch-016/task_result.json,27bac949a3e3fa6410bf053c472a04461f417c56809c21fce2b74d97f95ddfaa,1859,[],"{'free_bytes': 82719014912, 'gate_bytes': 21474836480, 'gpu_index': '0', 'probe_attempts': 1}","{'exact_prefix': {'result_sha256': None, 'status': 'complete'}, 'factual_cheap': {'result_sha256': None, 'status': 'complete'}, 'generation_integrity': {'result_sha256': None, 'status': 'complete'}, 'harness': {'result_sha256': '913cc46dffcddcfffb0a2c7792dc074e00851ad5596903d45479faf26da6a8c3', 'status': 'complete'}, 'turkish_perplexity': {'result_sha256': None, 'status': 'complete'}}",m1_gpu_snapshot,0.6875776482952173,0.6597443057015225,0.027833342593694743,1.0,0.022,0.978,,,,,0.015166666666666667,,,0.505,,2.1058602934054416,1.6476820673132215,0.45817822609222003,1.0,1.0,0.0,0.5877967381628811,0.5930820105820105,-0.00528527241912935,0.519033676144384,0.49161841742486906,0.027415258719514946,24.369875290641797,16.80073153464442,7.569143755997377,,0.8221641791044775,,,0.682832105158335,,,0.5735,
olmo,olmo/epoch-017,epoch-017,17,119,False,complete,/vol/tmp2/yesildau/m1_eval_v2_matched_three_model_v3/results/olmo/epoch-017/task_result.json,d71ffc5c6e7249b82d3bb1afc7f2cd4b2cb06c9dee518b0309802a2bf6445922,1859,[],"{'free_bytes': 85076213760, 'gate_bytes': 21474836480, 'gpu_index': '0', 'probe_attempts': 1}","{'exact_prefix': {'result_sha256': None, 'status': 'complete'}, 'factual_cheap': {'result_sha256': None, 'status': 'complete'}, 'generation_integrity': {'result_sha256': None, 'status': 'complete'}, 'harness': {'result_sha256': '83b432753782d33cbdbac51acab6e3fc632aa0433c09ac7382f575442fd1cc89', 'status': 'complete'}, 'turkish_perplexity': {'result_sha256': None, 'status': 'complete'}}",m1_gpu_snapshot,0.687623203190943,0.6597443057015225,0.027878897489420518,1.0,0.022,0.978,,,,,0.015166666666666667,,,0.505,,2.1065316801490317,1.6476820673132215,0.45884961283581016,1.0,1.0,0.0,0.6169259435040166,0.5930820105820105,0.02384393292200615,0.4743683288038127,0.49161841742486906,-0.01725008862105637,24.38299694695127,16.80073153464442,7.58226541230685,,0.8221641791044775,,,0.682832105158335,,,0.5735,
olmo,olmo/epoch-018,epoch-018,18,126,True,complete,/vol/tmp2/yesildau/m1_eval_v2_matched_three_model_v3/results/olmo/epoch-018/task_result.json,f56b2645d680ad3c32b82b7347f5fc9e35f93bf38ae11db4a677eafafbb342a6,1951,[],"{'free_bytes': 52759101440, 'gate_bytes': 21474836480, 'gpu_index': '0', 'probe_attempts': 1}","{'exact_prefix': {'result_sha256': None, 'status': 'complete'}, 'factual_cheap_derived': {'result_sha256': None, 'status': 'complete'}, 'factual_full': {'result_sha256': None, 'status': 'complete'}, 'generation_integrity': {'result_sha256': None, 'status': 'complete'}, 'harness': {'result_sha256': '485f258b83f53101fc2a85b459ecfbbe4e95b7296c183d47e3ea42445d118a7e', 'status': 'complete'}, 'turkish_perplexity': {'result_sha256': None, 'status': 'complete'}}",m1_gpu_snapshot,0.6876424871652073,0.6597443057015225,0.027898181463684724,1.0,0.022,0.978,0.43933333333333335,,,0.4424166666666667,0.015166666666666667,0.42725,0.6704166666666667,0.505,0.16541666666666666,2.1072037082769133,1.6476820673132215,0.45952164096369175,1.0,1.0,0.0,0.5706589706589708,0.5930820105820105,-0.022423039923039734,0.5405376344086023,0.49161841742486906,0.048919216983733194,24.39626079616708,16.80073153464442,7.59552926152266,0.7173283582089554,0.8221641791044775,-0.10483582089552212,0.662617008564031,0.682832105158335,-0.020215096594303983,0.5496875,0.5735,-0.023812500000000014
olmo,olmo/epoch-019,epoch-019,19,133,False,complete,/vol/tmp2/yesildau/m1_eval_v2_matched_three_model_v3/results/olmo/epoch-019/task_result.json,7bb68c03446b252c14902dd554fc3babfac69a80d92878912762ded806f574ee,1859,[],"{'free_bytes': 82719014912, 'gate_bytes': 21474836480, 'gpu_index': '0', 'probe_attempts': 1}","{'exact_prefix': {'result_sha256': None, 'status': 'complete'}, 'factual_cheap': {'result_sha256': None, 'status': 'complete'}, 'generation_integrity': {'result_sha256': None, 'status': 'complete'}, 'harness': {'result_sha256': 'dcdf4e0b43b00e43a7d698fbb6f8a4077dd79e9a42e66c2cb312dd5e46a433a7', 'status': 'complete'}, 'turkish_perplexity': {'result_sha256': None, 'status': 'complete'}}",m1_gpu_snapshot,0.6876584174048169,0.6597443057015225,0.027914111703294386,1.0,0.022,0.978,,,,,0.015166666666666667,,,0.505,,2.1077828719777423,1.6476820673132215,0.46010080466452075,1.0,1.0,0.0,0.5822751322751324,0.5930820105820105,-0.010806878306878098,0.5143741123960235,0.49161841742486906,0.022755694971154428,24.405727810538135,16.80073153464442,7.604996275893715,,0.8221641791044775,,,0.682832105158335,,,0.5735,
olmo,olmo/epoch-020,epoch-020,20,140,False,complete,/vol/tmp2/yesildau/m1_eval_v2_matched_three_model_v3/results/olmo/epoch-020/task_result.json,d9e1cbb6721192e7ecee8a8d1b179d00a78fc366f7a55afb8351187eb8a322ea,1859,[],"{'free_bytes': 85076213760, 'gate_bytes': 21474836480, 'gpu_index': '0', 'probe_attempts': 1}","{'exact_prefix': {'result_sha256': None, 'status': 'complete'}, 'factual_cheap': {'result_sha256': None, 'status': 'complete'}, 'generation_integrity': {'result_sha256': None, 'status': 'complete'}, 'harness': {'result_sha256': '08f7d9898cec56a9870bf6ea9191b4c849168edee268b346392827f80fd610fe', 'status': 'complete'}, 'turkish_perplexity': {'result_sha256': None, 'status': 'complete'}}",m1_gpu_snapshot,0.6876740681665385,0.6597443057015225,0.027929762465015995,1.0,0.022,0.978,,,,,0.015166666666666667,,,0.505,,2.108324238740051,1.6476820673132215,0.4606421714268294,1.0,1.0,0.0,0.6059080128045646,0.5930820105820105,0.012826002222554145,0.5035446142237314,0.49161841742486906,0.011926196798862365,24.42420557599848,16.80073153464442,7.623474041354061,,0.8221641791044775,,,0.682832105158335,,,0.5735,
olmo,olmo/epoch-021,epoch-021,21,147,False,complete,/vol/tmp2/yesildau/m1_eval_v2_matched_three_model_v3/results/olmo/epoch-021/task_result.json,a4c8cdc7783dd8b0ba5386116320d2088f3c30c0bcf4d0aca86003395f7d86a4,1859,[],"{'free_bytes': 82719014912, 'gate_bytes': 21474836480, 'gpu_index': '0', 'probe_attempts': 1}","{'exact_prefix': {'result_sha256': None, 'status': 'complete'}, 'factual_cheap': {'result_sha256': None, 'status': 'complete'}, 'generation_integrity': {'result_sha256': None, 'status': 'complete'}, 'harness': {'result_sha256': '9e9b693fa712db1c981da805898890a104766357dd1815dd5692e1bbf4c671ff', 'status': 'complete'}, 'turkish_perplexity': {'result_sha256': None, 'status': 'complete'}}",m1_gpu_snapshot,0.687688042060933,0.6597443057015225,0.027943736359410498,1.0,0.022,0.978,,,,,0.015166666666666667,,,0.505,,2.1089644791095634,1.6476820673132215,0.4612824117963419,1.0,1.0,0.0,0.5686757461605332,0.5930820105820105,-0.02440626442147731,0.5340392378796452,0.49161841742486906,0.04242082045477619,24.4421858234761,16.80073153464442,7.641454288831678,,0.8221641791044775,,,0.682832105158335,,,0.5735,
olmo,olmo/epoch-022,epoch-022,22,154,False,complete,/vol/tmp2/yesildau/m1_eval_v2_matched_three_model_v3/results/olmo/epoch-022/task_result.json,1739d99ff712b2ecf17144c6e6ca6684590d54ce03f7df37c23cf34714f2a036,1859,[],"{'free_bytes': 85076213760, 'gate_bytes': 21474836480, 'gpu_index': '0', 'probe_attempts': 1}","{'exact_prefix': {'result_sha256': None, 'status': 'complete'}, 'factual_cheap': {'result_sha256': None, 'status': 'complete'}, 'generation_integrity': {'result_sha256': None, 'status': 'complete'}, 'harness': {'result_sha256': '496be5fdfe63eb767307f186337c8de724c4fa55164239ec27a5aef994f862f1', 'status': 'complete'}, 'turkish_perplexity': {'result_sha256': None, 'status': 'complete'}}",m1_gpu_snapshot,0.6877372301692012,0.6597443057015225,0.027992924467678648,1.0,0.022,0.978,,,,,0.015166666666666667,,,0.505,,2.1093879246285065,1.6476820673132215,0.461705857315285,1.0,1.0,0.0,0.6061087061087062,0.5930820105820105,0.013026695526695664,0.49053763440860215,0.49161841742486906,-0.0010807830162669063,24.45482731443794,16.80073153464442,7.6540957797935185,,0.8221641791044775,,,0.682832105158335,,,0.5735,
olmo,olmo/epoch-023,epoch-023,23,161,False,complete,/vol/tmp2/yesildau/m1_eval_v2_matched_three_model_v3/results/olmo/epoch-023/task_result.json,130e64a931320e889e69801fcdab1cbd137992873e0b0d166f91540cea32fc84,1859,[],"{'free_bytes': 82719014912, 'gate_bytes': 21474836480, 'gpu_index': '0', 'probe_attempts': 1}","{'exact_prefix': {'result_sha256': None, 'status': 'complete'}, 'factual_cheap': {'result_sha256': None, 'status': 'complete'}, 'generation_integrity': {'result_sha256': None, 'status': 'complete'}, 'harness': {'result_sha256': 'f287b9908b3dae2ae56242246cbfc98c481aa5e4850c4723eb9c887a2ca91eb4', 'status': 'complete'}, 'turkish_perplexity': {'result_sha256': None, 'status': 'complete'}}",m1_gpu_snapshot,0.6877507848467638,0.6597443057015225,0.028006479145241236,1.0,0.022,0.978,,,,,0.015166666666666667,,,0.505,,2.109917843009242,1.6476820673132215,0.46223577569602026,1.0,1.0,0.0,0.6418868487834004,0.5930820105820105,0.04880483820138992,0.4288134314280324,0.49161841742486906,-0.06280498599683665,24.458559562909773,16.80073153464442,7.657828028265353,,0.8221641791044775,,,0.682832105158335,,,0.5735,
olmo,olmo/epoch-024,epoch-024,24,168,False,complete,/vol/tmp2/yesildau/m1_eval_v2_matched_three_model_v3/results/olmo/epoch-024/task_result.json,6fe0a8c789d3ae47150705d01bc1f465793e75bc7c6c1ea9acd84330c0a15a18,1859,[],"{'free_bytes': 85076213760, 'gate_bytes': 21474836480, 'gpu_index': '0', 'probe_attempts': 1}","{'exact_prefix': {'result_sha256': None, 'status': 'complete'}, 'factual_cheap': {'result_sha256': None, 'status': 'complete'}, 'generation_integrity': {'result_sha256': None, 'status': 'complete'}, 'harness': {'result_sha256': '082f97451074039d228d6c91b95a9f5db27a08a52cd32c0224ff8745f75394a4', 'status': 'complete'}, 'turkish_perplexity': {'result_sha256': None, 'status': 'complete'}}",m1_gpu_snapshot,0.6877609857896717,0.6597443057015225,0.02801668008814917,1.0,0.022,0.978,,,,,0.015166666666666667,,,0.505,,2.110433506209062,1.6476820673132215,0.46275143889584025,1.0,1.0,0.0,0.5854945761120581,0.5930820105820105,-0.007587434469952359,0.4998835799175357,0.49161841742486906,0.008265162492666622,24.47524669339039,16.80073153464442,7.674515158745969,,0.8221641791044775,,,0.682832105158335,,,0.5735,
olmo,olmo/epoch-025,epoch-025,25,175,False,complete,/vol/tmp2/yesildau/m1_eval_v2_matched_three_model_v3/results/olmo/epoch-025/task_result.json,9c863fa72d4b28b5a1e0bd08fae501cc12c28ab13a4bd34523b6d104672facbe,1859,[],"{'free_bytes': 82719014912, 'gate_bytes': 21474836480, 'gpu_index': '0', 'probe_attempts': 1}","{'exact_prefix': {'result_sha256': None, 'status': 'complete'}, 'factual_cheap': {'result_sha256': None, 'status': 'complete'}, 'generation_integrity': {'result_sha256': None, 'status': 'complete'}, 'harness': {'result_sha256': '43bcf68c2345497dd73ea8c9387bf5fb1aa8948691d92b09e6c1310c25b2f26e', 'status': 'complete'}, 'turkish_perplexity': {'result_sha256': None, 'status': 'complete'}}",m1_gpu_snapshot,0.6877619639622793,0.6597443057015225,0.02801765826075675,1.0,0.022,0.978,,,,,0.015166666666666667,,,0.505,,2.110902978911471,1.6476820673132215,0.4632209115982493,1.0,1.0,0.0,0.6013468013468013,0.5930820105820105,0.008264790764790808,0.4803225806451613,0.49161841742486906,-0.011295836779707746,24.48302117286936,16.80073153464442,7.68228963822494,,0.8221641791044775,,,0.682832105158335,,,0.5735,
olmo,olmo/epoch-026,epoch-026,26,182,False,complete,/vol/tmp2/yesildau/m1_eval_v2_matched_three_model_v3/results/olmo/epoch-026/task_result.json,1a957b2f481add070bdfab798a37003c8c6f43e1c96995a964477dd49686222e,1859,[],"{'free_bytes': 85076213760, 'gate_bytes': 21474836480, 'gpu_index': '0', 'probe_attempts': 1}","{'exact_prefix': {'result_sha256': None, 'status': 'complete'}, 'factual_cheap': {'result_sha256': None, 'status': 'complete'}, 'generation_integrity': {'result_sha256': None, 'status': 'complete'}, 'harness': {'result_sha256': '75bbcd37e6974720f1c4192ef1b2e266e5c680ae63de712f5da2d0b555c3cc2b', 'status': 'complete'}, 'turkish_perplexity': {'result_sha256': None, 'status': 'complete'}}",m1_gpu_snapshot,0.6877734225556826,0.6597443057015225,0.028029116854160097,1.0,0.022,0.978,,,,,0.015166666666666667,,,0.505,,2.1113326449893424,1.6476820673132215,0.46365057767612083,1.0,1.0,0.0,0.5701298701298702,0.5930820105820105,-0.022952140452140335,0.5238709677419354,0.49161841742486906,0.032252550317066364,24.495329504363585,16.80073153464442,7.694597969719165,,0.8221641791044775,,,0.682832105158335,,,0.5735,
olmo,olmo/epoch-027,epoch-027,27,189,False,complete,/vol/tmp2/yesildau/m1_eval_v2_matched_three_model_v3/results/olmo/epoch-027/task_result.json,ba1e0f402faa86754b5611a7a683c2ea46e3e012bd56786f3748585dde87e0db,1859,[],"{'free_bytes': 85076213760, 'gate_bytes': 21474836480, 'gpu_index': '0', 'probe_attempts': 1}","{'exact_prefix': {'result_sha256': None, 'status': 'complete'}, 'factual_cheap': {'result_sha256': None, 'status': 'complete'}, 'generation_integrity': {'result_sha256': None, 'status': 'complete'}, 'harness': {'result_sha256': 'b855cf4934df712a79d36bea0f7006fa8d01e04a044b5340a66db429611799b6', 'status': 'complete'}, 'turkish_perplexity': {'result_sha256': None, 'status': 'complete'}}",m1_gpu_snapshot,0.6878012306055276,0.6597443057015225,0.02805692490400502,1.0,0.022,0.978,,,,,0.015166666666666667,,,0.505,,2.111823976490012,1.6476820673132215,0.46414190917679066,1.0,1.0,0.0,0.554390031874819,0.5930820105820105,-0.03869197870719154,0.5464048292774948,0.49161841742486906,0.05478641185262573,24.503278063843865,16.80073153464442,7.702546529199445,,0.8221641791044775,,,0.682832105158335,,,0.5735,
olmo,olmo/epoch-028,epoch-028,28,196,False,complete,/vol/tmp2/yesildau/m1_eval_v2_matched_three_model_v3/results/olmo/epoch-028/task_result.json,61a7ec0b062c2282204bd618157ffc489fd6325d577e3d7058d1b60751a293b1,1859,[],"{'free_bytes': 82719014912, 'gate_bytes': 21474836480, 'gpu_index': '0', 'probe_attempts': 1}","{'exact_prefix': {'result_sha256': None, 'status': 'complete'}, 'factual_cheap': {'result_sha256': None, 'status': 'complete'}, 'generation_integrity': {'result_sha256': None, 'status': 'complete'}, 'harness': {'result_sha256': '508f51ad2c2f3dd64be7c93b96e36065eddc5f322ac718a2a83e82bf5b8e3ecf', 'status': 'complete'}, 'turkish_perplexity': {'result_sha256': None, 'status': 'complete'}}",m1_gpu_snapshot,0.6877855798438058,0.6597443057015225,0.0280412741422833,1.0,0.022,0.978,,,,,0.015166666666666667,,,0.505,,2.1123015541354535,1.6476820673132215,0.464619486822232,1.0,1.0,0.0,0.5683558271793566,0.5930820105820105,-0.024726183402653867,0.5138709677419354,0.49161841742486906,0.022252550317066355,24.514619350466997,16.80073153464442,7.713887815822577,,0.8221641791044775,,,0.682832105158335,,,0.5735,
olmo,olmo/epoch-029,epoch-029,29,203,False,complete,/vol/tmp2/yesildau/m1_eval_v2_matched_three_model_v3/results/olmo/epoch-029/task_result.json,714203ba7519c9edc192f2d727fbf09a180c522cc513c05c1fba389d1f58c2a4,1859,[],"{'free_bytes': 85076213760, 'gate_bytes': 21474836480, 'gpu_index': '0', 'probe_attempts': 1}","{'exact_prefix': {'result_sha256': None, 'status': 'complete'}, 'factual_cheap': {'result_sha256': None, 'status': 'complete'}, 'generation_integrity': {'result_sha256': None, 'status': 'complete'}, 'harness': {'result_sha256': 'b70669a14d3231ec150b6beb8ee943e79ef81ec69999dee9b67d46f5d8da05b5', 'status': 'complete'}, 'turkish_perplexity': {'result_sha256': None, 'status': 'complete'}}",m1_gpu_snapshot,0.6878269425712132,0.6597443057015225,0.028082636869690702,1.0,0.022,0.978,,,,,0.015166666666666667,,,0.505,,2.1125551790412467,1.6476820673132215,0.46487311172802515,1.0,1.0,0.0,0.6095238095238095,0.5930820105820105,0.01644179894179898,0.4672043010752688,0.49161841742486906,-0.02441411634960028,24.526100819125364,16.80073153464442,7.725369284480944,,0.8221641791044775,,,0.682832105158335,,,0.5735,
olmo,olmo/epoch-030,epoch-030,30,210,False,complete,/vol/tmp2/yesildau/m1_eval_v2_matched_three_model_v3/results/olmo/epoch-030/task_result.json,fac7a8f64b87aa504fdaf735be569019452014eab6f9e97b54df1c8d1c03f755,1859,[],"{'free_bytes': 82719014912, 'gate_bytes': 21474836480, 'gpu_index': '0', 'probe_attempts': 1}","{'exact_prefix': {'result_sha256': None, 'status': 'complete'}, 'factual_cheap': {'result_sha256': None, 'status': 'complete'}, 'generation_integrity': {'result_sha256': None, 'status': 'complete'}, 'harness': {'result_sha256': '2d8815ffc574fcca8a19856cedce378904c85937a81904a0b7f71e976383273f', 'status': 'complete'}, 'turkish_perplexity': {'result_sha256': None, 'status': 'complete'}}",m1_gpu_snapshot,0.6878493008022443,0.6597443057015225,0.02810499510072173,1.0,0.022,0.978,,,,,0.015166666666666667,,,0.505,,2.1130771357710088,1.6476820673132215,0.4653950684577872,1.0,1.0,0.0,0.5368173274348094,0.5930820105820105,-0.05626468314720112,0.5735394938960303,0.49161841742486906,0.08192107647116126,24.53643729991757,16.80073153464442,7.735705765273149,,0.8221641791044775,,,0.682832105158335,,,0.5735,
olmo,olmo/epoch-031,epoch-031,31,217,False,complete,/vol/tmp2/yesildau/m1_eval_v2_matched_three_model_v3/results/olmo/epoch-031/task_result.json,753ef313d1b285ecb5330b64e879160b818bcb6899a3480adec557bbda97e7db,1859,[],"{'free_bytes': 85076213760, 'gate_bytes': 21474836480, 'gpu_index': '0', 'probe_attempts': 1}","{'exact_prefix': {'result_sha256': None, 'status': 'complete'}, 'factual_cheap': {'result_sha256': None, 'status': 'complete'}, 'generation_integrity': {'result_sha256': None, 'status': 'complete'}, 'harness': {'result_sha256': '110d34da18df9a7e64f4ab120e0b79ff930b72b4a94040ad91229176829e9e90', 'status': 'complete'}, 'turkish_perplexity': {'result_sha256': None, 'status': 'complete'}}",m1_gpu_snapshot,0.6878738948563784,0.6597443057015225,0.02812958915485586,1.0,0.022,0.978,,,,,0.015166666666666667,,,0.505,,2.1134687272057895,1.6476820673132215,0.46578665989256796,1.0,1.0,0.0,0.6214526214526214,0.5930820105820105,0.02837061087061088,0.45075268817204306,0.49161841742486906,-0.040865729252826,24.541801690736445,16.80073153464442,7.741070156092025,,0.8221641791044775,,,0.682832105158335,,,0.5735,
olmo,olmo/epoch-032,epoch-032,32,224,False,complete,/vol/tmp2/yesildau/m1_eval_v2_matched_three_model_v3/results/olmo/epoch-032/task_result.json,d3c6a1dd59cbdaddae5f0e09ac6d6962a8ed8b470cc03d5126c9e470aea1b356,1859,[],"{'free_bytes': 82719014912, 'gate_bytes': 21474836480, 'gpu_index': '0', 'probe_attempts': 1}","{'exact_prefix': {'result_sha256': None, 'status': 'complete'}, 'factual_cheap': {'result_sha256': None, 'status': 'complete'}, 'generation_integrity': {'result_sha256': None, 'status': 'complete'}, 'harness': {'result_sha256': 'a4f28e56a7bfeb93c7aff7c3e11ed9e5cdd3f7855c34d2d9f83d81ba80809e61', 'status': 'complete'}, 'turkish_perplexity': {'result_sha256': None, 'status': 'complete'}}",m1_gpu_snapshot,0.687887309794997,0.6597443057015225,0.028143004093474477,1.0,0.022,0.978,,,,,0.015166666666666667,,,0.505,,2.1137807067426397,1.6476820673132215,0.4660986394294182,1.0,1.0,0.0,0.5744024812990332,0.5930820105820105,-0.018679529282977336,0.5205338615355593,0.49161841742486906,0.02891544411069019,24.55805923972975,16.80073153464442,7.757327705085331,,0.8221641791044775,,,0.682832105158335,,,0.5735,
olmo,olmo/epoch-033,epoch-033,33,231,False,complete,/vol/tmp2/yesildau/m1_eval_v2_matched_three_model_v3/results/olmo/epoch-033/task_result.json,7a195a2424fabb66a317c18c7799d70bb7efe309d78df3ee216e7f6f5a64db38,1859,[],"{'free_bytes': 85076213760, 'gate_bytes': 21474836480, 'gpu_index': '0', 'probe_attempts': 1}","{'exact_prefix': {'result_sha256': None, 'status': 'complete'}, 'factual_cheap': {'result_sha256': None, 'status': 'complete'}, 'generation_integrity': {'result_sha256': None, 'status': 'complete'}, 'harness': {'result_sha256': '115d7a74aecd5703b9b23084c9b91e1e7642d8e10d240c6ced0af8a18aa6f19a', 'status': 'complete'}, 'turkish_perplexity': {'result_sha256': None, 'status': 'complete'}}",m1_gpu_snapshot,0.6879019823841112,0.6597443057015225,0.028157676682588617,1.0,0.022,0.978,,,,,0.015166666666666667,,,0.505,,2.1141384179980354,1.6476820673132215,0.46645635068481384,1.0,1.0,0.0,0.6090565519136948,0.5930820105820105,0.0159745413316843,0.48233870967741926,0.49161841742486906,-0.009279707747449795,24.56672519869592,16.80073153464442,7.7659936640515,,0.8221641791044775,,,0.682832105158335,,,0.5735,
olmo,olmo/epoch-034,epoch-034,34,238,False,complete,/vol/tmp2/yesildau/m1_eval_v2_matched_three_model_v3/results/olmo/epoch-034/task_result.json,18863c8d9286b6bb06bf4cdfffe7502958e18dd5cb1cf263e395c9c93a5466a6,1859,[],"{'free_bytes': 82719014912, 'gate_bytes': 21474836480, 'gpu_index': '0', 'probe_attempts': 1}","{'exact_prefix': {'result_sha256': None, 'status': 'complete'}, 'factual_cheap': {'result_sha256': None, 'status': 'complete'}, 'generation_integrity': {'result_sha256': None, 'status': 'complete'}, 'harness': {'result_sha256': 'efc2ef1bfa0b0da5401c1e045230d39bf08106cb3c57320cb58ec4795e623c53', 'status': 'complete'}, 'turkish_perplexity': {'result_sha256': None, 'status': 'complete'}}",m1_gpu_snapshot,0.6879239213983104,0.6597443057015225,0.02817961569678784,1.0,0.022,0.978,,,,,0.015166666666666667,,,0.505,,2.1145018353464984,1.6476820673132215,0.46681976803327685,1.0,1.0,0.0,0.5943803110469777,0.5930820105820105,0.0012983004649672614,0.502761209170217,0.49161841742486906,0.01114279174534799,24.573682387206887,16.80073153464442,7.772950852562467,,0.8221641791044775,,,0.682832105158335,,,0.5735,
olmo,olmo/epoch-035,epoch-035,35,245,False,complete,/vol/tmp2/yesildau/m1_eval_v2_matched_three_model_v3/results/olmo/epoch-035/task_result.json,1df168bbebcd8c3fcf5cc708d51bdf6fe5776548ea038c089b72ed0bd9e11d84,1859,[],"{'free_bytes': 85076213760, 'gate_bytes': 21474836480, 'gpu_index': '0', 'probe_attempts': 1}","{'exact_prefix': {'result_sha256': None, 'status': 'complete'}, 'factual_cheap': {'result_sha256': None, 'status': 'complete'}, 'generation_integrity': {'result_sha256': None, 'status': 'complete'}, 'harness': {'result_sha256': 'daf4bc5e1060ed4c2cef14f5fa04773511df526c03662caf7bf4c714daf8539e', 'status': 'complete'}, 'turkish_perplexity': {'result_sha256': None, 'status': 'complete'}}",m1_gpu_snapshot,0.6879485154524444,0.6597443057015225,0.02820420975092186,1.0,0.022,0.978,,,,,0.015166666666666667,,,0.505,,2.1148631350529987,1.6476820673132215,0.4671810677397772,1.0,1.0,0.0,0.5957669193301377,0.5930820105820105,0.0026849087481272127,0.48888646855523876,0.49161841742486906,-0.0027319488696302963,24.577436315807773,16.80073153464442,7.776704781163353,,0.8221641791044775,,,0.682832105158335,,,0.5735,
olmo,olmo/epoch-036,epoch-036,36,252,True,complete,/vol/tmp2/yesildau/m1_eval_v2_matched_three_model_v3/results/olmo/epoch-036/task_result.json,6a72dc1d0a4d159912b3b14941ca89acbb2eaf9de29a96598f084598c9dd4576,1951,[],"{'free_bytes': 39686504448, 'gate_bytes': 21474836480, 'gpu_index': '0', 'probe_attempts': 1}","{'exact_prefix': {'result_sha256': None, 'status': 'complete'}, 'factual_cheap_derived': {'result_sha256': None, 'status': 'complete'}, 'factual_full': {'result_sha256': None, 'status': 'complete'}, 'generation_integrity': {'result_sha256': None, 'status': 'complete'}, 'harness': {'result_sha256': '3de91badcba4998776c3e0d8c28fa7196bc0838b0efea84ffb3fc03b07f7028e', 'status': 'complete'}, 'turkish_perplexity': {'result_sha256': None, 'status': 'complete'}}",m1_gpu_snapshot,0.6879687775993163,0.6597443057015225,0.028224471897793757,1.0,0.022,0.978,0.442,,,0.44266666666666665,0.015166666666666667,0.4275,0.6727083333333334,0.505,0.16770833333333335,2.1152210730164667,1.6476820673132215,0.46753900570324514,1.0,1.0,0.0,0.6039041205707872,0.5930820105820105,0.010822109988776751,0.4877074457293568,0.49161841742486906,-0.003910971695512244,24.590436779895274,16.80073153464442,7.789705245250854,0.7160298507462685,0.8221641791044775,-0.10613432835820902,0.6609241187014538,0.682832105158335,-0.02190798645688119,0.5493750000000001,0.5735,-0.024124999999999952
qwen,qwen/parent,parent,0,0,False,complete,/vol/tmp2/yesildau/m1_eval_v2_matched_three_model_v3/results/qwen/parent/task_result.json,1ed9803e0eefcdd281e8d252644918d102ca3ff09232847b0b9e55d577473444,7967,[],,,m0_parent_projection,0.6725931618582224,0.6725931618582224,0,0.03,0.03,0,,,,0.017416666666666667,0.017416666666666667,0,0.49916666666666665,0.49916666666666665,0,1.2466700436547986,1.2466700436547986,0,0.9,0.9,0,0.8040854707710682,0.8040854707710682,0,0.20856557935534573,0.20856557935534573,0,14.69939791395479,14.69939791395479,0,0.8252238805970152,0.8252238805970152,0,0.6774546903007369,0.6774546903007369,0,0.6643125000000001,0.6643125000000001,0
qwen,qwen/epoch-001,epoch-001,1,7,False,complete,/vol/tmp2/yesildau/m1_eval_v2_matched_three_model_v3/results/qwen/epoch-001/task_result.json,960e19d17929a1bccb04f9ae77d3e5f7dfaba9b0a4980269cc5effe2a22c1bf4,1851,[],"{'free_bytes': 85076213760, 'gate_bytes': 21474836480, 'gpu_index': '0', 'probe_attempts': 1}","{'exact_prefix': {'result_sha256': None, 'status': 'complete'}, 'factual_cheap': {'result_sha256': None, 'status': 'complete'}, 'generation_integrity': {'result_sha256': None, 'status': 'complete'}, 'harness': {'result_sha256': 'b0fe273e6de11ac5d9ec508bf1dd85f7b697404028a1d877fa1975b8a944ab70', 'status': 'complete'}, 'turkish_perplexity': {'result_sha256': None, 'status': 'complete'}}",m1_gpu_snapshot,0.6877925667910031,0.6725931618582224,0.015199404932780713,0.028,0.03,-0.0019999999999999983,,,,,0.017416666666666667,,,0.49916666666666665,,1.2925131567761419,1.2466700436547986,0.04584311312134326,0.9333333333333333,0.9,0.033333333333333326,0.7420431420431421,0.8040854707710682,-0.06204232872792603,0.317562724014337,0.20856557935534573,0.10899714465899127,16.20917774273988,14.69939791395479,1.5097798287850885,,0.8252238805970152,,,0.6774546903007369,,,0.6643125000000001,
qwen,qwen/epoch-002,epoch-002,2,14,False,complete,/vol/tmp2/yesildau/m1_eval_v2_matched_three_model_v3/results/qwen/epoch-002/task_result.json,e9f19f269e4db59df2cf736a92577385a416080cb433d1f26764358e37d8332f,1852,[],"{'free_bytes': 85076213760, 'gate_bytes': 21474836480, 'gpu_index': '0', 'probe_attempts': 1}","{'exact_prefix': {'result_sha256': None, 'status': 'complete'}, 'factual_cheap': {'result_sha256': None, 'status': 'complete'}, 'generation_integrity': {'result_sha256': None, 'status': 'complete'}, 'harness': {'result_sha256': '51120f411ceb4f90e71d2167e834b8e9cb2d7c37d43ffc546ddc731c9a5cdff2', 'status': 'complete'}, 'turkish_perplexity': {'result_sha256': None, 'status': 'complete'}}",m1_gpu_snapshot,0.7131515519042827,0.6725931618582224,0.04055839004606032,0.108,0.03,0.078,,,,,0.017416666666666667,,,0.49916666666666665,,1.361507390517167,1.2466700436547986,0.11483734686236846,0.9666666666666667,0.9,0.06666666666666665,0.5597636024106614,0.8040854707710682,-0.2443218683604068,0.560113797388741,0.20856557935534573,0.3515482180333953,18.66979840488819,14.69939791395479,3.9704004909334003,,0.8252238805970152,,,0.6774546903007369,,,0.6643125000000001,
qwen,qwen/epoch-003,epoch-003,3,21,False,complete,/vol/tmp2/yesildau/m1_eval_v2_matched_three_model_v3/results/qwen/epoch-003/task_result.json,bd9c3e4db6ae752ec037ca68def13d0641459de75a52e5187fd6dfdfad462dec,1852,[],"{'free_bytes': 85076213760, 'gate_bytes': 21474836480, 'gpu_index': '0', 'probe_attempts': 1}","{'exact_prefix': {'result_sha256': None, 'status': 'complete'}, 'factual_cheap': {'result_sha256': None, 'status': 'complete'}, 'generation_integrity': {'result_sha256': None, 'status': 'complete'}, 'harness': {'result_sha256': '679067c50ff30832eff1e00ed1bf9ae0f22a9d5b1f442fbbb65741d577225193', 'status': 'complete'}, 'turkish_perplexity': {'result_sha256': None, 'status': 'complete'}}",m1_gpu_snapshot,0.7263641485320685,0.6725931618582224,0.053770986673846166,0.47,0.03,0.43999999999999995,,,,,0.017416666666666667,,,0.49916666666666665,,1.4038826233715012,1.2466700436547986,0.15721257971670255,0.9666666666666667,0.9,0.06666666666666665,0.5774378757350893,0.8040854707710682,-0.22664759503597887,0.4933755760368662,0.20856557935534573,0.2848099966815205,20.368308212011353,14.69939791395479,5.668910298056563,,0.8252238805970152,,,0.6774546903007369,,,0.6643125000000001,
qwen,qwen/epoch-004,epoch-004,4,28,False,complete,/vol/tmp2/yesildau/m1_eval_v2_matched_three_model_v3/results/qwen/epoch-004/task_result.json,7537baf55c02c8dc17f67cbdc8310fdf1cdd731e726126f34baa4498b9aae3fc,1852,[],"{'free_bytes': 85076213760, 'gate_bytes': 21474836480, 'gpu_index': '0', 'probe_attempts': 1}","{'exact_prefix': {'result_sha256': None, 'status': 'complete'}, 'factual_cheap': {'result_sha256': None, 'status': 'complete'}, 'generation_integrity': {'result_sha256': None, 'status': 'complete'}, 'harness': {'result_sha256': '70631f8255b4df04b545552e5bf3c86f44095b64a52919e4584921c54e78e56d', 'status': 'complete'}, 'turkish_perplexity': {'result_sha256': None, 'status': 'complete'}}",m1_gpu_snapshot,0.7327805416211418,0.6725931618582224,0.060187379762919435,0.918,0.03,0.888,,,,,0.017416666666666667,,,0.49916666666666665,,1.4457601156999915,1.2466700436547986,0.1990900720451929,0.9666666666666667,0.9,0.06666666666666665,0.48715393133997786,0.8040854707710682,-0.3169315394310903,0.5892729134664617,0.20856557935534573,0.380707334111116,21.5900265585739,14.69939791395479,6.89062864461911,,0.8252238805970152,,,0.6774546903007369,,,0.6643125000000001,
qwen,qwen/epoch-005,epoch-005,5,35,False,complete,/vol/tmp2/yesildau/m1_eval_v2_matched_three_model_v3/results/qwen/epoch-005/task_result.json,44b20f2a506dc5b115fa791c7f6eea7b81ccba1be165d3dbcafad1c8d9188e91,1852,[],"{'free_bytes': 85076213760, 'gate_bytes': 21474836480, 'gpu_index': '0', 'probe_attempts': 1}","{'exact_prefix': {'result_sha256': None, 'status': 'complete'}, 'factual_cheap': {'result_sha256': None, 'status': 'complete'}, 'generation_integrity': {'result_sha256': None, 'status': 'complete'}, 'harness': {'result_sha256': 'b4629512002db0959624c85b76f936f60f6e199d34bb12c9fbd13cc26eba2455', 'status': 'complete'}, 'turkish_perplexity': {'result_sha256': None, 'status': 'complete'}}",m1_gpu_snapshot,0.7350111943833185,0.6725931618582224,0.062418032525096145,0.994,0.03,0.964,,,,,0.017416666666666667,,,0.49916666666666665,,1.4643492302085084,1.2466700436547986,0.21767918655370977,0.9666666666666667,0.9,0.06666666666666665,0.5405418023065082,0.8040854707710682,-0.26354366846456,0.5008145975887911,0.20856557935534573,0.2922490182334454,21.904798706221907,14.69939791395479,7.205400792267117,,0.8252238805970152,,,0.6774546903007369,,,0.6643125000000001,
qwen,qwen/epoch-006,epoch-006,6,42,False,complete,/vol/tmp2/yesildau/m1_eval_v2_matched_three_model_v3/results/qwen/epoch-006/task_result.json,932ac0ba350bc701598a0d2791ece5eea530131a9939d8b905bd167b7bc3ef26,1852,[],"{'free_bytes': 85076213760, 'gate_bytes': 21474836480, 'gpu_index': '0', 'probe_attempts': 1}","{'exact_prefix': {'result_sha256': None, 'status': 'complete'}, 'factual_cheap': {'result_sha256': None, 'status': 'complete'}, 'generation_integrity': {'result_sha256': None, 'status': 'complete'}, 'harness': {'result_sha256': '824dc98704d9eb63d633ca9b64ab7a131c70edef68ed42bab4fccefa412b2b96', 'status': 'complete'}, 'turkish_perplexity': {'result_sha256': None, 'status': 'complete'}}",m1_gpu_snapshot,0.7360244414658561,0.6725931618582224,0.06343127960763373,0.996,0.03,0.966,,,,,0.017416666666666667,,,0.49916666666666665,,1.4757471366983448,1.2466700436547986,0.22907709304354618,0.9666666666666667,0.9,0.06666666666666665,0.5718215063803298,0.8040854707710682,-0.23226396439073838,0.48391332681655264,0.20856557935534573,0.27534774746120694,22.08254701021948,14.69939791395479,7.383149096264688,,0.8252238805970152,,,0.6774546903007369,,,0.6643125000000001,
qwen,qwen/epoch-007,epoch-007,7,49,False,complete,/vol/tmp2/yesildau/m1_eval_v2_matched_three_model_v3/results/qwen/epoch-007/task_result.json,3472349421c91910c3ef587fae30c2a41ed2330e7949640b5274fe437c2fe940,1852,[],"{'free_bytes': 85076213760, 'gate_bytes': 21474836480, 'gpu_index': '0', 'probe_attempts': 1}","{'exact_prefix': {'result_sha256': None, 'status': 'complete'}, 'factual_cheap': {'result_sha256': None, 'status': 'complete'}, 'generation_integrity': {'result_sha256': None, 'status': 'complete'}, 'harness': {'result_sha256': '288e10bff1f5d36544a36408e7e60ab801e923b31b3db82133984e657e14fdf0', 'status': 'complete'}, 'turkish_perplexity': {'result_sha256': None, 'status': 'complete'}}",m1_gpu_snapshot,0.7365188378495297,0.6725931618582224,0.06392567599130727,1.0,0.03,0.97,,,,,0.017416666666666667,,,0.49916666666666665,,1.4760218856526803,1.2466700436547986,0.22935184199788172,0.9666666666666667,0.9,0.06666666666666665,0.54234360410831,0.8040854707710682,-0.2617418666627582,0.4992016943629847,0.20856557935534573,0.290636115007639,22.11351386245424,14.69939791395479,7.41411594849945,,0.8252238805970152,,,0.6774546903007369,,,0.6643125000000001,
qwen,qwen/epoch-008,epoch-008,8,56,False,complete,/vol/tmp2/yesildau/m1_eval_v2_matched_three_model_v3/results/qwen/epoch-008/task_result.json,7e60603bef97b53b7a75cfdc04f8b77fbaf4cf9235c0d57e04099e6d19fb12f8,1852,[],"{'free_bytes': 85076213760, 'gate_bytes': 21474836480, 'gpu_index': '0', 'probe_attempts': 1}","{'exact_prefix': {'result_sha256': None, 'status': 'complete'}, 'factual_cheap': {'result_sha256': None, 'status': 'complete'}, 'generation_integrity': {'result_sha256': None, 'status': 'complete'}, 'harness': {'result_sha256': '79def4f8ec165c26c8efb78ac940c6d706354a9b59b2ac7432be3a1cb79d8bce', 'status': 'complete'}, 'turkish_perplexity': {'result_sha256': None, 'status': 'complete'}}",m1_gpu_snapshot,0.7366427862928079,0.6725931618582224,0.0640496244345855,1.0,0.03,0.97,,,,,0.017416666666666667,,,0.49916666666666665,,1.4759003907952668,1.2466700436547986,0.2292303471404682,0.9666666666666667,0.9,0.06666666666666665,0.514331801096507,0.8040854707710682,-0.2897536696745612,0.5521534126847221,0.20856557935534573,0.34358783332937637,22.116635442008572,14.69939791395479,7.417237528053782,,0.8252238805970152,,,0.6774546903007369,,,0.6643125000000001,
qwen,qwen/epoch-009,epoch-009,9,63,False,complete,/vol/tmp2/yesildau/m1_eval_v2_matched_three_model_v3/results/qwen/epoch-009/task_result.json,d8bfc373d60fd0b1061d2d4573623d78db89794e3bd00a275fac3fa9bc8dd08b,1852,[],"{'free_bytes': 85076213760, 'gate_bytes': 21474836480, 'gpu_index': '0', 'probe_attempts': 1}","{'exact_prefix': {'result_sha256': None, 'status': 'complete'}, 'factual_cheap': {'result_sha256': None, 'status': 'complete'}, 'generation_integrity': {'result_sha256': None, 'status': 'complete'}, 'harness': {'result_sha256': '206f1ab5a97555730b1c7ec17fb1513b5149c792e232d29e2a460ee29c222ae3', 'status': 'complete'}, 'turkish_perplexity': {'result_sha256': None, 'status': 'complete'}}",m1_gpu_snapshot,0.7366427862928079,0.6725931618582224,0.0640496244345855,1.0,0.03,0.97,,,,,0.017416666666666667,,,0.49916666666666665,,1.476247339236393,1.2466700436547986,0.22957729558159445,0.9666666666666667,0.9,0.06666666666666665,0.5121899614546673,0.8040854707710682,-0.29189550931640085,0.5427520364939721,0.20856557935534573,0.3341864571386264,22.105255775122977,14.69939791395479,7.405857861168187,,0.8252238805970152,,,0.6774546903007369,,,0.6643125000000001,
qwen,qwen/epoch-010,epoch-010,10,70,False,complete,/vol/tmp2/yesildau/m1_eval_v2_matched_three_model_v3/results/qwen/epoch-010/task_result.json,c508fdf25f8ad5e32a870d207922d0a6859c3935dcdd65467be05f0d748ec30f,1853,[],"{'free_bytes': 85076213760, 'gate_bytes': 21474836480, 'gpu_index': '0', 'probe_attempts': 1}","{'exact_prefix': {'result_sha256': None, 'status': 'complete'}, 'factual_cheap': {'result_sha256': None, 'status': 'complete'}, 'generation_integrity': {'result_sha256': None, 'status': 'complete'}, 'harness': {'result_sha256': '155bb1060ad9b24adb80a48778c7889c0dd24bf0a18baddb802298a6bcbf7a46', 'status': 'complete'}, 'turkish_perplexity': {'result_sha256': None, 'status': 'complete'}}",m1_gpu_snapshot,0.7366204280617769,0.6725931618582224,0.06402726620355448,1.0,0.03,0.97,,,,,0.017416666666666667,,,0.49916666666666665,,1.4766841247798568,1.2466700436547986,0.23001408112505817,0.9666666666666667,0.9,0.06666666666666665,0.48311014233947086,0.8040854707710682,-0.3209753284315973,0.5731057472992958,0.20856557935534573,0.36454016794395006,22.111079126236376,14.69939791395479,7.411681212281586,,0.8252238805970152,,,0.6774546903007369,,,0.6643125000000001,
qwen,qwen/epoch-011,epoch-011,11,77,False,complete,/vol/tmp2/yesildau/m1_eval_v2_matched_three_model_v3/results/qwen/epoch-011/task_result.json,a9a50e08d5d6bfc93b1084614cc6f8e5eb470bf0a919a6d4695e8b2402c0882e,1853,[],"{'free_bytes': 85076213760, 'gate_bytes': 21474836480, 'gpu_index': '0', 'probe_attempts': 1}","{'exact_prefix': {'result_sha256': None, 'status': 'complete'}, 'factual_cheap': {'result_sha256': None, 'status': 'complete'}, 'generation_integrity': {'result_sha256': None, 'status': 'complete'}, 'harness': {'result_sha256': '4695a33c8ab8993c83260ee31007a1e8d6ed0c66ba376ff744d2f806094682bb', 'status': 'complete'}, 'turkish_perplexity': {'result_sha256': None, 'status': 'complete'}}",m1_gpu_snapshot,0.7365892662772774,0.6725931618582224,0.06399610441905501,1.0,0.03,0.97,,,,,0.017416666666666667,,,0.49916666666666665,,1.4769648909755873,1.2466700436547986,0.23029484732078864,0.9666666666666667,0.9,0.06666666666666665,0.5234597580537321,0.8040854707710682,-0.28062571271733605,0.5276458462172748,0.20856557935534573,0.31908026686192914,22.118902415955038,14.69939791395479,7.4195045020002475,,0.8252238805970152,,,0.6774546903007369,,,0.6643125000000001,
qwen,qwen/epoch-012,epoch-012,12,84,False,complete,/vol/tmp2/yesildau/m1_eval_v2_matched_three_model_v3/results/qwen/epoch-012/task_result.json,a2803632593dd5edd1c2e7f669c9dcc91d56509f67bce7f627a94dec0ec16092,1853,[],"{'free_bytes': 85076213760, 'gate_bytes': 21474836480, 'gpu_index': '0', 'probe_attempts': 1}","{'exact_prefix': {'result_sha256': None, 'status': 'complete'}, 'factual_cheap': {'result_sha256': None, 'status': 'complete'}, 'generation_integrity': {'result_sha256': None, 'status': 'complete'}, 'harness': {'result_sha256': '72148f00013a75dfd9921e178f72e15e148337cde704041183178513f37233fb', 'status': 'complete'}, 'turkish_perplexity': {'result_sha256': None, 'status': 'complete'}}",m1_gpu_snapshot,0.7365913623614365,0.6725931618582224,0.06399820050321414,1.0,0.03,0.97,,,,,0.017416666666666667,,,0.49916666666666665,,1.4772207829830333,1.2466700436547986,0.23055073932823467,0.9666666666666667,0.9,0.06666666666666665,0.512140008140008,0.8040854707710682,-0.29194546263106014,0.5554549045424622,0.20856557935534573,0.34688932518711646,22.12671731954527,14.69939791395479,7.427319405590481,,0.8252238805970152,,,0.6774546903007369,,,0.6643125000000001,
qwen,qwen/epoch-013,epoch-013,13,91,False,complete,/vol/tmp2/yesildau/m1_eval_v2_matched_three_model_v3/results/qwen/epoch-013/task_result.json,208802ef9c351d0d0bdf234f0b903221e3c54e38dfee27204ded142eb6f7b1b3,1853,[],"{'free_bytes': 85076213760, 'gate_bytes': 21474836480, 'gpu_index': '0', 'probe_attempts': 1}","{'exact_prefix': {'result_sha256': None, 'status': 'complete'}, 'factual_cheap': {'result_sha256': None, 'status': 'complete'}, 'generation_integrity': {'result_sha256': None, 'status': 'complete'}, 'harness': {'result_sha256': 'cb52a2f89ebf6b8149f115f613e1edc9a715d016105f35a785fd0410c0f1646f', 'status': 'complete'}, 'turkish_perplexity': {'result_sha256': None, 'status': 'complete'}}",m1_gpu_snapshot,0.7365915021003804,0.6725931618582224,0.063998340242158,1.0,0.03,0.97,,,,,0.017416666666666667,,,0.49916666666666665,,1.477390262306199,1.2466700436547986,0.23072021865140036,0.9666666666666667,0.9,0.06666666666666665,0.5310493428140488,0.8040854707710682,-0.27303612795701937,0.5292231997393287,0.20856557935534573,0.32065762038398304,22.132552849173518,14.69939791395479,7.433154935218727,,0.8252238805970152,,,0.6774546903007369,,,0.6643125000000001,
qwen,qwen/epoch-014,epoch-014,14,98,False,complete,/vol/tmp2/yesildau/m1_eval_v2_matched_three_model_v3/results/qwen/epoch-014/task_result.json,09077c096d7bed0f92cc8a5353024080356921ecee0914bbb6f59214055abe9f,1853,[],"{'free_bytes': 85076213760, 'gate_bytes': 21474836480, 'gpu_index': '0', 'probe_attempts': 1}","{'exact_prefix': {'result_sha256': None, 'status': 'complete'}, 'factual_cheap': {'result_sha256': None, 'status': 'complete'}, 'generation_integrity': {'result_sha256': None, 'status': 'complete'}, 'harness': {'result_sha256': 'da7898c2dbb99d5ed50f92250721aac1032ac661502b0f34c51fbf163882fd5b', 'status': 'complete'}, 'turkish_perplexity': {'result_sha256': None, 'status': 'complete'}}",m1_gpu_snapshot,0.7365736155155556,0.6725931618582224,0.06398045365733318,1.0,0.03,0.97,,,,,0.017416666666666667,,,0.49916666666666665,,1.4775379689083865,1.2466700436547986,0.2308679252535879,0.9666666666666667,0.9,0.06666666666666665,0.49995451171921756,0.8040854707710682,-0.3041309590518506,0.5566425545780385,0.20856557935534573,0.34807697522269276,22.136014107712803,14.69939791395479,7.436616193758013,,0.8252238805970152,,,0.6774546903007369,,,0.6643125000000001,
qwen,qwen/epoch-015,epoch-015,15,105,False,complete,/vol/tmp2/yesildau/m1_eval_v2_matched_three_model_v3/results/qwen/epoch-015/task_result.json,e539f9dddd0b90c43aebf757f540e98a791f1bd00b41f8175039756d7c58b42b,1854,[],"{'free_bytes': 85076213760, 'gate_bytes': 21474836480, 'gpu_index': '0', 'probe_attempts': 1}","{'exact_prefix': {'result_sha256': None, 'status': 'complete'}, 'factual_cheap': {'result_sha256': None, 'status': 'complete'}, 'generation_integrity': {'result_sha256': None, 'status': 'complete'}, 'harness': {'result_sha256': '4d52a88b21a5587102e0ba6d4339e1b6805f3273f8145ca2d7f7035131dbdd38', 'status': 'complete'}, 'turkish_perplexity': {'result_sha256': None, 'status': 'complete'}}",m1_gpu_snapshot,0.7365758513386588,0.6725931618582224,0.0639826894804364,1.0,0.03,0.97,,,,,0.017416666666666667,,,0.49916666666666665,,1.4777113111315885,1.2466700436547986,0.23104126747678988,0.9666666666666667,0.9,0.06666666666666665,0.5365540233187291,0.8040854707710682,-0.26753144745233903,0.5161319073083779,0.20856557935534573,0.3075663279530322,22.140568715415533,14.69939791395479,7.441170801460743,,0.8252238805970152,,,0.6774546903007369,,,0.6643125000000001,
qwen,qwen/epoch-016,epoch-016,16,112,False,complete,/vol/tmp2/yesildau/m1_eval_v2_matched_three_model_v3/results/qwen/epoch-016/task_result.json,4a2b7e5f2c7743cd6aa580937b0c251e0dcc99931844e88dd0961cbcfe62e979,1854,[],"{'free_bytes': 85076213760, 'gate_bytes': 21474836480, 'gpu_index': '0', 'probe_attempts': 1}","{'exact_prefix': {'result_sha256': None, 'status': 'complete'}, 'factual_cheap': {'result_sha256': None, 'status': 'complete'}, 'generation_integrity': {'result_sha256': None, 'status': 'complete'}, 'harness': {'result_sha256': 'f15f5b7926433b83438397bee926814722d3b5dd5405f47cb6efc74ee6fecb73', 'status': 'complete'}, 'turkish_perplexity': {'result_sha256': None, 'status': 'complete'}}",m1_gpu_snapshot,0.7365937379234836,0.6725931618582224,0.06400057606526122,1.0,0.03,0.97,,,,,0.017416666666666667,,,0.49916666666666665,,1.4778439329137012,1.2466700436547986,0.2311738892589026,0.9666666666666667,0.9,0.06666666666666665,0.49346285522756106,0.8040854707710682,-0.3106226155435071,0.5690941674812643,0.20856557935534573,0.3605285881259186,22.15006406470618,14.69939791395479,7.450666150751388,,0.8252238805970152,,,0.6774546903007369,,,0.6643125000000001,
qwen,qwen/epoch-017,epoch-017,17,119,False,complete,/vol/tmp2/yesildau/m1_eval_v2_matched_three_model_v3/results/qwen/epoch-017/task_result.json,fd1939d7ddf9d267292994a46eddb87cb7e0bd95f72d27df2f61db2f79a38f0b,1854,[],"{'free_bytes': 85076213760, 'gate_bytes': 21474836480, 'gpu_index': '0', 'probe_attempts': 1}","{'exact_prefix': {'result_sha256': None, 'status': 'complete'}, 'factual_cheap': {'result_sha256': None, 'status': 'complete'}, 'generation_integrity': {'result_sha256': None, 'status': 'complete'}, 'harness': {'result_sha256': '21dc3c32b08332517cc45105250456db2582668df9d6a5260b240470e3ca4139', 'status': 'complete'}, 'turkish_perplexity': {'result_sha256': None, 'status': 'complete'}}",m1_gpu_snapshot,0.7365803229848649,0.6725931618582224,0.06398716112664249,1.0,0.03,0.97,,,,,0.017416666666666667,,,0.49916666666666665,,1.4779797911884183,1.2466700436547986,0.23130974753361966,0.9666666666666667,0.9,0.06666666666666665,0.5141791759438818,0.8040854707710682,-0.28990629482718633,0.5422124470511567,0.20856557935534573,0.333646867695811,22.151625000299802,14.69939791395479,7.452227086345012,,0.8252238805970152,,,0.6774546903007369,,,0.6643125000000001,
qwen,qwen/epoch-018,epoch-018,18,126,True,complete,/vol/tmp2/yesildau/m1_eval_v2_matched_three_model_v3/results/qwen/epoch-018/task_result.json,bbef256f2f92de5192d14ba38f62b7f45cbf318756f46ead3224c7de9ffcdb71,1975,['epoch-018__killed_0'],"{'free_bytes': 82705383424, 'gate_bytes': 21474836480, 'gpu_index': '0', 'probe_attempts': 1}","{'exact_prefix': {'result_sha256': None, 'status': 'complete'}, 'factual_cheap_derived': {'result_sha256': None, 'status': 'complete'}, 'factual_full': {'result_sha256': None, 'status': 'complete'}, 'generation_integrity': {'result_sha256': None, 'status': 'complete'}, 'harness': {'result_sha256': '4bcc90993616668f76b2ba2f0b7bc4afdec4211bc325ccfbe7b81166ac9e5968', 'status': 'complete'}, 'turkish_perplexity': {'result_sha256': None, 'status': 'complete'}}",m1_gpu_snapshot,0.7365803229848649,0.6725931618582224,0.06398716112664249,1.0,0.03,0.97,0.6893333333333334,,,0.6855,0.017416666666666667,0.6680833333333334,0.8102083333333333,0.49916666666666665,0.31104166666666666,1.4780996842192007,1.2466700436547986,0.23142964056440207,0.9666666666666667,0.9,0.06666666666666665,0.47864804041274633,0.8040854707710682,-0.32543743035832184,0.5819973932877159,0.20856557935534573,0.37343181393237024,22.158532159968182,14.69939791395479,7.459134246013392,0.7690895522388057,0.8252238805970152,-0.05613432835820953,0.6711810396335391,0.6774546903007369,-0.006273650667197761,0.659375,0.6643125000000001,-0.004937500000000039
qwen,qwen/epoch-019,epoch-019,19,133,False,complete,/vol/tmp2/yesildau/m1_eval_v2_matched_three_model_v3/results/qwen/epoch-019/task_result.json,e9164e2997fe2fee581cef201914e35a5fc493a2429c050716bf0c26ce4b6b19,1854,[],"{'free_bytes': 85076213760, 'gate_bytes': 21474836480, 'gpu_index': '0', 'probe_attempts': 1}","{'exact_prefix': {'result_sha256': None, 'status': 'complete'}, 'factual_cheap': {'result_sha256': None, 'status': 'complete'}, 'generation_integrity': {'result_sha256': None, 'status': 'complete'}, 'harness': {'result_sha256': '917bcd0a5ea8497be6b312bb8ddb82f0b7d978c743dc84bf901c782cd95194f7', 'status': 'complete'}, 'turkish_perplexity': {'result_sha256': None, 'status': 'complete'}}",m1_gpu_snapshot,0.7365836767195195,0.6725931618582224,0.06399051486129714,1.0,0.03,0.97,,,,,0.017416666666666667,,,0.49916666666666665,,1.4782257812795754,1.2466700436547986,0.23155573762477677,0.9666666666666667,0.9,0.06666666666666665,0.5412854030501089,0.8040854707710682,-0.2628000677209593,0.5121049201694363,0.20856557935534573,0.3035393408140906,22.16041356238023,14.69939791395479,7.461015648425441,,0.8252238805970152,,,0.6774546903007369,,,0.6643125000000001,
qwen,qwen/epoch-020,epoch-020,20,140,False,complete,/vol/tmp2/yesildau/m1_eval_v2_matched_three_model_v3/results/qwen/epoch-020/task_result.json,d0d5e05971733318e9a30e60d9906928c43efcc894471c3951f8f95f85d77644,1854,[],"{'free_bytes': 85076213760, 'gate_bytes': 21474836480, 'gpu_index': '0', 'probe_attempts': 1}","{'exact_prefix': {'result_sha256': None, 'status': 'complete'}, 'factual_cheap': {'result_sha256': None, 'status': 'complete'}, 'generation_integrity': {'result_sha256': None, 'status': 'complete'}, 'harness': {'result_sha256': 'd5f0a3fc7680053def2110fb47a2473076bb90cc334d3cab567878c4ad7d8b35', 'status': 'complete'}, 'turkish_perplexity': {'result_sha256': None, 'status': 'complete'}}",m1_gpu_snapshot,0.7365825588079681,0.6725931618582224,0.0639893969497457,1.0,0.03,0.97,,,,,0.017416666666666667,,,0.49916666666666665,,1.4783456978926015,1.2466700436547986,0.2316756542378029,0.9666666666666667,0.9,0.06666666666666665,0.5131036175153822,0.8040854707710682,-0.29098185325568593,0.5556372836524639,0.20856557935534573,0.3470717042971182,22.16229376394881,14.69939791395479,7.46289584999402,,0.8252238805970152,,,0.6774546903007369,,,0.6643125000000001,
qwen,qwen/epoch-021,epoch-021,21,147,False,complete,/vol/tmp2/yesildau/m1_eval_v2_matched_three_model_v3/results/qwen/epoch-021/task_result.json,ab855bcb50745030ac5a42c68315e8e81c8aee9443b554e79f28d167cfbc3614,1854,[],"{'free_bytes': 85076213760, 'gate_bytes': 21474836480, 'gpu_index': '0', 'probe_attempts': 1}","{'exact_prefix': {'result_sha256': None, 'status': 'complete'}, 'factual_cheap': {'result_sha256': None, 'status': 'complete'}, 'generation_integrity': {'result_sha256': None, 'status': 'complete'}, 'harness': {'result_sha256': '3dda0fc3c23cb58b40f68bf96af6ecdae9975db01debca0e2bbf2984fd56ede4', 'status': 'complete'}, 'turkish_perplexity': {'result_sha256': None, 'status': 'complete'}}",m1_gpu_snapshot,0.7365881483657257,0.6725931618582224,0.06399498650750335,1.0,0.03,0.97,,,,,0.017416666666666667,,,0.49916666666666665,,1.4784582114537173,1.2466700436547986,0.23178816779891864,0.9666666666666667,0.9,0.06666666666666665,0.5077330077330078,0.8040854707710682,-0.2963524630380604,0.5548387096774193,0.20856557935534573,0.34627313032207363,22.16740076412366,14.69939791395479,7.468002850168869,,0.8252238805970152,,,0.6774546903007369,,,0.6643125000000001,
qwen,qwen/epoch-022,epoch-022,22,154,False,complete,/vol/tmp2/yesildau/m1_eval_v2_matched_three_model_v3/results/qwen/epoch-022/task_result.json,03b2e7e4751fa265d470dd67171a2ef40dbf2000dbd91ffcf6afc59edfdffb57,1854,[],"{'free_bytes': 85080408064, 'gate_bytes': 21474836480, 'gpu_index': '0', 'probe_attempts': 1}","{'exact_prefix': {'result_sha256': None, 'status': 'complete'}, 'factual_cheap': {'result_sha256': None, 'status': 'complete'}, 'generation_integrity': {'result_sha256': None, 'status': 'complete'}, 'harness': {'result_sha256': '768b091a837e81e5e1b17834f1c532b1ddaa487b8ef36ea06d5b0fa31bdc084e', 'status': 'complete'}, 'turkish_perplexity': {'result_sha256': None, 'status': 'complete'}}",m1_gpu_snapshot,0.7365892662772774,0.6725931618582224,0.06399610441905501,1.0,0.03,0.97,,,,,0.017416666666666667,,,0.49916666666666665,,1.4785792860469997,1.2466700436547986,0.23190924239220112,0.9666666666666667,0.9,0.06666666666666665,0.5217053534700593,0.8040854707710682,-0.28238011730100887,0.5367899062307664,0.20856557935534573,0.3282243268754207,22.17250081878094,14.69939791395479,7.473102904826149,,0.8252238805970152,,,0.6774546903007369,,,0.6643125000000001,
qwen,qwen/epoch-023,epoch-023,23,161,False,complete,/vol/tmp2/yesildau/m1_eval_v2_matched_three_model_v3/results/qwen/epoch-023/task_result.json,3f6095a3824ccd1f404131b6523b3f7f2dc55b7bbf4126e36d806c2950ce30a0,1854,[],"{'free_bytes': 85076213760, 'gate_bytes': 21474836480, 'gpu_index': '0', 'probe_attempts': 1}","{'exact_prefix': {'result_sha256': None, 'status': 'complete'}, 'factual_cheap': {'result_sha256': None, 'status': 'complete'}, 'generation_integrity': {'result_sha256': None, 'status': 'complete'}, 'harness': {'result_sha256': '4745f50e3b12c44b6b1201faf4ac32c3ffa7e33060834e5384f06aab29fe3876', 'status': 'complete'}, 'turkish_perplexity': {'result_sha256': None, 'status': 'complete'}}",m1_gpu_snapshot,0.7365859125426227,0.6725931618582224,0.06399275068440036,1.0,0.03,0.97,,,,,0.017416666666666667,,,0.49916666666666665,,1.4786785581166888,1.2466700436547986,0.2320085144618902,0.9666666666666667,0.9,0.06666666666666665,0.4709150326797385,0.8040854707710682,-0.3331704380913297,0.5814597588791137,0.20856557935534573,0.372894179523768,22.172128878238638,14.69939791395479,7.472730964283848,,0.8252238805970152,,,0.6774546903007369,,,0.6643125000000001,
qwen,qwen/epoch-024,epoch-024,24,168,False,complete,/vol/tmp2/yesildau/m1_eval_v2_matched_three_model_v3/results/qwen/epoch-024/task_result.json,e7e37fec2ed015a56f659b055bf6824484d516cd2d90561f80d10d6417d6c6ba,1854,[],"{'free_bytes': 85080408064, 'gate_bytes': 21474836480, 'gpu_index': '0', 'probe_attempts': 1}","{'exact_prefix': {'result_sha256': None, 'status': 'complete'}, 'factual_cheap': {'result_sha256': None, 'status': 'complete'}, 'generation_integrity': {'result_sha256': None, 'status': 'complete'}, 'harness': {'result_sha256': 'a0a8a4267e34ec7fdbb67c1d0c3403d7c6aba18ff2317eb28dc8075a3d4d7deb', 'status': 'complete'}, 'turkish_perplexity': {'result_sha256': None, 'status': 'complete'}}",m1_gpu_snapshot,0.7365881483657257,0.6725931618582224,0.06399498650750335,1.0,0.03,0.97,,,,,0.017416666666666667,,,0.49916666666666665,,1.4787773539895512,1.2466700436547986,0.23210731033475263,0.9666666666666667,0.9,0.06666666666666665,0.5052455170102229,0.8040854707710682,-0.29883995376084527,0.5571801889866406,0.20856557935534573,0.34861460963129487,22.177516450547145,14.69939791395479,7.478118536592355,,0.8252238805970152,,,0.6774546903007369,,,0.6643125000000001,
qwen,qwen/epoch-025,epoch-025,25,175,False,complete,/vol/tmp2/yesildau/m1_eval_v2_matched_three_model_v3/results/qwen/epoch-025/task_result.json,26a26641d81c37ad5c317ba6f4bf5dcb6754b7b132e7b1c493872892b23f25ba,1854,[],"{'free_bytes': 85076213760, 'gate_bytes': 21474836480, 'gpu_index': '0', 'probe_attempts': 1}","{'exact_prefix': {'result_sha256': None, 'status': 'complete'}, 'factual_cheap': {'result_sha256': None, 'status': 'complete'}, 'generation_integrity': {'result_sha256': None, 'status': 'complete'}, 'harness': {'result_sha256': '3fc586b24e17115b48d9a6929ae5c8ac04d0532f1307f4e1c9278abd9630391a', 'status': 'complete'}, 'turkish_perplexity': {'result_sha256': None, 'status': 'complete'}}",m1_gpu_snapshot,0.7365903841888289,0.6725931618582224,0.06399722233060656,1.0,0.03,0.97,,,,,0.017416666666666667,,,0.49916666666666665,,1.478889267077006,1.2466700436547986,0.23221922342220735,0.9666666666666667,0.9,0.06666666666666665,0.5391396969044028,0.8040854707710682,-0.2649457738666654,0.5116458462172748,0.20856557935534573,0.3030802668619291,22.17800593404709,14.69939791395479,7.478608020092299,,0.8252238805970152,,,0.6774546903007369,,,0.6643125000000001,
qwen,qwen/epoch-026,epoch-026,26,182,False,complete,/vol/tmp2/yesildau/m1_eval_v2_matched_three_model_v3/results/qwen/epoch-026/task_result.json,7ecdf32b4bdf55052797391169f34a76234c3435a466657b50fcc2479a56d536,1854,[],"{'free_bytes': 85080408064, 'gate_bytes': 21474836480, 'gpu_index': '0', 'probe_attempts': 1}","{'exact_prefix': {'result_sha256': None, 'status': 'complete'}, 'factual_cheap': {'result_sha256': None, 'status': 'complete'}, 'generation_integrity': {'result_sha256': None, 'status': 'complete'}, 'harness': {'result_sha256': 'de476dd2769dc9fe6a44ca0e4cb618974a0785f71293180b99e76f664ff1efc1', 'status': 'complete'}, 'turkish_perplexity': {'result_sha256': None, 'status': 'complete'}}",m1_gpu_snapshot,0.7365905239277728,0.6725931618582224,0.06399736206955042,1.0,0.03,0.97,,,,,0.017416666666666667,,,0.49916666666666665,,1.478956217600847,1.2466700436547986,0.23228617394604845,0.9666666666666667,0.9,0.06666666666666665,0.518473030237736,0.8040854707710682,-0.2856124405333321,0.5475027696318019,0.20856557935534573,0.3389371902764562,22.18265607400434,14.69939791395479,7.483258160049548,,0.8252238805970152,,,0.6774546903007369,,,0.6643125000000001,
qwen,qwen/epoch-027,epoch-027,27,189,False,complete,/vol/tmp2/yesildau/m1_eval_v2_matched_three_model_v3/results/qwen/epoch-027/task_result.json,85da481ea9adcc1c1b8315788af3111dffd1d7f8db1ad8c6f27b2aa3115ca9e1,1854,[],"{'free_bytes': 85076213760, 'gate_bytes': 21474836480, 'gpu_index': '0', 'probe_attempts': 1}","{'exact_prefix': {'result_sha256': None, 'status': 'complete'}, 'factual_cheap': {'result_sha256': None, 'status': 'complete'}, 'generation_integrity': {'result_sha256': None, 'status': 'complete'}, 'harness': {'result_sha256': 'cdff5705f45ba9659e81646c2b2ebf13331bbade1640fd2d540d4a6d74b7ee7d', 'status': 'complete'}, 'turkish_perplexity': {'result_sha256': None, 'status': 'complete'}}",m1_gpu_snapshot,0.7365860522815666,0.6725931618582224,0.06399289042334422,1.0,0.03,0.97,,,,,0.017416666666666667,,,0.49916666666666665,,1.4790313724739523,1.2466700436547986,0.23236132881915372,0.9666666666666667,0.9,0.06666666666666665,0.47970624147094737,0.8040854707710682,-0.3243792293001208,0.5938253502769633,0.20856557935534573,0.38525977092161756,22.182248888564448,14.69939791395479,7.482850974609658,,0.8252238805970152,,,0.6774546903007369,,,0.6643125000000001,
qwen,qwen/epoch-028,epoch-028,28,196,False,complete,/vol/tmp2/yesildau/m1_eval_v2_matched_three_model_v3/results/qwen/epoch-028/task_result.json,b7cf821b201fbcc77f99ba52378ec88a267e73ed8f99719fadec2872a229719f,1854,[],"{'free_bytes': 85080408064, 'gate_bytes': 21474836480, 'gpu_index': '0', 'probe_attempts': 1}","{'exact_prefix': {'result_sha256': None, 'status': 'complete'}, 'factual_cheap': {'result_sha256': None, 'status': 'complete'}, 'generation_integrity': {'result_sha256': None, 'status': 'complete'}, 'harness': {'result_sha256': '74a1d9704baa8b03b718c20f2ddacbc13c9e9c1fd336b1aa2b705b61540bd938', 'status': 'complete'}, 'turkish_perplexity': {'result_sha256': None, 'status': 'complete'}}",m1_gpu_snapshot,0.7365905239277728,0.6725931618582224,0.06399736206955042,1.0,0.03,0.97,,,,,0.017416666666666667,,,0.49916666666666665,,1.4791763905019437,1.2466700436547986,0.2325063468471451,0.9666666666666667,0.9,0.06666666666666665,0.5035157652804712,0.8040854707710682,-0.30056970549059703,0.5637178233952428,0.20856557935534573,0.3551522440398971,22.18950610040546,14.69939791395479,7.490108186450669,,0.8252238805970152,,,0.6774546903007369,,,0.6643125000000001,
qwen,qwen/epoch-029,epoch-029,29,203,False,complete,/vol/tmp2/yesildau/m1_eval_v2_matched_three_model_v3/results/qwen/epoch-029/task_result.json,38dfdfe29b9473b64f57253f51f0af885316e43c68de87701285f31e733675bc,1854,[],"{'free_bytes': 85076213760, 'gate_bytes': 21474836480, 'gpu_index': '0', 'probe_attempts': 1}","{'exact_prefix': {'result_sha256': None, 'status': 'complete'}, 'factual_cheap': {'result_sha256': None, 'status': 'complete'}, 'generation_integrity': {'result_sha256': None, 'status': 'complete'}, 'harness': {'result_sha256': '73904cd5550d15d185d1bd9d6cf896e70962c7510e81bc6cdf57184db0749c5b', 'status': 'complete'}, 'turkish_perplexity': {'result_sha256': None, 'status': 'complete'}}",m1_gpu_snapshot,0.7366039388663914,0.6725931618582224,0.06401077700816904,1.0,0.03,0.97,,,,,0.017416666666666667,,,0.49916666666666665,,1.479257278921716,1.2466700436547986,0.23258723526691738,0.9666666666666667,0.9,0.06666666666666665,0.4638332255979315,0.8040854707710682,-0.3402522451731367,0.6078038449006191,0.20856557935534573,0.3992382655452734,22.19099237733426,14.69939791395479,7.491594463379471,,0.8252238805970152,,,0.6774546903007369,,,0.6643125000000001,
qwen,qwen/epoch-030,epoch-030,30,210,False,complete,/vol/tmp2/yesildau/m1_eval_v2_matched_three_model_v3/results/qwen/epoch-030/task_result.json,aa4be25ee1737423d3fd0346736c5341af7b1c3283caffc77ed4bf9fa706c172,1854,[],"{'free_bytes': 85080408064, 'gate_bytes': 21474836480, 'gpu_index': '0', 'probe_attempts': 1}","{'exact_prefix': {'result_sha256': None, 'status': 'complete'}, 'factual_cheap': {'result_sha256': None, 'status': 'complete'}, 'generation_integrity': {'result_sha256': None, 'status': 'complete'}, 'harness': {'result_sha256': '6b010efab2853d46814d3f6a5be55f3e5ed7e55533d7deef17e58ad7cf4c5d4a', 'status': 'complete'}, 'turkish_perplexity': {'result_sha256': None, 'status': 'complete'}}",m1_gpu_snapshot,0.7365994672201853,0.6725931618582224,0.06400630536196295,1.0,0.03,0.97,,,,,0.017416666666666667,,,0.49916666666666665,,1.4793406434017453,1.2466700436547986,0.2326705997469467,0.9666666666666667,0.9,0.06666666666666665,0.49631774887192837,0.8040854707710682,-0.3077677218991398,0.5617448105341843,0.20856557935534573,0.35317923117883865,22.19343439772239,14.69939791395479,7.494036483767598,,0.8252238805970152,,,0.6774546903007369,,,0.6643125000000001,
qwen,qwen/epoch-031,epoch-031,31,217,False,complete,/vol/tmp2/yesildau/m1_eval_v2_matched_three_model_v3/results/qwen/epoch-031/task_result.json,ad8eb48715f5026d295d2f72f0c53dd730d7d33dbc3303c324fbd850623235a6,1854,[],"{'free_bytes': 85076213760, 'gate_bytes': 21474836480, 'gpu_index': '0', 'probe_attempts': 1}","{'exact_prefix': {'result_sha256': None, 'status': 'complete'}, 'factual_cheap': {'result_sha256': None, 'status': 'complete'}, 'generation_integrity': {'result_sha256': None, 'status': 'complete'}, 'harness': {'result_sha256': 'e17f41c65f92343a06fda9462e21f024321bd3b846b5f9a2626e8b634d94d2ab', 'status': 'complete'}, 'turkish_perplexity': {'result_sha256': None, 'status': 'complete'}}",m1_gpu_snapshot,0.7366061746894946,0.6725931618582224,0.06401301283127225,1.0,0.03,0.97,,,,,0.017416666666666667,,,0.49916666666666665,,1.47941339367708,1.2466700436547986,0.2327433500222813,0.9666666666666667,0.9,0.06666666666666665,0.5099888292535351,0.8040854707710682,-0.2940966415175331,0.5568563773940117,0.20856557935534573,0.348290798038666,22.193311957567254,14.69939791395479,7.493914043612463,,0.8252238805970152,,,0.6774546903007369,,,0.6643125000000001,
qwen,qwen/epoch-032,epoch-032,32,224,False,complete,/vol/tmp2/yesildau/m1_eval_v2_matched_three_model_v3/results/qwen/epoch-032/task_result.json,7724b7d83066ebcf9de9a5a9cc0af7cae178dd02761d7e7d52c419eaff9b8fa9,1854,[],"{'free_bytes': 85080408064, 'gate_bytes': 21474836480, 'gpu_index': '0', 'probe_attempts': 1}","{'exact_prefix': {'result_sha256': None, 'status': 'complete'}, 'factual_cheap': {'result_sha256': None, 'status': 'complete'}, 'generation_integrity': {'result_sha256': None, 'status': 'complete'}, 'harness': {'result_sha256': 'c1fe6ec301267f7f155f23031895da34a3a3d33d9c96d9745f51a57ece7f331d', 'status': 'complete'}, 'turkish_perplexity': {'result_sha256': None, 'status': 'complete'}}",m1_gpu_snapshot,0.7366017030432883,0.6725931618582224,0.06400854118506594,1.0,0.03,0.97,,,,,0.017416666666666667,,,0.49916666666666665,,1.4795118328281127,1.2466700436547986,0.2328417891733141,0.9666666666666667,0.9,0.06666666666666665,0.47917714094184677,0.8040854707710682,-0.3249083298292214,0.5943629846855654,0.20856557935534573,0.38579740533021967,22.19740380946554,14.69939791395479,7.498005895510751,,0.8252238805970152,,,0.6774546903007369,,,0.6643125000000001,
qwen,qwen/epoch-033,epoch-033,33,231,False,complete,/vol/tmp2/yesildau/m1_eval_v2_matched_three_model_v3/results/qwen/epoch-033/task_result.json,d5559cb49e0ae17df73b27abed07c94624142cbeb01a209c6fa6055ef4acd509,1854,[],"{'free_bytes': 82698043392, 'gate_bytes': 21474836480, 'gpu_index': '0', 'probe_attempts': 1}","{'exact_prefix': {'result_sha256': None, 'status': 'complete'}, 'factual_cheap': {'result_sha256': None, 'status': 'complete'}, 'generation_integrity': {'result_sha256': None, 'status': 'complete'}, 'harness': {'result_sha256': '72a0562b428ab52f40bfbfd73fb427d2daef1b0ab6817a268d3c89a3deeba741', 'status': 'complete'}, 'turkish_perplexity': {'result_sha256': None, 'status': 'complete'}}",m1_gpu_snapshot,0.7366128821588039,0.6725931618582224,0.06401972030058156,1.0,0.03,0.97,,,,,0.017416666666666667,,,0.49916666666666665,,1.4795803413676818,1.2466700436547986,0.23291029771288319,0.9666666666666667,0.9,0.06666666666666665,0.5114522732169791,0.8040854707710682,-0.2926331975540891,0.5384490061909416,0.20856557935534573,0.3298834268355959,22.20209498486777,14.69939791395479,7.50269707091298,,0.8252238805970152,,,0.6774546903007369,,,0.6643125000000001,
qwen,qwen/epoch-034,epoch-034,34,238,False,complete,/vol/tmp2/yesildau/m1_eval_v2_matched_three_model_v3/results/qwen/epoch-034/task_result.json,9154015cbacc564ff85625a1b78eca6eadd524234e579e922fb3d5a14d322bee,1854,[],"{'free_bytes': 85076213760, 'gate_bytes': 21474836480, 'gpu_index': '0', 'probe_attempts': 1}","{'exact_prefix': {'result_sha256': None, 'status': 'complete'}, 'factual_cheap': {'result_sha256': None, 'status': 'complete'}, 'generation_integrity': {'result_sha256': None, 'status': 'complete'}, 'harness': {'result_sha256': 'd32bb9f51261dc8201cfe146a14495070a4eefd0c410162adf828a921c385646', 'status': 'complete'}, 'turkish_perplexity': {'result_sha256': None, 'status': 'complete'}}",m1_gpu_snapshot,0.7366022619990641,0.6725931618582224,0.06400910014084171,1.0,0.03,0.97,,,,,0.017416666666666667,,,0.49916666666666665,,1.47968199938491,1.2466700436547986,0.23301195573011135,0.9666666666666667,0.9,0.06666666666666665,0.5036582154229212,0.8040854707710682,-0.30042725534814696,0.5598683610296514,0.20856557935534573,0.35130278167430573,22.20181860186964,14.69939791395479,7.502420687914849,,0.8252238805970152,,,0.6774546903007369,,,0.6643125000000001,
qwen,qwen/epoch-035,epoch-035,35,245,False,complete,/vol/tmp2/yesildau/m1_eval_v2_matched_three_model_v3/results/qwen/epoch-035/task_result.json,a440445f7b8ab26a096a9f7ea025e50d3a016f4759e93d59fc50d4fa57c304d4,1854,[],"{'free_bytes': 85080408064, 'gate_bytes': 21474836480, 'gpu_index': '0', 'probe_attempts': 1}","{'exact_prefix': {'result_sha256': None, 'status': 'complete'}, 'factual_cheap': {'result_sha256': None, 'status': 'complete'}, 'generation_integrity': {'result_sha256': None, 'status': 'complete'}, 'harness': {'result_sha256': '47250a492cf44a8e50fdc3567d8d9fcea3724cdaa84b92ea79b869dacbaad0d5', 'status': 'complete'}, 'turkish_perplexity': {'result_sha256': None, 'status': 'complete'}}",m1_gpu_snapshot,0.7366095284241493,0.6725931618582224,0.06401636656592691,1.0,0.03,0.97,,,,,0.017416666666666667,,,0.49916666666666665,,1.4797302770373058,1.2466700436547986,0.23306023338250714,0.9666666666666667,0.9,0.06666666666666665,0.4775898393545452,0.8040854707710682,-0.326495631416523,0.5889866405995439,0.20856557935534573,0.38042106124419817,22.20488556175642,14.69939791395479,7.50548764780163,,0.8252238805970152,,,0.6774546903007369,,,0.6643125000000001,
qwen,qwen/epoch-036,epoch-036,36,252,True,complete,/vol/tmp2/yesildau/m1_eval_v2_matched_three_model_v3/results/qwen/epoch-036/task_result.json,ae9cbb23aded414f8a52507ebef6980884bdb539effee87fe9da3a774a6fadd7,1946,[],"{'free_bytes': 21559771136, 'gate_bytes': 21474836480, 'gpu_index': '0', 'probe_attempts': 6}","{'exact_prefix': {'result_sha256': None, 'status': 'complete'}, 'factual_cheap_derived': {'result_sha256': None, 'status': 'complete'}, 'factual_full': {'result_sha256': None, 'status': 'complete'}, 'generation_integrity': {'result_sha256': None, 'status': 'complete'}, 'harness': {'result_sha256': 'f4f5efa74237762a68a6a4ac0a9f5cfb7b539ec059f40d3d4a6ae11730c026eb', 'status': 'complete'}, 'turkish_perplexity': {'result_sha256': None, 'status': 'complete'}}",m1_gpu_snapshot,0.7366140000703555,0.6725931618582224,0.06402083821213311,1.0,0.03,0.97,0.6866666666666666,,,0.6863333333333334,0.017416666666666667,0.6689166666666667,0.8116666666666666,0.49916666666666665,0.3125,1.4798142701134707,1.2466700436547986,0.23314422645867205,0.9666666666666667,0.9,0.06666666666666665,0.5389655007302065,0.8040854707710682,-0.26511997004086163,0.5158683610296514,0.20856557935534573,0.3073027816743057,22.202471463272655,14.69939791395479,7.503073549317865,0.7680597014925369,0.8252238805970152,-0.05716417910447835,0.6712806213901613,0.6774546903007369,-0.006174068910575592,0.6594375,0.6643125000000001,-0.004875000000000074
smollm,smollm/parent,parent,0,0,False,complete,/vol/tmp2/yesildau/m1_eval_v2_matched_three_model_v3/results/smollm/parent/task_result.json,ce40e411627c0694260e3281035f68ff27351900f9aeabc424584a26b8658d30,8034,[],,,m0_parent_projection,0.6411010344952439,0.6411010344952439,0,0.032,0.032,0,,,,0.012166666666666666,0.012166666666666666,0,0.5027083333333333,0.5027083333333333,0,1.4910878271709507,1.4910878271709507,0,1.0,1.0,0,0.6661375661375663,0.6661375661375663,0,0.42311827956989245,0.42311827956989245,0,15.924011152164711,15.924011152164711,0,0.8026268656716419,0.8026268656716419,0,0.7140011949810795,0.7140011949810795,0,0.59,0.59,0
smollm,smollm/epoch-001,epoch-001,1,7,False,complete,/vol/tmp2/yesildau/m1_eval_v2_matched_three_model_v3/results/smollm/epoch-001/task_result.json,c7dd50eba9f823015b2262a35f1e0fabf822e2f3a6820cba46ea169e5824f440,1872,[],"{'free_bytes': 85076213760, 'gate_bytes': 21474836480, 'gpu_index': '0', 'probe_attempts': 1}","{'exact_prefix': {'result_sha256': None, 'status': 'complete'}, 'factual_cheap': {'result_sha256': None, 'status': 'complete'}, 'generation_integrity': {'result_sha256': None, 'status': 'complete'}, 'harness': {'result_sha256': '7789516aab32f0f33dc0e580e83e83d77acb74787a71d96c2464b082a52c2f8f', 'status': 'complete'}, 'turkish_perplexity': {'result_sha256': None, 'status': 'complete'}}",m1_gpu_snapshot,0.6413967221006293,0.6411010344952439,0.0002956876053853419,0.032,0.032,0.0,,,,,0.012166666666666666,,,0.5027083333333333,,1.4905452168123676,1.4910878271709507,,1.0,1.0,0.0,0.6121693121693124,0.6661375661375663,-0.05396825396825389,0.5000000000000001,0.42311827956989245,0.07688172043010766,15.887285588861273,15.924011152164711,-0.036725563303438236,,0.8026268656716419,,,0.7140011949810795,,,0.59,
smollm,smollm/epoch-002,epoch-002,2,14,False,complete,/vol/tmp2/yesildau/m1_eval_v2_matched_three_model_v3/results/smollm/epoch-002/task_result.json,2689d1ab0c5d3f80d2cb680d63421ace8d4cf253850dcc8e6fc7d0066fe910f2,1873,[],"{'free_bytes': 85080408064, 'gate_bytes': 21474836480, 'gpu_index': '0', 'probe_attempts': 1}","{'exact_prefix': {'result_sha256': None, 'status': 'complete'}, 'factual_cheap': {'result_sha256': None, 'status': 'complete'}, 'generation_integrity': {'result_sha256': None, 'status': 'complete'}, 'harness': {'result_sha256': '37ea26956c86f7e5cbd1904b03aae28933da647347d91f23d2f636ac608eecdf', 'status': 'complete'}, 'turkish_perplexity': {'result_sha256': None, 'status': 'complete'}}",m1_gpu_snapshot,0.6426176212538673,0.6411010344952439,0.0015165867586234283,0.032,0.032,0.0,,,,,0.012166666666666666,,,0.5027083333333333,,1.4946396813741663,1.4910878271709507,,1.0,1.0,0.0,0.6349206349206351,0.6661375661375663,-0.031216931216931143,0.4612903225806451,0.42311827956989245,0.038172043010752665,15.94974060572133,15.924011152164711,0.025729453556618154,,0.8026268656716419,,,0.7140011949810795,,,0.59,
smollm,smollm/epoch-003,epoch-003,3,21,False,complete,/vol/tmp2/yesildau/m1_eval_v2_matched_three_model_v3/results/smollm/epoch-003/task_result.json,68d006d1434f0aaa7de8358837e04d9b57586b46ae5254c912bd1ff918096aa0,1873,[],"{'free_bytes': 85076213760, 'gate_bytes': 21474836480, 'gpu_index': '0', 'probe_attempts': 1}","{'exact_prefix': {'result_sha256': None, 'status': 'complete'}, 'factual_cheap': {'result_sha256': None, 'status': 'complete'}, 'generation_integrity': {'result_sha256': None, 'status': 'complete'}, 'harness': {'result_sha256': '1912d25748bcabf34eaf15287bab1c0104de273e670d67fcae1d9364103d440c', 'status': 'complete'}, 'turkish_perplexity': {'result_sha256': None, 'status': 'complete'}}",m1_gpu_snapshot,0.6438501187394527,0.6411010344952439,0.0027490842442088326,0.038,0.032,0.005999999999999998,,,,,0.012166666666666666,,,0.5027083333333333,,1.5009512072880618,1.4910878271709507,,1.0,1.0,0.0,0.6084656084656086,0.6661375661375663,-0.05767195767195765,0.5102150537634409,0.42311827956989245,0.08709677419354844,16.055461749632283,15.924011152164711,0.13145059746757148,,0.8026268656716419,,,0.7140011949810795,,,0.59,
smollm,smollm/epoch-004,epoch-004,4,28,False,complete,/vol/tmp2/yesildau/m1_eval_v2_matched_three_model_v3/results/smollm/epoch-004/task_result.json,5b1820d6a205b1efda1a068b703d788b554e73fc7ec25a8edad7ce47d78a35b4,1873,[],"{'free_bytes': 85080408064, 'gate_bytes': 21474836480, 'gpu_index': '0', 'probe_attempts': 1}","{'exact_prefix': {'result_sha256': None, 'status': 'complete'}, 'factual_cheap': {'result_sha256': None, 'status': 'complete'}, 'generation_integrity': {'result_sha256': None, 'status': 'complete'}, 'harness': {'result_sha256': 'f7bbf38232b377789926125fc8f27683296518a8350990716ccf2b40c5c40d08', 'status': 'complete'}, 'turkish_perplexity': {'result_sha256': None, 'status': 'complete'}}",m1_gpu_snapshot,0.6447852517523255,0.6411010344952439,0.003684217257081568,0.064,0.032,0.032,,,,,0.012166666666666666,,,0.5027083333333333,,1.5079639166949195,1.4910878271709507,,1.0,1.0,0.0,0.6423280423280423,0.6661375661375663,-0.023809523809523947,0.4661290322580645,0.42311827956989245,0.04301075268817206,16.15246664158489,15.924011152164711,0.22845548942017935,,0.8026268656716419,,,0.7140011949810795,,,0.59,
smollm,smollm/epoch-005,epoch-005,5,35,False,complete,/vol/tmp2/yesildau/m1_eval_v2_matched_three_model_v3/results/smollm/epoch-005/task_result.json,d75894f117f6e9db974ff2651a7dd3401e9ae9001c350e71f0de7642be27f1e8,1873,[],"{'free_bytes': 85076213760, 'gate_bytes': 21474836480, 'gpu_index': '0', 'probe_attempts': 1}","{'exact_prefix': {'result_sha256': None, 'status': 'complete'}, 'factual_cheap': {'result_sha256': None, 'status': 'complete'}, 'generation_integrity': {'result_sha256': None, 'status': 'complete'}, 'harness': {'result_sha256': '48fca1ee080d8d393deaf6d6ae9c03a525e13901b42925b9c89d3f229950a3cb', 'status': 'complete'}, 'turkish_perplexity': {'result_sha256': None, 'status': 'complete'}}",m1_gpu_snapshot,0.6455877725073954,0.6411010344952439,0.004486738012151492,0.116,0.032,0.084,,,,,0.012166666666666666,,,0.5027083333333333,,1.514879383987784,1.4910878271709507,,1.0,1.0,0.0,0.6052910052910053,0.6661375661375663,-0.060846560846560926,0.5252688172043011,0.42311827956989245,0.10215053763440862,16.242601269983496,15.924011152164711,0.31859011781878444,,0.8026268656716419,,,0.7140011949810795,,,0.59,
smollm,smollm/epoch-006,epoch-006,6,42,False,complete,/vol/tmp2/yesildau/m1_eval_v2_matched_three_model_v3/results/smollm/epoch-006/task_result.json,16d9d76a105f6887fdb7e28c50c5f9ed1ff419d2db6bf9a016ecd05aa2be1ca0,1873,[],"{'free_bytes': 82227232768, 'gate_bytes': 21474836480, 'gpu_index': '0', 'probe_attempts': 1}","{'exact_prefix': {'result_sha256': None, 'status': 'complete'}, 'factual_cheap': {'result_sha256': None, 'status': 'complete'}, 'generation_integrity': {'result_sha256': None, 'status': 'complete'}, 'harness': {'result_sha256': 'd7c2a195d5a8c1121adbd8157984fc6d2a7b1e0bb23e190111c9c9e7d3a931da', 'status': 'complete'}, 'turkish_perplexity': {'result_sha256': None, 'status': 'complete'}}",m1_gpu_snapshot,0.646368913204042,0.6411010344952439,0.005267878708798079,0.224,0.032,0.192,,,,,0.012166666666666666,,,0.5027083333333333,,1.5226592345060588,1.4910878271709507,,1.0,1.0,0.0,0.6476190476190475,0.6661375661375663,-0.018518518518518712,0.45322580645161287,0.42311827956989245,0.030107526881720414,16.35155975749194,15.924011152164711,0.42754860532722994,,0.8026268656716419,,,0.7140011949810795,,,0.59,
smollm,smollm/epoch-007,epoch-007,7,49,False,complete,/vol/tmp2/yesildau/m1_eval_v2_matched_three_model_v3/results/smollm/epoch-007/task_result.json,31b3771f3613b1bbd358bd0120e0a9647d94232f7931fc78985f4ba1cc4d3c71,1873,[],"{'free_bytes': 85080408064, 'gate_bytes': 21474836480, 'gpu_index': '0', 'probe_attempts': 1}","{'exact_prefix': {'result_sha256': None, 'status': 'complete'}, 'factual_cheap': {'result_sha256': None, 'status': 'complete'}, 'generation_integrity': {'result_sha256': None, 'status': 'complete'}, 'harness': {'result_sha256': '937b94701732f0909d0791a6f9a57235a4209d025d79b091cfc5cc2cb22969d0', 'status': 'complete'}, 'turkish_perplexity': {'result_sha256': None, 'status': 'complete'}}",m1_gpu_snapshot,0.6471550845026705,0.6411010344952439,0.006054050007426537,0.338,0.032,0.30600000000000005,,,,,0.012166666666666666,,,0.5027083333333333,,1.530600780259436,1.4910878271709507,,1.0,1.0,0.0,0.6365079365079365,0.6661375661375663,-0.029629629629629783,0.47580645161290325,0.42311827956989245,0.052688172043010795,16.473485361011058,15.924011152164711,0.5494742088463465,,0.8026268656716419,,,0.7140011949810795,,,0.59,
smollm,smollm/epoch-008,epoch-008,8,56,False,complete,/vol/tmp2/yesildau/m1_eval_v2_matched_three_model_v3/results/smollm/epoch-008/task_result.json,254d847a23ec819282c98de61342f7ec20d7845df55d92849f8832c65cd58d68,1873,[],"{'free_bytes': 85080408064, 'gate_bytes': 21474836480, 'gpu_index': '0', 'probe_attempts': 1}","{'exact_prefix': {'result_sha256': None, 'status': 'complete'}, 'factual_cheap': {'result_sha256': None, 'status': 'complete'}, 'generation_integrity': {'result_sha256': None, 'status': 'complete'}, 'harness': {'result_sha256': '3423472b512b85aaa7a4a35c03abed3d89e7bc20d7ea51b554feace24fa90c7b', 'status': 'complete'}, 'turkish_perplexity': {'result_sha256': None, 'status': 'complete'}}",m1_gpu_snapshot,0.6479996666798676,0.6411010344952439,0.006898632184623721,0.494,0.032,0.46199999999999997,,,,,0.012166666666666666,,,0.5027083333333333,,1.5385820793500185,1.4910878271709507,,1.0,1.0,0.0,0.6333333333333332,0.6661375661375663,-0.03280423280423306,0.4844086021505376,0.42311827956989245,0.06129032258064515,16.608059253609827,15.924011152164711,0.6840481014451161,,0.8026268656716419,,,0.7140011949810795,,,0.59,
smollm,smollm/epoch-009,epoch-009,9,63,False,complete,/vol/tmp2/yesildau/m1_eval_v2_matched_three_model_v3/results/smollm/epoch-009/task_result.json,0c218b945f2fdd532407b3776ba69bd1c365bdaf67281357d7a5f9a9c25fbf5b,1873,[],"{'free_bytes': 85080408064, 'gate_bytes': 21474836480, 'gpu_index': '0', 'probe_attempts': 1}","{'exact_prefix': {'result_sha256': None, 'status': 'complete'}, 'factual_cheap': {'result_sha256': None, 'status': 'complete'}, 'generation_integrity': {'result_sha256': None, 'status': 'complete'}, 'harness': {'result_sha256': '93061e861bbf3d53a72a320decdac7b386db224664fffe1a46ba16bc242099bf', 'status': 'complete'}, 'turkish_perplexity': {'result_sha256': None, 'status': 'complete'}}",m1_gpu_snapshot,0.6486523872870297,0.6411010344952439,0.007551352791785759,0.676,0.032,0.644,,,,,0.012166666666666666,,,0.5027083333333333,,1.546035452753607,1.4910878271709507,,1.0,1.0,0.0,0.6576719576719576,0.6661375661375663,-0.00846560846560862,0.44086021505376344,0.42311827956989245,0.017741935483870985,16.7141649695444,15.924011152164711,0.7901538173796876,,0.8026268656716419,,,0.7140011949810795,,,0.59,
smollm,smollm/epoch-010,epoch-010,10,70,False,complete,/vol/tmp2/yesildau/m1_eval_v2_matched_three_model_v3/results/smollm/epoch-010/task_result.json,0d80292b9ebbe8a14ee18e077bdd1c9c795bd45cdfdd7221ceadbf045f8ad4b1,1874,[],"{'free_bytes': 85076213760, 'gate_bytes': 21474836480, 'gpu_index': '0', 'probe_attempts': 1}","{'exact_prefix': {'result_sha256': None, 'status': 'complete'}, 'factual_cheap': {'result_sha256': None, 'status': 'complete'}, 'generation_integrity': {'result_sha256': None, 'status': 'complete'}, 'harness': {'result_sha256': '4c1f6fe1ddb24b0e0bf6e8562902bd8ffd3bd49cf5bbfdcb550865e9feb82045', 'status': 'complete'}, 'turkish_perplexity': {'result_sha256': None, 'status': 'complete'}}",m1_gpu_snapshot,0.6493157280539315,0.6411010344952439,0.008214693558687536,0.816,0.032,0.7839999999999999,,,,,0.012166666666666666,,,0.5027083333333333,,1.5543773936659435,1.4910878271709507,,1.0,1.0,0.0,0.6582010582010581,0.6661375661375663,-0.00793650793650813,0.43440860215053767,0.42311827956989245,0.011290322580645218,16.836001031119267,15.924011152164711,0.9119898789545555,,0.8026268656716419,,,0.7140011949810795,,,0.59,
smollm,smollm/epoch-011,epoch-011,11,77,False,complete,/vol/tmp2/yesildau/m1_eval_v2_matched_three_model_v3/results/smollm/epoch-011/task_result.json,a99dc74943aedf5624d02f3c56744b09d265bbeaf836c5b100fb2f35a420a9ec,1874,[],"{'free_bytes': 85080408064, 'gate_bytes': 21474836480, 'gpu_index': '0', 'probe_attempts': 1}","{'exact_prefix': {'result_sha256': None, 'status': 'complete'}, 'factual_cheap': {'result_sha256': None, 'status': 'complete'}, 'generation_integrity': {'result_sha256': None, 'status': 'complete'}, 'harness': {'result_sha256': 'ebadf4aff9e33db9e888bb0bd3d5bacbe8ca8a261a691baac2c60d398bed437a', 'status': 'complete'}, 'turkish_perplexity': {'result_sha256': None, 'status': 'complete'}}",m1_gpu_snapshot,0.6498145960838113,0.6411010344952439,0.008713561588567398,0.936,0.032,0.904,,,,,0.012166666666666666,,,0.5027083333333333,,1.5604601332009882,1.4910878271709507,,1.0,1.0,0.0,0.6201058201058199,0.6661375661375663,-0.04603174603174631,0.4962365591397849,0.42311827956989245,0.07311827956989247,16.925551332792377,15.924011152164711,1.001540180627666,,0.8026268656716419,,,0.7140011949810795,,,0.59,
smollm,smollm/epoch-012,epoch-012,12,84,False,complete,/vol/tmp2/yesildau/m1_eval_v2_matched_three_model_v3/results/smollm/epoch-012/task_result.json,77beeac882dcad4773d932f3b0433a0496d13200247fd49f9e59ef5ce42ee8c2,1874,[],"{'free_bytes': 82392907776, 'gate_bytes': 21474836480, 'gpu_index': '0', 'probe_attempts': 1}","{'exact_prefix': {'result_sha256': None, 'status': 'complete'}, 'factual_cheap': {'result_sha256': None, 'status': 'complete'}, 'generation_integrity': {'result_sha256': None, 'status': 'complete'}, 'harness': {'result_sha256': '13c714e21dc364e69d273dc1c3f41cc123084aa5ec7a2790b453998b677c64a8', 'status': 'complete'}, 'turkish_perplexity': {'result_sha256': None, 'status': 'complete'}}",m1_gpu_snapshot,0.6503530102348272,0.6411010344952439,0.009251975739583251,0.98,0.032,0.948,,,,,0.012166666666666666,,,0.5027083333333333,,1.5672281827925691,1.4910878271709507,,1.0,1.0,0.0,0.6529100529100529,0.6661375661375663,-0.013227513227513366,0.44623655913978494,0.42311827956989245,0.023118279569892486,17.010168256536875,15.924011152164711,1.0861571043721643,,0.8026268656716419,,,0.7140011949810795,,,0.59,
smollm,smollm/epoch-013,epoch-013,13,91,False,complete,/vol/tmp2/yesildau/m1_eval_v2_matched_three_model_v3/results/smollm/epoch-013/task_result.json,4cd38ce15b46e856e8cc28380d29a461b6ab6496a2596af2a35fcb79f79d730d,1874,[],"{'free_bytes': 85080408064, 'gate_bytes': 21474836480, 'gpu_index': '0', 'probe_attempts': 1}","{'exact_prefix': {'result_sha256': None, 'status': 'complete'}, 'factual_cheap': {'result_sha256': None, 'status': 'complete'}, 'generation_integrity': {'result_sha256': None, 'status': 'complete'}, 'harness': {'result_sha256': 'e863fbf7167c2b733cc83db36f857e704243387b0f5a8531acfc632206bc08ad', 'status': 'complete'}, 'turkish_perplexity': {'result_sha256': None, 'status': 'complete'}}",m1_gpu_snapshot,0.6506249422197421,0.6411010344952439,0.009523907724498182,0.998,0.032,0.966,,,,,0.012166666666666666,,,0.5027083333333333,,1.5696229621030158,1.4910878271709507,,1.0,1.0,0.0,0.6333333333333333,0.6661375661375663,-0.03280423280423295,0.4774193548387097,0.42311827956989245,0.05430107526881722,17.054086640295807,15.924011152164711,1.1300754881310962,,0.8026268656716419,,,0.7140011949810795,,,0.59,
smollm,smollm/epoch-014,epoch-014,14,98,False,complete,/vol/tmp2/yesildau/m1_eval_v2_matched_three_model_v3/results/smollm/epoch-014/task_result.json,846db85bf5123e4e620b2c93e74134568537335386341eb88a8a7a64962e920b,1874,[],"{'free_bytes': 85080408064, 'gate_bytes': 21474836480, 'gpu_index': '0', 'probe_attempts': 1}","{'exact_prefix': {'result_sha256': None, 'status': 'complete'}, 'factual_cheap': {'result_sha256': None, 'status': 'complete'}, 'generation_integrity': {'result_sha256': None, 'status': 'complete'}, 'harness': {'result_sha256': '3d759eb2d7895218724dbeacdb354d615ae2d86c03b4dac96d7a35f038542df7', 'status': 'complete'}, 'turkish_perplexity': {'result_sha256': None, 'status': 'complete'}}",m1_gpu_snapshot,0.6508627779023346,0.6411010344952439,0.009761743407090684,1.0,0.032,0.968,,,,,0.012166666666666666,,,0.5027083333333333,,1.5720169992186364,1.4910878271709507,,1.0,1.0,0.0,0.619047619047619,0.6661375661375663,-0.04708994708994729,0.4967741935483872,0.42311827956989245,0.07365591397849475,17.093312519511958,15.924011152164711,1.1693013673472468,,0.8026268656716419,,,0.7140011949810795,,,0.59,
smollm,smollm/epoch-015,epoch-015,15,105,False,complete,/vol/tmp2/yesildau/m1_eval_v2_matched_three_model_v3/results/smollm/epoch-015/task_result.json,ee4fa050a5fbdfc677904c8541437c87e7d69fe102bb6099218ead8c0fbc03f0,1875,[],"{'free_bytes': 85076213760, 'gate_bytes': 21474836480, 'gpu_index': '0', 'probe_attempts': 1}","{'exact_prefix': {'result_sha256': None, 'status': 'complete'}, 'factual_cheap': {'result_sha256': None, 'status': 'complete'}, 'generation_integrity': {'result_sha256': None, 'status': 'complete'}, 'harness': {'result_sha256': '1d4bd8072909fc4f46314e3d19397cc53f5d1150b5a3d068b12693432b4c253b', 'status': 'complete'}, 'turkish_perplexity': {'result_sha256': None, 'status': 'complete'}}",m1_gpu_snapshot,0.6510001412842314,0.6411010344952439,0.009899106788987533,1.0,0.032,0.968,,,,,0.012166666666666666,,,0.5027083333333333,,1.5736836107593912,1.4910878271709507,,1.0,1.0,0.0,0.6174603174603173,0.6661375661375663,-0.048677248677248985,0.49032258064516127,0.42311827956989245,0.06720430107526881,17.131022665076042,15.924011152164711,1.2070115129113308,,0.8026268656716419,,,0.7140011949810795,,,0.59,
smollm,smollm/epoch-016,epoch-016,16,112,False,complete,/vol/tmp2/yesildau/m1_eval_v2_matched_three_model_v3/results/smollm/epoch-016/task_result.json,b01ddb1b45add08c7a03dba0b50bdf333155b0acd6b292469a8b6891ae00115f,1875,[],"{'free_bytes': 82896224256, 'gate_bytes': 21474836480, 'gpu_index': '0', 'probe_attempts': 1}","{'exact_prefix': {'result_sha256': None, 'status': 'complete'}, 'factual_cheap': {'result_sha256': None, 'status': 'complete'}, 'generation_integrity': {'result_sha256': None, 'status': 'complete'}, 'harness': {'result_sha256': 'b4b5fa209a568546bf8edfbe45689138020a89e3a4158582c795f645e30d5a87', 'status': 'complete'}, 'turkish_perplexity': {'result_sha256': None, 'status': 'complete'}}",m1_gpu_snapshot,0.6511602821139912,0.6411010344952439,0.010059247618747325,1.0,0.032,0.968,,,,,0.012166666666666666,,,0.5027083333333333,,1.5750133321070843,1.4910878271709507,,1.0,1.0,0.0,0.608994708994709,0.6661375661375663,-0.05714285714285727,0.5107526881720431,0.42311827956989245,0.08763440860215066,17.1535439095453,15.924011152164711,1.2295327573805874,,0.8026268656716419,,,0.7140011949810795,,,0.59,
smollm,smollm/epoch-017,epoch-017,17,119,False,complete,/vol/tmp2/yesildau/m1_eval_v2_matched_three_model_v3/results/smollm/epoch-017/task_result.json,92f70b6e250b66b599caeec16091381696312c9d9190bfc2bad451927c2355b4,1875,[],"{'free_bytes': 85080408064, 'gate_bytes': 21474836480, 'gpu_index': '0', 'probe_attempts': 1}","{'exact_prefix': {'result_sha256': None, 'status': 'complete'}, 'factual_cheap': {'result_sha256': None, 'status': 'complete'}, 'generation_integrity': {'result_sha256': None, 'status': 'complete'}, 'harness': {'result_sha256': 'f4bdf04930634778120909a09ac7b6d60db908490969c3f375adf4d4243e8adb', 'status': 'complete'}, 'turkish_perplexity': {'result_sha256': None, 'status': 'complete'}}",m1_gpu_snapshot,0.6512065357044367,0.6411010344952439,0.010105501209192735,1.0,0.032,0.968,,,,,0.012166666666666666,,,0.5027083333333333,,1.5760686875515915,1.4910878271709507,,1.0,1.0,0.0,0.6529100529100526,0.6661375661375663,-0.013227513227513699,0.44677419354838704,0.42311827956989245,0.02365591397849459,17.174053540640323,15.924011152164711,1.2500423884756113,,0.8026268656716419,,,0.7140011949810795,,,0.59,
smollm,smollm/epoch-018,epoch-018,18,126,True,complete,/vol/tmp2/yesildau/m1_eval_v2_matched_three_model_v3/results/smollm/epoch-018/task_result.json,7cb71fcb04f3dea2436705ea2ee8498d635f10d7be60a01b082f0e82785aac9f,1967,[],"{'free_bytes': 41692430336, 'gate_bytes': 21474836480, 'gpu_index': '0', 'probe_attempts': 1}","{'exact_prefix': {'result_sha256': None, 'status': 'complete'}, 'factual_cheap_derived': {'result_sha256': None, 'status': 'complete'}, 'factual_full': {'result_sha256': None, 'status': 'complete'}, 'generation_integrity': {'result_sha256': None, 'status': 'complete'}, 'harness': {'result_sha256': 'd65326add75ca4a342a908bc53d7d7edfa0d9dc45fbba58fe837cdd4190f217b', 'status': 'complete'}, 'turkish_perplexity': {'result_sha256': None, 'status': 'complete'}}",m1_gpu_snapshot,0.6512877240308681,0.6411010344952439,0.010186689535624183,1.0,0.032,0.968,0.418,,,0.41558333333333336,0.012166666666666666,0.4034166666666667,0.6077083333333333,0.5027083333333333,0.10499999999999998,1.576605167629299,1.4910878271709507,,1.0,1.0,0.0,0.6338624338624338,0.6661375661375663,-0.032275132275132457,0.4704301075268818,0.42311827956989245,0.04731182795698935,17.184490948463356,15.924011152164711,1.260479796298645,0.7738955223880597,0.8026268656716419,-0.028731343283582178,0.7227643895638319,0.7140011949810795,0.008763194582752432,0.5890625,0.59,-0.0009374999999999245
smollm,smollm/epoch-019,epoch-019,19,133,False,complete,/vol/tmp2/yesildau/m1_eval_v2_matched_three_model_v3/results/smollm/epoch-019/task_result.json,a7b34bac2e22b8374538f13ff41c3915a0c095abcb052dcbd9e34741a722666a,1875,[],"{'free_bytes': 85076213760, 'gate_bytes': 21474836480, 'gpu_index': '0', 'probe_attempts': 1}","{'exact_prefix': {'result_sha256': None, 'status': 'complete'}, 'factual_cheap': {'result_sha256': None, 'status': 'complete'}, 'generation_integrity': {'result_sha256': None, 'status': 'complete'}, 'harness': {'result_sha256': 'cd546ff57e1882c2bd3682b2bcb860f1fc1a3e1f1e3383c5bddc8a4931191f57', 'status': 'complete'}, 'turkish_perplexity': {'result_sha256': None, 'status': 'complete'}}",m1_gpu_snapshot,0.6513117591292265,0.6411010344952439,0.010210724633982537,1.0,0.032,0.968,,,,,0.012166666666666666,,,0.5027083333333333,,1.5770467615135835,1.4910878271709507,,1.0,1.0,0.0,0.6126984126984125,0.6661375661375663,-0.05343915343915373,0.5075268817204301,0.42311827956989245,0.08440860215053769,17.190141630972256,15.924011152164711,1.2661304788075451,,0.8026268656716419,,,0.7140011949810795,,,0.59,
smollm,smollm/epoch-020,epoch-020,20,140,False,complete,/vol/tmp2/yesildau/m1_eval_v2_matched_three_model_v3/results/smollm/epoch-020/task_result.json,fc3e1b9db687887efb14c2dbf7178493689248a0815677812844f050218cd8a1,1875,[],"{'free_bytes': 82898321408, 'gate_bytes': 21474836480, 'gpu_index': '0', 'probe_attempts': 1}","{'exact_prefix': {'result_sha256': None, 'status': 'complete'}, 'factual_cheap': {'result_sha256': None, 'status': 'complete'}, 'generation_integrity': {'result_sha256': None, 'status': 'complete'}, 'harness': {'result_sha256': 'dd32cd21420854facd960a815b1e995c99e68dcc5823b9741478bb1e532fb464', 'status': 'complete'}, 'turkish_perplexity': {'result_sha256': None, 'status': 'complete'}}",m1_gpu_snapshot,0.6513357942275848,0.6411010344952439,0.010234759732340892,1.0,0.032,0.968,,,,,0.012166666666666666,,,0.5027083333333333,,1.5773273314547331,1.4910878271709507,,1.0,1.0,0.0,0.6513227513227512,0.6661375661375663,-0.014814814814815058,0.4483870967741935,0.42311827956989245,0.025268817204301075,17.19604985855075,15.924011152164711,1.2720387063860397,,0.8026268656716419,,,0.7140011949810795,,,0.59,
smollm,smollm/epoch-021,epoch-021,21,147,False,complete,/vol/tmp2/yesildau/m1_eval_v2_matched_three_model_v3/results/smollm/epoch-021/task_result.json,1fe98ed6f8cd94d7499e07bcc7cf7d617d8163619f9dd32f962b73dd5a3e8ebd,1875,[],"{'free_bytes': 85080408064, 'gate_bytes': 21474836480, 'gpu_index': '0', 'probe_attempts': 1}","{'exact_prefix': {'result_sha256': None, 'status': 'complete'}, 'factual_cheap': {'result_sha256': None, 'status': 'complete'}, 'generation_integrity': {'result_sha256': None, 'status': 'complete'}, 'harness': {'result_sha256': 'c9f80579cd584788e01de5a46f6a2706ddfe4018460176e02f3be74b0f529c4f', 'status': 'complete'}, 'turkish_perplexity': {'result_sha256': None, 'status': 'complete'}}",m1_gpu_snapshot,0.6513615061932705,0.6411010344952439,0.010260471698026574,1.0,0.032,0.968,,,,,0.012166666666666666,,,0.5027083333333333,,1.5776170032349506,1.4910878271709507,,1.0,1.0,0.0,0.603174603174603,0.6661375661375663,-0.06296296296296322,0.5193548387096774,0.42311827956989245,0.0962365591397849,17.199468942847524,15.924011152164711,1.2754577906828128,,0.8026268656716419,,,0.7140011949810795,,,0.59,
smollm,smollm/epoch-022,epoch-022,22,154,False,complete,/vol/tmp2/yesildau/m1_eval_v2_matched_three_model_v3/results/smollm/epoch-022/task_result.json,af4cfa1bdb0032bfccd72a2ec845f7df1625e9cf8657882af73bfe5ad2606897,1875,[],"{'free_bytes': 85076213760, 'gate_bytes': 21474836480, 'gpu_index': '0', 'probe_attempts': 1}","{'exact_prefix': {'result_sha256': None, 'status': 'complete'}, 'factual_cheap': {'result_sha256': None, 'status': 'complete'}, 'generation_integrity': {'result_sha256': None, 'status': 'complete'}, 'harness': {'result_sha256': '407956de5d23fe1efea47010faa2081394cbd239995297d888a0b8ecd796f78c', 'status': 'complete'}, 'turkish_perplexity': {'result_sha256': None, 'status': 'complete'}}",m1_gpu_snapshot,0.6513560563744567,0.6411010344952439,0.010255021879212789,1.0,0.032,0.968,,,,,0.012166666666666666,,,0.5027083333333333,,1.5777191707374731,1.4910878271709507,,1.0,1.0,0.0,0.6359788359788359,0.6661375661375663,-0.030158730158730385,0.45053763440860223,0.42311827956989245,0.027419354838709775,17.205112224919578,15.924011152164711,1.2811010727548666,,0.8026268656716419,,,0.7140011949810795,,,0.59,
smollm,smollm/epoch-023,epoch-023,23,161,False,complete,/vol/tmp2/yesildau/m1_eval_v2_matched_three_model_v3/results/smollm/epoch-023/task_result.json,4e354856819aa1f6f94ac82b3e015a4a18f0f440edfc562a12bad0a772ab2ff4,1875,[],"{'free_bytes': 82896224256, 'gate_bytes': 21474836480, 'gpu_index': '0', 'probe_attempts': 1}","{'exact_prefix': {'result_sha256': None, 'status': 'complete'}, 'factual_cheap': {'result_sha256': None, 'status': 'complete'}, 'generation_integrity': {'result_sha256': None, 'status': 'complete'}, 'harness': {'result_sha256': 'd415723fd8f63f18c844fffa7ac7fb918648af839ce61c9e3e9ecf8d70c6db94', 'status': 'complete'}, 'turkish_perplexity': {'result_sha256': None, 'status': 'complete'}}",m1_gpu_snapshot,0.6513649996668691,0.6411010344952439,0.0102639651716252,1.0,0.032,0.968,,,,,0.012166666666666666,,,0.5027083333333333,,1.5778762845687855,1.4910878271709507,,1.0,1.0,0.0,0.6126984126984125,0.6661375661375663,-0.05343915343915373,0.4940860215053764,0.42311827956989245,0.07096774193548394,17.206538304567623,15.924011152164711,1.2825271524029116,,0.8026268656716419,,,0.7140011949810795,,,0.59,
smollm,smollm/epoch-024,epoch-024,24,168,False,complete,/vol/tmp2/yesildau/m1_eval_v2_matched_three_model_v3/results/smollm/epoch-024/task_result.json,553a46cb375574b482fae444a74f3851e6663b19f52fbbb89076ad875f40f91c,1875,[],"{'free_bytes': 85080408064, 'gate_bytes': 21474836480, 'gpu_index': '0', 'probe_attempts': 1}","{'exact_prefix': {'result_sha256': None, 'status': 'complete'}, 'factual_cheap': {'result_sha256': None, 'status': 'complete'}, 'generation_integrity': {'result_sha256': None, 'status': 'complete'}, 'harness': {'result_sha256': '0e61d8e3b2ccd33a6aa4b573d5216c34d29d3527ec0668f38d4889084f29bde5', 'status': 'complete'}, 'turkish_perplexity': {'result_sha256': None, 'status': 'complete'}}",m1_gpu_snapshot,0.6513856810305728,0.6411010344952439,0.0102846465353289,1.0,0.032,0.968,,,,,0.012166666666666666,,,0.5027083333333333,,1.578016345479372,1.4910878271709507,,1.0,1.0,0.0,0.6687830687830687,0.6661375661375663,0.002645502645502451,0.40967741935483865,0.42311827956989245,-0.013440860215053807,17.209623206612125,15.924011152164711,1.285612054447414,,0.8026268656716419,,,0.7140011949810795,,,0.59,
smollm,smollm/epoch-025,epoch-025,25,175,False,complete,/vol/tmp2/yesildau/m1_eval_v2_matched_three_model_v3/results/smollm/epoch-025/task_result.json,1439e7c5b20234b92de2b3810c426d64a08b853a9e81b8d2a204c4d01480e2b9,1875,[],"{'free_bytes': 85076213760, 'gate_bytes': 21474836480, 'gpu_index': '0', 'probe_attempts': 1}","{'exact_prefix': {'result_sha256': None, 'status': 'complete'}, 'factual_cheap': {'result_sha256': None, 'status': 'complete'}, 'generation_integrity': {'result_sha256': None, 'status': 'complete'}, 'harness': {'result_sha256': '4b517e085cdc46909e9465ed5cf31b8dd8b699754714b1252b61988425f6418a', 'status': 'complete'}, 'turkish_perplexity': {'result_sha256': None, 'status': 'complete'}}",m1_gpu_snapshot,0.6513872181589562,0.6411010344952439,0.010286183663712256,1.0,0.032,0.968,,,,,0.012166666666666666,,,0.5027083333333333,,1.5780940971091193,1.4910878271709507,,1.0,1.0,0.0,0.6433862433862434,0.6661375661375663,-0.022751322751322856,0.44193548387096776,0.42311827956989245,0.018817204301075308,17.211713718794,15.924011152164711,1.2877025666292905,,0.8026268656716419,,,0.7140011949810795,,,0.59,
smollm,smollm/epoch-026,epoch-026,26,182,False,complete,/vol/tmp2/yesildau/m1_eval_v2_matched_three_model_v3/results/smollm/epoch-026/task_result.json,e46f9be9a0b7da8cd84226bfbf0a0ba52d60356bf47283d7a39acf052919202e,1875,[],"{'free_bytes': 82812338176, 'gate_bytes': 21474836480, 'gpu_index': '0', 'probe_attempts': 1}","{'exact_prefix': {'result_sha256': None, 'status': 'complete'}, 'factual_cheap': {'result_sha256': None, 'status': 'complete'}, 'generation_integrity': {'result_sha256': None, 'status': 'complete'}, 'harness': {'result_sha256': '5bc45045329246f74a719d93018a3cd0ddb7be0aee12b20d99cc7d6aa9477006', 'status': 'complete'}, 'turkish_perplexity': {'result_sha256': None, 'status': 'complete'}}",m1_gpu_snapshot,0.6514058034385007,0.6411010344952439,0.010304768943256826,1.0,0.032,0.968,,,,,0.012166666666666666,,,0.5027083333333333,,1.5782615557257342,1.4910878271709507,,1.0,1.0,0.0,0.6592592592592591,0.6661375661375663,-0.00687830687830715,0.4327956989247311,0.42311827956989245,0.009677419354838623,17.212476673936205,15.924011152164711,1.288465521771494,,0.8026268656716419,,,0.7140011949810795,,,0.59,
smollm,smollm/epoch-027,epoch-027,27,189,False,complete,/vol/tmp2/yesildau/m1_eval_v2_matched_three_model_v3/results/smollm/epoch-027/task_result.json,49dc8a82aa8ae3f9aa388d9789466db929ec83aeb8877c4789a1843421ffb762,1875,[],"{'free_bytes': 85080408064, 'gate_bytes': 21474836480, 'gpu_index': '0', 'probe_attempts': 1}","{'exact_prefix': {'result_sha256': None, 'status': 'complete'}, 'factual_cheap': {'result_sha256': None, 'status': 'complete'}, 'generation_integrity': {'result_sha256': None, 'status': 'complete'}, 'harness': {'result_sha256': '065891ca5b45fcd9337c489cd1a3124321e947dcdd5b8d2ea24ff919effe3554', 'status': 'complete'}, 'turkish_perplexity': {'result_sha256': None, 'status': 'complete'}}",m1_gpu_snapshot,0.6513855412916288,0.6411010344952439,0.010284506796384929,1.0,0.032,0.968,,,,,0.012166666666666666,,,0.5027083333333333,,1.5783515469820266,1.4910878271709507,,1.0,1.0,0.0,0.6248677248677248,0.6661375661375663,-0.041269841269841456,0.47903225806451616,0.42311827956989245,0.055913978494623706,17.2171165923522,15.924011152164711,1.293105440187487,,0.8026268656716419,,,0.7140011949810795,,,0.59,
smollm,smollm/epoch-028,epoch-028,28,196,False,complete,/vol/tmp2/yesildau/m1_eval_v2_matched_three_model_v3/results/smollm/epoch-028/task_result.json,17b90c6432ad926a4f9cebd1edd0ce9cd839a5fce0de652deb239ce187760a1c,1875,[],"{'free_bytes': 85076213760, 'gate_bytes': 21474836480, 'gpu_index': '0', 'probe_attempts': 1}","{'exact_prefix': {'result_sha256': None, 'status': 'complete'}, 'factual_cheap': {'result_sha256': None, 'status': 'complete'}, 'generation_integrity': {'result_sha256': None, 'status': 'complete'}, 'harness': {'result_sha256': 'cc084f1bf77aad60bf2a4833e9de08cd3dadef6ef50d6c7f7e33748dd2a5ea80', 'status': 'complete'}, 'turkish_perplexity': {'result_sha256': None, 'status': 'complete'}}",m1_gpu_snapshot,0.6514203362886709,0.6411010344952439,0.010319301793426994,1.0,0.032,0.968,,,,,0.012166666666666666,,,0.5027083333333333,,1.5784564594602397,1.4910878271709507,,1.0,1.0,0.0,0.6216931216931216,0.6661375661375663,-0.04444444444444462,0.4827956989247312,0.42311827956989245,0.05967741935483872,17.220203840040117,15.924011152164711,1.296192687875406,,0.8026268656716419,,,0.7140011949810795,,,0.59,
smollm,smollm/epoch-029,epoch-029,29,203,False,complete,/vol/tmp2/yesildau/m1_eval_v2_matched_three_model_v3/results/smollm/epoch-029/task_result.json,0320af62324bffd322f116d218bb5a0e12c87ef157a30327690b7e202842ec54,1876,[],"{'free_bytes': 82728452096, 'gate_bytes': 21474836480, 'gpu_index': '0', 'probe_attempts': 1}","{'exact_prefix': {'result_sha256': None, 'status': 'complete'}, 'factual_cheap': {'result_sha256': None, 'status': 'complete'}, 'generation_integrity': {'result_sha256': None, 'status': 'complete'}, 'harness': {'result_sha256': 'e2080b32886e462278612c0af069f5ab40dc5ed6b8fe3d1746bbff23052a6caa', 'status': 'complete'}, 'turkish_perplexity': {'result_sha256': None, 'status': 'complete'}}",m1_gpu_snapshot,0.6514294193200273,0.6411010344952439,0.010328384824783376,1.0,0.032,0.968,,,,,0.012166666666666666,,,0.5027083333333333,,1.5785932408416736,1.4910878271709507,,1.0,1.0,0.0,0.6317460317460317,0.6661375661375663,-0.03439153439153453,0.46827956989247316,0.42311827956989245,0.045161290322580705,17.219915189911585,15.924011152164711,1.2959040377468742,,0.8026268656716419,,,0.7140011949810795,,,0.59,
smollm,smollm/epoch-030,epoch-030,30,210,False,complete,/vol/tmp2/yesildau/m1_eval_v2_matched_three_model_v3/results/smollm/epoch-030/task_result.json,c2f9dd9aa90a2a127c50b76e33a7b168d6e0fac8688ded6d5e3b61b452b1c37d,1876,[],"{'free_bytes': 85080408064, 'gate_bytes': 21474836480, 'gpu_index': '0', 'probe_attempts': 1}","{'exact_prefix': {'result_sha256': None, 'status': 'complete'}, 'factual_cheap': {'result_sha256': None, 'status': 'complete'}, 'generation_integrity': {'result_sha256': None, 'status': 'complete'}, 'harness': {'result_sha256': '4f50cd26ea8a7065788a81f5e4f578aad2d6453fdc9510878f2b9e7652104be5', 'status': 'complete'}, 'turkish_perplexity': {'result_sha256': None, 'status': 'complete'}}",m1_gpu_snapshot,0.6514104148236508,0.6411010344952439,0.010309380328406892,1.0,0.032,0.968,,,,,0.012166666666666666,,,0.5027083333333333,,1.5787140917204976,1.4910878271709507,,1.0,1.0,0.0,0.6164021164021164,0.6661375661375663,-0.049735449735449855,0.48870967741935484,0.42311827956989245,0.06559139784946239,17.222756916411953,15.924011152164711,1.2987457642472418,,0.8026268656716419,,,0.7140011949810795,,,0.59,
smollm,smollm/epoch-031,epoch-031,31,217,False,complete,/vol/tmp2/yesildau/m1_eval_v2_matched_three_model_v3/results/smollm/epoch-031/task_result.json,6c935a9609cab5bef092b4ba7ca63f6241c2981f14818d53943a1ca74e63b16b,1876,[],"{'free_bytes': 85076213760, 'gate_bytes': 21474836480, 'gpu_index': '0', 'probe_attempts': 1}","{'exact_prefix': {'result_sha256': None, 'status': 'complete'}, 'factual_cheap': {'result_sha256': None, 'status': 'complete'}, 'generation_integrity': {'result_sha256': None, 'status': 'complete'}, 'harness': {'result_sha256': '665de3617eed877e1b2cc9096f5648aa60378b328083cdd1e7102761ab44323b', 'status': 'complete'}, 'turkish_perplexity': {'result_sha256': None, 'status': 'complete'}}",m1_gpu_snapshot,0.651432633315738,0.6411010344952439,0.010331598820494059,1.0,0.032,0.968,,,,,0.012166666666666666,,,0.5027083333333333,,1.5788358577552977,1.4910878271709507,,1.0,1.0,0.0,0.6502645502645502,0.6661375661375663,-0.01587301587301604,0.44032258064516133,0.42311827956989245,0.01720430107526888,17.22598969823948,15.924011152164711,1.3019785460747695,,0.8026268656716419,,,0.7140011949810795,,,0.59,
smollm,smollm/epoch-032,epoch-032,32,224,False,complete,/vol/tmp2/yesildau/m1_eval_v2_matched_three_model_v3/results/smollm/epoch-032/task_result.json,5a17a6878102bbda0d4c1ef6bcf20497ce99a9ca3160c7f732f038103d47d28e,1876,[],"{'free_bytes': 82728452096, 'gate_bytes': 21474836480, 'gpu_index': '0', 'probe_attempts': 1}","{'exact_prefix': {'result_sha256': None, 'status': 'complete'}, 'factual_cheap': {'result_sha256': None, 'status': 'complete'}, 'generation_integrity': {'result_sha256': None, 'status': 'complete'}, 'harness': {'result_sha256': '522aa9c125498a853b78012b09bf96171e01a4538ac1d3bfa7ec05189a80f493', 'status': 'complete'}, 'turkish_perplexity': {'result_sha256': None, 'status': 'complete'}}",m1_gpu_snapshot,0.6514460482543566,0.6411010344952439,0.010345013759112676,1.0,0.032,0.968,,,,,0.012166666666666666,,,0.5027083333333333,,1.5788815778714957,1.4910878271709507,,1.0,1.0,0.0,0.6428571428571427,0.6661375661375663,-0.023280423280423568,0.44623655913978494,0.42311827956989245,0.023118279569892486,17.22903132635464,15.924011152164711,1.305020174189929,,0.8026268656716419,,,0.7140011949810795,,,0.59,
smollm,smollm/epoch-033,epoch-033,33,231,False,complete,/vol/tmp2/yesildau/m1_eval_v2_matched_three_model_v3/results/smollm/epoch-033/task_result.json,cd3caac10668eee2df2bab4ee8201f88e6463a8ca33146dcdf07e88da552053e,1876,[],"{'free_bytes': 85080408064, 'gate_bytes': 21474836480, 'gpu_index': '0', 'probe_attempts': 1}","{'exact_prefix': {'result_sha256': None, 'status': 'complete'}, 'factual_cheap': {'result_sha256': None, 'status': 'complete'}, 'generation_integrity': {'result_sha256': None, 'status': 'complete'}, 'harness': {'result_sha256': '5c7195d4a2b9440c7d7a153fa3ef9492375493b81d1648765099bb2829281513', 'status': 'complete'}, 'turkish_perplexity': {'result_sha256': None, 'status': 'complete'}}",m1_gpu_snapshot,0.6514383626124396,0.6411010344952439,0.010337328117195677,1.0,0.032,0.968,,,,,0.012166666666666666,,,0.5027083333333333,,1.5790337955635438,1.4910878271709507,,1.0,1.0,0.0,0.6555555555555554,0.6661375661375663,-0.010582010582010803,0.4435483870967742,0.42311827956989245,0.020430107526881736,17.22621570646546,15.924011152164711,1.302204554300749,,0.8026268656716419,,,0.7140011949810795,,,0.59,
smollm,smollm/epoch-034,epoch-034,34,238,False,complete,/vol/tmp2/yesildau/m1_eval_v2_matched_three_model_v3/results/smollm/epoch-034/task_result.json,a1f27343e8ab2b81a1a4a6ae90bcc8a0dee9bbe5eb280fabd32fb0b2b9291666,1876,[],"{'free_bytes': 85076213760, 'gate_bytes': 21474836480, 'gpu_index': '0', 'probe_attempts': 1}","{'exact_prefix': {'result_sha256': None, 'status': 'complete'}, 'factual_cheap': {'result_sha256': None, 'status': 'complete'}, 'generation_integrity': {'result_sha256': None, 'status': 'complete'}, 'harness': {'result_sha256': '6b276b120b4e080e3260b83f33bdea3c1b113da7b08e1d75ea8e0d762eb13ab9', 'status': 'complete'}, 'turkish_perplexity': {'result_sha256': None, 'status': 'complete'}}",m1_gpu_snapshot,0.6514428342586459,0.6411010344952439,0.010341799763401993,1.0,0.032,0.968,,,,,0.012166666666666666,,,0.5027083333333333,,1.5790643727679865,1.4910878271709507,,1.0,1.0,0.0,0.6460317460317458,0.6661375661375663,-0.020105820105820404,0.45322580645161287,0.42311827956989245,0.030107526881720414,17.232510099951217,15.924011152164711,1.3084989477865054,,0.8026268656716419,,,0.7140011949810795,,,0.59,
smollm,smollm/epoch-035,epoch-035,35,245,False,complete,/vol/tmp2/yesildau/m1_eval_v2_matched_three_model_v3/results/smollm/epoch-035/task_result.json,ba33568a9eb72f04f06bff0b4bfcad63853277e6373cdf9bebe98fac07de6df5,1876,[],"{'free_bytes': 85080408064, 'gate_bytes': 21474836480, 'gpu_index': '0', 'probe_attempts': 1}","{'exact_prefix': {'result_sha256': None, 'status': 'complete'}, 'factual_cheap': {'result_sha256': None, 'status': 'complete'}, 'generation_integrity': {'result_sha256': None, 'status': 'complete'}, 'harness': {'result_sha256': '7cc53b85b8513bf811662b36240c9be4d5e62abfdfda08ae7539bfc8fced5cd8', 'status': 'complete'}, 'turkish_perplexity': {'result_sha256': None, 'status': 'complete'}}",m1_gpu_snapshot,0.6514428342586459,0.6411010344952439,0.010341799763401993,1.0,0.032,0.968,,,,,0.012166666666666666,,,0.5027083333333333,,1.5792513244865853,1.4910878271709507,,1.0,1.0,0.0,0.664021164021164,0.6661375661375663,-0.002116402116402294,0.41666666666666663,0.42311827956989245,-0.006451612903225823,17.233375336078957,15.924011152164711,1.309364183914246,,0.8026268656716419,,,0.7140011949810795,,,0.59,
smollm,smollm/epoch-036,epoch-036,36,252,True,complete,/vol/tmp2/yesildau/m1_eval_v2_matched_three_model_v3/results/smollm/epoch-036/task_result.json,d5b5766713ecd6b76e1f3db4f1390dea6568ccf5daac0de8eea566b40e034f00,1968,[],"{'free_bytes': 32529973248, 'gate_bytes': 21474836480, 'gpu_index': '0', 'probe_attempts': 1}","{'exact_prefix': {'result_sha256': None, 'status': 'complete'}, 'factual_cheap_derived': {'result_sha256': None, 'status': 'complete'}, 'factual_full': {'result_sha256': None, 'status': 'complete'}, 'generation_integrity': {'result_sha256': None, 'status': 'complete'}, 'harness': {'result_sha256': 'e7704544addbbe37aaee89d6e1a63e19642b74961c9b89a8d097926dd032e2bc', 'status': 'complete'}, 'turkish_perplexity': {'result_sha256': None, 'status': 'complete'}}",m1_gpu_snapshot,0.6514583452814235,0.6411010344952439,0.01035731078617963,1.0,0.032,0.968,0.41733333333333333,,,0.42041666666666666,0.012166666666666666,0.40825,0.6041666666666666,0.5027083333333333,0.10145833333333332,1.5793295360784965,1.4910878271709507,,1.0,1.0,0.0,0.6238095238095237,0.6661375661375663,-0.04232804232804255,0.47580645161290325,0.42311827956989245,0.052688172043010795,17.233806231397427,15.924011152164711,1.3097950792327158,0.773865671641791,0.8026268656716419,-0.02876119402985089,0.7232622983469429,0.7140011949810795,0.009261103365863388,0.5885625000000001,0.59,-0.0014374999999998694
