pair,row_value,column_value,count,row_total,column_total,total
branch_group__field_of_study_en,A,accounting,50,2500,100,5000
branch_group__field_of_study_en,A,agriculture,50,2500,100,5000
branch_group__field_of_study_en,A,animal care,50,2500,100,5000
branch_group__field_of_study_en,A,anthropology,50,2500,100,5000
branch_group__field_of_study_en,A,archaeology,50,2500,100,5000
branch_group__field_of_study_en,A,architecture,50,2500,100,5000
branch_group__field_of_study_en,A,biology,50,2500,100,5000
branch_group__field_of_study_en,A,business,51,2500,100,5000
branch_group__field_of_study_en,A,chemistry,50,2500,100,5000
branch_group__field_of_study_en,A,communication,50,2500,100,5000
branch_group__field_of_study_en,A,computing,50,2500,100,5000
branch_group__field_of_study_en,A,construction,50,2500,100,5000
branch_group__field_of_study_en,A,cultural analysis,51,2500,100,5000
branch_group__field_of_study_en,A,data analytics,50,2500,100,5000
branch_group__field_of_study_en,A,dental studies,51,2500,100,5000
branch_group__field_of_study_en,A,design,50,2500,100,5000
branch_group__field_of_study_en,A,diplomacy,51,2500,100,5000
branch_group__field_of_study_en,A,ecology,50,2500,100,5000
branch_group__field_of_study_en,A,economics,49,2500,100,5000
branch_group__field_of_study_en,A,electricity,50,2500,100,5000
branch_group__field_of_study_en,A,exercise science,50,2500,100,5000
branch_group__field_of_study_en,A,film studies,50,2500,100,5000
branch_group__field_of_study_en,A,fiscal studies,50,2500,100,5000
branch_group__field_of_study_en,A,forestry,49,2500,100,5000
branch_group__field_of_study_en,A,geography,50,2500,100,5000
branch_group__field_of_study_en,A,governance,50,2500,100,5000
branch_group__field_of_study_en,A,history,51,2500,100,5000
branch_group__field_of_study_en,A,law,50,2500,100,5000
branch_group__field_of_study_en,A,linguistics,50,2500,100,5000
branch_group__field_of_study_en,A,literature,49,2500,100,5000
branch_group__field_of_study_en,A,logistics,50,2500,100,5000
branch_group__field_of_study_en,A,management,50,2500,100,5000
branch_group__field_of_study_en,A,marketing,50,2500,100,5000
branch_group__field_of_study_en,A,mechanics,50,2500,100,5000
branch_group__field_of_study_en,A,media studies,50,2500,100,5000
branch_group__field_of_study_en,A,medicine,49,2500,100,5000
branch_group__field_of_study_en,A,music,50,2500,100,5000
branch_group__field_of_study_en,A,nursing,50,2500,100,5000
branch_group__field_of_study_en,A,pharmacy,49,2500,100,5000
branch_group__field_of_study_en,A,philosophy,50,2500,100,5000
branch_group__field_of_study_en,A,physics,51,2500,100,5000
branch_group__field_of_study_en,A,politics,50,2500,100,5000
branch_group__field_of_study_en,A,psychology,50,2500,100,5000
branch_group__field_of_study_en,A,quantitative methods,50,2500,100,5000
branch_group__field_of_study_en,A,social care,50,2500,100,5000
branch_group__field_of_study_en,A,software,50,2500,100,5000
branch_group__field_of_study_en,A,statistics,49,2500,100,5000
branch_group__field_of_study_en,A,teaching,50,2500,100,5000
branch_group__field_of_study_en,A,theatre,50,2500,100,5000
branch_group__field_of_study_en,A,tourism,50,2500,100,5000
branch_group__field_of_study_en,B,accounting,50,2500,100,5000
branch_group__field_of_study_en,B,agriculture,50,2500,100,5000
branch_group__field_of_study_en,B,animal care,50,2500,100,5000
branch_group__field_of_study_en,B,anthropology,50,2500,100,5000
branch_group__field_of_study_en,B,archaeology,50,2500,100,5000
branch_group__field_of_study_en,B,architecture,50,2500,100,5000
branch_group__field_of_study_en,B,biology,50,2500,100,5000
branch_group__field_of_study_en,B,business,49,2500,100,5000
branch_group__field_of_study_en,B,chemistry,50,2500,100,5000
branch_group__field_of_study_en,B,communication,50,2500,100,5000
branch_group__field_of_study_en,B,computing,50,2500,100,5000
branch_group__field_of_study_en,B,construction,50,2500,100,5000
branch_group__field_of_study_en,B,cultural analysis,49,2500,100,5000
branch_group__field_of_study_en,B,data analytics,50,2500,100,5000
branch_group__field_of_study_en,B,dental studies,49,2500,100,5000
branch_group__field_of_study_en,B,design,50,2500,100,5000
branch_group__field_of_study_en,B,diplomacy,49,2500,100,5000
branch_group__field_of_study_en,B,ecology,50,2500,100,5000
branch_group__field_of_study_en,B,economics,51,2500,100,5000
branch_group__field_of_study_en,B,electricity,50,2500,100,5000
branch_group__field_of_study_en,B,exercise science,50,2500,100,5000
branch_group__field_of_study_en,B,film studies,50,2500,100,5000
branch_group__field_of_study_en,B,fiscal studies,50,2500,100,5000
branch_group__field_of_study_en,B,forestry,51,2500,100,5000
branch_group__field_of_study_en,B,geography,50,2500,100,5000
branch_group__field_of_study_en,B,governance,50,2500,100,5000
branch_group__field_of_study_en,B,history,49,2500,100,5000
branch_group__field_of_study_en,B,law,50,2500,100,5000
branch_group__field_of_study_en,B,linguistics,50,2500,100,5000
branch_group__field_of_study_en,B,literature,51,2500,100,5000
branch_group__field_of_study_en,B,logistics,50,2500,100,5000
branch_group__field_of_study_en,B,management,50,2500,100,5000
branch_group__field_of_study_en,B,marketing,50,2500,100,5000
branch_group__field_of_study_en,B,mechanics,50,2500,100,5000
branch_group__field_of_study_en,B,media studies,50,2500,100,5000
branch_group__field_of_study_en,B,medicine,51,2500,100,5000
branch_group__field_of_study_en,B,music,50,2500,100,5000
branch_group__field_of_study_en,B,nursing,50,2500,100,5000
branch_group__field_of_study_en,B,pharmacy,51,2500,100,5000
branch_group__field_of_study_en,B,philosophy,50,2500,100,5000
branch_group__field_of_study_en,B,physics,49,2500,100,5000
branch_group__field_of_study_en,B,politics,50,2500,100,5000
branch_group__field_of_study_en,B,psychology,50,2500,100,5000
branch_group__field_of_study_en,B,quantitative methods,50,2500,100,5000
branch_group__field_of_study_en,B,social care,50,2500,100,5000
branch_group__field_of_study_en,B,software,50,2500,100,5000
branch_group__field_of_study_en,B,statistics,51,2500,100,5000
branch_group__field_of_study_en,B,teaching,50,2500,100,5000
branch_group__field_of_study_en,B,theatre,50,2500,100,5000
branch_group__field_of_study_en,B,tourism,50,2500,100,5000
branch_group__works_in_industry_en,A,academia,51,2500,100,5000
branch_group__works_in_industry_en,A,accounting,50,2500,100,5000
branch_group__works_in_industry_en,A,advertising,49,2500,100,5000
branch_group__works_in_industry_en,A,airlines,51,2500,100,5000
branch_group__works_in_industry_en,A,architecture,49,2500,100,5000
branch_group__works_in_industry_en,A,arts,51,2500,100,5000
branch_group__works_in_industry_en,A,automotive,49,2500,100,5000
branch_group__works_in_industry_en,A,banking,49,2500,100,5000
branch_group__works_in_industry_en,A,biotech,51,2500,100,5000
branch_group__works_in_industry_en,A,books,49,2500,100,5000
branch_group__works_in_industry_en,A,catering,50,2500,100,5000
branch_group__works_in_industry_en,A,chemicals,48,2500,100,5000
branch_group__works_in_industry_en,A,communications,49,2500,100,5000
branch_group__works_in_industry_en,A,construction,51,2500,100,5000
branch_group__works_in_industry_en,A,consulting,50,2500,100,5000
branch_group__works_in_industry_en,A,electrical,49,2500,100,5000
branch_group__works_in_industry_en,A,energy,52,2500,100,5000
branch_group__works_in_industry_en,A,engineering,48,2500,100,5000
branch_group__works_in_industry_en,A,entertainment,49,2500,100,5000
branch_group__works_in_industry_en,A,extraction,51,2500,100,5000
branch_group__works_in_industry_en,A,fabrication,49,2500,100,5000
branch_group__works_in_industry_en,A,farming,50,2500,100,5000
branch_group__works_in_industry_en,A,fashion,50,2500,100,5000
branch_group__works_in_industry_en,A,gaming,51,2500,100,5000
branch_group__works_in_industry_en,A,government,49,2500,100,5000
branch_group__works_in_industry_en,A,groceries,50,2500,100,5000
branch_group__works_in_industry_en,A,healthcare,51,2500,100,5000
branch_group__works_in_industry_en,A,hotels,49,2500,100,5000
branch_group__works_in_industry_en,A,infrastructure,51,2500,100,5000
branch_group__works_in_industry_en,A,insurance,50,2500,100,5000
branch_group__works_in_industry_en,A,investment,50,2500,100,5000
branch_group__works_in_industry_en,A,law,52,2500,100,5000
branch_group__works_in_industry_en,A,logistics,50,2500,100,5000
branch_group__works_in_industry_en,A,maritime,49,2500,100,5000
branch_group__works_in_industry_en,A,media,50,2500,100,5000
branch_group__works_in_industry_en,A,pharmaceuticals,50,2500,100,5000
branch_group__works_in_industry_en,A,property,51,2500,100,5000
branch_group__works_in_industry_en,A,railways,51,2500,100,5000
branch_group__works_in_industry_en,A,recreation,51,2500,100,5000
branch_group__works_in_industry_en,A,research,51,2500,100,5000
branch_group__works_in_industry_en,A,retail,49,2500,100,5000
branch_group__works_in_industry_en,A,security,48,2500,100,5000
branch_group__works_in_industry_en,A,software,51,2500,100,5000
branch_group__works_in_industry_en,A,space,50,2500,100,5000
branch_group__works_in_industry_en,A,textiles,50,2500,100,5000
branch_group__works_in_industry_en,A,timber,51,2500,100,5000
branch_group__works_in_industry_en,A,tourism,51,2500,100,5000
branch_group__works_in_industry_en,A,trade,50,2500,100,5000
branch_group__works_in_industry_en,A,waste,50,2500,100,5000
branch_group__works_in_industry_en,A,welfare,49,2500,100,5000
branch_group__works_in_industry_en,B,academia,49,2500,100,5000
branch_group__works_in_industry_en,B,accounting,50,2500,100,5000
branch_group__works_in_industry_en,B,advertising,51,2500,100,5000
branch_group__works_in_industry_en,B,airlines,49,2500,100,5000
branch_group__works_in_industry_en,B,architecture,51,2500,100,5000
branch_group__works_in_industry_en,B,arts,49,2500,100,5000
branch_group__works_in_industry_en,B,automotive,51,2500,100,5000
branch_group__works_in_industry_en,B,banking,51,2500,100,5000
branch_group__works_in_industry_en,B,biotech,49,2500,100,5000
branch_group__works_in_industry_en,B,books,51,2500,100,5000
branch_group__works_in_industry_en,B,catering,50,2500,100,5000
branch_group__works_in_industry_en,B,chemicals,52,2500,100,5000
branch_group__works_in_industry_en,B,communications,51,2500,100,5000
branch_group__works_in_industry_en,B,construction,49,2500,100,5000
branch_group__works_in_industry_en,B,consulting,50,2500,100,5000
branch_group__works_in_industry_en,B,electrical,51,2500,100,5000
branch_group__works_in_industry_en,B,energy,48,2500,100,5000
branch_group__works_in_industry_en,B,engineering,52,2500,100,5000
branch_group__works_in_industry_en,B,entertainment,51,2500,100,5000
branch_group__works_in_industry_en,B,extraction,49,2500,100,5000
branch_group__works_in_industry_en,B,fabrication,51,2500,100,5000
branch_group__works_in_industry_en,B,farming,50,2500,100,5000
branch_group__works_in_industry_en,B,fashion,50,2500,100,5000
branch_group__works_in_industry_en,B,gaming,49,2500,100,5000
branch_group__works_in_industry_en,B,government,51,2500,100,5000
branch_group__works_in_industry_en,B,groceries,50,2500,100,5000
branch_group__works_in_industry_en,B,healthcare,49,2500,100,5000
branch_group__works_in_industry_en,B,hotels,51,2500,100,5000
branch_group__works_in_industry_en,B,infrastructure,49,2500,100,5000
branch_group__works_in_industry_en,B,insurance,50,2500,100,5000
branch_group__works_in_industry_en,B,investment,50,2500,100,5000
branch_group__works_in_industry_en,B,law,48,2500,100,5000
branch_group__works_in_industry_en,B,logistics,50,2500,100,5000
branch_group__works_in_industry_en,B,maritime,51,2500,100,5000
branch_group__works_in_industry_en,B,media,50,2500,100,5000
branch_group__works_in_industry_en,B,pharmaceuticals,50,2500,100,5000
branch_group__works_in_industry_en,B,property,49,2500,100,5000
branch_group__works_in_industry_en,B,railways,49,2500,100,5000
branch_group__works_in_industry_en,B,recreation,49,2500,100,5000
branch_group__works_in_industry_en,B,research,49,2500,100,5000
branch_group__works_in_industry_en,B,retail,51,2500,100,5000
branch_group__works_in_industry_en,B,security,52,2500,100,5000
branch_group__works_in_industry_en,B,software,49,2500,100,5000
branch_group__works_in_industry_en,B,space,50,2500,100,5000
branch_group__works_in_industry_en,B,textiles,50,2500,100,5000
branch_group__works_in_industry_en,B,timber,49,2500,100,5000
branch_group__works_in_industry_en,B,tourism,49,2500,100,5000
branch_group__works_in_industry_en,B,trade,50,2500,100,5000
branch_group__works_in_industry_en,B,waste,50,2500,100,5000
branch_group__works_in_industry_en,B,welfare,51,2500,100,5000
field_of_study_en__works_in_industry_en,accounting,academia,2,100,100,5000
field_of_study_en__works_in_industry_en,accounting,accounting,2,100,100,5000
field_of_study_en__works_in_industry_en,accounting,advertising,2,100,100,5000
field_of_study_en__works_in_industry_en,accounting,airlines,2,100,100,5000
field_of_study_en__works_in_industry_en,accounting,architecture,2,100,100,5000
field_of_study_en__works_in_industry_en,accounting,arts,2,100,100,5000
field_of_study_en__works_in_industry_en,accounting,automotive,2,100,100,5000
field_of_study_en__works_in_industry_en,accounting,banking,2,100,100,5000
field_of_study_en__works_in_industry_en,accounting,biotech,2,100,100,5000
field_of_study_en__works_in_industry_en,accounting,books,2,100,100,5000
field_of_study_en__works_in_industry_en,accounting,catering,2,100,100,5000
field_of_study_en__works_in_industry_en,accounting,chemicals,2,100,100,5000
field_of_study_en__works_in_industry_en,accounting,communications,2,100,100,5000
field_of_study_en__works_in_industry_en,accounting,construction,2,100,100,5000
field_of_study_en__works_in_industry_en,accounting,consulting,2,100,100,5000
field_of_study_en__works_in_industry_en,accounting,electrical,2,100,100,5000
field_of_study_en__works_in_industry_en,accounting,energy,2,100,100,5000
field_of_study_en__works_in_industry_en,accounting,engineering,2,100,100,5000
field_of_study_en__works_in_industry_en,accounting,entertainment,2,100,100,5000
field_of_study_en__works_in_industry_en,accounting,extraction,2,100,100,5000
field_of_study_en__works_in_industry_en,accounting,fabrication,2,100,100,5000
field_of_study_en__works_in_industry_en,accounting,farming,2,100,100,5000
field_of_study_en__works_in_industry_en,accounting,fashion,2,100,100,5000
field_of_study_en__works_in_industry_en,accounting,gaming,2,100,100,5000
field_of_study_en__works_in_industry_en,accounting,government,2,100,100,5000
field_of_study_en__works_in_industry_en,accounting,groceries,2,100,100,5000
field_of_study_en__works_in_industry_en,accounting,healthcare,2,100,100,5000
field_of_study_en__works_in_industry_en,accounting,hotels,2,100,100,5000
field_of_study_en__works_in_industry_en,accounting,infrastructure,2,100,100,5000
field_of_study_en__works_in_industry_en,accounting,insurance,2,100,100,5000
field_of_study_en__works_in_industry_en,accounting,investment,2,100,100,5000
field_of_study_en__works_in_industry_en,accounting,law,2,100,100,5000
field_of_study_en__works_in_industry_en,accounting,logistics,2,100,100,5000
field_of_study_en__works_in_industry_en,accounting,maritime,1,100,100,5000
field_of_study_en__works_in_industry_en,accounting,media,2,100,100,5000
field_of_study_en__works_in_industry_en,accounting,pharmaceuticals,2,100,100,5000
field_of_study_en__works_in_industry_en,accounting,property,2,100,100,5000
field_of_study_en__works_in_industry_en,accounting,railways,3,100,100,5000
field_of_study_en__works_in_industry_en,accounting,recreation,2,100,100,5000
field_of_study_en__works_in_industry_en,accounting,research,2,100,100,5000
field_of_study_en__works_in_industry_en,accounting,retail,2,100,100,5000
field_of_study_en__works_in_industry_en,accounting,security,2,100,100,5000
field_of_study_en__works_in_industry_en,accounting,software,2,100,100,5000
field_of_study_en__works_in_industry_en,accounting,space,1,100,100,5000
field_of_study_en__works_in_industry_en,accounting,textiles,2,100,100,5000
field_of_study_en__works_in_industry_en,accounting,timber,2,100,100,5000
field_of_study_en__works_in_industry_en,accounting,tourism,3,100,100,5000
field_of_study_en__works_in_industry_en,accounting,trade,2,100,100,5000
field_of_study_en__works_in_industry_en,accounting,waste,2,100,100,5000
field_of_study_en__works_in_industry_en,accounting,welfare,2,100,100,5000
field_of_study_en__works_in_industry_en,agriculture,academia,2,100,100,5000
field_of_study_en__works_in_industry_en,agriculture,accounting,2,100,100,5000
field_of_study_en__works_in_industry_en,agriculture,advertising,2,100,100,5000
field_of_study_en__works_in_industry_en,agriculture,airlines,2,100,100,5000
field_of_study_en__works_in_industry_en,agriculture,architecture,2,100,100,5000
field_of_study_en__works_in_industry_en,agriculture,arts,2,100,100,5000
field_of_study_en__works_in_industry_en,agriculture,automotive,2,100,100,5000
field_of_study_en__works_in_industry_en,agriculture,banking,2,100,100,5000
field_of_study_en__works_in_industry_en,agriculture,biotech,2,100,100,5000
field_of_study_en__works_in_industry_en,agriculture,books,2,100,100,5000
field_of_study_en__works_in_industry_en,agriculture,catering,2,100,100,5000
field_of_study_en__works_in_industry_en,agriculture,chemicals,2,100,100,5000
field_of_study_en__works_in_industry_en,agriculture,communications,2,100,100,5000
field_of_study_en__works_in_industry_en,agriculture,construction,2,100,100,5000
field_of_study_en__works_in_industry_en,agriculture,consulting,2,100,100,5000
field_of_study_en__works_in_industry_en,agriculture,electrical,2,100,100,5000
field_of_study_en__works_in_industry_en,agriculture,energy,2,100,100,5000
field_of_study_en__works_in_industry_en,agriculture,engineering,2,100,100,5000
field_of_study_en__works_in_industry_en,agriculture,entertainment,2,100,100,5000
field_of_study_en__works_in_industry_en,agriculture,extraction,2,100,100,5000
field_of_study_en__works_in_industry_en,agriculture,fabrication,2,100,100,5000
field_of_study_en__works_in_industry_en,agriculture,farming,2,100,100,5000
field_of_study_en__works_in_industry_en,agriculture,fashion,2,100,100,5000
field_of_study_en__works_in_industry_en,agriculture,gaming,2,100,100,5000
field_of_study_en__works_in_industry_en,agriculture,government,2,100,100,5000
field_of_study_en__works_in_industry_en,agriculture,groceries,2,100,100,5000
field_of_study_en__works_in_industry_en,agriculture,healthcare,2,100,100,5000
field_of_study_en__works_in_industry_en,agriculture,hotels,2,100,100,5000
field_of_study_en__works_in_industry_en,agriculture,infrastructure,2,100,100,5000
field_of_study_en__works_in_industry_en,agriculture,insurance,2,100,100,5000
field_of_study_en__works_in_industry_en,agriculture,investment,2,100,100,5000
field_of_study_en__works_in_industry_en,agriculture,law,2,100,100,5000
field_of_study_en__works_in_industry_en,agriculture,logistics,2,100,100,5000
field_of_study_en__works_in_industry_en,agriculture,maritime,2,100,100,5000
field_of_study_en__works_in_industry_en,agriculture,media,2,100,100,5000
field_of_study_en__works_in_industry_en,agriculture,pharmaceuticals,2,100,100,5000
field_of_study_en__works_in_industry_en,agriculture,property,2,100,100,5000
field_of_study_en__works_in_industry_en,agriculture,railways,2,100,100,5000
field_of_study_en__works_in_industry_en,agriculture,recreation,2,100,100,5000
field_of_study_en__works_in_industry_en,agriculture,research,2,100,100,5000
field_of_study_en__works_in_industry_en,agriculture,retail,2,100,100,5000
field_of_study_en__works_in_industry_en,agriculture,security,2,100,100,5000
field_of_study_en__works_in_industry_en,agriculture,software,2,100,100,5000
field_of_study_en__works_in_industry_en,agriculture,space,2,100,100,5000
field_of_study_en__works_in_industry_en,agriculture,textiles,2,100,100,5000
field_of_study_en__works_in_industry_en,agriculture,timber,2,100,100,5000
field_of_study_en__works_in_industry_en,agriculture,tourism,2,100,100,5000
field_of_study_en__works_in_industry_en,agriculture,trade,2,100,100,5000
field_of_study_en__works_in_industry_en,agriculture,waste,2,100,100,5000
field_of_study_en__works_in_industry_en,agriculture,welfare,2,100,100,5000
field_of_study_en__works_in_industry_en,animal care,academia,2,100,100,5000
field_of_study_en__works_in_industry_en,animal care,accounting,2,100,100,5000
field_of_study_en__works_in_industry_en,animal care,advertising,2,100,100,5000
field_of_study_en__works_in_industry_en,animal care,airlines,2,100,100,5000
field_of_study_en__works_in_industry_en,animal care,architecture,2,100,100,5000
field_of_study_en__works_in_industry_en,animal care,arts,2,100,100,5000
field_of_study_en__works_in_industry_en,animal care,automotive,2,100,100,5000
field_of_study_en__works_in_industry_en,animal care,banking,3,100,100,5000
field_of_study_en__works_in_industry_en,animal care,biotech,2,100,100,5000
field_of_study_en__works_in_industry_en,animal care,books,1,100,100,5000
field_of_study_en__works_in_industry_en,animal care,catering,2,100,100,5000
field_of_study_en__works_in_industry_en,animal care,chemicals,2,100,100,5000
field_of_study_en__works_in_industry_en,animal care,communications,2,100,100,5000
field_of_study_en__works_in_industry_en,animal care,construction,3,100,100,5000
field_of_study_en__works_in_industry_en,animal care,consulting,2,100,100,5000
field_of_study_en__works_in_industry_en,animal care,electrical,2,100,100,5000
field_of_study_en__works_in_industry_en,animal care,energy,2,100,100,5000
field_of_study_en__works_in_industry_en,animal care,engineering,2,100,100,5000
field_of_study_en__works_in_industry_en,animal care,entertainment,2,100,100,5000
field_of_study_en__works_in_industry_en,animal care,extraction,2,100,100,5000
field_of_study_en__works_in_industry_en,animal care,fabrication,2,100,100,5000
field_of_study_en__works_in_industry_en,animal care,farming,2,100,100,5000
field_of_study_en__works_in_industry_en,animal care,fashion,2,100,100,5000
field_of_study_en__works_in_industry_en,animal care,gaming,2,100,100,5000
field_of_study_en__works_in_industry_en,animal care,government,2,100,100,5000
field_of_study_en__works_in_industry_en,animal care,groceries,2,100,100,5000
field_of_study_en__works_in_industry_en,animal care,healthcare,1,100,100,5000
field_of_study_en__works_in_industry_en,animal care,hotels,2,100,100,5000
field_of_study_en__works_in_industry_en,animal care,infrastructure,2,100,100,5000
field_of_study_en__works_in_industry_en,animal care,insurance,2,100,100,5000
field_of_study_en__works_in_industry_en,animal care,investment,2,100,100,5000
field_of_study_en__works_in_industry_en,animal care,law,2,100,100,5000
field_of_study_en__works_in_industry_en,animal care,logistics,2,100,100,5000
field_of_study_en__works_in_industry_en,animal care,maritime,2,100,100,5000
field_of_study_en__works_in_industry_en,animal care,media,2,100,100,5000
field_of_study_en__works_in_industry_en,animal care,pharmaceuticals,2,100,100,5000
field_of_study_en__works_in_industry_en,animal care,property,2,100,100,5000
field_of_study_en__works_in_industry_en,animal care,railways,2,100,100,5000
field_of_study_en__works_in_industry_en,animal care,recreation,2,100,100,5000
field_of_study_en__works_in_industry_en,animal care,research,2,100,100,5000
field_of_study_en__works_in_industry_en,animal care,retail,2,100,100,5000
field_of_study_en__works_in_industry_en,animal care,security,2,100,100,5000
field_of_study_en__works_in_industry_en,animal care,software,2,100,100,5000
field_of_study_en__works_in_industry_en,animal care,space,2,100,100,5000
field_of_study_en__works_in_industry_en,animal care,textiles,2,100,100,5000
field_of_study_en__works_in_industry_en,animal care,timber,2,100,100,5000
field_of_study_en__works_in_industry_en,animal care,tourism,2,100,100,5000
field_of_study_en__works_in_industry_en,animal care,trade,2,100,100,5000
field_of_study_en__works_in_industry_en,animal care,waste,2,100,100,5000
field_of_study_en__works_in_industry_en,animal care,welfare,2,100,100,5000
field_of_study_en__works_in_industry_en,anthropology,academia,2,100,100,5000
field_of_study_en__works_in_industry_en,anthropology,accounting,2,100,100,5000
field_of_study_en__works_in_industry_en,anthropology,advertising,2,100,100,5000
field_of_study_en__works_in_industry_en,anthropology,airlines,2,100,100,5000
field_of_study_en__works_in_industry_en,anthropology,architecture,2,100,100,5000
field_of_study_en__works_in_industry_en,anthropology,arts,2,100,100,5000
field_of_study_en__works_in_industry_en,anthropology,automotive,2,100,100,5000
field_of_study_en__works_in_industry_en,anthropology,banking,2,100,100,5000
field_of_study_en__works_in_industry_en,anthropology,biotech,2,100,100,5000
field_of_study_en__works_in_industry_en,anthropology,books,2,100,100,5000
field_of_study_en__works_in_industry_en,anthropology,catering,2,100,100,5000
field_of_study_en__works_in_industry_en,anthropology,chemicals,2,100,100,5000
field_of_study_en__works_in_industry_en,anthropology,communications,2,100,100,5000
field_of_study_en__works_in_industry_en,anthropology,construction,2,100,100,5000
field_of_study_en__works_in_industry_en,anthropology,consulting,2,100,100,5000
field_of_study_en__works_in_industry_en,anthropology,electrical,2,100,100,5000
field_of_study_en__works_in_industry_en,anthropology,energy,2,100,100,5000
field_of_study_en__works_in_industry_en,anthropology,engineering,2,100,100,5000
field_of_study_en__works_in_industry_en,anthropology,entertainment,2,100,100,5000
field_of_study_en__works_in_industry_en,anthropology,extraction,2,100,100,5000
field_of_study_en__works_in_industry_en,anthropology,fabrication,2,100,100,5000
field_of_study_en__works_in_industry_en,anthropology,farming,2,100,100,5000
field_of_study_en__works_in_industry_en,anthropology,fashion,2,100,100,5000
field_of_study_en__works_in_industry_en,anthropology,gaming,2,100,100,5000
field_of_study_en__works_in_industry_en,anthropology,government,3,100,100,5000
field_of_study_en__works_in_industry_en,anthropology,groceries,2,100,100,5000
field_of_study_en__works_in_industry_en,anthropology,healthcare,2,100,100,5000
field_of_study_en__works_in_industry_en,anthropology,hotels,2,100,100,5000
field_of_study_en__works_in_industry_en,anthropology,infrastructure,2,100,100,5000
field_of_study_en__works_in_industry_en,anthropology,insurance,2,100,100,5000
field_of_study_en__works_in_industry_en,anthropology,investment,2,100,100,5000
field_of_study_en__works_in_industry_en,anthropology,law,2,100,100,5000
field_of_study_en__works_in_industry_en,anthropology,logistics,2,100,100,5000
field_of_study_en__works_in_industry_en,anthropology,maritime,2,100,100,5000
field_of_study_en__works_in_industry_en,anthropology,media,2,100,100,5000
field_of_study_en__works_in_industry_en,anthropology,pharmaceuticals,1,100,100,5000
field_of_study_en__works_in_industry_en,anthropology,property,2,100,100,5000
field_of_study_en__works_in_industry_en,anthropology,railways,2,100,100,5000
field_of_study_en__works_in_industry_en,anthropology,recreation,2,100,100,5000
field_of_study_en__works_in_industry_en,anthropology,research,2,100,100,5000
field_of_study_en__works_in_industry_en,anthropology,retail,2,100,100,5000
field_of_study_en__works_in_industry_en,anthropology,security,2,100,100,5000
field_of_study_en__works_in_industry_en,anthropology,software,2,100,100,5000
field_of_study_en__works_in_industry_en,anthropology,space,2,100,100,5000
field_of_study_en__works_in_industry_en,anthropology,textiles,2,100,100,5000
field_of_study_en__works_in_industry_en,anthropology,timber,2,100,100,5000
field_of_study_en__works_in_industry_en,anthropology,tourism,2,100,100,5000
field_of_study_en__works_in_industry_en,anthropology,trade,2,100,100,5000
field_of_study_en__works_in_industry_en,anthropology,waste,2,100,100,5000
field_of_study_en__works_in_industry_en,anthropology,welfare,2,100,100,5000
field_of_study_en__works_in_industry_en,archaeology,academia,2,100,100,5000
field_of_study_en__works_in_industry_en,archaeology,accounting,2,100,100,5000
field_of_study_en__works_in_industry_en,archaeology,advertising,2,100,100,5000
field_of_study_en__works_in_industry_en,archaeology,airlines,2,100,100,5000
field_of_study_en__works_in_industry_en,archaeology,architecture,2,100,100,5000
field_of_study_en__works_in_industry_en,archaeology,arts,2,100,100,5000
field_of_study_en__works_in_industry_en,archaeology,automotive,2,100,100,5000
field_of_study_en__works_in_industry_en,archaeology,banking,2,100,100,5000
field_of_study_en__works_in_industry_en,archaeology,biotech,1,100,100,5000
field_of_study_en__works_in_industry_en,archaeology,books,2,100,100,5000
field_of_study_en__works_in_industry_en,archaeology,catering,2,100,100,5000
field_of_study_en__works_in_industry_en,archaeology,chemicals,2,100,100,5000
field_of_study_en__works_in_industry_en,archaeology,communications,2,100,100,5000
field_of_study_en__works_in_industry_en,archaeology,construction,2,100,100,5000
field_of_study_en__works_in_industry_en,archaeology,consulting,2,100,100,5000
field_of_study_en__works_in_industry_en,archaeology,electrical,3,100,100,5000
field_of_study_en__works_in_industry_en,archaeology,energy,2,100,100,5000
field_of_study_en__works_in_industry_en,archaeology,engineering,2,100,100,5000
field_of_study_en__works_in_industry_en,archaeology,entertainment,2,100,100,5000
field_of_study_en__works_in_industry_en,archaeology,extraction,2,100,100,5000
field_of_study_en__works_in_industry_en,archaeology,fabrication,2,100,100,5000
field_of_study_en__works_in_industry_en,archaeology,farming,2,100,100,5000
field_of_study_en__works_in_industry_en,archaeology,fashion,2,100,100,5000
field_of_study_en__works_in_industry_en,archaeology,gaming,2,100,100,5000
field_of_study_en__works_in_industry_en,archaeology,government,2,100,100,5000
field_of_study_en__works_in_industry_en,archaeology,groceries,3,100,100,5000
field_of_study_en__works_in_industry_en,archaeology,healthcare,2,100,100,5000
field_of_study_en__works_in_industry_en,archaeology,hotels,2,100,100,5000
field_of_study_en__works_in_industry_en,archaeology,infrastructure,2,100,100,5000
field_of_study_en__works_in_industry_en,archaeology,insurance,2,100,100,5000
field_of_study_en__works_in_industry_en,archaeology,investment,2,100,100,5000
field_of_study_en__works_in_industry_en,archaeology,law,2,100,100,5000
field_of_study_en__works_in_industry_en,archaeology,logistics,2,100,100,5000
field_of_study_en__works_in_industry_en,archaeology,maritime,2,100,100,5000
field_of_study_en__works_in_industry_en,archaeology,media,2,100,100,5000
field_of_study_en__works_in_industry_en,archaeology,pharmaceuticals,2,100,100,5000
field_of_study_en__works_in_industry_en,archaeology,property,2,100,100,5000
field_of_study_en__works_in_industry_en,archaeology,railways,2,100,100,5000
field_of_study_en__works_in_industry_en,archaeology,recreation,2,100,100,5000
field_of_study_en__works_in_industry_en,archaeology,research,2,100,100,5000
field_of_study_en__works_in_industry_en,archaeology,retail,2,100,100,5000
field_of_study_en__works_in_industry_en,archaeology,security,2,100,100,5000
field_of_study_en__works_in_industry_en,archaeology,software,2,100,100,5000
field_of_study_en__works_in_industry_en,archaeology,space,2,100,100,5000
field_of_study_en__works_in_industry_en,archaeology,textiles,2,100,100,5000
field_of_study_en__works_in_industry_en,archaeology,timber,1,100,100,5000
field_of_study_en__works_in_industry_en,archaeology,tourism,2,100,100,5000
field_of_study_en__works_in_industry_en,archaeology,trade,2,100,100,5000
field_of_study_en__works_in_industry_en,archaeology,waste,2,100,100,5000
field_of_study_en__works_in_industry_en,archaeology,welfare,2,100,100,5000
field_of_study_en__works_in_industry_en,architecture,academia,2,100,100,5000
field_of_study_en__works_in_industry_en,architecture,accounting,2,100,100,5000
field_of_study_en__works_in_industry_en,architecture,advertising,2,100,100,5000
field_of_study_en__works_in_industry_en,architecture,airlines,2,100,100,5000
field_of_study_en__works_in_industry_en,architecture,architecture,2,100,100,5000
field_of_study_en__works_in_industry_en,architecture,arts,2,100,100,5000
field_of_study_en__works_in_industry_en,architecture,automotive,2,100,100,5000
field_of_study_en__works_in_industry_en,architecture,banking,2,100,100,5000
field_of_study_en__works_in_industry_en,architecture,biotech,2,100,100,5000
field_of_study_en__works_in_industry_en,architecture,books,2,100,100,5000
field_of_study_en__works_in_industry_en,architecture,catering,2,100,100,5000
field_of_study_en__works_in_industry_en,architecture,chemicals,3,100,100,5000
field_of_study_en__works_in_industry_en,architecture,communications,2,100,100,5000
field_of_study_en__works_in_industry_en,architecture,construction,2,100,100,5000
field_of_study_en__works_in_industry_en,architecture,consulting,2,100,100,5000
field_of_study_en__works_in_industry_en,architecture,electrical,2,100,100,5000
field_of_study_en__works_in_industry_en,architecture,energy,2,100,100,5000
field_of_study_en__works_in_industry_en,architecture,engineering,2,100,100,5000
field_of_study_en__works_in_industry_en,architecture,entertainment,2,100,100,5000
field_of_study_en__works_in_industry_en,architecture,extraction,2,100,100,5000
field_of_study_en__works_in_industry_en,architecture,fabrication,2,100,100,5000
field_of_study_en__works_in_industry_en,architecture,farming,2,100,100,5000
field_of_study_en__works_in_industry_en,architecture,fashion,2,100,100,5000
field_of_study_en__works_in_industry_en,architecture,gaming,2,100,100,5000
field_of_study_en__works_in_industry_en,architecture,government,2,100,100,5000
field_of_study_en__works_in_industry_en,architecture,groceries,2,100,100,5000
field_of_study_en__works_in_industry_en,architecture,healthcare,2,100,100,5000
field_of_study_en__works_in_industry_en,architecture,hotels,2,100,100,5000
field_of_study_en__works_in_industry_en,architecture,infrastructure,2,100,100,5000
field_of_study_en__works_in_industry_en,architecture,insurance,2,100,100,5000
field_of_study_en__works_in_industry_en,architecture,investment,2,100,100,5000
field_of_study_en__works_in_industry_en,architecture,law,2,100,100,5000
field_of_study_en__works_in_industry_en,architecture,logistics,1,100,100,5000
field_of_study_en__works_in_industry_en,architecture,maritime,2,100,100,5000
field_of_study_en__works_in_industry_en,architecture,media,2,100,100,5000
field_of_study_en__works_in_industry_en,architecture,pharmaceuticals,2,100,100,5000
field_of_study_en__works_in_industry_en,architecture,property,2,100,100,5000
field_of_study_en__works_in_industry_en,architecture,railways,2,100,100,5000
field_of_study_en__works_in_industry_en,architecture,recreation,2,100,100,5000
field_of_study_en__works_in_industry_en,architecture,research,2,100,100,5000
field_of_study_en__works_in_industry_en,architecture,retail,2,100,100,5000
field_of_study_en__works_in_industry_en,architecture,security,2,100,100,5000
field_of_study_en__works_in_industry_en,architecture,software,2,100,100,5000
field_of_study_en__works_in_industry_en,architecture,space,2,100,100,5000
field_of_study_en__works_in_industry_en,architecture,textiles,2,100,100,5000
field_of_study_en__works_in_industry_en,architecture,timber,2,100,100,5000
field_of_study_en__works_in_industry_en,architecture,tourism,2,100,100,5000
field_of_study_en__works_in_industry_en,architecture,trade,2,100,100,5000
field_of_study_en__works_in_industry_en,architecture,waste,2,100,100,5000
field_of_study_en__works_in_industry_en,architecture,welfare,2,100,100,5000
field_of_study_en__works_in_industry_en,biology,academia,2,100,100,5000
field_of_study_en__works_in_industry_en,biology,accounting,1,100,100,5000
field_of_study_en__works_in_industry_en,biology,advertising,2,100,100,5000
field_of_study_en__works_in_industry_en,biology,airlines,2,100,100,5000
field_of_study_en__works_in_industry_en,biology,architecture,2,100,100,5000
field_of_study_en__works_in_industry_en,biology,arts,2,100,100,5000
field_of_study_en__works_in_industry_en,biology,automotive,2,100,100,5000
field_of_study_en__works_in_industry_en,biology,banking,2,100,100,5000
field_of_study_en__works_in_industry_en,biology,biotech,1,100,100,5000
field_of_study_en__works_in_industry_en,biology,books,2,100,100,5000
field_of_study_en__works_in_industry_en,biology,catering,2,100,100,5000
field_of_study_en__works_in_industry_en,biology,chemicals,2,100,100,5000
field_of_study_en__works_in_industry_en,biology,communications,2,100,100,5000
field_of_study_en__works_in_industry_en,biology,construction,2,100,100,5000
field_of_study_en__works_in_industry_en,biology,consulting,2,100,100,5000
field_of_study_en__works_in_industry_en,biology,electrical,2,100,100,5000
field_of_study_en__works_in_industry_en,biology,energy,2,100,100,5000
field_of_study_en__works_in_industry_en,biology,engineering,2,100,100,5000
field_of_study_en__works_in_industry_en,biology,entertainment,2,100,100,5000
field_of_study_en__works_in_industry_en,biology,extraction,2,100,100,5000
field_of_study_en__works_in_industry_en,biology,fabrication,2,100,100,5000
field_of_study_en__works_in_industry_en,biology,farming,2,100,100,5000
field_of_study_en__works_in_industry_en,biology,fashion,2,100,100,5000
field_of_study_en__works_in_industry_en,biology,gaming,2,100,100,5000
field_of_study_en__works_in_industry_en,biology,government,2,100,100,5000
field_of_study_en__works_in_industry_en,biology,groceries,2,100,100,5000
field_of_study_en__works_in_industry_en,biology,healthcare,3,100,100,5000
field_of_study_en__works_in_industry_en,biology,hotels,2,100,100,5000
field_of_study_en__works_in_industry_en,biology,infrastructure,2,100,100,5000
field_of_study_en__works_in_industry_en,biology,insurance,2,100,100,5000
field_of_study_en__works_in_industry_en,biology,investment,2,100,100,5000
field_of_study_en__works_in_industry_en,biology,law,2,100,100,5000
field_of_study_en__works_in_industry_en,biology,logistics,2,100,100,5000
field_of_study_en__works_in_industry_en,biology,maritime,2,100,100,5000
field_of_study_en__works_in_industry_en,biology,media,2,100,100,5000
field_of_study_en__works_in_industry_en,biology,pharmaceuticals,2,100,100,5000
field_of_study_en__works_in_industry_en,biology,property,2,100,100,5000
field_of_study_en__works_in_industry_en,biology,railways,2,100,100,5000
field_of_study_en__works_in_industry_en,biology,recreation,2,100,100,5000
field_of_study_en__works_in_industry_en,biology,research,2,100,100,5000
field_of_study_en__works_in_industry_en,biology,retail,2,100,100,5000
field_of_study_en__works_in_industry_en,biology,security,2,100,100,5000
field_of_study_en__works_in_industry_en,biology,software,2,100,100,5000
field_of_study_en__works_in_industry_en,biology,space,2,100,100,5000
field_of_study_en__works_in_industry_en,biology,textiles,2,100,100,5000
field_of_study_en__works_in_industry_en,biology,timber,2,100,100,5000
field_of_study_en__works_in_industry_en,biology,tourism,2,100,100,5000
field_of_study_en__works_in_industry_en,biology,trade,2,100,100,5000
field_of_study_en__works_in_industry_en,biology,waste,3,100,100,5000
field_of_study_en__works_in_industry_en,biology,welfare,2,100,100,5000
field_of_study_en__works_in_industry_en,business,academia,2,100,100,5000
field_of_study_en__works_in_industry_en,business,accounting,2,100,100,5000
field_of_study_en__works_in_industry_en,business,advertising,2,100,100,5000
field_of_study_en__works_in_industry_en,business,airlines,2,100,100,5000
field_of_study_en__works_in_industry_en,business,architecture,2,100,100,5000
field_of_study_en__works_in_industry_en,business,arts,2,100,100,5000
field_of_study_en__works_in_industry_en,business,automotive,2,100,100,5000
field_of_study_en__works_in_industry_en,business,banking,2,100,100,5000
field_of_study_en__works_in_industry_en,business,biotech,2,100,100,5000
field_of_study_en__works_in_industry_en,business,books,2,100,100,5000
field_of_study_en__works_in_industry_en,business,catering,2,100,100,5000
field_of_study_en__works_in_industry_en,business,chemicals,1,100,100,5000
field_of_study_en__works_in_industry_en,business,communications,3,100,100,5000
field_of_study_en__works_in_industry_en,business,construction,2,100,100,5000
field_of_study_en__works_in_industry_en,business,consulting,2,100,100,5000
field_of_study_en__works_in_industry_en,business,electrical,2,100,100,5000
field_of_study_en__works_in_industry_en,business,energy,2,100,100,5000
field_of_study_en__works_in_industry_en,business,engineering,2,100,100,5000
field_of_study_en__works_in_industry_en,business,entertainment,2,100,100,5000
field_of_study_en__works_in_industry_en,business,extraction,2,100,100,5000
field_of_study_en__works_in_industry_en,business,fabrication,2,100,100,5000
field_of_study_en__works_in_industry_en,business,farming,2,100,100,5000
field_of_study_en__works_in_industry_en,business,fashion,2,100,100,5000
field_of_study_en__works_in_industry_en,business,gaming,2,100,100,5000
field_of_study_en__works_in_industry_en,business,government,2,100,100,5000
field_of_study_en__works_in_industry_en,business,groceries,2,100,100,5000
field_of_study_en__works_in_industry_en,business,healthcare,2,100,100,5000
field_of_study_en__works_in_industry_en,business,hotels,2,100,100,5000
field_of_study_en__works_in_industry_en,business,infrastructure,2,100,100,5000
field_of_study_en__works_in_industry_en,business,insurance,2,100,100,5000
field_of_study_en__works_in_industry_en,business,investment,2,100,100,5000
field_of_study_en__works_in_industry_en,business,law,2,100,100,5000
field_of_study_en__works_in_industry_en,business,logistics,2,100,100,5000
field_of_study_en__works_in_industry_en,business,maritime,2,100,100,5000
field_of_study_en__works_in_industry_en,business,media,2,100,100,5000
field_of_study_en__works_in_industry_en,business,pharmaceuticals,2,100,100,5000
field_of_study_en__works_in_industry_en,business,property,2,100,100,5000
field_of_study_en__works_in_industry_en,business,railways,2,100,100,5000
field_of_study_en__works_in_industry_en,business,recreation,2,100,100,5000
field_of_study_en__works_in_industry_en,business,research,2,100,100,5000
field_of_study_en__works_in_industry_en,business,retail,2,100,100,5000
field_of_study_en__works_in_industry_en,business,security,2,100,100,5000
field_of_study_en__works_in_industry_en,business,software,2,100,100,5000
field_of_study_en__works_in_industry_en,business,space,2,100,100,5000
field_of_study_en__works_in_industry_en,business,textiles,2,100,100,5000
field_of_study_en__works_in_industry_en,business,timber,2,100,100,5000
field_of_study_en__works_in_industry_en,business,tourism,2,100,100,5000
field_of_study_en__works_in_industry_en,business,trade,2,100,100,5000
field_of_study_en__works_in_industry_en,business,waste,2,100,100,5000
field_of_study_en__works_in_industry_en,business,welfare,2,100,100,5000
field_of_study_en__works_in_industry_en,chemistry,academia,2,100,100,5000
field_of_study_en__works_in_industry_en,chemistry,accounting,2,100,100,5000
field_of_study_en__works_in_industry_en,chemistry,advertising,2,100,100,5000
field_of_study_en__works_in_industry_en,chemistry,airlines,2,100,100,5000
field_of_study_en__works_in_industry_en,chemistry,architecture,2,100,100,5000
field_of_study_en__works_in_industry_en,chemistry,arts,2,100,100,5000
field_of_study_en__works_in_industry_en,chemistry,automotive,2,100,100,5000
field_of_study_en__works_in_industry_en,chemistry,banking,2,100,100,5000
field_of_study_en__works_in_industry_en,chemistry,biotech,2,100,100,5000
field_of_study_en__works_in_industry_en,chemistry,books,2,100,100,5000
field_of_study_en__works_in_industry_en,chemistry,catering,2,100,100,5000
field_of_study_en__works_in_industry_en,chemistry,chemicals,2,100,100,5000
field_of_study_en__works_in_industry_en,chemistry,communications,2,100,100,5000
field_of_study_en__works_in_industry_en,chemistry,construction,2,100,100,5000
field_of_study_en__works_in_industry_en,chemistry,consulting,2,100,100,5000
field_of_study_en__works_in_industry_en,chemistry,electrical,2,100,100,5000
field_of_study_en__works_in_industry_en,chemistry,energy,2,100,100,5000
field_of_study_en__works_in_industry_en,chemistry,engineering,2,100,100,5000
field_of_study_en__works_in_industry_en,chemistry,entertainment,2,100,100,5000
field_of_study_en__works_in_industry_en,chemistry,extraction,2,100,100,5000
field_of_study_en__works_in_industry_en,chemistry,fabrication,2,100,100,5000
field_of_study_en__works_in_industry_en,chemistry,farming,2,100,100,5000
field_of_study_en__works_in_industry_en,chemistry,fashion,2,100,100,5000
field_of_study_en__works_in_industry_en,chemistry,gaming,2,100,100,5000
field_of_study_en__works_in_industry_en,chemistry,government,2,100,100,5000
field_of_study_en__works_in_industry_en,chemistry,groceries,2,100,100,5000
field_of_study_en__works_in_industry_en,chemistry,healthcare,2,100,100,5000
field_of_study_en__works_in_industry_en,chemistry,hotels,2,100,100,5000
field_of_study_en__works_in_industry_en,chemistry,infrastructure,2,100,100,5000
field_of_study_en__works_in_industry_en,chemistry,insurance,2,100,100,5000
field_of_study_en__works_in_industry_en,chemistry,investment,2,100,100,5000
field_of_study_en__works_in_industry_en,chemistry,law,2,100,100,5000
field_of_study_en__works_in_industry_en,chemistry,logistics,2,100,100,5000
field_of_study_en__works_in_industry_en,chemistry,maritime,2,100,100,5000
field_of_study_en__works_in_industry_en,chemistry,media,2,100,100,5000
field_of_study_en__works_in_industry_en,chemistry,pharmaceuticals,2,100,100,5000
field_of_study_en__works_in_industry_en,chemistry,property,2,100,100,5000
field_of_study_en__works_in_industry_en,chemistry,railways,2,100,100,5000
field_of_study_en__works_in_industry_en,chemistry,recreation,2,100,100,5000
field_of_study_en__works_in_industry_en,chemistry,research,2,100,100,5000
field_of_study_en__works_in_industry_en,chemistry,retail,2,100,100,5000
field_of_study_en__works_in_industry_en,chemistry,security,2,100,100,5000
field_of_study_en__works_in_industry_en,chemistry,software,2,100,100,5000
field_of_study_en__works_in_industry_en,chemistry,space,2,100,100,5000
field_of_study_en__works_in_industry_en,chemistry,textiles,2,100,100,5000
field_of_study_en__works_in_industry_en,chemistry,timber,2,100,100,5000
field_of_study_en__works_in_industry_en,chemistry,tourism,2,100,100,5000
field_of_study_en__works_in_industry_en,chemistry,trade,2,100,100,5000
field_of_study_en__works_in_industry_en,chemistry,waste,2,100,100,5000
field_of_study_en__works_in_industry_en,chemistry,welfare,2,100,100,5000
field_of_study_en__works_in_industry_en,communication,academia,2,100,100,5000
field_of_study_en__works_in_industry_en,communication,accounting,2,100,100,5000
field_of_study_en__works_in_industry_en,communication,advertising,2,100,100,5000
field_of_study_en__works_in_industry_en,communication,airlines,2,100,100,5000
field_of_study_en__works_in_industry_en,communication,architecture,2,100,100,5000
field_of_study_en__works_in_industry_en,communication,arts,2,100,100,5000
field_of_study_en__works_in_industry_en,communication,automotive,2,100,100,5000
field_of_study_en__works_in_industry_en,communication,banking,3,100,100,5000
field_of_study_en__works_in_industry_en,communication,biotech,3,100,100,5000
field_of_study_en__works_in_industry_en,communication,books,2,100,100,5000
field_of_study_en__works_in_industry_en,communication,catering,2,100,100,5000
field_of_study_en__works_in_industry_en,communication,chemicals,2,100,100,5000
field_of_study_en__works_in_industry_en,communication,communications,2,100,100,5000
field_of_study_en__works_in_industry_en,communication,construction,2,100,100,5000
field_of_study_en__works_in_industry_en,communication,consulting,2,100,100,5000
field_of_study_en__works_in_industry_en,communication,electrical,2,100,100,5000
field_of_study_en__works_in_industry_en,communication,energy,3,100,100,5000
field_of_study_en__works_in_industry_en,communication,engineering,2,100,100,5000
field_of_study_en__works_in_industry_en,communication,entertainment,2,100,100,5000
field_of_study_en__works_in_industry_en,communication,extraction,2,100,100,5000
field_of_study_en__works_in_industry_en,communication,fabrication,1,100,100,5000
field_of_study_en__works_in_industry_en,communication,farming,2,100,100,5000
field_of_study_en__works_in_industry_en,communication,fashion,2,100,100,5000
field_of_study_en__works_in_industry_en,communication,gaming,2,100,100,5000
field_of_study_en__works_in_industry_en,communication,government,2,100,100,5000
field_of_study_en__works_in_industry_en,communication,groceries,2,100,100,5000
field_of_study_en__works_in_industry_en,communication,healthcare,2,100,100,5000
field_of_study_en__works_in_industry_en,communication,hotels,2,100,100,5000
field_of_study_en__works_in_industry_en,communication,infrastructure,2,100,100,5000
field_of_study_en__works_in_industry_en,communication,insurance,2,100,100,5000
field_of_study_en__works_in_industry_en,communication,investment,2,100,100,5000
field_of_study_en__works_in_industry_en,communication,law,2,100,100,5000
field_of_study_en__works_in_industry_en,communication,logistics,2,100,100,5000
field_of_study_en__works_in_industry_en,communication,maritime,2,100,100,5000
field_of_study_en__works_in_industry_en,communication,media,2,100,100,5000
field_of_study_en__works_in_industry_en,communication,pharmaceuticals,2,100,100,5000
field_of_study_en__works_in_industry_en,communication,property,2,100,100,5000
field_of_study_en__works_in_industry_en,communication,railways,2,100,100,5000
field_of_study_en__works_in_industry_en,communication,recreation,1,100,100,5000
field_of_study_en__works_in_industry_en,communication,research,2,100,100,5000
field_of_study_en__works_in_industry_en,communication,retail,2,100,100,5000
field_of_study_en__works_in_industry_en,communication,security,2,100,100,5000
field_of_study_en__works_in_industry_en,communication,software,2,100,100,5000
field_of_study_en__works_in_industry_en,communication,space,2,100,100,5000
field_of_study_en__works_in_industry_en,communication,textiles,2,100,100,5000
field_of_study_en__works_in_industry_en,communication,timber,2,100,100,5000
field_of_study_en__works_in_industry_en,communication,tourism,2,100,100,5000
field_of_study_en__works_in_industry_en,communication,trade,2,100,100,5000
field_of_study_en__works_in_industry_en,communication,waste,1,100,100,5000
field_of_study_en__works_in_industry_en,communication,welfare,2,100,100,5000
field_of_study_en__works_in_industry_en,computing,academia,2,100,100,5000
field_of_study_en__works_in_industry_en,computing,accounting,2,100,100,5000
field_of_study_en__works_in_industry_en,computing,advertising,2,100,100,5000
field_of_study_en__works_in_industry_en,computing,airlines,2,100,100,5000
field_of_study_en__works_in_industry_en,computing,architecture,2,100,100,5000
field_of_study_en__works_in_industry_en,computing,arts,2,100,100,5000
field_of_study_en__works_in_industry_en,computing,automotive,2,100,100,5000
field_of_study_en__works_in_industry_en,computing,banking,2,100,100,5000
field_of_study_en__works_in_industry_en,computing,biotech,2,100,100,5000
field_of_study_en__works_in_industry_en,computing,books,2,100,100,5000
field_of_study_en__works_in_industry_en,computing,catering,2,100,100,5000
field_of_study_en__works_in_industry_en,computing,chemicals,2,100,100,5000
field_of_study_en__works_in_industry_en,computing,communications,2,100,100,5000
field_of_study_en__works_in_industry_en,computing,construction,2,100,100,5000
field_of_study_en__works_in_industry_en,computing,consulting,2,100,100,5000
field_of_study_en__works_in_industry_en,computing,electrical,2,100,100,5000
field_of_study_en__works_in_industry_en,computing,energy,2,100,100,5000
field_of_study_en__works_in_industry_en,computing,engineering,2,100,100,5000
field_of_study_en__works_in_industry_en,computing,entertainment,2,100,100,5000
field_of_study_en__works_in_industry_en,computing,extraction,2,100,100,5000
field_of_study_en__works_in_industry_en,computing,fabrication,2,100,100,5000
field_of_study_en__works_in_industry_en,computing,farming,2,100,100,5000
field_of_study_en__works_in_industry_en,computing,fashion,2,100,100,5000
field_of_study_en__works_in_industry_en,computing,gaming,2,100,100,5000
field_of_study_en__works_in_industry_en,computing,government,2,100,100,5000
field_of_study_en__works_in_industry_en,computing,groceries,2,100,100,5000
field_of_study_en__works_in_industry_en,computing,healthcare,2,100,100,5000
field_of_study_en__works_in_industry_en,computing,hotels,3,100,100,5000
field_of_study_en__works_in_industry_en,computing,infrastructure,2,100,100,5000
field_of_study_en__works_in_industry_en,computing,insurance,2,100,100,5000
field_of_study_en__works_in_industry_en,computing,investment,2,100,100,5000
field_of_study_en__works_in_industry_en,computing,law,2,100,100,5000
field_of_study_en__works_in_industry_en,computing,logistics,2,100,100,5000
field_of_study_en__works_in_industry_en,computing,maritime,2,100,100,5000
field_of_study_en__works_in_industry_en,computing,media,2,100,100,5000
field_of_study_en__works_in_industry_en,computing,pharmaceuticals,2,100,100,5000
field_of_study_en__works_in_industry_en,computing,property,2,100,100,5000
field_of_study_en__works_in_industry_en,computing,railways,2,100,100,5000
field_of_study_en__works_in_industry_en,computing,recreation,2,100,100,5000
field_of_study_en__works_in_industry_en,computing,research,2,100,100,5000
field_of_study_en__works_in_industry_en,computing,retail,2,100,100,5000
field_of_study_en__works_in_industry_en,computing,security,2,100,100,5000
field_of_study_en__works_in_industry_en,computing,software,2,100,100,5000
field_of_study_en__works_in_industry_en,computing,space,2,100,100,5000
field_of_study_en__works_in_industry_en,computing,textiles,2,100,100,5000
field_of_study_en__works_in_industry_en,computing,timber,2,100,100,5000
field_of_study_en__works_in_industry_en,computing,tourism,2,100,100,5000
field_of_study_en__works_in_industry_en,computing,trade,2,100,100,5000
field_of_study_en__works_in_industry_en,computing,waste,1,100,100,5000
field_of_study_en__works_in_industry_en,computing,welfare,2,100,100,5000
field_of_study_en__works_in_industry_en,construction,academia,2,100,100,5000
field_of_study_en__works_in_industry_en,construction,accounting,2,100,100,5000
field_of_study_en__works_in_industry_en,construction,advertising,2,100,100,5000
field_of_study_en__works_in_industry_en,construction,airlines,2,100,100,5000
field_of_study_en__works_in_industry_en,construction,architecture,3,100,100,5000
field_of_study_en__works_in_industry_en,construction,arts,2,100,100,5000
field_of_study_en__works_in_industry_en,construction,automotive,2,100,100,5000
field_of_study_en__works_in_industry_en,construction,banking,1,100,100,5000
field_of_study_en__works_in_industry_en,construction,biotech,2,100,100,5000
field_of_study_en__works_in_industry_en,construction,books,2,100,100,5000
field_of_study_en__works_in_industry_en,construction,catering,2,100,100,5000
field_of_study_en__works_in_industry_en,construction,chemicals,2,100,100,5000
field_of_study_en__works_in_industry_en,construction,communications,2,100,100,5000
field_of_study_en__works_in_industry_en,construction,construction,2,100,100,5000
field_of_study_en__works_in_industry_en,construction,consulting,2,100,100,5000
field_of_study_en__works_in_industry_en,construction,electrical,2,100,100,5000
field_of_study_en__works_in_industry_en,construction,energy,3,100,100,5000
field_of_study_en__works_in_industry_en,construction,engineering,2,100,100,5000
field_of_study_en__works_in_industry_en,construction,entertainment,1,100,100,5000
field_of_study_en__works_in_industry_en,construction,extraction,2,100,100,5000
field_of_study_en__works_in_industry_en,construction,fabrication,2,100,100,5000
field_of_study_en__works_in_industry_en,construction,farming,2,100,100,5000
field_of_study_en__works_in_industry_en,construction,fashion,2,100,100,5000
field_of_study_en__works_in_industry_en,construction,gaming,2,100,100,5000
field_of_study_en__works_in_industry_en,construction,government,2,100,100,5000
field_of_study_en__works_in_industry_en,construction,groceries,2,100,100,5000
field_of_study_en__works_in_industry_en,construction,healthcare,2,100,100,5000
field_of_study_en__works_in_industry_en,construction,hotels,2,100,100,5000
field_of_study_en__works_in_industry_en,construction,infrastructure,2,100,100,5000
field_of_study_en__works_in_industry_en,construction,insurance,2,100,100,5000
field_of_study_en__works_in_industry_en,construction,investment,1,100,100,5000
field_of_study_en__works_in_industry_en,construction,law,2,100,100,5000
field_of_study_en__works_in_industry_en,construction,logistics,2,100,100,5000
field_of_study_en__works_in_industry_en,construction,maritime,2,100,100,5000
field_of_study_en__works_in_industry_en,construction,media,2,100,100,5000
field_of_study_en__works_in_industry_en,construction,pharmaceuticals,2,100,100,5000
field_of_study_en__works_in_industry_en,construction,property,2,100,100,5000
field_of_study_en__works_in_industry_en,construction,railways,2,100,100,5000
field_of_study_en__works_in_industry_en,construction,recreation,2,100,100,5000
field_of_study_en__works_in_industry_en,construction,research,2,100,100,5000
field_of_study_en__works_in_industry_en,construction,retail,2,100,100,5000
field_of_study_en__works_in_industry_en,construction,security,2,100,100,5000
field_of_study_en__works_in_industry_en,construction,software,2,100,100,5000
field_of_study_en__works_in_industry_en,construction,space,3,100,100,5000
field_of_study_en__works_in_industry_en,construction,textiles,1,100,100,5000
field_of_study_en__works_in_industry_en,construction,timber,2,100,100,5000
field_of_study_en__works_in_industry_en,construction,tourism,3,100,100,5000
field_of_study_en__works_in_industry_en,construction,trade,2,100,100,5000
field_of_study_en__works_in_industry_en,construction,waste,2,100,100,5000
field_of_study_en__works_in_industry_en,construction,welfare,2,100,100,5000
field_of_study_en__works_in_industry_en,cultural analysis,academia,2,100,100,5000
field_of_study_en__works_in_industry_en,cultural analysis,accounting,2,100,100,5000
field_of_study_en__works_in_industry_en,cultural analysis,advertising,2,100,100,5000
field_of_study_en__works_in_industry_en,cultural analysis,airlines,2,100,100,5000
field_of_study_en__works_in_industry_en,cultural analysis,architecture,2,100,100,5000
field_of_study_en__works_in_industry_en,cultural analysis,arts,2,100,100,5000
field_of_study_en__works_in_industry_en,cultural analysis,automotive,2,100,100,5000
field_of_study_en__works_in_industry_en,cultural analysis,banking,3,100,100,5000
field_of_study_en__works_in_industry_en,cultural analysis,biotech,2,100,100,5000
field_of_study_en__works_in_industry_en,cultural analysis,books,2,100,100,5000
field_of_study_en__works_in_industry_en,cultural analysis,catering,2,100,100,5000
field_of_study_en__works_in_industry_en,cultural analysis,chemicals,2,100,100,5000
field_of_study_en__works_in_industry_en,cultural analysis,communications,2,100,100,5000
field_of_study_en__works_in_industry_en,cultural analysis,construction,2,100,100,5000
field_of_study_en__works_in_industry_en,cultural analysis,consulting,2,100,100,5000
field_of_study_en__works_in_industry_en,cultural analysis,electrical,2,100,100,5000
field_of_study_en__works_in_industry_en,cultural analysis,energy,2,100,100,5000
field_of_study_en__works_in_industry_en,cultural analysis,engineering,2,100,100,5000
field_of_study_en__works_in_industry_en,cultural analysis,entertainment,2,100,100,5000
field_of_study_en__works_in_industry_en,cultural analysis,extraction,2,100,100,5000
field_of_study_en__works_in_industry_en,cultural analysis,fabrication,2,100,100,5000
field_of_study_en__works_in_industry_en,cultural analysis,farming,2,100,100,5000
field_of_study_en__works_in_industry_en,cultural analysis,fashion,2,100,100,5000
field_of_study_en__works_in_industry_en,cultural analysis,gaming,2,100,100,5000
field_of_study_en__works_in_industry_en,cultural analysis,government,2,100,100,5000
field_of_study_en__works_in_industry_en,cultural analysis,groceries,2,100,100,5000
field_of_study_en__works_in_industry_en,cultural analysis,healthcare,2,100,100,5000
field_of_study_en__works_in_industry_en,cultural analysis,hotels,2,100,100,5000
field_of_study_en__works_in_industry_en,cultural analysis,infrastructure,2,100,100,5000
field_of_study_en__works_in_industry_en,cultural analysis,insurance,1,100,100,5000
field_of_study_en__works_in_industry_en,cultural analysis,investment,2,100,100,5000
field_of_study_en__works_in_industry_en,cultural analysis,law,2,100,100,5000
field_of_study_en__works_in_industry_en,cultural analysis,logistics,2,100,100,5000
field_of_study_en__works_in_industry_en,cultural analysis,maritime,2,100,100,5000
field_of_study_en__works_in_industry_en,cultural analysis,media,2,100,100,5000
field_of_study_en__works_in_industry_en,cultural analysis,pharmaceuticals,2,100,100,5000
field_of_study_en__works_in_industry_en,cultural analysis,property,2,100,100,5000
field_of_study_en__works_in_industry_en,cultural analysis,railways,2,100,100,5000
field_of_study_en__works_in_industry_en,cultural analysis,recreation,2,100,100,5000
field_of_study_en__works_in_industry_en,cultural analysis,research,2,100,100,5000
field_of_study_en__works_in_industry_en,cultural analysis,retail,2,100,100,5000
field_of_study_en__works_in_industry_en,cultural analysis,security,2,100,100,5000
field_of_study_en__works_in_industry_en,cultural analysis,software,2,100,100,5000
field_of_study_en__works_in_industry_en,cultural analysis,space,2,100,100,5000
field_of_study_en__works_in_industry_en,cultural analysis,textiles,2,100,100,5000
field_of_study_en__works_in_industry_en,cultural analysis,timber,2,100,100,5000
field_of_study_en__works_in_industry_en,cultural analysis,tourism,2,100,100,5000
field_of_study_en__works_in_industry_en,cultural analysis,trade,2,100,100,5000
field_of_study_en__works_in_industry_en,cultural analysis,waste,2,100,100,5000
field_of_study_en__works_in_industry_en,cultural analysis,welfare,2,100,100,5000
field_of_study_en__works_in_industry_en,data analytics,academia,2,100,100,5000
field_of_study_en__works_in_industry_en,data analytics,accounting,2,100,100,5000
field_of_study_en__works_in_industry_en,data analytics,advertising,2,100,100,5000
field_of_study_en__works_in_industry_en,data analytics,airlines,2,100,100,5000
field_of_study_en__works_in_industry_en,data analytics,architecture,2,100,100,5000
field_of_study_en__works_in_industry_en,data analytics,arts,2,100,100,5000
field_of_study_en__works_in_industry_en,data analytics,automotive,2,100,100,5000
field_of_study_en__works_in_industry_en,data analytics,banking,2,100,100,5000
field_of_study_en__works_in_industry_en,data analytics,biotech,1,100,100,5000
field_of_study_en__works_in_industry_en,data analytics,books,2,100,100,5000
field_of_study_en__works_in_industry_en,data analytics,catering,2,100,100,5000
field_of_study_en__works_in_industry_en,data analytics,chemicals,2,100,100,5000
field_of_study_en__works_in_industry_en,data analytics,communications,2,100,100,5000
field_of_study_en__works_in_industry_en,data analytics,construction,2,100,100,5000
field_of_study_en__works_in_industry_en,data analytics,consulting,2,100,100,5000
field_of_study_en__works_in_industry_en,data analytics,electrical,2,100,100,5000
field_of_study_en__works_in_industry_en,data analytics,energy,2,100,100,5000
field_of_study_en__works_in_industry_en,data analytics,engineering,2,100,100,5000
field_of_study_en__works_in_industry_en,data analytics,entertainment,2,100,100,5000
field_of_study_en__works_in_industry_en,data analytics,extraction,2,100,100,5000
field_of_study_en__works_in_industry_en,data analytics,fabrication,2,100,100,5000
field_of_study_en__works_in_industry_en,data analytics,farming,2,100,100,5000
field_of_study_en__works_in_industry_en,data analytics,fashion,2,100,100,5000
field_of_study_en__works_in_industry_en,data analytics,gaming,2,100,100,5000
field_of_study_en__works_in_industry_en,data analytics,government,2,100,100,5000
field_of_study_en__works_in_industry_en,data analytics,groceries,2,100,100,5000
field_of_study_en__works_in_industry_en,data analytics,healthcare,2,100,100,5000
field_of_study_en__works_in_industry_en,data analytics,hotels,2,100,100,5000
field_of_study_en__works_in_industry_en,data analytics,infrastructure,2,100,100,5000
field_of_study_en__works_in_industry_en,data analytics,insurance,2,100,100,5000
field_of_study_en__works_in_industry_en,data analytics,investment,2,100,100,5000
field_of_study_en__works_in_industry_en,data analytics,law,2,100,100,5000
field_of_study_en__works_in_industry_en,data analytics,logistics,2,100,100,5000
field_of_study_en__works_in_industry_en,data analytics,maritime,2,100,100,5000
field_of_study_en__works_in_industry_en,data analytics,media,2,100,100,5000
field_of_study_en__works_in_industry_en,data analytics,pharmaceuticals,2,100,100,5000
field_of_study_en__works_in_industry_en,data analytics,property,2,100,100,5000
field_of_study_en__works_in_industry_en,data analytics,railways,2,100,100,5000
field_of_study_en__works_in_industry_en,data analytics,recreation,2,100,100,5000
field_of_study_en__works_in_industry_en,data analytics,research,2,100,100,5000
field_of_study_en__works_in_industry_en,data analytics,retail,2,100,100,5000
field_of_study_en__works_in_industry_en,data analytics,security,3,100,100,5000
field_of_study_en__works_in_industry_en,data analytics,software,2,100,100,5000
field_of_study_en__works_in_industry_en,data analytics,space,2,100,100,5000
field_of_study_en__works_in_industry_en,data analytics,textiles,2,100,100,5000
field_of_study_en__works_in_industry_en,data analytics,timber,2,100,100,5000
field_of_study_en__works_in_industry_en,data analytics,tourism,2,100,100,5000
field_of_study_en__works_in_industry_en,data analytics,trade,2,100,100,5000
field_of_study_en__works_in_industry_en,data analytics,waste,2,100,100,5000
field_of_study_en__works_in_industry_en,data analytics,welfare,2,100,100,5000
field_of_study_en__works_in_industry_en,dental studies,academia,2,100,100,5000
field_of_study_en__works_in_industry_en,dental studies,accounting,2,100,100,5000
field_of_study_en__works_in_industry_en,dental studies,advertising,2,100,100,5000
field_of_study_en__works_in_industry_en,dental studies,airlines,2,100,100,5000
field_of_study_en__works_in_industry_en,dental studies,architecture,2,100,100,5000
field_of_study_en__works_in_industry_en,dental studies,arts,2,100,100,5000
field_of_study_en__works_in_industry_en,dental studies,automotive,2,100,100,5000
field_of_study_en__works_in_industry_en,dental studies,banking,2,100,100,5000
field_of_study_en__works_in_industry_en,dental studies,biotech,2,100,100,5000
field_of_study_en__works_in_industry_en,dental studies,books,2,100,100,5000
field_of_study_en__works_in_industry_en,dental studies,catering,2,100,100,5000
field_of_study_en__works_in_industry_en,dental studies,chemicals,3,100,100,5000
field_of_study_en__works_in_industry_en,dental studies,communications,2,100,100,5000
field_of_study_en__works_in_industry_en,dental studies,construction,2,100,100,5000
field_of_study_en__works_in_industry_en,dental studies,consulting,2,100,100,5000
field_of_study_en__works_in_industry_en,dental studies,electrical,2,100,100,5000
field_of_study_en__works_in_industry_en,dental studies,energy,2,100,100,5000
field_of_study_en__works_in_industry_en,dental studies,engineering,2,100,100,5000
field_of_study_en__works_in_industry_en,dental studies,entertainment,2,100,100,5000
field_of_study_en__works_in_industry_en,dental studies,extraction,2,100,100,5000
field_of_study_en__works_in_industry_en,dental studies,fabrication,2,100,100,5000
field_of_study_en__works_in_industry_en,dental studies,farming,2,100,100,5000
field_of_study_en__works_in_industry_en,dental studies,fashion,2,100,100,5000
field_of_study_en__works_in_industry_en,dental studies,gaming,2,100,100,5000
field_of_study_en__works_in_industry_en,dental studies,government,2,100,100,5000
field_of_study_en__works_in_industry_en,dental studies,groceries,2,100,100,5000
field_of_study_en__works_in_industry_en,dental studies,healthcare,2,100,100,5000
field_of_study_en__works_in_industry_en,dental studies,hotels,2,100,100,5000
field_of_study_en__works_in_industry_en,dental studies,infrastructure,2,100,100,5000
field_of_study_en__works_in_industry_en,dental studies,insurance,2,100,100,5000
field_of_study_en__works_in_industry_en,dental studies,investment,2,100,100,5000
field_of_study_en__works_in_industry_en,dental studies,law,2,100,100,5000
field_of_study_en__works_in_industry_en,dental studies,logistics,2,100,100,5000
field_of_study_en__works_in_industry_en,dental studies,maritime,2,100,100,5000
field_of_study_en__works_in_industry_en,dental studies,media,2,100,100,5000
field_of_study_en__works_in_industry_en,dental studies,pharmaceuticals,2,100,100,5000
field_of_study_en__works_in_industry_en,dental studies,property,2,100,100,5000
field_of_study_en__works_in_industry_en,dental studies,railways,1,100,100,5000
field_of_study_en__works_in_industry_en,dental studies,recreation,2,100,100,5000
field_of_study_en__works_in_industry_en,dental studies,research,2,100,100,5000
field_of_study_en__works_in_industry_en,dental studies,retail,2,100,100,5000
field_of_study_en__works_in_industry_en,dental studies,security,1,100,100,5000
field_of_study_en__works_in_industry_en,dental studies,software,2,100,100,5000
field_of_study_en__works_in_industry_en,dental studies,space,2,100,100,5000
field_of_study_en__works_in_industry_en,dental studies,textiles,2,100,100,5000
field_of_study_en__works_in_industry_en,dental studies,timber,2,100,100,5000
field_of_study_en__works_in_industry_en,dental studies,tourism,2,100,100,5000
field_of_study_en__works_in_industry_en,dental studies,trade,3,100,100,5000
field_of_study_en__works_in_industry_en,dental studies,waste,2,100,100,5000
field_of_study_en__works_in_industry_en,dental studies,welfare,2,100,100,5000
field_of_study_en__works_in_industry_en,design,academia,2,100,100,5000
field_of_study_en__works_in_industry_en,design,accounting,2,100,100,5000
field_of_study_en__works_in_industry_en,design,advertising,2,100,100,5000
field_of_study_en__works_in_industry_en,design,airlines,2,100,100,5000
field_of_study_en__works_in_industry_en,design,architecture,2,100,100,5000
field_of_study_en__works_in_industry_en,design,arts,2,100,100,5000
field_of_study_en__works_in_industry_en,design,automotive,2,100,100,5000
field_of_study_en__works_in_industry_en,design,banking,2,100,100,5000
field_of_study_en__works_in_industry_en,design,biotech,3,100,100,5000
field_of_study_en__works_in_industry_en,design,books,2,100,100,5000
field_of_study_en__works_in_industry_en,design,catering,2,100,100,5000
field_of_study_en__works_in_industry_en,design,chemicals,1,100,100,5000
field_of_study_en__works_in_industry_en,design,communications,2,100,100,5000
field_of_study_en__works_in_industry_en,design,construction,2,100,100,5000
field_of_study_en__works_in_industry_en,design,consulting,2,100,100,5000
field_of_study_en__works_in_industry_en,design,electrical,2,100,100,5000
field_of_study_en__works_in_industry_en,design,energy,1,100,100,5000
field_of_study_en__works_in_industry_en,design,engineering,2,100,100,5000
field_of_study_en__works_in_industry_en,design,entertainment,2,100,100,5000
field_of_study_en__works_in_industry_en,design,extraction,2,100,100,5000
field_of_study_en__works_in_industry_en,design,fabrication,2,100,100,5000
field_of_study_en__works_in_industry_en,design,farming,2,100,100,5000
field_of_study_en__works_in_industry_en,design,fashion,2,100,100,5000
field_of_study_en__works_in_industry_en,design,gaming,2,100,100,5000
field_of_study_en__works_in_industry_en,design,government,2,100,100,5000
field_of_study_en__works_in_industry_en,design,groceries,2,100,100,5000
field_of_study_en__works_in_industry_en,design,healthcare,2,100,100,5000
field_of_study_en__works_in_industry_en,design,hotels,2,100,100,5000
field_of_study_en__works_in_industry_en,design,infrastructure,2,100,100,5000
field_of_study_en__works_in_industry_en,design,insurance,2,100,100,5000
field_of_study_en__works_in_industry_en,design,investment,2,100,100,5000
field_of_study_en__works_in_industry_en,design,law,2,100,100,5000
field_of_study_en__works_in_industry_en,design,logistics,2,100,100,5000
field_of_study_en__works_in_industry_en,design,maritime,3,100,100,5000
field_of_study_en__works_in_industry_en,design,media,2,100,100,5000
field_of_study_en__works_in_industry_en,design,pharmaceuticals,2,100,100,5000
field_of_study_en__works_in_industry_en,design,property,2,100,100,5000
field_of_study_en__works_in_industry_en,design,railways,2,100,100,5000
field_of_study_en__works_in_industry_en,design,recreation,2,100,100,5000
field_of_study_en__works_in_industry_en,design,research,2,100,100,5000
field_of_study_en__works_in_industry_en,design,retail,2,100,100,5000
field_of_study_en__works_in_industry_en,design,security,2,100,100,5000
field_of_study_en__works_in_industry_en,design,software,2,100,100,5000
field_of_study_en__works_in_industry_en,design,space,3,100,100,5000
field_of_study_en__works_in_industry_en,design,textiles,2,100,100,5000
field_of_study_en__works_in_industry_en,design,timber,2,100,100,5000
field_of_study_en__works_in_industry_en,design,tourism,2,100,100,5000
field_of_study_en__works_in_industry_en,design,trade,2,100,100,5000
field_of_study_en__works_in_industry_en,design,waste,1,100,100,5000
field_of_study_en__works_in_industry_en,design,welfare,2,100,100,5000
field_of_study_en__works_in_industry_en,diplomacy,academia,2,100,100,5000
field_of_study_en__works_in_industry_en,diplomacy,accounting,2,100,100,5000
field_of_study_en__works_in_industry_en,diplomacy,advertising,2,100,100,5000
field_of_study_en__works_in_industry_en,diplomacy,airlines,2,100,100,5000
field_of_study_en__works_in_industry_en,diplomacy,architecture,2,100,100,5000
field_of_study_en__works_in_industry_en,diplomacy,arts,2,100,100,5000
field_of_study_en__works_in_industry_en,diplomacy,automotive,2,100,100,5000
field_of_study_en__works_in_industry_en,diplomacy,banking,2,100,100,5000
field_of_study_en__works_in_industry_en,diplomacy,biotech,2,100,100,5000
field_of_study_en__works_in_industry_en,diplomacy,books,2,100,100,5000
field_of_study_en__works_in_industry_en,diplomacy,catering,2,100,100,5000
field_of_study_en__works_in_industry_en,diplomacy,chemicals,2,100,100,5000
field_of_study_en__works_in_industry_en,diplomacy,communications,2,100,100,5000
field_of_study_en__works_in_industry_en,diplomacy,construction,2,100,100,5000
field_of_study_en__works_in_industry_en,diplomacy,consulting,2,100,100,5000
field_of_study_en__works_in_industry_en,diplomacy,electrical,2,100,100,5000
field_of_study_en__works_in_industry_en,diplomacy,energy,2,100,100,5000
field_of_study_en__works_in_industry_en,diplomacy,engineering,2,100,100,5000
field_of_study_en__works_in_industry_en,diplomacy,entertainment,2,100,100,5000
field_of_study_en__works_in_industry_en,diplomacy,extraction,2,100,100,5000
field_of_study_en__works_in_industry_en,diplomacy,fabrication,2,100,100,5000
field_of_study_en__works_in_industry_en,diplomacy,farming,2,100,100,5000
field_of_study_en__works_in_industry_en,diplomacy,fashion,2,100,100,5000
field_of_study_en__works_in_industry_en,diplomacy,gaming,2,100,100,5000
field_of_study_en__works_in_industry_en,diplomacy,government,2,100,100,5000
field_of_study_en__works_in_industry_en,diplomacy,groceries,2,100,100,5000
field_of_study_en__works_in_industry_en,diplomacy,healthcare,2,100,100,5000
field_of_study_en__works_in_industry_en,diplomacy,hotels,2,100,100,5000
field_of_study_en__works_in_industry_en,diplomacy,infrastructure,2,100,100,5000
field_of_study_en__works_in_industry_en,diplomacy,insurance,2,100,100,5000
field_of_study_en__works_in_industry_en,diplomacy,investment,2,100,100,5000
field_of_study_en__works_in_industry_en,diplomacy,law,2,100,100,5000
field_of_study_en__works_in_industry_en,diplomacy,logistics,2,100,100,5000
field_of_study_en__works_in_industry_en,diplomacy,maritime,2,100,100,5000
field_of_study_en__works_in_industry_en,diplomacy,media,2,100,100,5000
field_of_study_en__works_in_industry_en,diplomacy,pharmaceuticals,2,100,100,5000
field_of_study_en__works_in_industry_en,diplomacy,property,2,100,100,5000
field_of_study_en__works_in_industry_en,diplomacy,railways,2,100,100,5000
field_of_study_en__works_in_industry_en,diplomacy,recreation,2,100,100,5000
field_of_study_en__works_in_industry_en,diplomacy,research,2,100,100,5000
field_of_study_en__works_in_industry_en,diplomacy,retail,2,100,100,5000
field_of_study_en__works_in_industry_en,diplomacy,security,2,100,100,5000
field_of_study_en__works_in_industry_en,diplomacy,software,2,100,100,5000
field_of_study_en__works_in_industry_en,diplomacy,space,2,100,100,5000
field_of_study_en__works_in_industry_en,diplomacy,textiles,2,100,100,5000
field_of_study_en__works_in_industry_en,diplomacy,timber,2,100,100,5000
field_of_study_en__works_in_industry_en,diplomacy,tourism,2,100,100,5000
field_of_study_en__works_in_industry_en,diplomacy,trade,2,100,100,5000
field_of_study_en__works_in_industry_en,diplomacy,waste,2,100,100,5000
field_of_study_en__works_in_industry_en,diplomacy,welfare,2,100,100,5000
field_of_study_en__works_in_industry_en,ecology,academia,2,100,100,5000
field_of_study_en__works_in_industry_en,ecology,accounting,2,100,100,5000
field_of_study_en__works_in_industry_en,ecology,advertising,2,100,100,5000
field_of_study_en__works_in_industry_en,ecology,airlines,2,100,100,5000
field_of_study_en__works_in_industry_en,ecology,architecture,2,100,100,5000
field_of_study_en__works_in_industry_en,ecology,arts,2,100,100,5000
field_of_study_en__works_in_industry_en,ecology,automotive,2,100,100,5000
field_of_study_en__works_in_industry_en,ecology,banking,2,100,100,5000
field_of_study_en__works_in_industry_en,ecology,biotech,2,100,100,5000
field_of_study_en__works_in_industry_en,ecology,books,2,100,100,5000
field_of_study_en__works_in_industry_en,ecology,catering,2,100,100,5000
field_of_study_en__works_in_industry_en,ecology,chemicals,2,100,100,5000
field_of_study_en__works_in_industry_en,ecology,communications,2,100,100,5000
field_of_study_en__works_in_industry_en,ecology,construction,2,100,100,5000
field_of_study_en__works_in_industry_en,ecology,consulting,2,100,100,5000
field_of_study_en__works_in_industry_en,ecology,electrical,2,100,100,5000
field_of_study_en__works_in_industry_en,ecology,energy,2,100,100,5000
field_of_study_en__works_in_industry_en,ecology,engineering,2,100,100,5000
field_of_study_en__works_in_industry_en,ecology,entertainment,1,100,100,5000
field_of_study_en__works_in_industry_en,ecology,extraction,2,100,100,5000
field_of_study_en__works_in_industry_en,ecology,fabrication,2,100,100,5000
field_of_study_en__works_in_industry_en,ecology,farming,2,100,100,5000
field_of_study_en__works_in_industry_en,ecology,fashion,2,100,100,5000
field_of_study_en__works_in_industry_en,ecology,gaming,2,100,100,5000
field_of_study_en__works_in_industry_en,ecology,government,2,100,100,5000
field_of_study_en__works_in_industry_en,ecology,groceries,2,100,100,5000
field_of_study_en__works_in_industry_en,ecology,healthcare,2,100,100,5000
field_of_study_en__works_in_industry_en,ecology,hotels,2,100,100,5000
field_of_study_en__works_in_industry_en,ecology,infrastructure,2,100,100,5000
field_of_study_en__works_in_industry_en,ecology,insurance,2,100,100,5000
field_of_study_en__works_in_industry_en,ecology,investment,2,100,100,5000
field_of_study_en__works_in_industry_en,ecology,law,2,100,100,5000
field_of_study_en__works_in_industry_en,ecology,logistics,2,100,100,5000
field_of_study_en__works_in_industry_en,ecology,maritime,2,100,100,5000
field_of_study_en__works_in_industry_en,ecology,media,2,100,100,5000
field_of_study_en__works_in_industry_en,ecology,pharmaceuticals,2,100,100,5000
field_of_study_en__works_in_industry_en,ecology,property,2,100,100,5000
field_of_study_en__works_in_industry_en,ecology,railways,2,100,100,5000
field_of_study_en__works_in_industry_en,ecology,recreation,2,100,100,5000
field_of_study_en__works_in_industry_en,ecology,research,2,100,100,5000
field_of_study_en__works_in_industry_en,ecology,retail,2,100,100,5000
field_of_study_en__works_in_industry_en,ecology,security,3,100,100,5000
field_of_study_en__works_in_industry_en,ecology,software,2,100,100,5000
field_of_study_en__works_in_industry_en,ecology,space,2,100,100,5000
field_of_study_en__works_in_industry_en,ecology,textiles,2,100,100,5000
field_of_study_en__works_in_industry_en,ecology,timber,2,100,100,5000
field_of_study_en__works_in_industry_en,ecology,tourism,2,100,100,5000
field_of_study_en__works_in_industry_en,ecology,trade,2,100,100,5000
field_of_study_en__works_in_industry_en,ecology,waste,2,100,100,5000
field_of_study_en__works_in_industry_en,ecology,welfare,2,100,100,5000
field_of_study_en__works_in_industry_en,economics,academia,2,100,100,5000
field_of_study_en__works_in_industry_en,economics,accounting,2,100,100,5000
field_of_study_en__works_in_industry_en,economics,advertising,2,100,100,5000
field_of_study_en__works_in_industry_en,economics,airlines,2,100,100,5000
field_of_study_en__works_in_industry_en,economics,architecture,2,100,100,5000
field_of_study_en__works_in_industry_en,economics,arts,2,100,100,5000
field_of_study_en__works_in_industry_en,economics,automotive,2,100,100,5000
field_of_study_en__works_in_industry_en,economics,banking,2,100,100,5000
field_of_study_en__works_in_industry_en,economics,biotech,2,100,100,5000
field_of_study_en__works_in_industry_en,economics,books,2,100,100,5000
field_of_study_en__works_in_industry_en,economics,catering,2,100,100,5000
field_of_study_en__works_in_industry_en,economics,chemicals,2,100,100,5000
field_of_study_en__works_in_industry_en,economics,communications,2,100,100,5000
field_of_study_en__works_in_industry_en,economics,construction,2,100,100,5000
field_of_study_en__works_in_industry_en,economics,consulting,2,100,100,5000
field_of_study_en__works_in_industry_en,economics,electrical,2,100,100,5000
field_of_study_en__works_in_industry_en,economics,energy,2,100,100,5000
field_of_study_en__works_in_industry_en,economics,engineering,2,100,100,5000
field_of_study_en__works_in_industry_en,economics,entertainment,2,100,100,5000
field_of_study_en__works_in_industry_en,economics,extraction,2,100,100,5000
field_of_study_en__works_in_industry_en,economics,fabrication,2,100,100,5000
field_of_study_en__works_in_industry_en,economics,farming,2,100,100,5000
field_of_study_en__works_in_industry_en,economics,fashion,2,100,100,5000
field_of_study_en__works_in_industry_en,economics,gaming,2,100,100,5000
field_of_study_en__works_in_industry_en,economics,government,2,100,100,5000
field_of_study_en__works_in_industry_en,economics,groceries,2,100,100,5000
field_of_study_en__works_in_industry_en,economics,healthcare,2,100,100,5000
field_of_study_en__works_in_industry_en,economics,hotels,2,100,100,5000
field_of_study_en__works_in_industry_en,economics,infrastructure,2,100,100,5000
field_of_study_en__works_in_industry_en,economics,insurance,2,100,100,5000
field_of_study_en__works_in_industry_en,economics,investment,2,100,100,5000
field_of_study_en__works_in_industry_en,economics,law,2,100,100,5000
field_of_study_en__works_in_industry_en,economics,logistics,2,100,100,5000
field_of_study_en__works_in_industry_en,economics,maritime,2,100,100,5000
field_of_study_en__works_in_industry_en,economics,media,2,100,100,5000
field_of_study_en__works_in_industry_en,economics,pharmaceuticals,2,100,100,5000
field_of_study_en__works_in_industry_en,economics,property,2,100,100,5000
field_of_study_en__works_in_industry_en,economics,railways,2,100,100,5000
field_of_study_en__works_in_industry_en,economics,recreation,2,100,100,5000
field_of_study_en__works_in_industry_en,economics,research,2,100,100,5000
field_of_study_en__works_in_industry_en,economics,retail,2,100,100,5000
field_of_study_en__works_in_industry_en,economics,security,2,100,100,5000
field_of_study_en__works_in_industry_en,economics,software,2,100,100,5000
field_of_study_en__works_in_industry_en,economics,space,2,100,100,5000
field_of_study_en__works_in_industry_en,economics,textiles,2,100,100,5000
field_of_study_en__works_in_industry_en,economics,timber,2,100,100,5000
field_of_study_en__works_in_industry_en,economics,tourism,2,100,100,5000
field_of_study_en__works_in_industry_en,economics,trade,2,100,100,5000
field_of_study_en__works_in_industry_en,economics,waste,2,100,100,5000
field_of_study_en__works_in_industry_en,economics,welfare,2,100,100,5000
field_of_study_en__works_in_industry_en,electricity,academia,2,100,100,5000
field_of_study_en__works_in_industry_en,electricity,accounting,2,100,100,5000
field_of_study_en__works_in_industry_en,electricity,advertising,2,100,100,5000
field_of_study_en__works_in_industry_en,electricity,airlines,2,100,100,5000
field_of_study_en__works_in_industry_en,electricity,architecture,2,100,100,5000
field_of_study_en__works_in_industry_en,electricity,arts,2,100,100,5000
field_of_study_en__works_in_industry_en,electricity,automotive,2,100,100,5000
field_of_study_en__works_in_industry_en,electricity,banking,2,100,100,5000
field_of_study_en__works_in_industry_en,electricity,biotech,2,100,100,5000
field_of_study_en__works_in_industry_en,electricity,books,2,100,100,5000
field_of_study_en__works_in_industry_en,electricity,catering,2,100,100,5000
field_of_study_en__works_in_industry_en,electricity,chemicals,2,100,100,5000
field_of_study_en__works_in_industry_en,electricity,communications,2,100,100,5000
field_of_study_en__works_in_industry_en,electricity,construction,1,100,100,5000
field_of_study_en__works_in_industry_en,electricity,consulting,2,100,100,5000
field_of_study_en__works_in_industry_en,electricity,electrical,1,100,100,5000
field_of_study_en__works_in_industry_en,electricity,energy,2,100,100,5000
field_of_study_en__works_in_industry_en,electricity,engineering,2,100,100,5000
field_of_study_en__works_in_industry_en,electricity,entertainment,2,100,100,5000
field_of_study_en__works_in_industry_en,electricity,extraction,2,100,100,5000
field_of_study_en__works_in_industry_en,electricity,fabrication,2,100,100,5000
field_of_study_en__works_in_industry_en,electricity,farming,2,100,100,5000
field_of_study_en__works_in_industry_en,electricity,fashion,2,100,100,5000
field_of_study_en__works_in_industry_en,electricity,gaming,2,100,100,5000
field_of_study_en__works_in_industry_en,electricity,government,2,100,100,5000
field_of_study_en__works_in_industry_en,electricity,groceries,2,100,100,5000
field_of_study_en__works_in_industry_en,electricity,healthcare,2,100,100,5000
field_of_study_en__works_in_industry_en,electricity,hotels,2,100,100,5000
field_of_study_en__works_in_industry_en,electricity,infrastructure,2,100,100,5000
field_of_study_en__works_in_industry_en,electricity,insurance,3,100,100,5000
field_of_study_en__works_in_industry_en,electricity,investment,2,100,100,5000
field_of_study_en__works_in_industry_en,electricity,law,2,100,100,5000
field_of_study_en__works_in_industry_en,electricity,logistics,2,100,100,5000
field_of_study_en__works_in_industry_en,electricity,maritime,2,100,100,5000
field_of_study_en__works_in_industry_en,electricity,media,2,100,100,5000
field_of_study_en__works_in_industry_en,electricity,pharmaceuticals,2,100,100,5000
field_of_study_en__works_in_industry_en,electricity,property,2,100,100,5000
field_of_study_en__works_in_industry_en,electricity,railways,3,100,100,5000
field_of_study_en__works_in_industry_en,electricity,recreation,3,100,100,5000
field_of_study_en__works_in_industry_en,electricity,research,1,100,100,5000
field_of_study_en__works_in_industry_en,electricity,retail,2,100,100,5000
field_of_study_en__works_in_industry_en,electricity,security,2,100,100,5000
field_of_study_en__works_in_industry_en,electricity,software,2,100,100,5000
field_of_study_en__works_in_industry_en,electricity,space,2,100,100,5000
field_of_study_en__works_in_industry_en,electricity,textiles,2,100,100,5000
field_of_study_en__works_in_industry_en,electricity,timber,2,100,100,5000
field_of_study_en__works_in_industry_en,electricity,tourism,2,100,100,5000
field_of_study_en__works_in_industry_en,electricity,trade,2,100,100,5000
field_of_study_en__works_in_industry_en,electricity,waste,2,100,100,5000
field_of_study_en__works_in_industry_en,electricity,welfare,2,100,100,5000
field_of_study_en__works_in_industry_en,exercise science,academia,2,100,100,5000
field_of_study_en__works_in_industry_en,exercise science,accounting,2,100,100,5000
field_of_study_en__works_in_industry_en,exercise science,advertising,2,100,100,5000
field_of_study_en__works_in_industry_en,exercise science,airlines,2,100,100,5000
field_of_study_en__works_in_industry_en,exercise science,architecture,2,100,100,5000
field_of_study_en__works_in_industry_en,exercise science,arts,2,100,100,5000
field_of_study_en__works_in_industry_en,exercise science,automotive,2,100,100,5000
field_of_study_en__works_in_industry_en,exercise science,banking,2,100,100,5000
field_of_study_en__works_in_industry_en,exercise science,biotech,2,100,100,5000
field_of_study_en__works_in_industry_en,exercise science,books,2,100,100,5000
field_of_study_en__works_in_industry_en,exercise science,catering,2,100,100,5000
field_of_study_en__works_in_industry_en,exercise science,chemicals,2,100,100,5000
field_of_study_en__works_in_industry_en,exercise science,communications,2,100,100,5000
field_of_study_en__works_in_industry_en,exercise science,construction,2,100,100,5000
field_of_study_en__works_in_industry_en,exercise science,consulting,2,100,100,5000
field_of_study_en__works_in_industry_en,exercise science,electrical,2,100,100,5000
field_of_study_en__works_in_industry_en,exercise science,energy,1,100,100,5000
field_of_study_en__works_in_industry_en,exercise science,engineering,2,100,100,5000
field_of_study_en__works_in_industry_en,exercise science,entertainment,2,100,100,5000
field_of_study_en__works_in_industry_en,exercise science,extraction,2,100,100,5000
field_of_study_en__works_in_industry_en,exercise science,fabrication,2,100,100,5000
field_of_study_en__works_in_industry_en,exercise science,farming,2,100,100,5000
field_of_study_en__works_in_industry_en,exercise science,fashion,2,100,100,5000
field_of_study_en__works_in_industry_en,exercise science,gaming,2,100,100,5000
field_of_study_en__works_in_industry_en,exercise science,government,2,100,100,5000
field_of_study_en__works_in_industry_en,exercise science,groceries,2,100,100,5000
field_of_study_en__works_in_industry_en,exercise science,healthcare,2,100,100,5000
field_of_study_en__works_in_industry_en,exercise science,hotels,2,100,100,5000
field_of_study_en__works_in_industry_en,exercise science,infrastructure,2,100,100,5000
field_of_study_en__works_in_industry_en,exercise science,insurance,2,100,100,5000
field_of_study_en__works_in_industry_en,exercise science,investment,3,100,100,5000
field_of_study_en__works_in_industry_en,exercise science,law,2,100,100,5000
field_of_study_en__works_in_industry_en,exercise science,logistics,2,100,100,5000
field_of_study_en__works_in_industry_en,exercise science,maritime,2,100,100,5000
field_of_study_en__works_in_industry_en,exercise science,media,2,100,100,5000
field_of_study_en__works_in_industry_en,exercise science,pharmaceuticals,2,100,100,5000
field_of_study_en__works_in_industry_en,exercise science,property,2,100,100,5000
field_of_study_en__works_in_industry_en,exercise science,railways,2,100,100,5000
field_of_study_en__works_in_industry_en,exercise science,recreation,2,100,100,5000
field_of_study_en__works_in_industry_en,exercise science,research,2,100,100,5000
field_of_study_en__works_in_industry_en,exercise science,retail,2,100,100,5000
field_of_study_en__works_in_industry_en,exercise science,security,2,100,100,5000
field_of_study_en__works_in_industry_en,exercise science,software,2,100,100,5000
field_of_study_en__works_in_industry_en,exercise science,space,2,100,100,5000
field_of_study_en__works_in_industry_en,exercise science,textiles,2,100,100,5000
field_of_study_en__works_in_industry_en,exercise science,timber,2,100,100,5000
field_of_study_en__works_in_industry_en,exercise science,tourism,2,100,100,5000
field_of_study_en__works_in_industry_en,exercise science,trade,2,100,100,5000
field_of_study_en__works_in_industry_en,exercise science,waste,2,100,100,5000
field_of_study_en__works_in_industry_en,exercise science,welfare,2,100,100,5000
field_of_study_en__works_in_industry_en,film studies,academia,2,100,100,5000
field_of_study_en__works_in_industry_en,film studies,accounting,3,100,100,5000
field_of_study_en__works_in_industry_en,film studies,advertising,2,100,100,5000
field_of_study_en__works_in_industry_en,film studies,airlines,2,100,100,5000
field_of_study_en__works_in_industry_en,film studies,architecture,2,100,100,5000
field_of_study_en__works_in_industry_en,film studies,arts,2,100,100,5000
field_of_study_en__works_in_industry_en,film studies,automotive,2,100,100,5000
field_of_study_en__works_in_industry_en,film studies,banking,1,100,100,5000
field_of_study_en__works_in_industry_en,film studies,biotech,2,100,100,5000
field_of_study_en__works_in_industry_en,film studies,books,2,100,100,5000
field_of_study_en__works_in_industry_en,film studies,catering,2,100,100,5000
field_of_study_en__works_in_industry_en,film studies,chemicals,1,100,100,5000
field_of_study_en__works_in_industry_en,film studies,communications,1,100,100,5000
field_of_study_en__works_in_industry_en,film studies,construction,2,100,100,5000
field_of_study_en__works_in_industry_en,film studies,consulting,2,100,100,5000
field_of_study_en__works_in_industry_en,film studies,electrical,2,100,100,5000
field_of_study_en__works_in_industry_en,film studies,energy,2,100,100,5000
field_of_study_en__works_in_industry_en,film studies,engineering,2,100,100,5000
field_of_study_en__works_in_industry_en,film studies,entertainment,2,100,100,5000
field_of_study_en__works_in_industry_en,film studies,extraction,3,100,100,5000
field_of_study_en__works_in_industry_en,film studies,fabrication,2,100,100,5000
field_of_study_en__works_in_industry_en,film studies,farming,2,100,100,5000
field_of_study_en__works_in_industry_en,film studies,fashion,2,100,100,5000
field_of_study_en__works_in_industry_en,film studies,gaming,2,100,100,5000
field_of_study_en__works_in_industry_en,film studies,government,1,100,100,5000
field_of_study_en__works_in_industry_en,film studies,groceries,2,100,100,5000
field_of_study_en__works_in_industry_en,film studies,healthcare,2,100,100,5000
field_of_study_en__works_in_industry_en,film studies,hotels,2,100,100,5000
field_of_study_en__works_in_industry_en,film studies,infrastructure,2,100,100,5000
field_of_study_en__works_in_industry_en,film studies,insurance,2,100,100,5000
field_of_study_en__works_in_industry_en,film studies,investment,2,100,100,5000
field_of_study_en__works_in_industry_en,film studies,law,2,100,100,5000
field_of_study_en__works_in_industry_en,film studies,logistics,2,100,100,5000
field_of_study_en__works_in_industry_en,film studies,maritime,2,100,100,5000
field_of_study_en__works_in_industry_en,film studies,media,1,100,100,5000
field_of_study_en__works_in_industry_en,film studies,pharmaceuticals,2,100,100,5000
field_of_study_en__works_in_industry_en,film studies,property,2,100,100,5000
field_of_study_en__works_in_industry_en,film studies,railways,2,100,100,5000
field_of_study_en__works_in_industry_en,film studies,recreation,2,100,100,5000
field_of_study_en__works_in_industry_en,film studies,research,2,100,100,5000
field_of_study_en__works_in_industry_en,film studies,retail,2,100,100,5000
field_of_study_en__works_in_industry_en,film studies,security,2,100,100,5000
field_of_study_en__works_in_industry_en,film studies,software,2,100,100,5000
field_of_study_en__works_in_industry_en,film studies,space,2,100,100,5000
field_of_study_en__works_in_industry_en,film studies,textiles,3,100,100,5000
field_of_study_en__works_in_industry_en,film studies,timber,3,100,100,5000
field_of_study_en__works_in_industry_en,film studies,tourism,2,100,100,5000
field_of_study_en__works_in_industry_en,film studies,trade,2,100,100,5000
field_of_study_en__works_in_industry_en,film studies,waste,3,100,100,5000
field_of_study_en__works_in_industry_en,film studies,welfare,2,100,100,5000
field_of_study_en__works_in_industry_en,fiscal studies,academia,2,100,100,5000
field_of_study_en__works_in_industry_en,fiscal studies,accounting,2,100,100,5000
field_of_study_en__works_in_industry_en,fiscal studies,advertising,2,100,100,5000
field_of_study_en__works_in_industry_en,fiscal studies,airlines,2,100,100,5000
field_of_study_en__works_in_industry_en,fiscal studies,architecture,2,100,100,5000
field_of_study_en__works_in_industry_en,fiscal studies,arts,2,100,100,5000
field_of_study_en__works_in_industry_en,fiscal studies,automotive,3,100,100,5000
field_of_study_en__works_in_industry_en,fiscal studies,banking,2,100,100,5000
field_of_study_en__works_in_industry_en,fiscal studies,biotech,1,100,100,5000
field_of_study_en__works_in_industry_en,fiscal studies,books,2,100,100,5000
field_of_study_en__works_in_industry_en,fiscal studies,catering,2,100,100,5000
field_of_study_en__works_in_industry_en,fiscal studies,chemicals,2,100,100,5000
field_of_study_en__works_in_industry_en,fiscal studies,communications,2,100,100,5000
field_of_study_en__works_in_industry_en,fiscal studies,construction,2,100,100,5000
field_of_study_en__works_in_industry_en,fiscal studies,consulting,2,100,100,5000
field_of_study_en__works_in_industry_en,fiscal studies,electrical,2,100,100,5000
field_of_study_en__works_in_industry_en,fiscal studies,energy,2,100,100,5000
field_of_study_en__works_in_industry_en,fiscal studies,engineering,2,100,100,5000
field_of_study_en__works_in_industry_en,fiscal studies,entertainment,2,100,100,5000
field_of_study_en__works_in_industry_en,fiscal studies,extraction,2,100,100,5000
field_of_study_en__works_in_industry_en,fiscal studies,fabrication,2,100,100,5000
field_of_study_en__works_in_industry_en,fiscal studies,farming,2,100,100,5000
field_of_study_en__works_in_industry_en,fiscal studies,fashion,2,100,100,5000
field_of_study_en__works_in_industry_en,fiscal studies,gaming,2,100,100,5000
field_of_study_en__works_in_industry_en,fiscal studies,government,2,100,100,5000
field_of_study_en__works_in_industry_en,fiscal studies,groceries,2,100,100,5000
field_of_study_en__works_in_industry_en,fiscal studies,healthcare,2,100,100,5000
field_of_study_en__works_in_industry_en,fiscal studies,hotels,2,100,100,5000
field_of_study_en__works_in_industry_en,fiscal studies,infrastructure,2,100,100,5000
field_of_study_en__works_in_industry_en,fiscal studies,insurance,2,100,100,5000
field_of_study_en__works_in_industry_en,fiscal studies,investment,2,100,100,5000
field_of_study_en__works_in_industry_en,fiscal studies,law,2,100,100,5000
field_of_study_en__works_in_industry_en,fiscal studies,logistics,2,100,100,5000
field_of_study_en__works_in_industry_en,fiscal studies,maritime,2,100,100,5000
field_of_study_en__works_in_industry_en,fiscal studies,media,2,100,100,5000
field_of_study_en__works_in_industry_en,fiscal studies,pharmaceuticals,2,100,100,5000
field_of_study_en__works_in_industry_en,fiscal studies,property,2,100,100,5000
field_of_study_en__works_in_industry_en,fiscal studies,railways,2,100,100,5000
field_of_study_en__works_in_industry_en,fiscal studies,recreation,2,100,100,5000
field_of_study_en__works_in_industry_en,fiscal studies,research,3,100,100,5000
field_of_study_en__works_in_industry_en,fiscal studies,retail,2,100,100,5000
field_of_study_en__works_in_industry_en,fiscal studies,security,2,100,100,5000
field_of_study_en__works_in_industry_en,fiscal studies,software,2,100,100,5000
field_of_study_en__works_in_industry_en,fiscal studies,space,1,100,100,5000
field_of_study_en__works_in_industry_en,fiscal studies,textiles,2,100,100,5000
field_of_study_en__works_in_industry_en,fiscal studies,timber,2,100,100,5000
field_of_study_en__works_in_industry_en,fiscal studies,tourism,2,100,100,5000
field_of_study_en__works_in_industry_en,fiscal studies,trade,2,100,100,5000
field_of_study_en__works_in_industry_en,fiscal studies,waste,2,100,100,5000
field_of_study_en__works_in_industry_en,fiscal studies,welfare,2,100,100,5000
field_of_study_en__works_in_industry_en,forestry,academia,2,100,100,5000
field_of_study_en__works_in_industry_en,forestry,accounting,2,100,100,5000
field_of_study_en__works_in_industry_en,forestry,advertising,2,100,100,5000
field_of_study_en__works_in_industry_en,forestry,airlines,2,100,100,5000
field_of_study_en__works_in_industry_en,forestry,architecture,2,100,100,5000
field_of_study_en__works_in_industry_en,forestry,arts,2,100,100,5000
field_of_study_en__works_in_industry_en,forestry,automotive,2,100,100,5000
field_of_study_en__works_in_industry_en,forestry,banking,2,100,100,5000
field_of_study_en__works_in_industry_en,forestry,biotech,2,100,100,5000
field_of_study_en__works_in_industry_en,forestry,books,2,100,100,5000
field_of_study_en__works_in_industry_en,forestry,catering,2,100,100,5000
field_of_study_en__works_in_industry_en,forestry,chemicals,2,100,100,5000
field_of_study_en__works_in_industry_en,forestry,communications,2,100,100,5000
field_of_study_en__works_in_industry_en,forestry,construction,2,100,100,5000
field_of_study_en__works_in_industry_en,forestry,consulting,2,100,100,5000
field_of_study_en__works_in_industry_en,forestry,electrical,2,100,100,5000
field_of_study_en__works_in_industry_en,forestry,energy,2,100,100,5000
field_of_study_en__works_in_industry_en,forestry,engineering,2,100,100,5000
field_of_study_en__works_in_industry_en,forestry,entertainment,3,100,100,5000
field_of_study_en__works_in_industry_en,forestry,extraction,2,100,100,5000
field_of_study_en__works_in_industry_en,forestry,fabrication,2,100,100,5000
field_of_study_en__works_in_industry_en,forestry,farming,2,100,100,5000
field_of_study_en__works_in_industry_en,forestry,fashion,2,100,100,5000
field_of_study_en__works_in_industry_en,forestry,gaming,2,100,100,5000
field_of_study_en__works_in_industry_en,forestry,government,2,100,100,5000
field_of_study_en__works_in_industry_en,forestry,groceries,2,100,100,5000
field_of_study_en__works_in_industry_en,forestry,healthcare,2,100,100,5000
field_of_study_en__works_in_industry_en,forestry,hotels,2,100,100,5000
field_of_study_en__works_in_industry_en,forestry,infrastructure,2,100,100,5000
field_of_study_en__works_in_industry_en,forestry,insurance,2,100,100,5000
field_of_study_en__works_in_industry_en,forestry,investment,1,100,100,5000
field_of_study_en__works_in_industry_en,forestry,law,2,100,100,5000
field_of_study_en__works_in_industry_en,forestry,logistics,2,100,100,5000
field_of_study_en__works_in_industry_en,forestry,maritime,3,100,100,5000
field_of_study_en__works_in_industry_en,forestry,media,1,100,100,5000
field_of_study_en__works_in_industry_en,forestry,pharmaceuticals,1,100,100,5000
field_of_study_en__works_in_industry_en,forestry,property,2,100,100,5000
field_of_study_en__works_in_industry_en,forestry,railways,3,100,100,5000
field_of_study_en__works_in_industry_en,forestry,recreation,2,100,100,5000
field_of_study_en__works_in_industry_en,forestry,research,2,100,100,5000
field_of_study_en__works_in_industry_en,forestry,retail,2,100,100,5000
field_of_study_en__works_in_industry_en,forestry,security,2,100,100,5000
field_of_study_en__works_in_industry_en,forestry,software,2,100,100,5000
field_of_study_en__works_in_industry_en,forestry,space,2,100,100,5000
field_of_study_en__works_in_industry_en,forestry,textiles,2,100,100,5000
field_of_study_en__works_in_industry_en,forestry,timber,2,100,100,5000
field_of_study_en__works_in_industry_en,forestry,tourism,2,100,100,5000
field_of_study_en__works_in_industry_en,forestry,trade,2,100,100,5000
field_of_study_en__works_in_industry_en,forestry,waste,2,100,100,5000
field_of_study_en__works_in_industry_en,forestry,welfare,2,100,100,5000
field_of_study_en__works_in_industry_en,geography,academia,2,100,100,5000
field_of_study_en__works_in_industry_en,geography,accounting,2,100,100,5000
field_of_study_en__works_in_industry_en,geography,advertising,2,100,100,5000
field_of_study_en__works_in_industry_en,geography,airlines,2,100,100,5000
field_of_study_en__works_in_industry_en,geography,architecture,2,100,100,5000
field_of_study_en__works_in_industry_en,geography,arts,2,100,100,5000
field_of_study_en__works_in_industry_en,geography,automotive,2,100,100,5000
field_of_study_en__works_in_industry_en,geography,banking,2,100,100,5000
field_of_study_en__works_in_industry_en,geography,biotech,2,100,100,5000
field_of_study_en__works_in_industry_en,geography,books,2,100,100,5000
field_of_study_en__works_in_industry_en,geography,catering,2,100,100,5000
field_of_study_en__works_in_industry_en,geography,chemicals,2,100,100,5000
field_of_study_en__works_in_industry_en,geography,communications,2,100,100,5000
field_of_study_en__works_in_industry_en,geography,construction,2,100,100,5000
field_of_study_en__works_in_industry_en,geography,consulting,2,100,100,5000
field_of_study_en__works_in_industry_en,geography,electrical,2,100,100,5000
field_of_study_en__works_in_industry_en,geography,energy,2,100,100,5000
field_of_study_en__works_in_industry_en,geography,engineering,2,100,100,5000
field_of_study_en__works_in_industry_en,geography,entertainment,2,100,100,5000
field_of_study_en__works_in_industry_en,geography,extraction,2,100,100,5000
field_of_study_en__works_in_industry_en,geography,fabrication,2,100,100,5000
field_of_study_en__works_in_industry_en,geography,farming,2,100,100,5000
field_of_study_en__works_in_industry_en,geography,fashion,2,100,100,5000
field_of_study_en__works_in_industry_en,geography,gaming,2,100,100,5000
field_of_study_en__works_in_industry_en,geography,government,2,100,100,5000
field_of_study_en__works_in_industry_en,geography,groceries,2,100,100,5000
field_of_study_en__works_in_industry_en,geography,healthcare,2,100,100,5000
field_of_study_en__works_in_industry_en,geography,hotels,2,100,100,5000
field_of_study_en__works_in_industry_en,geography,infrastructure,2,100,100,5000
field_of_study_en__works_in_industry_en,geography,insurance,2,100,100,5000
field_of_study_en__works_in_industry_en,geography,investment,2,100,100,5000
field_of_study_en__works_in_industry_en,geography,law,2,100,100,5000
field_of_study_en__works_in_industry_en,geography,logistics,2,100,100,5000
field_of_study_en__works_in_industry_en,geography,maritime,2,100,100,5000
field_of_study_en__works_in_industry_en,geography,media,2,100,100,5000
field_of_study_en__works_in_industry_en,geography,pharmaceuticals,2,100,100,5000
field_of_study_en__works_in_industry_en,geography,property,2,100,100,5000
field_of_study_en__works_in_industry_en,geography,railways,2,100,100,5000
field_of_study_en__works_in_industry_en,geography,recreation,2,100,100,5000
field_of_study_en__works_in_industry_en,geography,research,2,100,100,5000
field_of_study_en__works_in_industry_en,geography,retail,2,100,100,5000
field_of_study_en__works_in_industry_en,geography,security,2,100,100,5000
field_of_study_en__works_in_industry_en,geography,software,2,100,100,5000
field_of_study_en__works_in_industry_en,geography,space,2,100,100,5000
field_of_study_en__works_in_industry_en,geography,textiles,2,100,100,5000
field_of_study_en__works_in_industry_en,geography,timber,2,100,100,5000
field_of_study_en__works_in_industry_en,geography,tourism,2,100,100,5000
field_of_study_en__works_in_industry_en,geography,trade,2,100,100,5000
field_of_study_en__works_in_industry_en,geography,waste,2,100,100,5000
field_of_study_en__works_in_industry_en,geography,welfare,2,100,100,5000
field_of_study_en__works_in_industry_en,governance,academia,2,100,100,5000
field_of_study_en__works_in_industry_en,governance,accounting,2,100,100,5000
field_of_study_en__works_in_industry_en,governance,advertising,2,100,100,5000
field_of_study_en__works_in_industry_en,governance,airlines,2,100,100,5000
field_of_study_en__works_in_industry_en,governance,architecture,2,100,100,5000
field_of_study_en__works_in_industry_en,governance,arts,2,100,100,5000
field_of_study_en__works_in_industry_en,governance,automotive,2,100,100,5000
field_of_study_en__works_in_industry_en,governance,banking,1,100,100,5000
field_of_study_en__works_in_industry_en,governance,biotech,2,100,100,5000
field_of_study_en__works_in_industry_en,governance,books,2,100,100,5000
field_of_study_en__works_in_industry_en,governance,catering,2,100,100,5000
field_of_study_en__works_in_industry_en,governance,chemicals,2,100,100,5000
field_of_study_en__works_in_industry_en,governance,communications,2,100,100,5000
field_of_study_en__works_in_industry_en,governance,construction,2,100,100,5000
field_of_study_en__works_in_industry_en,governance,consulting,2,100,100,5000
field_of_study_en__works_in_industry_en,governance,electrical,2,100,100,5000
field_of_study_en__works_in_industry_en,governance,energy,2,100,100,5000
field_of_study_en__works_in_industry_en,governance,engineering,2,100,100,5000
field_of_study_en__works_in_industry_en,governance,entertainment,2,100,100,5000
field_of_study_en__works_in_industry_en,governance,extraction,2,100,100,5000
field_of_study_en__works_in_industry_en,governance,fabrication,2,100,100,5000
field_of_study_en__works_in_industry_en,governance,farming,2,100,100,5000
field_of_study_en__works_in_industry_en,governance,fashion,2,100,100,5000
field_of_study_en__works_in_industry_en,governance,gaming,2,100,100,5000
field_of_study_en__works_in_industry_en,governance,government,2,100,100,5000
field_of_study_en__works_in_industry_en,governance,groceries,2,100,100,5000
field_of_study_en__works_in_industry_en,governance,healthcare,3,100,100,5000
field_of_study_en__works_in_industry_en,governance,hotels,2,100,100,5000
field_of_study_en__works_in_industry_en,governance,infrastructure,2,100,100,5000
field_of_study_en__works_in_industry_en,governance,insurance,2,100,100,5000
field_of_study_en__works_in_industry_en,governance,investment,2,100,100,5000
field_of_study_en__works_in_industry_en,governance,law,2,100,100,5000
field_of_study_en__works_in_industry_en,governance,logistics,2,100,100,5000
field_of_study_en__works_in_industry_en,governance,maritime,2,100,100,5000
field_of_study_en__works_in_industry_en,governance,media,2,100,100,5000
field_of_study_en__works_in_industry_en,governance,pharmaceuticals,2,100,100,5000
field_of_study_en__works_in_industry_en,governance,property,2,100,100,5000
field_of_study_en__works_in_industry_en,governance,railways,2,100,100,5000
field_of_study_en__works_in_industry_en,governance,recreation,2,100,100,5000
field_of_study_en__works_in_industry_en,governance,research,2,100,100,5000
field_of_study_en__works_in_industry_en,governance,retail,2,100,100,5000
field_of_study_en__works_in_industry_en,governance,security,2,100,100,5000
field_of_study_en__works_in_industry_en,governance,software,2,100,100,5000
field_of_study_en__works_in_industry_en,governance,space,2,100,100,5000
field_of_study_en__works_in_industry_en,governance,textiles,2,100,100,5000
field_of_study_en__works_in_industry_en,governance,timber,2,100,100,5000
field_of_study_en__works_in_industry_en,governance,tourism,2,100,100,5000
field_of_study_en__works_in_industry_en,governance,trade,2,100,100,5000
field_of_study_en__works_in_industry_en,governance,waste,2,100,100,5000
field_of_study_en__works_in_industry_en,governance,welfare,2,100,100,5000
field_of_study_en__works_in_industry_en,history,academia,2,100,100,5000
field_of_study_en__works_in_industry_en,history,accounting,2,100,100,5000
field_of_study_en__works_in_industry_en,history,advertising,2,100,100,5000
field_of_study_en__works_in_industry_en,history,airlines,2,100,100,5000
field_of_study_en__works_in_industry_en,history,architecture,2,100,100,5000
field_of_study_en__works_in_industry_en,history,arts,2,100,100,5000
field_of_study_en__works_in_industry_en,history,automotive,2,100,100,5000
field_of_study_en__works_in_industry_en,history,banking,2,100,100,5000
field_of_study_en__works_in_industry_en,history,biotech,2,100,100,5000
field_of_study_en__works_in_industry_en,history,books,2,100,100,5000
field_of_study_en__works_in_industry_en,history,catering,2,100,100,5000
field_of_study_en__works_in_industry_en,history,chemicals,2,100,100,5000
field_of_study_en__works_in_industry_en,history,communications,2,100,100,5000
field_of_study_en__works_in_industry_en,history,construction,2,100,100,5000
field_of_study_en__works_in_industry_en,history,consulting,2,100,100,5000
field_of_study_en__works_in_industry_en,history,electrical,2,100,100,5000
field_of_study_en__works_in_industry_en,history,energy,2,100,100,5000
field_of_study_en__works_in_industry_en,history,engineering,3,100,100,5000
field_of_study_en__works_in_industry_en,history,entertainment,2,100,100,5000
field_of_study_en__works_in_industry_en,history,extraction,2,100,100,5000
field_of_study_en__works_in_industry_en,history,fabrication,2,100,100,5000
field_of_study_en__works_in_industry_en,history,farming,2,100,100,5000
field_of_study_en__works_in_industry_en,history,fashion,2,100,100,5000
field_of_study_en__works_in_industry_en,history,gaming,2,100,100,5000
field_of_study_en__works_in_industry_en,history,government,2,100,100,5000
field_of_study_en__works_in_industry_en,history,groceries,2,100,100,5000
field_of_study_en__works_in_industry_en,history,healthcare,1,100,100,5000
field_of_study_en__works_in_industry_en,history,hotels,2,100,100,5000
field_of_study_en__works_in_industry_en,history,infrastructure,2,100,100,5000
field_of_study_en__works_in_industry_en,history,insurance,2,100,100,5000
field_of_study_en__works_in_industry_en,history,investment,2,100,100,5000
field_of_study_en__works_in_industry_en,history,law,2,100,100,5000
field_of_study_en__works_in_industry_en,history,logistics,2,100,100,5000
field_of_study_en__works_in_industry_en,history,maritime,2,100,100,5000
field_of_study_en__works_in_industry_en,history,media,2,100,100,5000
field_of_study_en__works_in_industry_en,history,pharmaceuticals,2,100,100,5000
field_of_study_en__works_in_industry_en,history,property,2,100,100,5000
field_of_study_en__works_in_industry_en,history,railways,2,100,100,5000
field_of_study_en__works_in_industry_en,history,recreation,2,100,100,5000
field_of_study_en__works_in_industry_en,history,research,2,100,100,5000
field_of_study_en__works_in_industry_en,history,retail,2,100,100,5000
field_of_study_en__works_in_industry_en,history,security,2,100,100,5000
field_of_study_en__works_in_industry_en,history,software,2,100,100,5000
field_of_study_en__works_in_industry_en,history,space,2,100,100,5000
field_of_study_en__works_in_industry_en,history,textiles,2,100,100,5000
field_of_study_en__works_in_industry_en,history,timber,2,100,100,5000
field_of_study_en__works_in_industry_en,history,tourism,2,100,100,5000
field_of_study_en__works_in_industry_en,history,trade,2,100,100,5000
field_of_study_en__works_in_industry_en,history,waste,2,100,100,5000
field_of_study_en__works_in_industry_en,history,welfare,2,100,100,5000
field_of_study_en__works_in_industry_en,law,academia,2,100,100,5000
field_of_study_en__works_in_industry_en,law,accounting,2,100,100,5000
field_of_study_en__works_in_industry_en,law,advertising,2,100,100,5000
field_of_study_en__works_in_industry_en,law,airlines,2,100,100,5000
field_of_study_en__works_in_industry_en,law,architecture,2,100,100,5000
field_of_study_en__works_in_industry_en,law,arts,2,100,100,5000
field_of_study_en__works_in_industry_en,law,automotive,2,100,100,5000
field_of_study_en__works_in_industry_en,law,banking,2,100,100,5000
field_of_study_en__works_in_industry_en,law,biotech,2,100,100,5000
field_of_study_en__works_in_industry_en,law,books,2,100,100,5000
field_of_study_en__works_in_industry_en,law,catering,2,100,100,5000
field_of_study_en__works_in_industry_en,law,chemicals,2,100,100,5000
field_of_study_en__works_in_industry_en,law,communications,2,100,100,5000
field_of_study_en__works_in_industry_en,law,construction,2,100,100,5000
field_of_study_en__works_in_industry_en,law,consulting,2,100,100,5000
field_of_study_en__works_in_industry_en,law,electrical,2,100,100,5000
field_of_study_en__works_in_industry_en,law,energy,2,100,100,5000
field_of_study_en__works_in_industry_en,law,engineering,2,100,100,5000
field_of_study_en__works_in_industry_en,law,entertainment,2,100,100,5000
field_of_study_en__works_in_industry_en,law,extraction,1,100,100,5000
field_of_study_en__works_in_industry_en,law,fabrication,2,100,100,5000
field_of_study_en__works_in_industry_en,law,farming,2,100,100,5000
field_of_study_en__works_in_industry_en,law,fashion,2,100,100,5000
field_of_study_en__works_in_industry_en,law,gaming,2,100,100,5000
field_of_study_en__works_in_industry_en,law,government,2,100,100,5000
field_of_study_en__works_in_industry_en,law,groceries,2,100,100,5000
field_of_study_en__works_in_industry_en,law,healthcare,2,100,100,5000
field_of_study_en__works_in_industry_en,law,hotels,2,100,100,5000
field_of_study_en__works_in_industry_en,law,infrastructure,2,100,100,5000
field_of_study_en__works_in_industry_en,law,insurance,2,100,100,5000
field_of_study_en__works_in_industry_en,law,investment,2,100,100,5000
field_of_study_en__works_in_industry_en,law,law,2,100,100,5000
field_of_study_en__works_in_industry_en,law,logistics,2,100,100,5000
field_of_study_en__works_in_industry_en,law,maritime,2,100,100,5000
field_of_study_en__works_in_industry_en,law,media,3,100,100,5000
field_of_study_en__works_in_industry_en,law,pharmaceuticals,3,100,100,5000
field_of_study_en__works_in_industry_en,law,property,2,100,100,5000
field_of_study_en__works_in_industry_en,law,railways,2,100,100,5000
field_of_study_en__works_in_industry_en,law,recreation,2,100,100,5000
field_of_study_en__works_in_industry_en,law,research,2,100,100,5000
field_of_study_en__works_in_industry_en,law,retail,2,100,100,5000
field_of_study_en__works_in_industry_en,law,security,2,100,100,5000
field_of_study_en__works_in_industry_en,law,software,2,100,100,5000
field_of_study_en__works_in_industry_en,law,space,2,100,100,5000
field_of_study_en__works_in_industry_en,law,textiles,2,100,100,5000
field_of_study_en__works_in_industry_en,law,timber,2,100,100,5000
field_of_study_en__works_in_industry_en,law,tourism,2,100,100,5000
field_of_study_en__works_in_industry_en,law,trade,2,100,100,5000
field_of_study_en__works_in_industry_en,law,waste,1,100,100,5000
field_of_study_en__works_in_industry_en,law,welfare,2,100,100,5000
field_of_study_en__works_in_industry_en,linguistics,academia,2,100,100,5000
field_of_study_en__works_in_industry_en,linguistics,accounting,2,100,100,5000
field_of_study_en__works_in_industry_en,linguistics,advertising,2,100,100,5000
field_of_study_en__works_in_industry_en,linguistics,airlines,2,100,100,5000
field_of_study_en__works_in_industry_en,linguistics,architecture,2,100,100,5000
field_of_study_en__works_in_industry_en,linguistics,arts,2,100,100,5000
field_of_study_en__works_in_industry_en,linguistics,automotive,2,100,100,5000
field_of_study_en__works_in_industry_en,linguistics,banking,2,100,100,5000
field_of_study_en__works_in_industry_en,linguistics,biotech,2,100,100,5000
field_of_study_en__works_in_industry_en,linguistics,books,2,100,100,5000
field_of_study_en__works_in_industry_en,linguistics,catering,2,100,100,5000
field_of_study_en__works_in_industry_en,linguistics,chemicals,2,100,100,5000
field_of_study_en__works_in_industry_en,linguistics,communications,3,100,100,5000
field_of_study_en__works_in_industry_en,linguistics,construction,2,100,100,5000
field_of_study_en__works_in_industry_en,linguistics,consulting,2,100,100,5000
field_of_study_en__works_in_industry_en,linguistics,electrical,2,100,100,5000
field_of_study_en__works_in_industry_en,linguistics,energy,2,100,100,5000
field_of_study_en__works_in_industry_en,linguistics,engineering,2,100,100,5000
field_of_study_en__works_in_industry_en,linguistics,entertainment,2,100,100,5000
field_of_study_en__works_in_industry_en,linguistics,extraction,2,100,100,5000
field_of_study_en__works_in_industry_en,linguistics,fabrication,2,100,100,5000
field_of_study_en__works_in_industry_en,linguistics,farming,2,100,100,5000
field_of_study_en__works_in_industry_en,linguistics,fashion,2,100,100,5000
field_of_study_en__works_in_industry_en,linguistics,gaming,2,100,100,5000
field_of_study_en__works_in_industry_en,linguistics,government,2,100,100,5000
field_of_study_en__works_in_industry_en,linguistics,groceries,2,100,100,5000
field_of_study_en__works_in_industry_en,linguistics,healthcare,1,100,100,5000
field_of_study_en__works_in_industry_en,linguistics,hotels,2,100,100,5000
field_of_study_en__works_in_industry_en,linguistics,infrastructure,2,100,100,5000
field_of_study_en__works_in_industry_en,linguistics,insurance,2,100,100,5000
field_of_study_en__works_in_industry_en,linguistics,investment,2,100,100,5000
field_of_study_en__works_in_industry_en,linguistics,law,2,100,100,5000
field_of_study_en__works_in_industry_en,linguistics,logistics,2,100,100,5000
field_of_study_en__works_in_industry_en,linguistics,maritime,2,100,100,5000
field_of_study_en__works_in_industry_en,linguistics,media,2,100,100,5000
field_of_study_en__works_in_industry_en,linguistics,pharmaceuticals,2,100,100,5000
field_of_study_en__works_in_industry_en,linguistics,property,2,100,100,5000
field_of_study_en__works_in_industry_en,linguistics,railways,2,100,100,5000
field_of_study_en__works_in_industry_en,linguistics,recreation,2,100,100,5000
field_of_study_en__works_in_industry_en,linguistics,research,2,100,100,5000
field_of_study_en__works_in_industry_en,linguistics,retail,2,100,100,5000
field_of_study_en__works_in_industry_en,linguistics,security,2,100,100,5000
field_of_study_en__works_in_industry_en,linguistics,software,2,100,100,5000
field_of_study_en__works_in_industry_en,linguistics,space,2,100,100,5000
field_of_study_en__works_in_industry_en,linguistics,textiles,2,100,100,5000
field_of_study_en__works_in_industry_en,linguistics,timber,2,100,100,5000
field_of_study_en__works_in_industry_en,linguistics,tourism,2,100,100,5000
field_of_study_en__works_in_industry_en,linguistics,trade,2,100,100,5000
field_of_study_en__works_in_industry_en,linguistics,waste,2,100,100,5000
field_of_study_en__works_in_industry_en,linguistics,welfare,2,100,100,5000
field_of_study_en__works_in_industry_en,literature,academia,2,100,100,5000
field_of_study_en__works_in_industry_en,literature,accounting,2,100,100,5000
field_of_study_en__works_in_industry_en,literature,advertising,2,100,100,5000
field_of_study_en__works_in_industry_en,literature,airlines,2,100,100,5000
field_of_study_en__works_in_industry_en,literature,architecture,2,100,100,5000
field_of_study_en__works_in_industry_en,literature,arts,2,100,100,5000
field_of_study_en__works_in_industry_en,literature,automotive,2,100,100,5000
field_of_study_en__works_in_industry_en,literature,banking,2,100,100,5000
field_of_study_en__works_in_industry_en,literature,biotech,2,100,100,5000
field_of_study_en__works_in_industry_en,literature,books,2,100,100,5000
field_of_study_en__works_in_industry_en,literature,catering,2,100,100,5000
field_of_study_en__works_in_industry_en,literature,chemicals,2,100,100,5000
field_of_study_en__works_in_industry_en,literature,communications,2,100,100,5000
field_of_study_en__works_in_industry_en,literature,construction,2,100,100,5000
field_of_study_en__works_in_industry_en,literature,consulting,2,100,100,5000
field_of_study_en__works_in_industry_en,literature,electrical,2,100,100,5000
field_of_study_en__works_in_industry_en,literature,energy,2,100,100,5000
field_of_study_en__works_in_industry_en,literature,engineering,2,100,100,5000
field_of_study_en__works_in_industry_en,literature,entertainment,2,100,100,5000
field_of_study_en__works_in_industry_en,literature,extraction,2,100,100,5000
field_of_study_en__works_in_industry_en,literature,fabrication,2,100,100,5000
field_of_study_en__works_in_industry_en,literature,farming,2,100,100,5000
field_of_study_en__works_in_industry_en,literature,fashion,2,100,100,5000
field_of_study_en__works_in_industry_en,literature,gaming,2,100,100,5000
field_of_study_en__works_in_industry_en,literature,government,2,100,100,5000
field_of_study_en__works_in_industry_en,literature,groceries,2,100,100,5000
field_of_study_en__works_in_industry_en,literature,healthcare,2,100,100,5000
field_of_study_en__works_in_industry_en,literature,hotels,2,100,100,5000
field_of_study_en__works_in_industry_en,literature,infrastructure,2,100,100,5000
field_of_study_en__works_in_industry_en,literature,insurance,2,100,100,5000
field_of_study_en__works_in_industry_en,literature,investment,2,100,100,5000
field_of_study_en__works_in_industry_en,literature,law,2,100,100,5000
field_of_study_en__works_in_industry_en,literature,logistics,2,100,100,5000
field_of_study_en__works_in_industry_en,literature,maritime,2,100,100,5000
field_of_study_en__works_in_industry_en,literature,media,2,100,100,5000
field_of_study_en__works_in_industry_en,literature,pharmaceuticals,2,100,100,5000
field_of_study_en__works_in_industry_en,literature,property,2,100,100,5000
field_of_study_en__works_in_industry_en,literature,railways,2,100,100,5000
field_of_study_en__works_in_industry_en,literature,recreation,2,100,100,5000
field_of_study_en__works_in_industry_en,literature,research,2,100,100,5000
field_of_study_en__works_in_industry_en,literature,retail,2,100,100,5000
field_of_study_en__works_in_industry_en,literature,security,2,100,100,5000
field_of_study_en__works_in_industry_en,literature,software,2,100,100,5000
field_of_study_en__works_in_industry_en,literature,space,2,100,100,5000
field_of_study_en__works_in_industry_en,literature,textiles,2,100,100,5000
field_of_study_en__works_in_industry_en,literature,timber,2,100,100,5000
field_of_study_en__works_in_industry_en,literature,tourism,2,100,100,5000
field_of_study_en__works_in_industry_en,literature,trade,2,100,100,5000
field_of_study_en__works_in_industry_en,literature,waste,2,100,100,5000
field_of_study_en__works_in_industry_en,literature,welfare,2,100,100,5000
field_of_study_en__works_in_industry_en,logistics,academia,2,100,100,5000
field_of_study_en__works_in_industry_en,logistics,accounting,2,100,100,5000
field_of_study_en__works_in_industry_en,logistics,advertising,2,100,100,5000
field_of_study_en__works_in_industry_en,logistics,airlines,2,100,100,5000
field_of_study_en__works_in_industry_en,logistics,architecture,2,100,100,5000
field_of_study_en__works_in_industry_en,logistics,arts,2,100,100,5000
field_of_study_en__works_in_industry_en,logistics,automotive,2,100,100,5000
field_of_study_en__works_in_industry_en,logistics,banking,2,100,100,5000
field_of_study_en__works_in_industry_en,logistics,biotech,2,100,100,5000
field_of_study_en__works_in_industry_en,logistics,books,2,100,100,5000
field_of_study_en__works_in_industry_en,logistics,catering,2,100,100,5000
field_of_study_en__works_in_industry_en,logistics,chemicals,1,100,100,5000
field_of_study_en__works_in_industry_en,logistics,communications,2,100,100,5000
field_of_study_en__works_in_industry_en,logistics,construction,2,100,100,5000
field_of_study_en__works_in_industry_en,logistics,consulting,2,100,100,5000
field_of_study_en__works_in_industry_en,logistics,electrical,2,100,100,5000
field_of_study_en__works_in_industry_en,logistics,energy,2,100,100,5000
field_of_study_en__works_in_industry_en,logistics,engineering,2,100,100,5000
field_of_study_en__works_in_industry_en,logistics,entertainment,2,100,100,5000
field_of_study_en__works_in_industry_en,logistics,extraction,2,100,100,5000
field_of_study_en__works_in_industry_en,logistics,fabrication,2,100,100,5000
field_of_study_en__works_in_industry_en,logistics,farming,2,100,100,5000
field_of_study_en__works_in_industry_en,logistics,fashion,2,100,100,5000
field_of_study_en__works_in_industry_en,logistics,gaming,2,100,100,5000
field_of_study_en__works_in_industry_en,logistics,government,2,100,100,5000
field_of_study_en__works_in_industry_en,logistics,groceries,2,100,100,5000
field_of_study_en__works_in_industry_en,logistics,healthcare,2,100,100,5000
field_of_study_en__works_in_industry_en,logistics,hotels,2,100,100,5000
field_of_study_en__works_in_industry_en,logistics,infrastructure,3,100,100,5000
field_of_study_en__works_in_industry_en,logistics,insurance,2,100,100,5000
field_of_study_en__works_in_industry_en,logistics,investment,2,100,100,5000
field_of_study_en__works_in_industry_en,logistics,law,2,100,100,5000
field_of_study_en__works_in_industry_en,logistics,logistics,2,100,100,5000
field_of_study_en__works_in_industry_en,logistics,maritime,2,100,100,5000
field_of_study_en__works_in_industry_en,logistics,media,2,100,100,5000
field_of_study_en__works_in_industry_en,logistics,pharmaceuticals,2,100,100,5000
field_of_study_en__works_in_industry_en,logistics,property,1,100,100,5000
field_of_study_en__works_in_industry_en,logistics,railways,2,100,100,5000
field_of_study_en__works_in_industry_en,logistics,recreation,2,100,100,5000
field_of_study_en__works_in_industry_en,logistics,research,2,100,100,5000
field_of_study_en__works_in_industry_en,logistics,retail,2,100,100,5000
field_of_study_en__works_in_industry_en,logistics,security,2,100,100,5000
field_of_study_en__works_in_industry_en,logistics,software,2,100,100,5000
field_of_study_en__works_in_industry_en,logistics,space,2,100,100,5000
field_of_study_en__works_in_industry_en,logistics,textiles,2,100,100,5000
field_of_study_en__works_in_industry_en,logistics,timber,3,100,100,5000
field_of_study_en__works_in_industry_en,logistics,tourism,2,100,100,5000
field_of_study_en__works_in_industry_en,logistics,trade,2,100,100,5000
field_of_study_en__works_in_industry_en,logistics,waste,2,100,100,5000
field_of_study_en__works_in_industry_en,logistics,welfare,2,100,100,5000
field_of_study_en__works_in_industry_en,management,academia,2,100,100,5000
field_of_study_en__works_in_industry_en,management,accounting,2,100,100,5000
field_of_study_en__works_in_industry_en,management,advertising,2,100,100,5000
field_of_study_en__works_in_industry_en,management,airlines,2,100,100,5000
field_of_study_en__works_in_industry_en,management,architecture,2,100,100,5000
field_of_study_en__works_in_industry_en,management,arts,2,100,100,5000
field_of_study_en__works_in_industry_en,management,automotive,2,100,100,5000
field_of_study_en__works_in_industry_en,management,banking,2,100,100,5000
field_of_study_en__works_in_industry_en,management,biotech,2,100,100,5000
field_of_study_en__works_in_industry_en,management,books,2,100,100,5000
field_of_study_en__works_in_industry_en,management,catering,2,100,100,5000
field_of_study_en__works_in_industry_en,management,chemicals,2,100,100,5000
field_of_study_en__works_in_industry_en,management,communications,2,100,100,5000
field_of_study_en__works_in_industry_en,management,construction,2,100,100,5000
field_of_study_en__works_in_industry_en,management,consulting,2,100,100,5000
field_of_study_en__works_in_industry_en,management,electrical,2,100,100,5000
field_of_study_en__works_in_industry_en,management,energy,2,100,100,5000
field_of_study_en__works_in_industry_en,management,engineering,2,100,100,5000
field_of_study_en__works_in_industry_en,management,entertainment,2,100,100,5000
field_of_study_en__works_in_industry_en,management,extraction,2,100,100,5000
field_of_study_en__works_in_industry_en,management,fabrication,2,100,100,5000
field_of_study_en__works_in_industry_en,management,farming,2,100,100,5000
field_of_study_en__works_in_industry_en,management,fashion,2,100,100,5000
field_of_study_en__works_in_industry_en,management,gaming,2,100,100,5000
field_of_study_en__works_in_industry_en,management,government,2,100,100,5000
field_of_study_en__works_in_industry_en,management,groceries,2,100,100,5000
field_of_study_en__works_in_industry_en,management,healthcare,2,100,100,5000
field_of_study_en__works_in_industry_en,management,hotels,2,100,100,5000
field_of_study_en__works_in_industry_en,management,infrastructure,2,100,100,5000
field_of_study_en__works_in_industry_en,management,insurance,2,100,100,5000
field_of_study_en__works_in_industry_en,management,investment,2,100,100,5000
field_of_study_en__works_in_industry_en,management,law,2,100,100,5000
field_of_study_en__works_in_industry_en,management,logistics,2,100,100,5000
field_of_study_en__works_in_industry_en,management,maritime,2,100,100,5000
field_of_study_en__works_in_industry_en,management,media,2,100,100,5000
field_of_study_en__works_in_industry_en,management,pharmaceuticals,2,100,100,5000
field_of_study_en__works_in_industry_en,management,property,2,100,100,5000
field_of_study_en__works_in_industry_en,management,railways,2,100,100,5000
field_of_study_en__works_in_industry_en,management,recreation,2,100,100,5000
field_of_study_en__works_in_industry_en,management,research,2,100,100,5000
field_of_study_en__works_in_industry_en,management,retail,2,100,100,5000
field_of_study_en__works_in_industry_en,management,security,2,100,100,5000
field_of_study_en__works_in_industry_en,management,software,2,100,100,5000
field_of_study_en__works_in_industry_en,management,space,2,100,100,5000
field_of_study_en__works_in_industry_en,management,textiles,2,100,100,5000
field_of_study_en__works_in_industry_en,management,timber,2,100,100,5000
field_of_study_en__works_in_industry_en,management,tourism,2,100,100,5000
field_of_study_en__works_in_industry_en,management,trade,2,100,100,5000
field_of_study_en__works_in_industry_en,management,waste,2,100,100,5000
field_of_study_en__works_in_industry_en,management,welfare,2,100,100,5000
field_of_study_en__works_in_industry_en,marketing,academia,1,100,100,5000
field_of_study_en__works_in_industry_en,marketing,accounting,2,100,100,5000
field_of_study_en__works_in_industry_en,marketing,advertising,2,100,100,5000
field_of_study_en__works_in_industry_en,marketing,airlines,2,100,100,5000
field_of_study_en__works_in_industry_en,marketing,architecture,2,100,100,5000
field_of_study_en__works_in_industry_en,marketing,arts,2,100,100,5000
field_of_study_en__works_in_industry_en,marketing,automotive,2,100,100,5000
field_of_study_en__works_in_industry_en,marketing,banking,2,100,100,5000
field_of_study_en__works_in_industry_en,marketing,biotech,2,100,100,5000
field_of_study_en__works_in_industry_en,marketing,books,2,100,100,5000
field_of_study_en__works_in_industry_en,marketing,catering,2,100,100,5000
field_of_study_en__works_in_industry_en,marketing,chemicals,2,100,100,5000
field_of_study_en__works_in_industry_en,marketing,communications,2,100,100,5000
field_of_study_en__works_in_industry_en,marketing,construction,2,100,100,5000
field_of_study_en__works_in_industry_en,marketing,consulting,2,100,100,5000
field_of_study_en__works_in_industry_en,marketing,electrical,2,100,100,5000
field_of_study_en__works_in_industry_en,marketing,energy,2,100,100,5000
field_of_study_en__works_in_industry_en,marketing,engineering,2,100,100,5000
field_of_study_en__works_in_industry_en,marketing,entertainment,2,100,100,5000
field_of_study_en__works_in_industry_en,marketing,extraction,1,100,100,5000
field_of_study_en__works_in_industry_en,marketing,fabrication,2,100,100,5000
field_of_study_en__works_in_industry_en,marketing,farming,2,100,100,5000
field_of_study_en__works_in_industry_en,marketing,fashion,2,100,100,5000
field_of_study_en__works_in_industry_en,marketing,gaming,2,100,100,5000
field_of_study_en__works_in_industry_en,marketing,government,2,100,100,5000
field_of_study_en__works_in_industry_en,marketing,groceries,2,100,100,5000
field_of_study_en__works_in_industry_en,marketing,healthcare,2,100,100,5000
field_of_study_en__works_in_industry_en,marketing,hotels,2,100,100,5000
field_of_study_en__works_in_industry_en,marketing,infrastructure,2,100,100,5000
field_of_study_en__works_in_industry_en,marketing,insurance,2,100,100,5000
field_of_study_en__works_in_industry_en,marketing,investment,3,100,100,5000
field_of_study_en__works_in_industry_en,marketing,law,2,100,100,5000
field_of_study_en__works_in_industry_en,marketing,logistics,2,100,100,5000
field_of_study_en__works_in_industry_en,marketing,maritime,2,100,100,5000
field_of_study_en__works_in_industry_en,marketing,media,2,100,100,5000
field_of_study_en__works_in_industry_en,marketing,pharmaceuticals,3,100,100,5000
field_of_study_en__works_in_industry_en,marketing,property,2,100,100,5000
field_of_study_en__works_in_industry_en,marketing,railways,2,100,100,5000
field_of_study_en__works_in_industry_en,marketing,recreation,2,100,100,5000
field_of_study_en__works_in_industry_en,marketing,research,2,100,100,5000
field_of_study_en__works_in_industry_en,marketing,retail,2,100,100,5000
field_of_study_en__works_in_industry_en,marketing,security,2,100,100,5000
field_of_study_en__works_in_industry_en,marketing,software,2,100,100,5000
field_of_study_en__works_in_industry_en,marketing,space,2,100,100,5000
field_of_study_en__works_in_industry_en,marketing,textiles,2,100,100,5000
field_of_study_en__works_in_industry_en,marketing,timber,2,100,100,5000
field_of_study_en__works_in_industry_en,marketing,tourism,2,100,100,5000
field_of_study_en__works_in_industry_en,marketing,trade,2,100,100,5000
field_of_study_en__works_in_industry_en,marketing,waste,2,100,100,5000
field_of_study_en__works_in_industry_en,marketing,welfare,2,100,100,5000
field_of_study_en__works_in_industry_en,mechanics,academia,2,100,100,5000
field_of_study_en__works_in_industry_en,mechanics,accounting,2,100,100,5000
field_of_study_en__works_in_industry_en,mechanics,advertising,2,100,100,5000
field_of_study_en__works_in_industry_en,mechanics,airlines,2,100,100,5000
field_of_study_en__works_in_industry_en,mechanics,architecture,1,100,100,5000
field_of_study_en__works_in_industry_en,mechanics,arts,2,100,100,5000
field_of_study_en__works_in_industry_en,mechanics,automotive,2,100,100,5000
field_of_study_en__works_in_industry_en,mechanics,banking,3,100,100,5000
field_of_study_en__works_in_industry_en,mechanics,biotech,3,100,100,5000
field_of_study_en__works_in_industry_en,mechanics,books,2,100,100,5000
field_of_study_en__works_in_industry_en,mechanics,catering,2,100,100,5000
field_of_study_en__works_in_industry_en,mechanics,chemicals,1,100,100,5000
field_of_study_en__works_in_industry_en,mechanics,communications,1,100,100,5000
field_of_study_en__works_in_industry_en,mechanics,construction,2,100,100,5000
field_of_study_en__works_in_industry_en,mechanics,consulting,1,100,100,5000
field_of_study_en__works_in_industry_en,mechanics,electrical,2,100,100,5000
field_of_study_en__works_in_industry_en,mechanics,energy,2,100,100,5000
field_of_study_en__works_in_industry_en,mechanics,engineering,1,100,100,5000
field_of_study_en__works_in_industry_en,mechanics,entertainment,2,100,100,5000
field_of_study_en__works_in_industry_en,mechanics,extraction,3,100,100,5000
field_of_study_en__works_in_industry_en,mechanics,fabrication,3,100,100,5000
field_of_study_en__works_in_industry_en,mechanics,farming,2,100,100,5000
field_of_study_en__works_in_industry_en,mechanics,fashion,2,100,100,5000
field_of_study_en__works_in_industry_en,mechanics,gaming,2,100,100,5000
field_of_study_en__works_in_industry_en,mechanics,government,2,100,100,5000
field_of_study_en__works_in_industry_en,mechanics,groceries,1,100,100,5000
field_of_study_en__works_in_industry_en,mechanics,healthcare,3,100,100,5000
field_of_study_en__works_in_industry_en,mechanics,hotels,2,100,100,5000
field_of_study_en__works_in_industry_en,mechanics,infrastructure,3,100,100,5000
field_of_study_en__works_in_industry_en,mechanics,insurance,2,100,100,5000
field_of_study_en__works_in_industry_en,mechanics,investment,2,100,100,5000
field_of_study_en__works_in_industry_en,mechanics,law,2,100,100,5000
field_of_study_en__works_in_industry_en,mechanics,logistics,3,100,100,5000
field_of_study_en__works_in_industry_en,mechanics,maritime,1,100,100,5000
field_of_study_en__works_in_industry_en,mechanics,media,2,100,100,5000
field_of_study_en__works_in_industry_en,mechanics,pharmaceuticals,1,100,100,5000
field_of_study_en__works_in_industry_en,mechanics,property,2,100,100,5000
field_of_study_en__works_in_industry_en,mechanics,railways,2,100,100,5000
field_of_study_en__works_in_industry_en,mechanics,recreation,2,100,100,5000
field_of_study_en__works_in_industry_en,mechanics,research,2,100,100,5000
field_of_study_en__works_in_industry_en,mechanics,retail,2,100,100,5000
field_of_study_en__works_in_industry_en,mechanics,security,2,100,100,5000
field_of_study_en__works_in_industry_en,mechanics,software,2,100,100,5000
field_of_study_en__works_in_industry_en,mechanics,space,2,100,100,5000
field_of_study_en__works_in_industry_en,mechanics,textiles,2,100,100,5000
field_of_study_en__works_in_industry_en,mechanics,timber,2,100,100,5000
field_of_study_en__works_in_industry_en,mechanics,tourism,2,100,100,5000
field_of_study_en__works_in_industry_en,mechanics,trade,2,100,100,5000
field_of_study_en__works_in_industry_en,mechanics,waste,3,100,100,5000
field_of_study_en__works_in_industry_en,mechanics,welfare,2,100,100,5000
field_of_study_en__works_in_industry_en,media studies,academia,2,100,100,5000
field_of_study_en__works_in_industry_en,media studies,accounting,2,100,100,5000
field_of_study_en__works_in_industry_en,media studies,advertising,2,100,100,5000
field_of_study_en__works_in_industry_en,media studies,airlines,2,100,100,5000
field_of_study_en__works_in_industry_en,media studies,architecture,2,100,100,5000
field_of_study_en__works_in_industry_en,media studies,arts,2,100,100,5000
field_of_study_en__works_in_industry_en,media studies,automotive,2,100,100,5000
field_of_study_en__works_in_industry_en,media studies,banking,2,100,100,5000
field_of_study_en__works_in_industry_en,media studies,biotech,2,100,100,5000
field_of_study_en__works_in_industry_en,media studies,books,2,100,100,5000
field_of_study_en__works_in_industry_en,media studies,catering,2,100,100,5000
field_of_study_en__works_in_industry_en,media studies,chemicals,2,100,100,5000
field_of_study_en__works_in_industry_en,media studies,communications,2,100,100,5000
field_of_study_en__works_in_industry_en,media studies,construction,2,100,100,5000
field_of_study_en__works_in_industry_en,media studies,consulting,3,100,100,5000
field_of_study_en__works_in_industry_en,media studies,electrical,2,100,100,5000
field_of_study_en__works_in_industry_en,media studies,energy,2,100,100,5000
field_of_study_en__works_in_industry_en,media studies,engineering,2,100,100,5000
field_of_study_en__works_in_industry_en,media studies,entertainment,2,100,100,5000
field_of_study_en__works_in_industry_en,media studies,extraction,2,100,100,5000
field_of_study_en__works_in_industry_en,media studies,fabrication,2,100,100,5000
field_of_study_en__works_in_industry_en,media studies,farming,2,100,100,5000
field_of_study_en__works_in_industry_en,media studies,fashion,2,100,100,5000
field_of_study_en__works_in_industry_en,media studies,gaming,2,100,100,5000
field_of_study_en__works_in_industry_en,media studies,government,2,100,100,5000
field_of_study_en__works_in_industry_en,media studies,groceries,2,100,100,5000
field_of_study_en__works_in_industry_en,media studies,healthcare,2,100,100,5000
field_of_study_en__works_in_industry_en,media studies,hotels,2,100,100,5000
field_of_study_en__works_in_industry_en,media studies,infrastructure,1,100,100,5000
field_of_study_en__works_in_industry_en,media studies,insurance,2,100,100,5000
field_of_study_en__works_in_industry_en,media studies,investment,2,100,100,5000
field_of_study_en__works_in_industry_en,media studies,law,2,100,100,5000
field_of_study_en__works_in_industry_en,media studies,logistics,2,100,100,5000
field_of_study_en__works_in_industry_en,media studies,maritime,2,100,100,5000
field_of_study_en__works_in_industry_en,media studies,media,2,100,100,5000
field_of_study_en__works_in_industry_en,media studies,pharmaceuticals,2,100,100,5000
field_of_study_en__works_in_industry_en,media studies,property,2,100,100,5000
field_of_study_en__works_in_industry_en,media studies,railways,2,100,100,5000
field_of_study_en__works_in_industry_en,media studies,recreation,2,100,100,5000
field_of_study_en__works_in_industry_en,media studies,research,2,100,100,5000
field_of_study_en__works_in_industry_en,media studies,retail,2,100,100,5000
field_of_study_en__works_in_industry_en,media studies,security,2,100,100,5000
field_of_study_en__works_in_industry_en,media studies,software,2,100,100,5000
field_of_study_en__works_in_industry_en,media studies,space,2,100,100,5000
field_of_study_en__works_in_industry_en,media studies,textiles,2,100,100,5000
field_of_study_en__works_in_industry_en,media studies,timber,2,100,100,5000
field_of_study_en__works_in_industry_en,media studies,tourism,2,100,100,5000
field_of_study_en__works_in_industry_en,media studies,trade,2,100,100,5000
field_of_study_en__works_in_industry_en,media studies,waste,2,100,100,5000
field_of_study_en__works_in_industry_en,media studies,welfare,2,100,100,5000
field_of_study_en__works_in_industry_en,medicine,academia,2,100,100,5000
field_of_study_en__works_in_industry_en,medicine,accounting,2,100,100,5000
field_of_study_en__works_in_industry_en,medicine,advertising,2,100,100,5000
field_of_study_en__works_in_industry_en,medicine,airlines,2,100,100,5000
field_of_study_en__works_in_industry_en,medicine,architecture,1,100,100,5000
field_of_study_en__works_in_industry_en,medicine,arts,2,100,100,5000
field_of_study_en__works_in_industry_en,medicine,automotive,2,100,100,5000
field_of_study_en__works_in_industry_en,medicine,banking,2,100,100,5000
field_of_study_en__works_in_industry_en,medicine,biotech,2,100,100,5000
field_of_study_en__works_in_industry_en,medicine,books,2,100,100,5000
field_of_study_en__works_in_industry_en,medicine,catering,2,100,100,5000
field_of_study_en__works_in_industry_en,medicine,chemicals,3,100,100,5000
field_of_study_en__works_in_industry_en,medicine,communications,3,100,100,5000
field_of_study_en__works_in_industry_en,medicine,construction,2,100,100,5000
field_of_study_en__works_in_industry_en,medicine,consulting,2,100,100,5000
field_of_study_en__works_in_industry_en,medicine,electrical,2,100,100,5000
field_of_study_en__works_in_industry_en,medicine,energy,2,100,100,5000
field_of_study_en__works_in_industry_en,medicine,engineering,2,100,100,5000
field_of_study_en__works_in_industry_en,medicine,entertainment,2,100,100,5000
field_of_study_en__works_in_industry_en,medicine,extraction,2,100,100,5000
field_of_study_en__works_in_industry_en,medicine,fabrication,2,100,100,5000
field_of_study_en__works_in_industry_en,medicine,farming,2,100,100,5000
field_of_study_en__works_in_industry_en,medicine,fashion,2,100,100,5000
field_of_study_en__works_in_industry_en,medicine,gaming,2,100,100,5000
field_of_study_en__works_in_industry_en,medicine,government,2,100,100,5000
field_of_study_en__works_in_industry_en,medicine,groceries,2,100,100,5000
field_of_study_en__works_in_industry_en,medicine,healthcare,1,100,100,5000
field_of_study_en__works_in_industry_en,medicine,hotels,2,100,100,5000
field_of_study_en__works_in_industry_en,medicine,infrastructure,2,100,100,5000
field_of_study_en__works_in_industry_en,medicine,insurance,2,100,100,5000
field_of_study_en__works_in_industry_en,medicine,investment,2,100,100,5000
field_of_study_en__works_in_industry_en,medicine,law,2,100,100,5000
field_of_study_en__works_in_industry_en,medicine,logistics,2,100,100,5000
field_of_study_en__works_in_industry_en,medicine,maritime,2,100,100,5000
field_of_study_en__works_in_industry_en,medicine,media,2,100,100,5000
field_of_study_en__works_in_industry_en,medicine,pharmaceuticals,2,100,100,5000
field_of_study_en__works_in_industry_en,medicine,property,2,100,100,5000
field_of_study_en__works_in_industry_en,medicine,railways,2,100,100,5000
field_of_study_en__works_in_industry_en,medicine,recreation,2,100,100,5000
field_of_study_en__works_in_industry_en,medicine,research,2,100,100,5000
field_of_study_en__works_in_industry_en,medicine,retail,2,100,100,5000
field_of_study_en__works_in_industry_en,medicine,security,2,100,100,5000
field_of_study_en__works_in_industry_en,medicine,software,2,100,100,5000
field_of_study_en__works_in_industry_en,medicine,space,2,100,100,5000
field_of_study_en__works_in_industry_en,medicine,textiles,2,100,100,5000
field_of_study_en__works_in_industry_en,medicine,timber,2,100,100,5000
field_of_study_en__works_in_industry_en,medicine,tourism,2,100,100,5000
field_of_study_en__works_in_industry_en,medicine,trade,2,100,100,5000
field_of_study_en__works_in_industry_en,medicine,waste,2,100,100,5000
field_of_study_en__works_in_industry_en,medicine,welfare,2,100,100,5000
field_of_study_en__works_in_industry_en,music,academia,2,100,100,5000
field_of_study_en__works_in_industry_en,music,accounting,2,100,100,5000
field_of_study_en__works_in_industry_en,music,advertising,2,100,100,5000
field_of_study_en__works_in_industry_en,music,airlines,2,100,100,5000
field_of_study_en__works_in_industry_en,music,architecture,3,100,100,5000
field_of_study_en__works_in_industry_en,music,arts,2,100,100,5000
field_of_study_en__works_in_industry_en,music,automotive,2,100,100,5000
field_of_study_en__works_in_industry_en,music,banking,2,100,100,5000
field_of_study_en__works_in_industry_en,music,biotech,2,100,100,5000
field_of_study_en__works_in_industry_en,music,books,2,100,100,5000
field_of_study_en__works_in_industry_en,music,catering,2,100,100,5000
field_of_study_en__works_in_industry_en,music,chemicals,2,100,100,5000
field_of_study_en__works_in_industry_en,music,communications,2,100,100,5000
field_of_study_en__works_in_industry_en,music,construction,2,100,100,5000
field_of_study_en__works_in_industry_en,music,consulting,2,100,100,5000
field_of_study_en__works_in_industry_en,music,electrical,2,100,100,5000
field_of_study_en__works_in_industry_en,music,energy,2,100,100,5000
field_of_study_en__works_in_industry_en,music,engineering,2,100,100,5000
field_of_study_en__works_in_industry_en,music,entertainment,2,100,100,5000
field_of_study_en__works_in_industry_en,music,extraction,2,100,100,5000
field_of_study_en__works_in_industry_en,music,fabrication,2,100,100,5000
field_of_study_en__works_in_industry_en,music,farming,1,100,100,5000
field_of_study_en__works_in_industry_en,music,fashion,1,100,100,5000
field_of_study_en__works_in_industry_en,music,gaming,2,100,100,5000
field_of_study_en__works_in_industry_en,music,government,2,100,100,5000
field_of_study_en__works_in_industry_en,music,groceries,3,100,100,5000
field_of_study_en__works_in_industry_en,music,healthcare,2,100,100,5000
field_of_study_en__works_in_industry_en,music,hotels,2,100,100,5000
field_of_study_en__works_in_industry_en,music,infrastructure,2,100,100,5000
field_of_study_en__works_in_industry_en,music,insurance,2,100,100,5000
field_of_study_en__works_in_industry_en,music,investment,2,100,100,5000
field_of_study_en__works_in_industry_en,music,law,2,100,100,5000
field_of_study_en__works_in_industry_en,music,logistics,3,100,100,5000
field_of_study_en__works_in_industry_en,music,maritime,2,100,100,5000
field_of_study_en__works_in_industry_en,music,media,2,100,100,5000
field_of_study_en__works_in_industry_en,music,pharmaceuticals,2,100,100,5000
field_of_study_en__works_in_industry_en,music,property,2,100,100,5000
field_of_study_en__works_in_industry_en,music,railways,2,100,100,5000
field_of_study_en__works_in_industry_en,music,recreation,2,100,100,5000
field_of_study_en__works_in_industry_en,music,research,2,100,100,5000
field_of_study_en__works_in_industry_en,music,retail,2,100,100,5000
field_of_study_en__works_in_industry_en,music,security,2,100,100,5000
field_of_study_en__works_in_industry_en,music,software,2,100,100,5000
field_of_study_en__works_in_industry_en,music,space,2,100,100,5000
field_of_study_en__works_in_industry_en,music,textiles,2,100,100,5000
field_of_study_en__works_in_industry_en,music,timber,1,100,100,5000
field_of_study_en__works_in_industry_en,music,tourism,2,100,100,5000
field_of_study_en__works_in_industry_en,music,trade,2,100,100,5000
field_of_study_en__works_in_industry_en,music,waste,2,100,100,5000
field_of_study_en__works_in_industry_en,music,welfare,2,100,100,5000
field_of_study_en__works_in_industry_en,nursing,academia,2,100,100,5000
field_of_study_en__works_in_industry_en,nursing,accounting,2,100,100,5000
field_of_study_en__works_in_industry_en,nursing,advertising,2,100,100,5000
field_of_study_en__works_in_industry_en,nursing,airlines,2,100,100,5000
field_of_study_en__works_in_industry_en,nursing,architecture,2,100,100,5000
field_of_study_en__works_in_industry_en,nursing,arts,2,100,100,5000
field_of_study_en__works_in_industry_en,nursing,automotive,1,100,100,5000
field_of_study_en__works_in_industry_en,nursing,banking,2,100,100,5000
field_of_study_en__works_in_industry_en,nursing,biotech,2,100,100,5000
field_of_study_en__works_in_industry_en,nursing,books,2,100,100,5000
field_of_study_en__works_in_industry_en,nursing,catering,2,100,100,5000
field_of_study_en__works_in_industry_en,nursing,chemicals,2,100,100,5000
field_of_study_en__works_in_industry_en,nursing,communications,2,100,100,5000
field_of_study_en__works_in_industry_en,nursing,construction,2,100,100,5000
field_of_study_en__works_in_industry_en,nursing,consulting,2,100,100,5000
field_of_study_en__works_in_industry_en,nursing,electrical,2,100,100,5000
field_of_study_en__works_in_industry_en,nursing,energy,2,100,100,5000
field_of_study_en__works_in_industry_en,nursing,engineering,2,100,100,5000
field_of_study_en__works_in_industry_en,nursing,entertainment,3,100,100,5000
field_of_study_en__works_in_industry_en,nursing,extraction,2,100,100,5000
field_of_study_en__works_in_industry_en,nursing,fabrication,2,100,100,5000
field_of_study_en__works_in_industry_en,nursing,farming,2,100,100,5000
field_of_study_en__works_in_industry_en,nursing,fashion,2,100,100,5000
field_of_study_en__works_in_industry_en,nursing,gaming,2,100,100,5000
field_of_study_en__works_in_industry_en,nursing,government,2,100,100,5000
field_of_study_en__works_in_industry_en,nursing,groceries,2,100,100,5000
field_of_study_en__works_in_industry_en,nursing,healthcare,2,100,100,5000
field_of_study_en__works_in_industry_en,nursing,hotels,2,100,100,5000
field_of_study_en__works_in_industry_en,nursing,infrastructure,2,100,100,5000
field_of_study_en__works_in_industry_en,nursing,insurance,2,100,100,5000
field_of_study_en__works_in_industry_en,nursing,investment,2,100,100,5000
field_of_study_en__works_in_industry_en,nursing,law,2,100,100,5000
field_of_study_en__works_in_industry_en,nursing,logistics,2,100,100,5000
field_of_study_en__works_in_industry_en,nursing,maritime,2,100,100,5000
field_of_study_en__works_in_industry_en,nursing,media,2,100,100,5000
field_of_study_en__works_in_industry_en,nursing,pharmaceuticals,2,100,100,5000
field_of_study_en__works_in_industry_en,nursing,property,2,100,100,5000
field_of_study_en__works_in_industry_en,nursing,railways,2,100,100,5000
field_of_study_en__works_in_industry_en,nursing,recreation,2,100,100,5000
field_of_study_en__works_in_industry_en,nursing,research,2,100,100,5000
field_of_study_en__works_in_industry_en,nursing,retail,2,100,100,5000
field_of_study_en__works_in_industry_en,nursing,security,2,100,100,5000
field_of_study_en__works_in_industry_en,nursing,software,2,100,100,5000
field_of_study_en__works_in_industry_en,nursing,space,2,100,100,5000
field_of_study_en__works_in_industry_en,nursing,textiles,2,100,100,5000
field_of_study_en__works_in_industry_en,nursing,timber,2,100,100,5000
field_of_study_en__works_in_industry_en,nursing,tourism,2,100,100,5000
field_of_study_en__works_in_industry_en,nursing,trade,2,100,100,5000
field_of_study_en__works_in_industry_en,nursing,waste,2,100,100,5000
field_of_study_en__works_in_industry_en,nursing,welfare,2,100,100,5000
field_of_study_en__works_in_industry_en,pharmacy,academia,2,100,100,5000
field_of_study_en__works_in_industry_en,pharmacy,accounting,2,100,100,5000
field_of_study_en__works_in_industry_en,pharmacy,advertising,2,100,100,5000
field_of_study_en__works_in_industry_en,pharmacy,airlines,2,100,100,5000
field_of_study_en__works_in_industry_en,pharmacy,architecture,2,100,100,5000
field_of_study_en__works_in_industry_en,pharmacy,arts,2,100,100,5000
field_of_study_en__works_in_industry_en,pharmacy,automotive,2,100,100,5000
field_of_study_en__works_in_industry_en,pharmacy,banking,1,100,100,5000
field_of_study_en__works_in_industry_en,pharmacy,biotech,2,100,100,5000
field_of_study_en__works_in_industry_en,pharmacy,books,2,100,100,5000
field_of_study_en__works_in_industry_en,pharmacy,catering,2,100,100,5000
field_of_study_en__works_in_industry_en,pharmacy,chemicals,3,100,100,5000
field_of_study_en__works_in_industry_en,pharmacy,communications,2,100,100,5000
field_of_study_en__works_in_industry_en,pharmacy,construction,2,100,100,5000
field_of_study_en__works_in_industry_en,pharmacy,consulting,2,100,100,5000
field_of_study_en__works_in_industry_en,pharmacy,electrical,2,100,100,5000
field_of_study_en__works_in_industry_en,pharmacy,energy,2,100,100,5000
field_of_study_en__works_in_industry_en,pharmacy,engineering,2,100,100,5000
field_of_study_en__works_in_industry_en,pharmacy,entertainment,2,100,100,5000
field_of_study_en__works_in_industry_en,pharmacy,extraction,1,100,100,5000
field_of_study_en__works_in_industry_en,pharmacy,fabrication,2,100,100,5000
field_of_study_en__works_in_industry_en,pharmacy,farming,2,100,100,5000
field_of_study_en__works_in_industry_en,pharmacy,fashion,2,100,100,5000
field_of_study_en__works_in_industry_en,pharmacy,gaming,2,100,100,5000
field_of_study_en__works_in_industry_en,pharmacy,government,2,100,100,5000
field_of_study_en__works_in_industry_en,pharmacy,groceries,2,100,100,5000
field_of_study_en__works_in_industry_en,pharmacy,healthcare,2,100,100,5000
field_of_study_en__works_in_industry_en,pharmacy,hotels,2,100,100,5000
field_of_study_en__works_in_industry_en,pharmacy,infrastructure,2,100,100,5000
field_of_study_en__works_in_industry_en,pharmacy,insurance,2,100,100,5000
field_of_study_en__works_in_industry_en,pharmacy,investment,2,100,100,5000
field_of_study_en__works_in_industry_en,pharmacy,law,2,100,100,5000
field_of_study_en__works_in_industry_en,pharmacy,logistics,2,100,100,5000
field_of_study_en__works_in_industry_en,pharmacy,maritime,2,100,100,5000
field_of_study_en__works_in_industry_en,pharmacy,media,2,100,100,5000
field_of_study_en__works_in_industry_en,pharmacy,pharmaceuticals,2,100,100,5000
field_of_study_en__works_in_industry_en,pharmacy,property,2,100,100,5000
field_of_study_en__works_in_industry_en,pharmacy,railways,2,100,100,5000
field_of_study_en__works_in_industry_en,pharmacy,recreation,2,100,100,5000
field_of_study_en__works_in_industry_en,pharmacy,research,2,100,100,5000
field_of_study_en__works_in_industry_en,pharmacy,retail,2,100,100,5000
field_of_study_en__works_in_industry_en,pharmacy,security,2,100,100,5000
field_of_study_en__works_in_industry_en,pharmacy,software,2,100,100,5000
field_of_study_en__works_in_industry_en,pharmacy,space,2,100,100,5000
field_of_study_en__works_in_industry_en,pharmacy,textiles,2,100,100,5000
field_of_study_en__works_in_industry_en,pharmacy,timber,2,100,100,5000
field_of_study_en__works_in_industry_en,pharmacy,tourism,2,100,100,5000
field_of_study_en__works_in_industry_en,pharmacy,trade,2,100,100,5000
field_of_study_en__works_in_industry_en,pharmacy,waste,3,100,100,5000
field_of_study_en__works_in_industry_en,pharmacy,welfare,2,100,100,5000
field_of_study_en__works_in_industry_en,philosophy,academia,2,100,100,5000
field_of_study_en__works_in_industry_en,philosophy,accounting,2,100,100,5000
field_of_study_en__works_in_industry_en,philosophy,advertising,2,100,100,5000
field_of_study_en__works_in_industry_en,philosophy,airlines,2,100,100,5000
field_of_study_en__works_in_industry_en,philosophy,architecture,2,100,100,5000
field_of_study_en__works_in_industry_en,philosophy,arts,2,100,100,5000
field_of_study_en__works_in_industry_en,philosophy,automotive,2,100,100,5000
field_of_study_en__works_in_industry_en,philosophy,banking,2,100,100,5000
field_of_study_en__works_in_industry_en,philosophy,biotech,2,100,100,5000
field_of_study_en__works_in_industry_en,philosophy,books,2,100,100,5000
field_of_study_en__works_in_industry_en,philosophy,catering,2,100,100,5000
field_of_study_en__works_in_industry_en,philosophy,chemicals,2,100,100,5000
field_of_study_en__works_in_industry_en,philosophy,communications,2,100,100,5000
field_of_study_en__works_in_industry_en,philosophy,construction,2,100,100,5000
field_of_study_en__works_in_industry_en,philosophy,consulting,2,100,100,5000
field_of_study_en__works_in_industry_en,philosophy,electrical,2,100,100,5000
field_of_study_en__works_in_industry_en,philosophy,energy,2,100,100,5000
field_of_study_en__works_in_industry_en,philosophy,engineering,2,100,100,5000
field_of_study_en__works_in_industry_en,philosophy,entertainment,2,100,100,5000
field_of_study_en__works_in_industry_en,philosophy,extraction,2,100,100,5000
field_of_study_en__works_in_industry_en,philosophy,fabrication,2,100,100,5000
field_of_study_en__works_in_industry_en,philosophy,farming,2,100,100,5000
field_of_study_en__works_in_industry_en,philosophy,fashion,2,100,100,5000
field_of_study_en__works_in_industry_en,philosophy,gaming,2,100,100,5000
field_of_study_en__works_in_industry_en,philosophy,government,2,100,100,5000
field_of_study_en__works_in_industry_en,philosophy,groceries,2,100,100,5000
field_of_study_en__works_in_industry_en,philosophy,healthcare,2,100,100,5000
field_of_study_en__works_in_industry_en,philosophy,hotels,1,100,100,5000
field_of_study_en__works_in_industry_en,philosophy,infrastructure,2,100,100,5000
field_of_study_en__works_in_industry_en,philosophy,insurance,2,100,100,5000
field_of_study_en__works_in_industry_en,philosophy,investment,2,100,100,5000
field_of_study_en__works_in_industry_en,philosophy,law,2,100,100,5000
field_of_study_en__works_in_industry_en,philosophy,logistics,2,100,100,5000
field_of_study_en__works_in_industry_en,philosophy,maritime,2,100,100,5000
field_of_study_en__works_in_industry_en,philosophy,media,2,100,100,5000
field_of_study_en__works_in_industry_en,philosophy,pharmaceuticals,3,100,100,5000
field_of_study_en__works_in_industry_en,philosophy,property,2,100,100,5000
field_of_study_en__works_in_industry_en,philosophy,railways,2,100,100,5000
field_of_study_en__works_in_industry_en,philosophy,recreation,2,100,100,5000
field_of_study_en__works_in_industry_en,philosophy,research,2,100,100,5000
field_of_study_en__works_in_industry_en,philosophy,retail,2,100,100,5000
field_of_study_en__works_in_industry_en,philosophy,security,2,100,100,5000
field_of_study_en__works_in_industry_en,philosophy,software,2,100,100,5000
field_of_study_en__works_in_industry_en,philosophy,space,2,100,100,5000
field_of_study_en__works_in_industry_en,philosophy,textiles,2,100,100,5000
field_of_study_en__works_in_industry_en,philosophy,timber,2,100,100,5000
field_of_study_en__works_in_industry_en,philosophy,tourism,2,100,100,5000
field_of_study_en__works_in_industry_en,philosophy,trade,2,100,100,5000
field_of_study_en__works_in_industry_en,philosophy,waste,2,100,100,5000
field_of_study_en__works_in_industry_en,philosophy,welfare,2,100,100,5000
field_of_study_en__works_in_industry_en,physics,academia,2,100,100,5000
field_of_study_en__works_in_industry_en,physics,accounting,2,100,100,5000
field_of_study_en__works_in_industry_en,physics,advertising,2,100,100,5000
field_of_study_en__works_in_industry_en,physics,airlines,2,100,100,5000
field_of_study_en__works_in_industry_en,physics,architecture,2,100,100,5000
field_of_study_en__works_in_industry_en,physics,arts,2,100,100,5000
field_of_study_en__works_in_industry_en,physics,automotive,2,100,100,5000
field_of_study_en__works_in_industry_en,physics,banking,2,100,100,5000
field_of_study_en__works_in_industry_en,physics,biotech,2,100,100,5000
field_of_study_en__works_in_industry_en,physics,books,2,100,100,5000
field_of_study_en__works_in_industry_en,physics,catering,2,100,100,5000
field_of_study_en__works_in_industry_en,physics,chemicals,3,100,100,5000
field_of_study_en__works_in_industry_en,physics,communications,2,100,100,5000
field_of_study_en__works_in_industry_en,physics,construction,2,100,100,5000
field_of_study_en__works_in_industry_en,physics,consulting,2,100,100,5000
field_of_study_en__works_in_industry_en,physics,electrical,2,100,100,5000
field_of_study_en__works_in_industry_en,physics,energy,2,100,100,5000
field_of_study_en__works_in_industry_en,physics,engineering,2,100,100,5000
field_of_study_en__works_in_industry_en,physics,entertainment,2,100,100,5000
field_of_study_en__works_in_industry_en,physics,extraction,2,100,100,5000
field_of_study_en__works_in_industry_en,physics,fabrication,2,100,100,5000
field_of_study_en__works_in_industry_en,physics,farming,2,100,100,5000
field_of_study_en__works_in_industry_en,physics,fashion,2,100,100,5000
field_of_study_en__works_in_industry_en,physics,gaming,2,100,100,5000
field_of_study_en__works_in_industry_en,physics,government,2,100,100,5000
field_of_study_en__works_in_industry_en,physics,groceries,2,100,100,5000
field_of_study_en__works_in_industry_en,physics,healthcare,2,100,100,5000
field_of_study_en__works_in_industry_en,physics,hotels,2,100,100,5000
field_of_study_en__works_in_industry_en,physics,infrastructure,2,100,100,5000
field_of_study_en__works_in_industry_en,physics,insurance,2,100,100,5000
field_of_study_en__works_in_industry_en,physics,investment,2,100,100,5000
field_of_study_en__works_in_industry_en,physics,law,2,100,100,5000
field_of_study_en__works_in_industry_en,physics,logistics,2,100,100,5000
field_of_study_en__works_in_industry_en,physics,maritime,2,100,100,5000
field_of_study_en__works_in_industry_en,physics,media,2,100,100,5000
field_of_study_en__works_in_industry_en,physics,pharmaceuticals,2,100,100,5000
field_of_study_en__works_in_industry_en,physics,property,2,100,100,5000
field_of_study_en__works_in_industry_en,physics,railways,2,100,100,5000
field_of_study_en__works_in_industry_en,physics,recreation,2,100,100,5000
field_of_study_en__works_in_industry_en,physics,research,2,100,100,5000
field_of_study_en__works_in_industry_en,physics,retail,2,100,100,5000
field_of_study_en__works_in_industry_en,physics,security,1,100,100,5000
field_of_study_en__works_in_industry_en,physics,software,2,100,100,5000
field_of_study_en__works_in_industry_en,physics,space,2,100,100,5000
field_of_study_en__works_in_industry_en,physics,textiles,2,100,100,5000
field_of_study_en__works_in_industry_en,physics,timber,2,100,100,5000
field_of_study_en__works_in_industry_en,physics,tourism,2,100,100,5000
field_of_study_en__works_in_industry_en,physics,trade,2,100,100,5000
field_of_study_en__works_in_industry_en,physics,waste,2,100,100,5000
field_of_study_en__works_in_industry_en,physics,welfare,2,100,100,5000
field_of_study_en__works_in_industry_en,politics,academia,2,100,100,5000
field_of_study_en__works_in_industry_en,politics,accounting,2,100,100,5000
field_of_study_en__works_in_industry_en,politics,advertising,2,100,100,5000
field_of_study_en__works_in_industry_en,politics,airlines,2,100,100,5000
field_of_study_en__works_in_industry_en,politics,architecture,2,100,100,5000
field_of_study_en__works_in_industry_en,politics,arts,2,100,100,5000
field_of_study_en__works_in_industry_en,politics,automotive,2,100,100,5000
field_of_study_en__works_in_industry_en,politics,banking,2,100,100,5000
field_of_study_en__works_in_industry_en,politics,biotech,1,100,100,5000
field_of_study_en__works_in_industry_en,politics,books,3,100,100,5000
field_of_study_en__works_in_industry_en,politics,catering,2,100,100,5000
field_of_study_en__works_in_industry_en,politics,chemicals,2,100,100,5000
field_of_study_en__works_in_industry_en,politics,communications,1,100,100,5000
field_of_study_en__works_in_industry_en,politics,construction,2,100,100,5000
field_of_study_en__works_in_industry_en,politics,consulting,2,100,100,5000
field_of_study_en__works_in_industry_en,politics,electrical,2,100,100,5000
field_of_study_en__works_in_industry_en,politics,energy,2,100,100,5000
field_of_study_en__works_in_industry_en,politics,engineering,2,100,100,5000
field_of_study_en__works_in_industry_en,politics,entertainment,2,100,100,5000
field_of_study_en__works_in_industry_en,politics,extraction,2,100,100,5000
field_of_study_en__works_in_industry_en,politics,fabrication,2,100,100,5000
field_of_study_en__works_in_industry_en,politics,farming,2,100,100,5000
field_of_study_en__works_in_industry_en,politics,fashion,3,100,100,5000
field_of_study_en__works_in_industry_en,politics,gaming,2,100,100,5000
field_of_study_en__works_in_industry_en,politics,government,2,100,100,5000
field_of_study_en__works_in_industry_en,politics,groceries,2,100,100,5000
field_of_study_en__works_in_industry_en,politics,healthcare,2,100,100,5000
field_of_study_en__works_in_industry_en,politics,hotels,2,100,100,5000
field_of_study_en__works_in_industry_en,politics,infrastructure,2,100,100,5000
field_of_study_en__works_in_industry_en,politics,insurance,2,100,100,5000
field_of_study_en__works_in_industry_en,politics,investment,2,100,100,5000
field_of_study_en__works_in_industry_en,politics,law,2,100,100,5000
field_of_study_en__works_in_industry_en,politics,logistics,2,100,100,5000
field_of_study_en__works_in_industry_en,politics,maritime,2,100,100,5000
field_of_study_en__works_in_industry_en,politics,media,2,100,100,5000
field_of_study_en__works_in_industry_en,politics,pharmaceuticals,2,100,100,5000
field_of_study_en__works_in_industry_en,politics,property,2,100,100,5000
field_of_study_en__works_in_industry_en,politics,railways,2,100,100,5000
field_of_study_en__works_in_industry_en,politics,recreation,2,100,100,5000
field_of_study_en__works_in_industry_en,politics,research,2,100,100,5000
field_of_study_en__works_in_industry_en,politics,retail,2,100,100,5000
field_of_study_en__works_in_industry_en,politics,security,2,100,100,5000
field_of_study_en__works_in_industry_en,politics,software,2,100,100,5000
field_of_study_en__works_in_industry_en,politics,space,2,100,100,5000
field_of_study_en__works_in_industry_en,politics,textiles,2,100,100,5000
field_of_study_en__works_in_industry_en,politics,timber,2,100,100,5000
field_of_study_en__works_in_industry_en,politics,tourism,2,100,100,5000
field_of_study_en__works_in_industry_en,politics,trade,2,100,100,5000
field_of_study_en__works_in_industry_en,politics,waste,2,100,100,5000
field_of_study_en__works_in_industry_en,politics,welfare,2,100,100,5000
field_of_study_en__works_in_industry_en,psychology,academia,2,100,100,5000
field_of_study_en__works_in_industry_en,psychology,accounting,2,100,100,5000
field_of_study_en__works_in_industry_en,psychology,advertising,2,100,100,5000
field_of_study_en__works_in_industry_en,psychology,airlines,2,100,100,5000
field_of_study_en__works_in_industry_en,psychology,architecture,2,100,100,5000
field_of_study_en__works_in_industry_en,psychology,arts,2,100,100,5000
field_of_study_en__works_in_industry_en,psychology,automotive,2,100,100,5000
field_of_study_en__works_in_industry_en,psychology,banking,2,100,100,5000
field_of_study_en__works_in_industry_en,psychology,biotech,3,100,100,5000
field_of_study_en__works_in_industry_en,psychology,books,2,100,100,5000
field_of_study_en__works_in_industry_en,psychology,catering,2,100,100,5000
field_of_study_en__works_in_industry_en,psychology,chemicals,2,100,100,5000
field_of_study_en__works_in_industry_en,psychology,communications,3,100,100,5000
field_of_study_en__works_in_industry_en,psychology,construction,2,100,100,5000
field_of_study_en__works_in_industry_en,psychology,consulting,2,100,100,5000
field_of_study_en__works_in_industry_en,psychology,electrical,2,100,100,5000
field_of_study_en__works_in_industry_en,psychology,energy,2,100,100,5000
field_of_study_en__works_in_industry_en,psychology,engineering,2,100,100,5000
field_of_study_en__works_in_industry_en,psychology,entertainment,2,100,100,5000
field_of_study_en__works_in_industry_en,psychology,extraction,2,100,100,5000
field_of_study_en__works_in_industry_en,psychology,fabrication,2,100,100,5000
field_of_study_en__works_in_industry_en,psychology,farming,2,100,100,5000
field_of_study_en__works_in_industry_en,psychology,fashion,2,100,100,5000
field_of_study_en__works_in_industry_en,psychology,gaming,2,100,100,5000
field_of_study_en__works_in_industry_en,psychology,government,2,100,100,5000
field_of_study_en__works_in_industry_en,psychology,groceries,2,100,100,5000
field_of_study_en__works_in_industry_en,psychology,healthcare,2,100,100,5000
field_of_study_en__works_in_industry_en,psychology,hotels,2,100,100,5000
field_of_study_en__works_in_industry_en,psychology,infrastructure,2,100,100,5000
field_of_study_en__works_in_industry_en,psychology,insurance,2,100,100,5000
field_of_study_en__works_in_industry_en,psychology,investment,2,100,100,5000
field_of_study_en__works_in_industry_en,psychology,law,2,100,100,5000
field_of_study_en__works_in_industry_en,psychology,logistics,2,100,100,5000
field_of_study_en__works_in_industry_en,psychology,maritime,2,100,100,5000
field_of_study_en__works_in_industry_en,psychology,media,2,100,100,5000
field_of_study_en__works_in_industry_en,psychology,pharmaceuticals,2,100,100,5000
field_of_study_en__works_in_industry_en,psychology,property,3,100,100,5000
field_of_study_en__works_in_industry_en,psychology,railways,1,100,100,5000
field_of_study_en__works_in_industry_en,psychology,recreation,2,100,100,5000
field_of_study_en__works_in_industry_en,psychology,research,2,100,100,5000
field_of_study_en__works_in_industry_en,psychology,retail,2,100,100,5000
field_of_study_en__works_in_industry_en,psychology,security,2,100,100,5000
field_of_study_en__works_in_industry_en,psychology,software,2,100,100,5000
field_of_study_en__works_in_industry_en,psychology,space,1,100,100,5000
field_of_study_en__works_in_industry_en,psychology,textiles,2,100,100,5000
field_of_study_en__works_in_industry_en,psychology,timber,2,100,100,5000
field_of_study_en__works_in_industry_en,psychology,tourism,2,100,100,5000
field_of_study_en__works_in_industry_en,psychology,trade,2,100,100,5000
field_of_study_en__works_in_industry_en,psychology,waste,1,100,100,5000
field_of_study_en__works_in_industry_en,psychology,welfare,2,100,100,5000
field_of_study_en__works_in_industry_en,quantitative methods,academia,2,100,100,5000
field_of_study_en__works_in_industry_en,quantitative methods,accounting,2,100,100,5000
field_of_study_en__works_in_industry_en,quantitative methods,advertising,2,100,100,5000
field_of_study_en__works_in_industry_en,quantitative methods,airlines,2,100,100,5000
field_of_study_en__works_in_industry_en,quantitative methods,architecture,2,100,100,5000
field_of_study_en__works_in_industry_en,quantitative methods,arts,2,100,100,5000
field_of_study_en__works_in_industry_en,quantitative methods,automotive,2,100,100,5000
field_of_study_en__works_in_industry_en,quantitative methods,banking,2,100,100,5000
field_of_study_en__works_in_industry_en,quantitative methods,biotech,2,100,100,5000
field_of_study_en__works_in_industry_en,quantitative methods,books,2,100,100,5000
field_of_study_en__works_in_industry_en,quantitative methods,catering,2,100,100,5000
field_of_study_en__works_in_industry_en,quantitative methods,chemicals,2,100,100,5000
field_of_study_en__works_in_industry_en,quantitative methods,communications,2,100,100,5000
field_of_study_en__works_in_industry_en,quantitative methods,construction,2,100,100,5000
field_of_study_en__works_in_industry_en,quantitative methods,consulting,2,100,100,5000
field_of_study_en__works_in_industry_en,quantitative methods,electrical,2,100,100,5000
field_of_study_en__works_in_industry_en,quantitative methods,energy,2,100,100,5000
field_of_study_en__works_in_industry_en,quantitative methods,engineering,2,100,100,5000
field_of_study_en__works_in_industry_en,quantitative methods,entertainment,2,100,100,5000
field_of_study_en__works_in_industry_en,quantitative methods,extraction,2,100,100,5000
field_of_study_en__works_in_industry_en,quantitative methods,fabrication,2,100,100,5000
field_of_study_en__works_in_industry_en,quantitative methods,farming,2,100,100,5000
field_of_study_en__works_in_industry_en,quantitative methods,fashion,2,100,100,5000
field_of_study_en__works_in_industry_en,quantitative methods,gaming,2,100,100,5000
field_of_study_en__works_in_industry_en,quantitative methods,government,2,100,100,5000
field_of_study_en__works_in_industry_en,quantitative methods,groceries,1,100,100,5000
field_of_study_en__works_in_industry_en,quantitative methods,healthcare,2,100,100,5000
field_of_study_en__works_in_industry_en,quantitative methods,hotels,2,100,100,5000
field_of_study_en__works_in_industry_en,quantitative methods,infrastructure,2,100,100,5000
field_of_study_en__works_in_industry_en,quantitative methods,insurance,2,100,100,5000
field_of_study_en__works_in_industry_en,quantitative methods,investment,2,100,100,5000
field_of_study_en__works_in_industry_en,quantitative methods,law,2,100,100,5000
field_of_study_en__works_in_industry_en,quantitative methods,logistics,2,100,100,5000
field_of_study_en__works_in_industry_en,quantitative methods,maritime,2,100,100,5000
field_of_study_en__works_in_industry_en,quantitative methods,media,2,100,100,5000
field_of_study_en__works_in_industry_en,quantitative methods,pharmaceuticals,2,100,100,5000
field_of_study_en__works_in_industry_en,quantitative methods,property,2,100,100,5000
field_of_study_en__works_in_industry_en,quantitative methods,railways,2,100,100,5000
field_of_study_en__works_in_industry_en,quantitative methods,recreation,2,100,100,5000
field_of_study_en__works_in_industry_en,quantitative methods,research,2,100,100,5000
field_of_study_en__works_in_industry_en,quantitative methods,retail,2,100,100,5000
field_of_study_en__works_in_industry_en,quantitative methods,security,2,100,100,5000
field_of_study_en__works_in_industry_en,quantitative methods,software,2,100,100,5000
field_of_study_en__works_in_industry_en,quantitative methods,space,3,100,100,5000
field_of_study_en__works_in_industry_en,quantitative methods,textiles,2,100,100,5000
field_of_study_en__works_in_industry_en,quantitative methods,timber,2,100,100,5000
field_of_study_en__works_in_industry_en,quantitative methods,tourism,2,100,100,5000
field_of_study_en__works_in_industry_en,quantitative methods,trade,2,100,100,5000
field_of_study_en__works_in_industry_en,quantitative methods,waste,2,100,100,5000
field_of_study_en__works_in_industry_en,quantitative methods,welfare,2,100,100,5000
field_of_study_en__works_in_industry_en,social care,academia,2,100,100,5000
field_of_study_en__works_in_industry_en,social care,accounting,2,100,100,5000
field_of_study_en__works_in_industry_en,social care,advertising,2,100,100,5000
field_of_study_en__works_in_industry_en,social care,airlines,2,100,100,5000
field_of_study_en__works_in_industry_en,social care,architecture,2,100,100,5000
field_of_study_en__works_in_industry_en,social care,arts,2,100,100,5000
field_of_study_en__works_in_industry_en,social care,automotive,2,100,100,5000
field_of_study_en__works_in_industry_en,social care,banking,2,100,100,5000
field_of_study_en__works_in_industry_en,social care,biotech,2,100,100,5000
field_of_study_en__works_in_industry_en,social care,books,2,100,100,5000
field_of_study_en__works_in_industry_en,social care,catering,2,100,100,5000
field_of_study_en__works_in_industry_en,social care,chemicals,2,100,100,5000
field_of_study_en__works_in_industry_en,social care,communications,2,100,100,5000
field_of_study_en__works_in_industry_en,social care,construction,2,100,100,5000
field_of_study_en__works_in_industry_en,social care,consulting,1,100,100,5000
field_of_study_en__works_in_industry_en,social care,electrical,2,100,100,5000
field_of_study_en__works_in_industry_en,social care,energy,2,100,100,5000
field_of_study_en__works_in_industry_en,social care,engineering,2,100,100,5000
field_of_study_en__works_in_industry_en,social care,entertainment,2,100,100,5000
field_of_study_en__works_in_industry_en,social care,extraction,2,100,100,5000
field_of_study_en__works_in_industry_en,social care,fabrication,2,100,100,5000
field_of_study_en__works_in_industry_en,social care,farming,3,100,100,5000
field_of_study_en__works_in_industry_en,social care,fashion,2,100,100,5000
field_of_study_en__works_in_industry_en,social care,gaming,2,100,100,5000
field_of_study_en__works_in_industry_en,social care,government,2,100,100,5000
field_of_study_en__works_in_industry_en,social care,groceries,2,100,100,5000
field_of_study_en__works_in_industry_en,social care,healthcare,3,100,100,5000
field_of_study_en__works_in_industry_en,social care,hotels,2,100,100,5000
field_of_study_en__works_in_industry_en,social care,infrastructure,2,100,100,5000
field_of_study_en__works_in_industry_en,social care,insurance,2,100,100,5000
field_of_study_en__works_in_industry_en,social care,investment,2,100,100,5000
field_of_study_en__works_in_industry_en,social care,law,2,100,100,5000
field_of_study_en__works_in_industry_en,social care,logistics,2,100,100,5000
field_of_study_en__works_in_industry_en,social care,maritime,2,100,100,5000
field_of_study_en__works_in_industry_en,social care,media,2,100,100,5000
field_of_study_en__works_in_industry_en,social care,pharmaceuticals,2,100,100,5000
field_of_study_en__works_in_industry_en,social care,property,2,100,100,5000
field_of_study_en__works_in_industry_en,social care,railways,2,100,100,5000
field_of_study_en__works_in_industry_en,social care,recreation,2,100,100,5000
field_of_study_en__works_in_industry_en,social care,research,2,100,100,5000
field_of_study_en__works_in_industry_en,social care,retail,2,100,100,5000
field_of_study_en__works_in_industry_en,social care,security,2,100,100,5000
field_of_study_en__works_in_industry_en,social care,software,2,100,100,5000
field_of_study_en__works_in_industry_en,social care,space,2,100,100,5000
field_of_study_en__works_in_industry_en,social care,textiles,2,100,100,5000
field_of_study_en__works_in_industry_en,social care,timber,2,100,100,5000
field_of_study_en__works_in_industry_en,social care,tourism,1,100,100,5000
field_of_study_en__works_in_industry_en,social care,trade,2,100,100,5000
field_of_study_en__works_in_industry_en,social care,waste,2,100,100,5000
field_of_study_en__works_in_industry_en,social care,welfare,2,100,100,5000
field_of_study_en__works_in_industry_en,software,academia,2,100,100,5000
field_of_study_en__works_in_industry_en,software,accounting,2,100,100,5000
field_of_study_en__works_in_industry_en,software,advertising,2,100,100,5000
field_of_study_en__works_in_industry_en,software,airlines,2,100,100,5000
field_of_study_en__works_in_industry_en,software,architecture,2,100,100,5000
field_of_study_en__works_in_industry_en,software,arts,2,100,100,5000
field_of_study_en__works_in_industry_en,software,automotive,2,100,100,5000
field_of_study_en__works_in_industry_en,software,banking,2,100,100,5000
field_of_study_en__works_in_industry_en,software,biotech,2,100,100,5000
field_of_study_en__works_in_industry_en,software,books,2,100,100,5000
field_of_study_en__works_in_industry_en,software,catering,2,100,100,5000
field_of_study_en__works_in_industry_en,software,chemicals,2,100,100,5000
field_of_study_en__works_in_industry_en,software,communications,2,100,100,5000
field_of_study_en__works_in_industry_en,software,construction,2,100,100,5000
field_of_study_en__works_in_industry_en,software,consulting,2,100,100,5000
field_of_study_en__works_in_industry_en,software,electrical,2,100,100,5000
field_of_study_en__works_in_industry_en,software,energy,2,100,100,5000
field_of_study_en__works_in_industry_en,software,engineering,2,100,100,5000
field_of_study_en__works_in_industry_en,software,entertainment,2,100,100,5000
field_of_study_en__works_in_industry_en,software,extraction,2,100,100,5000
field_of_study_en__works_in_industry_en,software,fabrication,2,100,100,5000
field_of_study_en__works_in_industry_en,software,farming,2,100,100,5000
field_of_study_en__works_in_industry_en,software,fashion,2,100,100,5000
field_of_study_en__works_in_industry_en,software,gaming,2,100,100,5000
field_of_study_en__works_in_industry_en,software,government,2,100,100,5000
field_of_study_en__works_in_industry_en,software,groceries,2,100,100,5000
field_of_study_en__works_in_industry_en,software,healthcare,2,100,100,5000
field_of_study_en__works_in_industry_en,software,hotels,2,100,100,5000
field_of_study_en__works_in_industry_en,software,infrastructure,2,100,100,5000
field_of_study_en__works_in_industry_en,software,insurance,2,100,100,5000
field_of_study_en__works_in_industry_en,software,investment,2,100,100,5000
field_of_study_en__works_in_industry_en,software,law,2,100,100,5000
field_of_study_en__works_in_industry_en,software,logistics,2,100,100,5000
field_of_study_en__works_in_industry_en,software,maritime,2,100,100,5000
field_of_study_en__works_in_industry_en,software,media,2,100,100,5000
field_of_study_en__works_in_industry_en,software,pharmaceuticals,2,100,100,5000
field_of_study_en__works_in_industry_en,software,property,2,100,100,5000
field_of_study_en__works_in_industry_en,software,railways,2,100,100,5000
field_of_study_en__works_in_industry_en,software,recreation,2,100,100,5000
field_of_study_en__works_in_industry_en,software,research,2,100,100,5000
field_of_study_en__works_in_industry_en,software,retail,2,100,100,5000
field_of_study_en__works_in_industry_en,software,security,2,100,100,5000
field_of_study_en__works_in_industry_en,software,software,2,100,100,5000
field_of_study_en__works_in_industry_en,software,space,2,100,100,5000
field_of_study_en__works_in_industry_en,software,textiles,2,100,100,5000
field_of_study_en__works_in_industry_en,software,timber,2,100,100,5000
field_of_study_en__works_in_industry_en,software,tourism,2,100,100,5000
field_of_study_en__works_in_industry_en,software,trade,2,100,100,5000
field_of_study_en__works_in_industry_en,software,waste,2,100,100,5000
field_of_study_en__works_in_industry_en,software,welfare,2,100,100,5000
field_of_study_en__works_in_industry_en,statistics,academia,3,100,100,5000
field_of_study_en__works_in_industry_en,statistics,accounting,2,100,100,5000
field_of_study_en__works_in_industry_en,statistics,advertising,2,100,100,5000
field_of_study_en__works_in_industry_en,statistics,airlines,2,100,100,5000
field_of_study_en__works_in_industry_en,statistics,architecture,2,100,100,5000
field_of_study_en__works_in_industry_en,statistics,arts,2,100,100,5000
field_of_study_en__works_in_industry_en,statistics,automotive,2,100,100,5000
field_of_study_en__works_in_industry_en,statistics,banking,2,100,100,5000
field_of_study_en__works_in_industry_en,statistics,biotech,3,100,100,5000
field_of_study_en__works_in_industry_en,statistics,books,2,100,100,5000
field_of_study_en__works_in_industry_en,statistics,catering,2,100,100,5000
field_of_study_en__works_in_industry_en,statistics,chemicals,2,100,100,5000
field_of_study_en__works_in_industry_en,statistics,communications,2,100,100,5000
field_of_study_en__works_in_industry_en,statistics,construction,2,100,100,5000
field_of_study_en__works_in_industry_en,statistics,consulting,2,100,100,5000
field_of_study_en__works_in_industry_en,statistics,electrical,2,100,100,5000
field_of_study_en__works_in_industry_en,statistics,energy,2,100,100,5000
field_of_study_en__works_in_industry_en,statistics,engineering,2,100,100,5000
field_of_study_en__works_in_industry_en,statistics,entertainment,2,100,100,5000
field_of_study_en__works_in_industry_en,statistics,extraction,2,100,100,5000
field_of_study_en__works_in_industry_en,statistics,fabrication,2,100,100,5000
field_of_study_en__works_in_industry_en,statistics,farming,2,100,100,5000
field_of_study_en__works_in_industry_en,statistics,fashion,2,100,100,5000
field_of_study_en__works_in_industry_en,statistics,gaming,2,100,100,5000
field_of_study_en__works_in_industry_en,statistics,government,2,100,100,5000
field_of_study_en__works_in_industry_en,statistics,groceries,2,100,100,5000
field_of_study_en__works_in_industry_en,statistics,healthcare,2,100,100,5000
field_of_study_en__works_in_industry_en,statistics,hotels,2,100,100,5000
field_of_study_en__works_in_industry_en,statistics,infrastructure,1,100,100,5000
field_of_study_en__works_in_industry_en,statistics,insurance,2,100,100,5000
field_of_study_en__works_in_industry_en,statistics,investment,2,100,100,5000
field_of_study_en__works_in_industry_en,statistics,law,2,100,100,5000
field_of_study_en__works_in_industry_en,statistics,logistics,1,100,100,5000
field_of_study_en__works_in_industry_en,statistics,maritime,2,100,100,5000
field_of_study_en__works_in_industry_en,statistics,media,3,100,100,5000
field_of_study_en__works_in_industry_en,statistics,pharmaceuticals,2,100,100,5000
field_of_study_en__works_in_industry_en,statistics,property,2,100,100,5000
field_of_study_en__works_in_industry_en,statistics,railways,2,100,100,5000
field_of_study_en__works_in_industry_en,statistics,recreation,2,100,100,5000
field_of_study_en__works_in_industry_en,statistics,research,2,100,100,5000
field_of_study_en__works_in_industry_en,statistics,retail,2,100,100,5000
field_of_study_en__works_in_industry_en,statistics,security,2,100,100,5000
field_of_study_en__works_in_industry_en,statistics,software,2,100,100,5000
field_of_study_en__works_in_industry_en,statistics,space,2,100,100,5000
field_of_study_en__works_in_industry_en,statistics,textiles,2,100,100,5000
field_of_study_en__works_in_industry_en,statistics,timber,2,100,100,5000
field_of_study_en__works_in_industry_en,statistics,tourism,1,100,100,5000
field_of_study_en__works_in_industry_en,statistics,trade,2,100,100,5000
field_of_study_en__works_in_industry_en,statistics,waste,2,100,100,5000
field_of_study_en__works_in_industry_en,statistics,welfare,2,100,100,5000
field_of_study_en__works_in_industry_en,teaching,academia,2,100,100,5000
field_of_study_en__works_in_industry_en,teaching,accounting,2,100,100,5000
field_of_study_en__works_in_industry_en,teaching,advertising,2,100,100,5000
field_of_study_en__works_in_industry_en,teaching,airlines,2,100,100,5000
field_of_study_en__works_in_industry_en,teaching,architecture,2,100,100,5000
field_of_study_en__works_in_industry_en,teaching,arts,2,100,100,5000
field_of_study_en__works_in_industry_en,teaching,automotive,2,100,100,5000
field_of_study_en__works_in_industry_en,teaching,banking,2,100,100,5000
field_of_study_en__works_in_industry_en,teaching,biotech,2,100,100,5000
field_of_study_en__works_in_industry_en,teaching,books,2,100,100,5000
field_of_study_en__works_in_industry_en,teaching,catering,2,100,100,5000
field_of_study_en__works_in_industry_en,teaching,chemicals,2,100,100,5000
field_of_study_en__works_in_industry_en,teaching,communications,2,100,100,5000
field_of_study_en__works_in_industry_en,teaching,construction,2,100,100,5000
field_of_study_en__works_in_industry_en,teaching,consulting,2,100,100,5000
field_of_study_en__works_in_industry_en,teaching,electrical,2,100,100,5000
field_of_study_en__works_in_industry_en,teaching,energy,2,100,100,5000
field_of_study_en__works_in_industry_en,teaching,engineering,2,100,100,5000
field_of_study_en__works_in_industry_en,teaching,entertainment,2,100,100,5000
field_of_study_en__works_in_industry_en,teaching,extraction,2,100,100,5000
field_of_study_en__works_in_industry_en,teaching,fabrication,2,100,100,5000
field_of_study_en__works_in_industry_en,teaching,farming,2,100,100,5000
field_of_study_en__works_in_industry_en,teaching,fashion,2,100,100,5000
field_of_study_en__works_in_industry_en,teaching,gaming,2,100,100,5000
field_of_study_en__works_in_industry_en,teaching,government,2,100,100,5000
field_of_study_en__works_in_industry_en,teaching,groceries,2,100,100,5000
field_of_study_en__works_in_industry_en,teaching,healthcare,2,100,100,5000
field_of_study_en__works_in_industry_en,teaching,hotels,2,100,100,5000
field_of_study_en__works_in_industry_en,teaching,infrastructure,2,100,100,5000
field_of_study_en__works_in_industry_en,teaching,insurance,2,100,100,5000
field_of_study_en__works_in_industry_en,teaching,investment,2,100,100,5000
field_of_study_en__works_in_industry_en,teaching,law,2,100,100,5000
field_of_study_en__works_in_industry_en,teaching,logistics,2,100,100,5000
field_of_study_en__works_in_industry_en,teaching,maritime,2,100,100,5000
field_of_study_en__works_in_industry_en,teaching,media,2,100,100,5000
field_of_study_en__works_in_industry_en,teaching,pharmaceuticals,3,100,100,5000
field_of_study_en__works_in_industry_en,teaching,property,2,100,100,5000
field_of_study_en__works_in_industry_en,teaching,railways,1,100,100,5000
field_of_study_en__works_in_industry_en,teaching,recreation,2,100,100,5000
field_of_study_en__works_in_industry_en,teaching,research,2,100,100,5000
field_of_study_en__works_in_industry_en,teaching,retail,2,100,100,5000
field_of_study_en__works_in_industry_en,teaching,security,2,100,100,5000
field_of_study_en__works_in_industry_en,teaching,software,2,100,100,5000
field_of_study_en__works_in_industry_en,teaching,space,2,100,100,5000
field_of_study_en__works_in_industry_en,teaching,textiles,2,100,100,5000
field_of_study_en__works_in_industry_en,teaching,timber,2,100,100,5000
field_of_study_en__works_in_industry_en,teaching,tourism,2,100,100,5000
field_of_study_en__works_in_industry_en,teaching,trade,2,100,100,5000
field_of_study_en__works_in_industry_en,teaching,waste,2,100,100,5000
field_of_study_en__works_in_industry_en,teaching,welfare,2,100,100,5000
field_of_study_en__works_in_industry_en,theatre,academia,2,100,100,5000
field_of_study_en__works_in_industry_en,theatre,accounting,2,100,100,5000
field_of_study_en__works_in_industry_en,theatre,advertising,2,100,100,5000
field_of_study_en__works_in_industry_en,theatre,airlines,2,100,100,5000
field_of_study_en__works_in_industry_en,theatre,architecture,2,100,100,5000
field_of_study_en__works_in_industry_en,theatre,arts,2,100,100,5000
field_of_study_en__works_in_industry_en,theatre,automotive,2,100,100,5000
field_of_study_en__works_in_industry_en,theatre,banking,2,100,100,5000
field_of_study_en__works_in_industry_en,theatre,biotech,2,100,100,5000
field_of_study_en__works_in_industry_en,theatre,books,2,100,100,5000
field_of_study_en__works_in_industry_en,theatre,catering,2,100,100,5000
field_of_study_en__works_in_industry_en,theatre,chemicals,2,100,100,5000
field_of_study_en__works_in_industry_en,theatre,communications,2,100,100,5000
field_of_study_en__works_in_industry_en,theatre,construction,2,100,100,5000
field_of_study_en__works_in_industry_en,theatre,consulting,2,100,100,5000
field_of_study_en__works_in_industry_en,theatre,electrical,2,100,100,5000
field_of_study_en__works_in_industry_en,theatre,energy,2,100,100,5000
field_of_study_en__works_in_industry_en,theatre,engineering,2,100,100,5000
field_of_study_en__works_in_industry_en,theatre,entertainment,2,100,100,5000
field_of_study_en__works_in_industry_en,theatre,extraction,2,100,100,5000
field_of_study_en__works_in_industry_en,theatre,fabrication,2,100,100,5000
field_of_study_en__works_in_industry_en,theatre,farming,2,100,100,5000
field_of_study_en__works_in_industry_en,theatre,fashion,2,100,100,5000
field_of_study_en__works_in_industry_en,theatre,gaming,2,100,100,5000
field_of_study_en__works_in_industry_en,theatre,government,2,100,100,5000
field_of_study_en__works_in_industry_en,theatre,groceries,2,100,100,5000
field_of_study_en__works_in_industry_en,theatre,healthcare,2,100,100,5000
field_of_study_en__works_in_industry_en,theatre,hotels,2,100,100,5000
field_of_study_en__works_in_industry_en,theatre,infrastructure,2,100,100,5000
field_of_study_en__works_in_industry_en,theatre,insurance,2,100,100,5000
field_of_study_en__works_in_industry_en,theatre,investment,2,100,100,5000
field_of_study_en__works_in_industry_en,theatre,law,2,100,100,5000
field_of_study_en__works_in_industry_en,theatre,logistics,2,100,100,5000
field_of_study_en__works_in_industry_en,theatre,maritime,2,100,100,5000
field_of_study_en__works_in_industry_en,theatre,media,2,100,100,5000
field_of_study_en__works_in_industry_en,theatre,pharmaceuticals,2,100,100,5000
field_of_study_en__works_in_industry_en,theatre,property,2,100,100,5000
field_of_study_en__works_in_industry_en,theatre,railways,2,100,100,5000
field_of_study_en__works_in_industry_en,theatre,recreation,2,100,100,5000
field_of_study_en__works_in_industry_en,theatre,research,2,100,100,5000
field_of_study_en__works_in_industry_en,theatre,retail,2,100,100,5000
field_of_study_en__works_in_industry_en,theatre,security,2,100,100,5000
field_of_study_en__works_in_industry_en,theatre,software,2,100,100,5000
field_of_study_en__works_in_industry_en,theatre,space,2,100,100,5000
field_of_study_en__works_in_industry_en,theatre,textiles,2,100,100,5000
field_of_study_en__works_in_industry_en,theatre,timber,2,100,100,5000
field_of_study_en__works_in_industry_en,theatre,tourism,2,100,100,5000
field_of_study_en__works_in_industry_en,theatre,trade,2,100,100,5000
field_of_study_en__works_in_industry_en,theatre,waste,2,100,100,5000
field_of_study_en__works_in_industry_en,theatre,welfare,2,100,100,5000
field_of_study_en__works_in_industry_en,tourism,academia,2,100,100,5000
field_of_study_en__works_in_industry_en,tourism,accounting,2,100,100,5000
field_of_study_en__works_in_industry_en,tourism,advertising,2,100,100,5000
field_of_study_en__works_in_industry_en,tourism,airlines,2,100,100,5000
field_of_study_en__works_in_industry_en,tourism,architecture,2,100,100,5000
field_of_study_en__works_in_industry_en,tourism,arts,2,100,100,5000
field_of_study_en__works_in_industry_en,tourism,automotive,2,100,100,5000
field_of_study_en__works_in_industry_en,tourism,banking,2,100,100,5000
field_of_study_en__works_in_industry_en,tourism,biotech,2,100,100,5000
field_of_study_en__works_in_industry_en,tourism,books,2,100,100,5000
field_of_study_en__works_in_industry_en,tourism,catering,2,100,100,5000
field_of_study_en__works_in_industry_en,tourism,chemicals,2,100,100,5000
field_of_study_en__works_in_industry_en,tourism,communications,1,100,100,5000
field_of_study_en__works_in_industry_en,tourism,construction,2,100,100,5000
field_of_study_en__works_in_industry_en,tourism,consulting,3,100,100,5000
field_of_study_en__works_in_industry_en,tourism,electrical,2,100,100,5000
field_of_study_en__works_in_industry_en,tourism,energy,2,100,100,5000
field_of_study_en__works_in_industry_en,tourism,engineering,2,100,100,5000
field_of_study_en__works_in_industry_en,tourism,entertainment,2,100,100,5000
field_of_study_en__works_in_industry_en,tourism,extraction,3,100,100,5000
field_of_study_en__works_in_industry_en,tourism,fabrication,2,100,100,5000
field_of_study_en__works_in_industry_en,tourism,farming,2,100,100,5000
field_of_study_en__works_in_industry_en,tourism,fashion,2,100,100,5000
field_of_study_en__works_in_industry_en,tourism,gaming,2,100,100,5000
field_of_study_en__works_in_industry_en,tourism,government,2,100,100,5000
field_of_study_en__works_in_industry_en,tourism,groceries,2,100,100,5000
field_of_study_en__works_in_industry_en,tourism,healthcare,2,100,100,5000
field_of_study_en__works_in_industry_en,tourism,hotels,2,100,100,5000
field_of_study_en__works_in_industry_en,tourism,infrastructure,2,100,100,5000
field_of_study_en__works_in_industry_en,tourism,insurance,2,100,100,5000
field_of_study_en__works_in_industry_en,tourism,investment,2,100,100,5000
field_of_study_en__works_in_industry_en,tourism,law,2,100,100,5000
field_of_study_en__works_in_industry_en,tourism,logistics,2,100,100,5000
field_of_study_en__works_in_industry_en,tourism,maritime,2,100,100,5000
field_of_study_en__works_in_industry_en,tourism,media,2,100,100,5000
field_of_study_en__works_in_industry_en,tourism,pharmaceuticals,1,100,100,5000
field_of_study_en__works_in_industry_en,tourism,property,2,100,100,5000
field_of_study_en__works_in_industry_en,tourism,railways,2,100,100,5000
field_of_study_en__works_in_industry_en,tourism,recreation,2,100,100,5000
field_of_study_en__works_in_industry_en,tourism,research,2,100,100,5000
field_of_study_en__works_in_industry_en,tourism,retail,2,100,100,5000
field_of_study_en__works_in_industry_en,tourism,security,2,100,100,5000
field_of_study_en__works_in_industry_en,tourism,software,2,100,100,5000
field_of_study_en__works_in_industry_en,tourism,space,2,100,100,5000
field_of_study_en__works_in_industry_en,tourism,textiles,2,100,100,5000
field_of_study_en__works_in_industry_en,tourism,timber,2,100,100,5000
field_of_study_en__works_in_industry_en,tourism,tourism,2,100,100,5000
field_of_study_en__works_in_industry_en,tourism,trade,1,100,100,5000
field_of_study_en__works_in_industry_en,tourism,waste,3,100,100,5000
field_of_study_en__works_in_industry_en,tourism,welfare,2,100,100,5000
name_rarity_bucket__field_of_study_en,common,accounting,40,2000,100,5000
name_rarity_bucket__field_of_study_en,common,agriculture,41,2000,100,5000
name_rarity_bucket__field_of_study_en,common,animal care,40,2000,100,5000
name_rarity_bucket__field_of_study_en,common,anthropology,39,2000,100,5000
name_rarity_bucket__field_of_study_en,common,archaeology,40,2000,100,5000
name_rarity_bucket__field_of_study_en,common,architecture,40,2000,100,5000
name_rarity_bucket__field_of_study_en,common,biology,39,2000,100,5000
name_rarity_bucket__field_of_study_en,common,business,40,2000,100,5000
name_rarity_bucket__field_of_study_en,common,chemistry,39,2000,100,5000
name_rarity_bucket__field_of_study_en,common,communication,41,2000,100,5000
name_rarity_bucket__field_of_study_en,common,computing,40,2000,100,5000
name_rarity_bucket__field_of_study_en,common,construction,41,2000,100,5000
name_rarity_bucket__field_of_study_en,common,cultural analysis,40,2000,100,5000
name_rarity_bucket__field_of_study_en,common,data analytics,39,2000,100,5000
name_rarity_bucket__field_of_study_en,common,dental studies,40,2000,100,5000
name_rarity_bucket__field_of_study_en,common,design,40,2000,100,5000
name_rarity_bucket__field_of_study_en,common,diplomacy,39,2000,100,5000
name_rarity_bucket__field_of_study_en,common,ecology,40,2000,100,5000
name_rarity_bucket__field_of_study_en,common,economics,42,2000,100,5000
name_rarity_bucket__field_of_study_en,common,electricity,40,2000,100,5000
name_rarity_bucket__field_of_study_en,common,exercise science,40,2000,100,5000
name_rarity_bucket__field_of_study_en,common,film studies,39,2000,100,5000
name_rarity_bucket__field_of_study_en,common,fiscal studies,41,2000,100,5000
name_rarity_bucket__field_of_study_en,common,forestry,41,2000,100,5000
name_rarity_bucket__field_of_study_en,common,geography,40,2000,100,5000
name_rarity_bucket__field_of_study_en,common,governance,41,2000,100,5000
name_rarity_bucket__field_of_study_en,common,history,40,2000,100,5000
name_rarity_bucket__field_of_study_en,common,law,40,2000,100,5000
name_rarity_bucket__field_of_study_en,common,linguistics,39,2000,100,5000
name_rarity_bucket__field_of_study_en,common,literature,40,2000,100,5000
name_rarity_bucket__field_of_study_en,common,logistics,40,2000,100,5000
name_rarity_bucket__field_of_study_en,common,management,39,2000,100,5000
name_rarity_bucket__field_of_study_en,common,marketing,39,2000,100,5000
name_rarity_bucket__field_of_study_en,common,mechanics,40,2000,100,5000
name_rarity_bucket__field_of_study_en,common,media studies,40,2000,100,5000
name_rarity_bucket__field_of_study_en,common,medicine,40,2000,100,5000
name_rarity_bucket__field_of_study_en,common,music,40,2000,100,5000
name_rarity_bucket__field_of_study_en,common,nursing,40,2000,100,5000
name_rarity_bucket__field_of_study_en,common,pharmacy,41,2000,100,5000
name_rarity_bucket__field_of_study_en,common,philosophy,40,2000,100,5000
name_rarity_bucket__field_of_study_en,common,physics,39,2000,100,5000
name_rarity_bucket__field_of_study_en,common,politics,39,2000,100,5000
name_rarity_bucket__field_of_study_en,common,psychology,40,2000,100,5000
name_rarity_bucket__field_of_study_en,common,quantitative methods,40,2000,100,5000
name_rarity_bucket__field_of_study_en,common,social care,40,2000,100,5000
name_rarity_bucket__field_of_study_en,common,software,40,2000,100,5000
name_rarity_bucket__field_of_study_en,common,statistics,41,2000,100,5000
name_rarity_bucket__field_of_study_en,common,teaching,40,2000,100,5000
name_rarity_bucket__field_of_study_en,common,theatre,40,2000,100,5000
name_rarity_bucket__field_of_study_en,common,tourism,41,2000,100,5000
name_rarity_bucket__field_of_study_en,medium,accounting,36,1750,100,5000
name_rarity_bucket__field_of_study_en,medium,agriculture,34,1750,100,5000
name_rarity_bucket__field_of_study_en,medium,animal care,34,1750,100,5000
name_rarity_bucket__field_of_study_en,medium,anthropology,35,1750,100,5000
name_rarity_bucket__field_of_study_en,medium,archaeology,35,1750,100,5000
name_rarity_bucket__field_of_study_en,medium,architecture,36,1750,100,5000
name_rarity_bucket__field_of_study_en,medium,biology,35,1750,100,5000
name_rarity_bucket__field_of_study_en,medium,business,34,1750,100,5000
name_rarity_bucket__field_of_study_en,medium,chemistry,36,1750,100,5000
name_rarity_bucket__field_of_study_en,medium,communication,34,1750,100,5000
name_rarity_bucket__field_of_study_en,medium,computing,34,1750,100,5000
name_rarity_bucket__field_of_study_en,medium,construction,34,1750,100,5000
name_rarity_bucket__field_of_study_en,medium,cultural analysis,36,1750,100,5000
name_rarity_bucket__field_of_study_en,medium,data analytics,37,1750,100,5000
name_rarity_bucket__field_of_study_en,medium,dental studies,34,1750,100,5000
name_rarity_bucket__field_of_study_en,medium,design,35,1750,100,5000
name_rarity_bucket__field_of_study_en,medium,diplomacy,35,1750,100,5000
name_rarity_bucket__field_of_study_en,medium,ecology,35,1750,100,5000
name_rarity_bucket__field_of_study_en,medium,economics,34,1750,100,5000
name_rarity_bucket__field_of_study_en,medium,electricity,35,1750,100,5000
name_rarity_bucket__field_of_study_en,medium,exercise science,35,1750,100,5000
name_rarity_bucket__field_of_study_en,medium,film studies,36,1750,100,5000
name_rarity_bucket__field_of_study_en,medium,fiscal studies,35,1750,100,5000
name_rarity_bucket__field_of_study_en,medium,forestry,35,1750,100,5000
name_rarity_bucket__field_of_study_en,medium,geography,35,1750,100,5000
name_rarity_bucket__field_of_study_en,medium,governance,36,1750,100,5000
name_rarity_bucket__field_of_study_en,medium,history,35,1750,100,5000
name_rarity_bucket__field_of_study_en,medium,law,35,1750,100,5000
name_rarity_bucket__field_of_study_en,medium,linguistics,36,1750,100,5000
name_rarity_bucket__field_of_study_en,medium,literature,35,1750,100,5000
name_rarity_bucket__field_of_study_en,medium,logistics,35,1750,100,5000
name_rarity_bucket__field_of_study_en,medium,management,35,1750,100,5000
name_rarity_bucket__field_of_study_en,medium,marketing,36,1750,100,5000
name_rarity_bucket__field_of_study_en,medium,mechanics,35,1750,100,5000
name_rarity_bucket__field_of_study_en,medium,media studies,35,1750,100,5000
name_rarity_bucket__field_of_study_en,medium,medicine,34,1750,100,5000
name_rarity_bucket__field_of_study_en,medium,music,35,1750,100,5000
name_rarity_bucket__field_of_study_en,medium,nursing,35,1750,100,5000
name_rarity_bucket__field_of_study_en,medium,pharmacy,34,1750,100,5000
name_rarity_bucket__field_of_study_en,medium,philosophy,35,1750,100,5000
name_rarity_bucket__field_of_study_en,medium,physics,35,1750,100,5000
name_rarity_bucket__field_of_study_en,medium,politics,36,1750,100,5000
name_rarity_bucket__field_of_study_en,medium,psychology,35,1750,100,5000
name_rarity_bucket__field_of_study_en,medium,quantitative methods,34,1750,100,5000
name_rarity_bucket__field_of_study_en,medium,social care,35,1750,100,5000
name_rarity_bucket__field_of_study_en,medium,software,35,1750,100,5000
name_rarity_bucket__field_of_study_en,medium,statistics,35,1750,100,5000
name_rarity_bucket__field_of_study_en,medium,teaching,35,1750,100,5000
name_rarity_bucket__field_of_study_en,medium,theatre,35,1750,100,5000
name_rarity_bucket__field_of_study_en,medium,tourism,35,1750,100,5000
name_rarity_bucket__field_of_study_en,rare,accounting,24,1250,100,5000
name_rarity_bucket__field_of_study_en,rare,agriculture,25,1250,100,5000
name_rarity_bucket__field_of_study_en,rare,animal care,26,1250,100,5000
name_rarity_bucket__field_of_study_en,rare,anthropology,26,1250,100,5000
name_rarity_bucket__field_of_study_en,rare,archaeology,25,1250,100,5000
name_rarity_bucket__field_of_study_en,rare,architecture,24,1250,100,5000
name_rarity_bucket__field_of_study_en,rare,biology,26,1250,100,5000
name_rarity_bucket__field_of_study_en,rare,business,26,1250,100,5000
name_rarity_bucket__field_of_study_en,rare,chemistry,25,1250,100,5000
name_rarity_bucket__field_of_study_en,rare,communication,25,1250,100,5000
name_rarity_bucket__field_of_study_en,rare,computing,26,1250,100,5000
name_rarity_bucket__field_of_study_en,rare,construction,25,1250,100,5000
name_rarity_bucket__field_of_study_en,rare,cultural analysis,24,1250,100,5000
name_rarity_bucket__field_of_study_en,rare,data analytics,24,1250,100,5000
name_rarity_bucket__field_of_study_en,rare,dental studies,26,1250,100,5000
name_rarity_bucket__field_of_study_en,rare,design,25,1250,100,5000
name_rarity_bucket__field_of_study_en,rare,diplomacy,26,1250,100,5000
name_rarity_bucket__field_of_study_en,rare,ecology,25,1250,100,5000
name_rarity_bucket__field_of_study_en,rare,economics,24,1250,100,5000
name_rarity_bucket__field_of_study_en,rare,electricity,25,1250,100,5000
name_rarity_bucket__field_of_study_en,rare,exercise science,25,1250,100,5000
name_rarity_bucket__field_of_study_en,rare,film studies,25,1250,100,5000
name_rarity_bucket__field_of_study_en,rare,fiscal studies,24,1250,100,5000
name_rarity_bucket__field_of_study_en,rare,forestry,24,1250,100,5000
name_rarity_bucket__field_of_study_en,rare,geography,25,1250,100,5000
name_rarity_bucket__field_of_study_en,rare,governance,23,1250,100,5000
name_rarity_bucket__field_of_study_en,rare,history,25,1250,100,5000
name_rarity_bucket__field_of_study_en,rare,law,25,1250,100,5000
name_rarity_bucket__field_of_study_en,rare,linguistics,25,1250,100,5000
name_rarity_bucket__field_of_study_en,rare,literature,25,1250,100,5000
name_rarity_bucket__field_of_study_en,rare,logistics,25,1250,100,5000
name_rarity_bucket__field_of_study_en,rare,management,26,1250,100,5000
name_rarity_bucket__field_of_study_en,rare,marketing,25,1250,100,5000
name_rarity_bucket__field_of_study_en,rare,mechanics,25,1250,100,5000
name_rarity_bucket__field_of_study_en,rare,media studies,25,1250,100,5000
name_rarity_bucket__field_of_study_en,rare,medicine,26,1250,100,5000
name_rarity_bucket__field_of_study_en,rare,music,25,1250,100,5000
name_rarity_bucket__field_of_study_en,rare,nursing,25,1250,100,5000
name_rarity_bucket__field_of_study_en,rare,pharmacy,25,1250,100,5000
name_rarity_bucket__field_of_study_en,rare,philosophy,25,1250,100,5000
name_rarity_bucket__field_of_study_en,rare,physics,26,1250,100,5000
name_rarity_bucket__field_of_study_en,rare,politics,25,1250,100,5000
name_rarity_bucket__field_of_study_en,rare,psychology,25,1250,100,5000
name_rarity_bucket__field_of_study_en,rare,quantitative methods,26,1250,100,5000
name_rarity_bucket__field_of_study_en,rare,social care,25,1250,100,5000
name_rarity_bucket__field_of_study_en,rare,software,25,1250,100,5000
name_rarity_bucket__field_of_study_en,rare,statistics,24,1250,100,5000
name_rarity_bucket__field_of_study_en,rare,teaching,25,1250,100,5000
name_rarity_bucket__field_of_study_en,rare,theatre,25,1250,100,5000
name_rarity_bucket__field_of_study_en,rare,tourism,24,1250,100,5000
name_rarity_bucket__works_in_industry_en,common,academia,38,2000,100,5000
name_rarity_bucket__works_in_industry_en,common,accounting,40,2000,100,5000
name_rarity_bucket__works_in_industry_en,common,advertising,40,2000,100,5000
name_rarity_bucket__works_in_industry_en,common,airlines,38,2000,100,5000
name_rarity_bucket__works_in_industry_en,common,architecture,41,2000,100,5000
name_rarity_bucket__works_in_industry_en,common,arts,44,2000,100,5000
name_rarity_bucket__works_in_industry_en,common,automotive,40,2000,100,5000
name_rarity_bucket__works_in_industry_en,common,banking,40,2000,100,5000
name_rarity_bucket__works_in_industry_en,common,biotech,41,2000,100,5000
name_rarity_bucket__works_in_industry_en,common,books,40,2000,100,5000
name_rarity_bucket__works_in_industry_en,common,catering,38,2000,100,5000
name_rarity_bucket__works_in_industry_en,common,chemicals,39,2000,100,5000
name_rarity_bucket__works_in_industry_en,common,communications,41,2000,100,5000
name_rarity_bucket__works_in_industry_en,common,construction,41,2000,100,5000
name_rarity_bucket__works_in_industry_en,common,consulting,40,2000,100,5000
name_rarity_bucket__works_in_industry_en,common,electrical,39,2000,100,5000
name_rarity_bucket__works_in_industry_en,common,energy,38,2000,100,5000
name_rarity_bucket__works_in_industry_en,common,engineering,37,2000,100,5000
name_rarity_bucket__works_in_industry_en,common,entertainment,41,2000,100,5000
name_rarity_bucket__works_in_industry_en,common,extraction,40,2000,100,5000
name_rarity_bucket__works_in_industry_en,common,fabrication,39,2000,100,5000
name_rarity_bucket__works_in_industry_en,common,farming,40,2000,100,5000
name_rarity_bucket__works_in_industry_en,common,fashion,40,2000,100,5000
name_rarity_bucket__works_in_industry_en,common,gaming,38,2000,100,5000
name_rarity_bucket__works_in_industry_en,common,government,39,2000,100,5000
name_rarity_bucket__works_in_industry_en,common,groceries,40,2000,100,5000
name_rarity_bucket__works_in_industry_en,common,healthcare,42,2000,100,5000
name_rarity_bucket__works_in_industry_en,common,hotels,39,2000,100,5000
name_rarity_bucket__works_in_industry_en,common,infrastructure,38,2000,100,5000
name_rarity_bucket__works_in_industry_en,common,insurance,42,2000,100,5000
name_rarity_bucket__works_in_industry_en,common,investment,39,2000,100,5000
name_rarity_bucket__works_in_industry_en,common,law,40,2000,100,5000
name_rarity_bucket__works_in_industry_en,common,logistics,39,2000,100,5000
name_rarity_bucket__works_in_industry_en,common,maritime,42,2000,100,5000
name_rarity_bucket__works_in_industry_en,common,media,42,2000,100,5000
name_rarity_bucket__works_in_industry_en,common,pharmaceuticals,39,2000,100,5000
name_rarity_bucket__works_in_industry_en,common,property,41,2000,100,5000
name_rarity_bucket__works_in_industry_en,common,railways,42,2000,100,5000
name_rarity_bucket__works_in_industry_en,common,recreation,42,2000,100,5000
name_rarity_bucket__works_in_industry_en,common,research,38,2000,100,5000
name_rarity_bucket__works_in_industry_en,common,retail,38,2000,100,5000
name_rarity_bucket__works_in_industry_en,common,security,41,2000,100,5000
name_rarity_bucket__works_in_industry_en,common,software,39,2000,100,5000
name_rarity_bucket__works_in_industry_en,common,space,40,2000,100,5000
name_rarity_bucket__works_in_industry_en,common,textiles,41,2000,100,5000
name_rarity_bucket__works_in_industry_en,common,timber,40,2000,100,5000
name_rarity_bucket__works_in_industry_en,common,tourism,40,2000,100,5000
name_rarity_bucket__works_in_industry_en,common,trade,41,2000,100,5000
name_rarity_bucket__works_in_industry_en,common,waste,41,2000,100,5000
name_rarity_bucket__works_in_industry_en,common,welfare,42,2000,100,5000
name_rarity_bucket__works_in_industry_en,medium,academia,36,1750,100,5000
name_rarity_bucket__works_in_industry_en,medium,accounting,33,1750,100,5000
name_rarity_bucket__works_in_industry_en,medium,advertising,35,1750,100,5000
name_rarity_bucket__works_in_industry_en,medium,airlines,36,1750,100,5000
name_rarity_bucket__works_in_industry_en,medium,architecture,33,1750,100,5000
name_rarity_bucket__works_in_industry_en,medium,arts,34,1750,100,5000
name_rarity_bucket__works_in_industry_en,medium,automotive,36,1750,100,5000
name_rarity_bucket__works_in_industry_en,medium,banking,35,1750,100,5000
name_rarity_bucket__works_in_industry_en,medium,biotech,35,1750,100,5000
name_rarity_bucket__works_in_industry_en,medium,books,37,1750,100,5000
name_rarity_bucket__works_in_industry_en,medium,catering,35,1750,100,5000
name_rarity_bucket__works_in_industry_en,medium,chemicals,34,1750,100,5000
name_rarity_bucket__works_in_industry_en,medium,communications,35,1750,100,5000
name_rarity_bucket__works_in_industry_en,medium,construction,35,1750,100,5000
name_rarity_bucket__works_in_industry_en,medium,consulting,37,1750,100,5000
name_rarity_bucket__works_in_industry_en,medium,electrical,34,1750,100,5000
name_rarity_bucket__works_in_industry_en,medium,energy,37,1750,100,5000
name_rarity_bucket__works_in_industry_en,medium,engineering,39,1750,100,5000
name_rarity_bucket__works_in_industry_en,medium,entertainment,34,1750,100,5000
name_rarity_bucket__works_in_industry_en,medium,extraction,33,1750,100,5000
name_rarity_bucket__works_in_industry_en,medium,fabrication,35,1750,100,5000
name_rarity_bucket__works_in_industry_en,medium,farming,36,1750,100,5000
name_rarity_bucket__works_in_industry_en,medium,fashion,35,1750,100,5000
name_rarity_bucket__works_in_industry_en,medium,gaming,39,1750,100,5000
name_rarity_bucket__works_in_industry_en,medium,government,36,1750,100,5000
name_rarity_bucket__works_in_industry_en,medium,groceries,35,1750,100,5000
name_rarity_bucket__works_in_industry_en,medium,healthcare,34,1750,100,5000
name_rarity_bucket__works_in_industry_en,medium,hotels,38,1750,100,5000
name_rarity_bucket__works_in_industry_en,medium,infrastructure,35,1750,100,5000
name_rarity_bucket__works_in_industry_en,medium,insurance,33,1750,100,5000
name_rarity_bucket__works_in_industry_en,medium,investment,35,1750,100,5000
name_rarity_bucket__works_in_industry_en,medium,law,35,1750,100,5000
name_rarity_bucket__works_in_industry_en,medium,logistics,36,1750,100,5000
name_rarity_bucket__works_in_industry_en,medium,maritime,35,1750,100,5000
name_rarity_bucket__works_in_industry_en,medium,media,34,1750,100,5000
name_rarity_bucket__works_in_industry_en,medium,pharmaceuticals,36,1750,100,5000
name_rarity_bucket__works_in_industry_en,medium,property,33,1750,100,5000
name_rarity_bucket__works_in_industry_en,medium,railways,35,1750,100,5000
name_rarity_bucket__works_in_industry_en,medium,recreation,34,1750,100,5000
name_rarity_bucket__works_in_industry_en,medium,research,35,1750,100,5000
name_rarity_bucket__works_in_industry_en,medium,retail,31,1750,100,5000
name_rarity_bucket__works_in_industry_en,medium,security,32,1750,100,5000
name_rarity_bucket__works_in_industry_en,medium,software,36,1750,100,5000
name_rarity_bucket__works_in_industry_en,medium,space,34,1750,100,5000
name_rarity_bucket__works_in_industry_en,medium,textiles,36,1750,100,5000
name_rarity_bucket__works_in_industry_en,medium,timber,36,1750,100,5000
name_rarity_bucket__works_in_industry_en,medium,tourism,33,1750,100,5000
name_rarity_bucket__works_in_industry_en,medium,trade,35,1750,100,5000
name_rarity_bucket__works_in_industry_en,medium,waste,34,1750,100,5000
name_rarity_bucket__works_in_industry_en,medium,welfare,36,1750,100,5000
name_rarity_bucket__works_in_industry_en,rare,academia,26,1250,100,5000
name_rarity_bucket__works_in_industry_en,rare,accounting,27,1250,100,5000
name_rarity_bucket__works_in_industry_en,rare,advertising,25,1250,100,5000
name_rarity_bucket__works_in_industry_en,rare,airlines,26,1250,100,5000
name_rarity_bucket__works_in_industry_en,rare,architecture,26,1250,100,5000
name_rarity_bucket__works_in_industry_en,rare,arts,22,1250,100,5000
name_rarity_bucket__works_in_industry_en,rare,automotive,24,1250,100,5000
name_rarity_bucket__works_in_industry_en,rare,banking,25,1250,100,5000
name_rarity_bucket__works_in_industry_en,rare,biotech,24,1250,100,5000
name_rarity_bucket__works_in_industry_en,rare,books,23,1250,100,5000
name_rarity_bucket__works_in_industry_en,rare,catering,27,1250,100,5000
name_rarity_bucket__works_in_industry_en,rare,chemicals,27,1250,100,5000
name_rarity_bucket__works_in_industry_en,rare,communications,24,1250,100,5000
name_rarity_bucket__works_in_industry_en,rare,construction,24,1250,100,5000
name_rarity_bucket__works_in_industry_en,rare,consulting,23,1250,100,5000
name_rarity_bucket__works_in_industry_en,rare,electrical,27,1250,100,5000
name_rarity_bucket__works_in_industry_en,rare,energy,25,1250,100,5000
name_rarity_bucket__works_in_industry_en,rare,engineering,24,1250,100,5000
name_rarity_bucket__works_in_industry_en,rare,entertainment,25,1250,100,5000
name_rarity_bucket__works_in_industry_en,rare,extraction,27,1250,100,5000
name_rarity_bucket__works_in_industry_en,rare,fabrication,26,1250,100,5000
name_rarity_bucket__works_in_industry_en,rare,farming,24,1250,100,5000
name_rarity_bucket__works_in_industry_en,rare,fashion,25,1250,100,5000
name_rarity_bucket__works_in_industry_en,rare,gaming,23,1250,100,5000
name_rarity_bucket__works_in_industry_en,rare,government,25,1250,100,5000
name_rarity_bucket__works_in_industry_en,rare,groceries,25,1250,100,5000
name_rarity_bucket__works_in_industry_en,rare,healthcare,24,1250,100,5000
name_rarity_bucket__works_in_industry_en,rare,hotels,23,1250,100,5000
name_rarity_bucket__works_in_industry_en,rare,infrastructure,27,1250,100,5000
name_rarity_bucket__works_in_industry_en,rare,insurance,25,1250,100,5000
name_rarity_bucket__works_in_industry_en,rare,investment,26,1250,100,5000
name_rarity_bucket__works_in_industry_en,rare,law,25,1250,100,5000
name_rarity_bucket__works_in_industry_en,rare,logistics,25,1250,100,5000
name_rarity_bucket__works_in_industry_en,rare,maritime,23,1250,100,5000
name_rarity_bucket__works_in_industry_en,rare,media,24,1250,100,5000
name_rarity_bucket__works_in_industry_en,rare,pharmaceuticals,25,1250,100,5000
name_rarity_bucket__works_in_industry_en,rare,property,26,1250,100,5000
name_rarity_bucket__works_in_industry_en,rare,railways,23,1250,100,5000
name_rarity_bucket__works_in_industry_en,rare,recreation,24,1250,100,5000
name_rarity_bucket__works_in_industry_en,rare,research,27,1250,100,5000
name_rarity_bucket__works_in_industry_en,rare,retail,31,1250,100,5000
name_rarity_bucket__works_in_industry_en,rare,security,27,1250,100,5000
name_rarity_bucket__works_in_industry_en,rare,software,25,1250,100,5000
name_rarity_bucket__works_in_industry_en,rare,space,26,1250,100,5000
name_rarity_bucket__works_in_industry_en,rare,textiles,23,1250,100,5000
name_rarity_bucket__works_in_industry_en,rare,timber,24,1250,100,5000
name_rarity_bucket__works_in_industry_en,rare,tourism,27,1250,100,5000
name_rarity_bucket__works_in_industry_en,rare,trade,24,1250,100,5000
name_rarity_bucket__works_in_industry_en,rare,waste,25,1250,100,5000
name_rarity_bucket__works_in_industry_en,rare,welfare,22,1250,100,5000
name_type__field_of_study_en,english_like,accounting,50,2500,100,5000
name_type__field_of_study_en,english_like,agriculture,49,2500,100,5000
name_type__field_of_study_en,english_like,animal care,50,2500,100,5000
name_type__field_of_study_en,english_like,anthropology,50,2500,100,5000
name_type__field_of_study_en,english_like,archaeology,50,2500,100,5000
name_type__field_of_study_en,english_like,architecture,50,2500,100,5000
name_type__field_of_study_en,english_like,biology,50,2500,100,5000
name_type__field_of_study_en,english_like,business,50,2500,100,5000
name_type__field_of_study_en,english_like,chemistry,50,2500,100,5000
name_type__field_of_study_en,english_like,communication,50,2500,100,5000
name_type__field_of_study_en,english_like,computing,50,2500,100,5000
name_type__field_of_study_en,english_like,construction,49,2500,100,5000
name_type__field_of_study_en,english_like,cultural analysis,50,2500,100,5000
name_type__field_of_study_en,english_like,data analytics,51,2500,100,5000
name_type__field_of_study_en,english_like,dental studies,50,2500,100,5000
name_type__field_of_study_en,english_like,design,50,2500,100,5000
name_type__field_of_study_en,english_like,diplomacy,51,2500,100,5000
name_type__field_of_study_en,english_like,ecology,50,2500,100,5000
name_type__field_of_study_en,english_like,economics,50,2500,100,5000
name_type__field_of_study_en,english_like,electricity,49,2500,100,5000
name_type__field_of_study_en,english_like,exercise science,51,2500,100,5000
name_type__field_of_study_en,english_like,film studies,50,2500,100,5000
name_type__field_of_study_en,english_like,fiscal studies,50,2500,100,5000
name_type__field_of_study_en,english_like,forestry,49,2500,100,5000
name_type__field_of_study_en,english_like,geography,50,2500,100,5000
name_type__field_of_study_en,english_like,governance,50,2500,100,5000
name_type__field_of_study_en,english_like,history,50,2500,100,5000
name_type__field_of_study_en,english_like,law,50,2500,100,5000
name_type__field_of_study_en,english_like,linguistics,50,2500,100,5000
name_type__field_of_study_en,english_like,literature,50,2500,100,5000
name_type__field_of_study_en,english_like,logistics,50,2500,100,5000
name_type__field_of_study_en,english_like,management,49,2500,100,5000
name_type__field_of_study_en,english_like,marketing,51,2500,100,5000
name_type__field_of_study_en,english_like,mechanics,50,2500,100,5000
name_type__field_of_study_en,english_like,media studies,50,2500,100,5000
name_type__field_of_study_en,english_like,medicine,50,2500,100,5000
name_type__field_of_study_en,english_like,music,49,2500,100,5000
name_type__field_of_study_en,english_like,nursing,50,2500,100,5000
name_type__field_of_study_en,english_like,pharmacy,51,2500,100,5000
name_type__field_of_study_en,english_like,philosophy,50,2500,100,5000
name_type__field_of_study_en,english_like,physics,50,2500,100,5000
name_type__field_of_study_en,english_like,politics,50,2500,100,5000
name_type__field_of_study_en,english_like,psychology,51,2500,100,5000
name_type__field_of_study_en,english_like,quantitative methods,49,2500,100,5000
name_type__field_of_study_en,english_like,social care,50,2500,100,5000
name_type__field_of_study_en,english_like,software,51,2500,100,5000
name_type__field_of_study_en,english_like,statistics,50,2500,100,5000
name_type__field_of_study_en,english_like,teaching,50,2500,100,5000
name_type__field_of_study_en,english_like,theatre,51,2500,100,5000
name_type__field_of_study_en,english_like,tourism,49,2500,100,5000
name_type__field_of_study_en,turkish_like,accounting,50,2500,100,5000
name_type__field_of_study_en,turkish_like,agriculture,51,2500,100,5000
name_type__field_of_study_en,turkish_like,animal care,50,2500,100,5000
name_type__field_of_study_en,turkish_like,anthropology,50,2500,100,5000
name_type__field_of_study_en,turkish_like,archaeology,50,2500,100,5000
name_type__field_of_study_en,turkish_like,architecture,50,2500,100,5000
name_type__field_of_study_en,turkish_like,biology,50,2500,100,5000
name_type__field_of_study_en,turkish_like,business,50,2500,100,5000
name_type__field_of_study_en,turkish_like,chemistry,50,2500,100,5000
name_type__field_of_study_en,turkish_like,communication,50,2500,100,5000
name_type__field_of_study_en,turkish_like,computing,50,2500,100,5000
name_type__field_of_study_en,turkish_like,construction,51,2500,100,5000
name_type__field_of_study_en,turkish_like,cultural analysis,50,2500,100,5000
name_type__field_of_study_en,turkish_like,data analytics,49,2500,100,5000
name_type__field_of_study_en,turkish_like,dental studies,50,2500,100,5000
name_type__field_of_study_en,turkish_like,design,50,2500,100,5000
name_type__field_of_study_en,turkish_like,diplomacy,49,2500,100,5000
name_type__field_of_study_en,turkish_like,ecology,50,2500,100,5000
name_type__field_of_study_en,turkish_like,economics,50,2500,100,5000
name_type__field_of_study_en,turkish_like,electricity,51,2500,100,5000
name_type__field_of_study_en,turkish_like,exercise science,49,2500,100,5000
name_type__field_of_study_en,turkish_like,film studies,50,2500,100,5000
name_type__field_of_study_en,turkish_like,fiscal studies,50,2500,100,5000
name_type__field_of_study_en,turkish_like,forestry,51,2500,100,5000
name_type__field_of_study_en,turkish_like,geography,50,2500,100,5000
name_type__field_of_study_en,turkish_like,governance,50,2500,100,5000
name_type__field_of_study_en,turkish_like,history,50,2500,100,5000
name_type__field_of_study_en,turkish_like,law,50,2500,100,5000
name_type__field_of_study_en,turkish_like,linguistics,50,2500,100,5000
name_type__field_of_study_en,turkish_like,literature,50,2500,100,5000
name_type__field_of_study_en,turkish_like,logistics,50,2500,100,5000
name_type__field_of_study_en,turkish_like,management,51,2500,100,5000
name_type__field_of_study_en,turkish_like,marketing,49,2500,100,5000
name_type__field_of_study_en,turkish_like,mechanics,50,2500,100,5000
name_type__field_of_study_en,turkish_like,media studies,50,2500,100,5000
name_type__field_of_study_en,turkish_like,medicine,50,2500,100,5000
name_type__field_of_study_en,turkish_like,music,51,2500,100,5000
name_type__field_of_study_en,turkish_like,nursing,50,2500,100,5000
name_type__field_of_study_en,turkish_like,pharmacy,49,2500,100,5000
name_type__field_of_study_en,turkish_like,philosophy,50,2500,100,5000
name_type__field_of_study_en,turkish_like,physics,50,2500,100,5000
name_type__field_of_study_en,turkish_like,politics,50,2500,100,5000
name_type__field_of_study_en,turkish_like,psychology,49,2500,100,5000
name_type__field_of_study_en,turkish_like,quantitative methods,51,2500,100,5000
name_type__field_of_study_en,turkish_like,social care,50,2500,100,5000
name_type__field_of_study_en,turkish_like,software,49,2500,100,5000
name_type__field_of_study_en,turkish_like,statistics,50,2500,100,5000
name_type__field_of_study_en,turkish_like,teaching,50,2500,100,5000
name_type__field_of_study_en,turkish_like,theatre,49,2500,100,5000
name_type__field_of_study_en,turkish_like,tourism,51,2500,100,5000
name_type__works_in_industry_en,english_like,academia,51,2500,100,5000
name_type__works_in_industry_en,english_like,accounting,50,2500,100,5000
name_type__works_in_industry_en,english_like,advertising,52,2500,100,5000
name_type__works_in_industry_en,english_like,airlines,51,2500,100,5000
name_type__works_in_industry_en,english_like,architecture,50,2500,100,5000
name_type__works_in_industry_en,english_like,arts,49,2500,100,5000
name_type__works_in_industry_en,english_like,automotive,51,2500,100,5000
name_type__works_in_industry_en,english_like,banking,49,2500,100,5000
name_type__works_in_industry_en,english_like,biotech,48,2500,100,5000
name_type__works_in_industry_en,english_like,books,51,2500,100,5000
name_type__works_in_industry_en,english_like,catering,50,2500,100,5000
name_type__works_in_industry_en,english_like,chemicals,49,2500,100,5000
name_type__works_in_industry_en,english_like,communications,50,2500,100,5000
name_type__works_in_industry_en,english_like,construction,50,2500,100,5000
name_type__works_in_industry_en,english_like,consulting,50,2500,100,5000
name_type__works_in_industry_en,english_like,electrical,50,2500,100,5000
name_type__works_in_industry_en,english_like,energy,50,2500,100,5000
name_type__works_in_industry_en,english_like,engineering,50,2500,100,5000
name_type__works_in_industry_en,english_like,entertainment,49,2500,100,5000
name_type__works_in_industry_en,english_like,extraction,52,2500,100,5000
name_type__works_in_industry_en,english_like,fabrication,49,2500,100,5000
name_type__works_in_industry_en,english_like,farming,52,2500,100,5000
name_type__works_in_industry_en,english_like,fashion,50,2500,100,5000
name_type__works_in_industry_en,english_like,gaming,51,2500,100,5000
name_type__works_in_industry_en,english_like,government,50,2500,100,5000
name_type__works_in_industry_en,english_like,groceries,52,2500,100,5000
name_type__works_in_industry_en,english_like,healthcare,50,2500,100,5000
name_type__works_in_industry_en,english_like,hotels,49,2500,100,5000
name_type__works_in_industry_en,english_like,infrastructure,49,2500,100,5000
name_type__works_in_industry_en,english_like,insurance,49,2500,100,5000
name_type__works_in_industry_en,english_like,investment,50,2500,100,5000
name_type__works_in_industry_en,english_like,law,49,2500,100,5000
name_type__works_in_industry_en,english_like,logistics,50,2500,100,5000
name_type__works_in_industry_en,english_like,maritime,49,2500,100,5000
name_type__works_in_industry_en,english_like,media,50,2500,100,5000
name_type__works_in_industry_en,english_like,pharmaceuticals,50,2500,100,5000
name_type__works_in_industry_en,english_like,property,50,2500,100,5000
name_type__works_in_industry_en,english_like,railways,50,2500,100,5000
name_type__works_in_industry_en,english_like,recreation,51,2500,100,5000
name_type__works_in_industry_en,english_like,research,50,2500,100,5000
name_type__works_in_industry_en,english_like,retail,49,2500,100,5000
name_type__works_in_industry_en,english_like,security,51,2500,100,5000
name_type__works_in_industry_en,english_like,software,51,2500,100,5000
name_type__works_in_industry_en,english_like,space,49,2500,100,5000
name_type__works_in_industry_en,english_like,textiles,49,2500,100,5000
name_type__works_in_industry_en,english_like,timber,51,2500,100,5000
name_type__works_in_industry_en,english_like,tourism,49,2500,100,5000
name_type__works_in_industry_en,english_like,trade,50,2500,100,5000
name_type__works_in_industry_en,english_like,waste,49,2500,100,5000
name_type__works_in_industry_en,english_like,welfare,50,2500,100,5000
name_type__works_in_industry_en,turkish_like,academia,49,2500,100,5000
name_type__works_in_industry_en,turkish_like,accounting,50,2500,100,5000
name_type__works_in_industry_en,turkish_like,advertising,48,2500,100,5000
name_type__works_in_industry_en,turkish_like,airlines,49,2500,100,5000
name_type__works_in_industry_en,turkish_like,architecture,50,2500,100,5000
name_type__works_in_industry_en,turkish_like,arts,51,2500,100,5000
name_type__works_in_industry_en,turkish_like,automotive,49,2500,100,5000
name_type__works_in_industry_en,turkish_like,banking,51,2500,100,5000
name_type__works_in_industry_en,turkish_like,biotech,52,2500,100,5000
name_type__works_in_industry_en,turkish_like,books,49,2500,100,5000
name_type__works_in_industry_en,turkish_like,catering,50,2500,100,5000
name_type__works_in_industry_en,turkish_like,chemicals,51,2500,100,5000
name_type__works_in_industry_en,turkish_like,communications,50,2500,100,5000
name_type__works_in_industry_en,turkish_like,construction,50,2500,100,5000
name_type__works_in_industry_en,turkish_like,consulting,50,2500,100,5000
name_type__works_in_industry_en,turkish_like,electrical,50,2500,100,5000
name_type__works_in_industry_en,turkish_like,energy,50,2500,100,5000
name_type__works_in_industry_en,turkish_like,engineering,50,2500,100,5000
name_type__works_in_industry_en,turkish_like,entertainment,51,2500,100,5000
name_type__works_in_industry_en,turkish_like,extraction,48,2500,100,5000
name_type__works_in_industry_en,turkish_like,fabrication,51,2500,100,5000
name_type__works_in_industry_en,turkish_like,farming,48,2500,100,5000
name_type__works_in_industry_en,turkish_like,fashion,50,2500,100,5000
name_type__works_in_industry_en,turkish_like,gaming,49,2500,100,5000
name_type__works_in_industry_en,turkish_like,government,50,2500,100,5000
name_type__works_in_industry_en,turkish_like,groceries,48,2500,100,5000
name_type__works_in_industry_en,turkish_like,healthcare,50,2500,100,5000
name_type__works_in_industry_en,turkish_like,hotels,51,2500,100,5000
name_type__works_in_industry_en,turkish_like,infrastructure,51,2500,100,5000
name_type__works_in_industry_en,turkish_like,insurance,51,2500,100,5000
name_type__works_in_industry_en,turkish_like,investment,50,2500,100,5000
name_type__works_in_industry_en,turkish_like,law,51,2500,100,5000
name_type__works_in_industry_en,turkish_like,logistics,50,2500,100,5000
name_type__works_in_industry_en,turkish_like,maritime,51,2500,100,5000
name_type__works_in_industry_en,turkish_like,media,50,2500,100,5000
name_type__works_in_industry_en,turkish_like,pharmaceuticals,50,2500,100,5000
name_type__works_in_industry_en,turkish_like,property,50,2500,100,5000
name_type__works_in_industry_en,turkish_like,railways,50,2500,100,5000
name_type__works_in_industry_en,turkish_like,recreation,49,2500,100,5000
name_type__works_in_industry_en,turkish_like,research,50,2500,100,5000
name_type__works_in_industry_en,turkish_like,retail,51,2500,100,5000
name_type__works_in_industry_en,turkish_like,security,49,2500,100,5000
name_type__works_in_industry_en,turkish_like,software,49,2500,100,5000
name_type__works_in_industry_en,turkish_like,space,51,2500,100,5000
name_type__works_in_industry_en,turkish_like,textiles,51,2500,100,5000
name_type__works_in_industry_en,turkish_like,timber,49,2500,100,5000
name_type__works_in_industry_en,turkish_like,tourism,51,2500,100,5000
name_type__works_in_industry_en,turkish_like,trade,50,2500,100,5000
name_type__works_in_industry_en,turkish_like,waste,51,2500,100,5000
name_type__works_in_industry_en,turkish_like,welfare,50,2500,100,5000
popularity_bucket__field_of_study_en,high,accounting,10,500,100,5000
popularity_bucket__field_of_study_en,high,agriculture,10,500,100,5000
popularity_bucket__field_of_study_en,high,animal care,10,500,100,5000
popularity_bucket__field_of_study_en,high,anthropology,10,500,100,5000
popularity_bucket__field_of_study_en,high,archaeology,10,500,100,5000
popularity_bucket__field_of_study_en,high,architecture,9,500,100,5000
popularity_bucket__field_of_study_en,high,biology,10,500,100,5000
popularity_bucket__field_of_study_en,high,business,11,500,100,5000
popularity_bucket__field_of_study_en,high,chemistry,11,500,100,5000
popularity_bucket__field_of_study_en,high,communication,10,500,100,5000
popularity_bucket__field_of_study_en,high,computing,10,500,100,5000
popularity_bucket__field_of_study_en,high,construction,9,500,100,5000
popularity_bucket__field_of_study_en,high,cultural analysis,10,500,100,5000
popularity_bucket__field_of_study_en,high,data analytics,10,500,100,5000
popularity_bucket__field_of_study_en,high,dental studies,10,500,100,5000
popularity_bucket__field_of_study_en,high,design,10,500,100,5000
popularity_bucket__field_of_study_en,high,diplomacy,10,500,100,5000
popularity_bucket__field_of_study_en,high,ecology,11,500,100,5000
popularity_bucket__field_of_study_en,high,economics,10,500,100,5000
popularity_bucket__field_of_study_en,high,electricity,10,500,100,5000
popularity_bucket__field_of_study_en,high,exercise science,10,500,100,5000
popularity_bucket__field_of_study_en,high,film studies,10,500,100,5000
popularity_bucket__field_of_study_en,high,fiscal studies,10,500,100,5000
popularity_bucket__field_of_study_en,high,forestry,10,500,100,5000
popularity_bucket__field_of_study_en,high,geography,10,500,100,5000
popularity_bucket__field_of_study_en,high,governance,11,500,100,5000
popularity_bucket__field_of_study_en,high,history,10,500,100,5000
popularity_bucket__field_of_study_en,high,law,10,500,100,5000
popularity_bucket__field_of_study_en,high,linguistics,10,500,100,5000
popularity_bucket__field_of_study_en,high,literature,10,500,100,5000
popularity_bucket__field_of_study_en,high,logistics,9,500,100,5000
popularity_bucket__field_of_study_en,high,management,11,500,100,5000
popularity_bucket__field_of_study_en,high,marketing,10,500,100,5000
popularity_bucket__field_of_study_en,high,mechanics,10,500,100,5000
popularity_bucket__field_of_study_en,high,media studies,9,500,100,5000
popularity_bucket__field_of_study_en,high,medicine,9,500,100,5000
popularity_bucket__field_of_study_en,high,music,9,500,100,5000
popularity_bucket__field_of_study_en,high,nursing,10,500,100,5000
popularity_bucket__field_of_study_en,high,pharmacy,10,500,100,5000
popularity_bucket__field_of_study_en,high,philosophy,10,500,100,5000
popularity_bucket__field_of_study_en,high,physics,11,500,100,5000
popularity_bucket__field_of_study_en,high,politics,10,500,100,5000
popularity_bucket__field_of_study_en,high,psychology,10,500,100,5000
popularity_bucket__field_of_study_en,high,quantitative methods,10,500,100,5000
popularity_bucket__field_of_study_en,high,social care,11,500,100,5000
popularity_bucket__field_of_study_en,high,software,10,500,100,5000
popularity_bucket__field_of_study_en,high,statistics,9,500,100,5000
popularity_bucket__field_of_study_en,high,teaching,10,500,100,5000
popularity_bucket__field_of_study_en,high,theatre,10,500,100,5000
popularity_bucket__field_of_study_en,high,tourism,10,500,100,5000
popularity_bucket__field_of_study_en,low,accounting,60,3000,100,5000
popularity_bucket__field_of_study_en,low,agriculture,60,3000,100,5000
popularity_bucket__field_of_study_en,low,animal care,60,3000,100,5000
popularity_bucket__field_of_study_en,low,anthropology,60,3000,100,5000
popularity_bucket__field_of_study_en,low,archaeology,59,3000,100,5000
popularity_bucket__field_of_study_en,low,architecture,60,3000,100,5000
popularity_bucket__field_of_study_en,low,biology,59,3000,100,5000
popularity_bucket__field_of_study_en,low,business,60,3000,100,5000
popularity_bucket__field_of_study_en,low,chemistry,60,3000,100,5000
popularity_bucket__field_of_study_en,low,communication,59,3000,100,5000
popularity_bucket__field_of_study_en,low,computing,60,3000,100,5000
popularity_bucket__field_of_study_en,low,construction,59,3000,100,5000
popularity_bucket__field_of_study_en,low,cultural analysis,60,3000,100,5000
popularity_bucket__field_of_study_en,low,data analytics,60,3000,100,5000
popularity_bucket__field_of_study_en,low,dental studies,60,3000,100,5000
popularity_bucket__field_of_study_en,low,design,60,3000,100,5000
popularity_bucket__field_of_study_en,low,diplomacy,60,3000,100,5000
popularity_bucket__field_of_study_en,low,ecology,59,3000,100,5000
popularity_bucket__field_of_study_en,low,economics,60,3000,100,5000
popularity_bucket__field_of_study_en,low,electricity,60,3000,100,5000
popularity_bucket__field_of_study_en,low,exercise science,60,3000,100,5000
popularity_bucket__field_of_study_en,low,film studies,60,3000,100,5000
popularity_bucket__field_of_study_en,low,fiscal studies,59,3000,100,5000
popularity_bucket__field_of_study_en,low,forestry,60,3000,100,5000
popularity_bucket__field_of_study_en,low,geography,60,3000,100,5000
popularity_bucket__field_of_study_en,low,governance,59,3000,100,5000
popularity_bucket__field_of_study_en,low,history,61,3000,100,5000
popularity_bucket__field_of_study_en,low,law,60,3000,100,5000
popularity_bucket__field_of_study_en,low,linguistics,62,3000,100,5000
popularity_bucket__field_of_study_en,low,literature,61,3000,100,5000
popularity_bucket__field_of_study_en,low,logistics,60,3000,100,5000
popularity_bucket__field_of_study_en,low,management,60,3000,100,5000
popularity_bucket__field_of_study_en,low,marketing,61,3000,100,5000
popularity_bucket__field_of_study_en,low,mechanics,60,3000,100,5000
popularity_bucket__field_of_study_en,low,media studies,60,3000,100,5000
popularity_bucket__field_of_study_en,low,medicine,60,3000,100,5000
popularity_bucket__field_of_study_en,low,music,60,3000,100,5000
popularity_bucket__field_of_study_en,low,nursing,60,3000,100,5000
popularity_bucket__field_of_study_en,low,pharmacy,61,3000,100,5000
popularity_bucket__field_of_study_en,low,philosophy,60,3000,100,5000
popularity_bucket__field_of_study_en,low,physics,60,3000,100,5000
popularity_bucket__field_of_study_en,low,politics,60,3000,100,5000
popularity_bucket__field_of_study_en,low,psychology,61,3000,100,5000
popularity_bucket__field_of_study_en,low,quantitative methods,61,3000,100,5000
popularity_bucket__field_of_study_en,low,social care,60,3000,100,5000
popularity_bucket__field_of_study_en,low,software,60,3000,100,5000
popularity_bucket__field_of_study_en,low,statistics,61,3000,100,5000
popularity_bucket__field_of_study_en,low,teaching,60,3000,100,5000
popularity_bucket__field_of_study_en,low,theatre,59,3000,100,5000
popularity_bucket__field_of_study_en,low,tourism,59,3000,100,5000
popularity_bucket__field_of_study_en,medium,accounting,30,1500,100,5000
popularity_bucket__field_of_study_en,medium,agriculture,30,1500,100,5000
popularity_bucket__field_of_study_en,medium,animal care,30,1500,100,5000
popularity_bucket__field_of_study_en,medium,anthropology,30,1500,100,5000
popularity_bucket__field_of_study_en,medium,archaeology,31,1500,100,5000
popularity_bucket__field_of_study_en,medium,architecture,31,1500,100,5000
popularity_bucket__field_of_study_en,medium,biology,31,1500,100,5000
popularity_bucket__field_of_study_en,medium,business,29,1500,100,5000
popularity_bucket__field_of_study_en,medium,chemistry,29,1500,100,5000
popularity_bucket__field_of_study_en,medium,communication,31,1500,100,5000
popularity_bucket__field_of_study_en,medium,computing,30,1500,100,5000
popularity_bucket__field_of_study_en,medium,construction,32,1500,100,5000
popularity_bucket__field_of_study_en,medium,cultural analysis,30,1500,100,5000
popularity_bucket__field_of_study_en,medium,data analytics,30,1500,100,5000
popularity_bucket__field_of_study_en,medium,dental studies,30,1500,100,5000
popularity_bucket__field_of_study_en,medium,design,30,1500,100,5000
popularity_bucket__field_of_study_en,medium,diplomacy,30,1500,100,5000
popularity_bucket__field_of_study_en,medium,ecology,30,1500,100,5000
popularity_bucket__field_of_study_en,medium,economics,30,1500,100,5000
popularity_bucket__field_of_study_en,medium,electricity,30,1500,100,5000
popularity_bucket__field_of_study_en,medium,exercise science,30,1500,100,5000
popularity_bucket__field_of_study_en,medium,film studies,30,1500,100,5000
popularity_bucket__field_of_study_en,medium,fiscal studies,31,1500,100,5000
popularity_bucket__field_of_study_en,medium,forestry,30,1500,100,5000
popularity_bucket__field_of_study_en,medium,geography,30,1500,100,5000
popularity_bucket__field_of_study_en,medium,governance,30,1500,100,5000
popularity_bucket__field_of_study_en,medium,history,29,1500,100,5000
popularity_bucket__field_of_study_en,medium,law,30,1500,100,5000
popularity_bucket__field_of_study_en,medium,linguistics,28,1500,100,5000
popularity_bucket__field_of_study_en,medium,literature,29,1500,100,5000
popularity_bucket__field_of_study_en,medium,logistics,31,1500,100,5000
popularity_bucket__field_of_study_en,medium,management,29,1500,100,5000
popularity_bucket__field_of_study_en,medium,marketing,29,1500,100,5000
popularity_bucket__field_of_study_en,medium,mechanics,30,1500,100,5000
popularity_bucket__field_of_study_en,medium,media studies,31,1500,100,5000
popularity_bucket__field_of_study_en,medium,medicine,31,1500,100,5000
popularity_bucket__field_of_study_en,medium,music,31,1500,100,5000
popularity_bucket__field_of_study_en,medium,nursing,30,1500,100,5000
popularity_bucket__field_of_study_en,medium,pharmacy,29,1500,100,5000
popularity_bucket__field_of_study_en,medium,philosophy,30,1500,100,5000
popularity_bucket__field_of_study_en,medium,physics,29,1500,100,5000
popularity_bucket__field_of_study_en,medium,politics,30,1500,100,5000
popularity_bucket__field_of_study_en,medium,psychology,29,1500,100,5000
popularity_bucket__field_of_study_en,medium,quantitative methods,29,1500,100,5000
popularity_bucket__field_of_study_en,medium,social care,29,1500,100,5000
popularity_bucket__field_of_study_en,medium,software,30,1500,100,5000
popularity_bucket__field_of_study_en,medium,statistics,30,1500,100,5000
popularity_bucket__field_of_study_en,medium,teaching,30,1500,100,5000
popularity_bucket__field_of_study_en,medium,theatre,31,1500,100,5000
popularity_bucket__field_of_study_en,medium,tourism,31,1500,100,5000
popularity_bucket__works_in_industry_en,high,academia,9,500,100,5000
popularity_bucket__works_in_industry_en,high,accounting,10,500,100,5000
popularity_bucket__works_in_industry_en,high,advertising,8,500,100,5000
popularity_bucket__works_in_industry_en,high,airlines,9,500,100,5000
popularity_bucket__works_in_industry_en,high,architecture,10,500,100,5000
popularity_bucket__works_in_industry_en,high,arts,10,500,100,5000
popularity_bucket__works_in_industry_en,high,automotive,10,500,100,5000
popularity_bucket__works_in_industry_en,high,banking,8,500,100,5000
popularity_bucket__works_in_industry_en,high,biotech,11,500,100,5000
popularity_bucket__works_in_industry_en,high,books,11,500,100,5000
popularity_bucket__works_in_industry_en,high,catering,9,500,100,5000
popularity_bucket__works_in_industry_en,high,chemicals,10,500,100,5000
popularity_bucket__works_in_industry_en,high,communications,9,500,100,5000
popularity_bucket__works_in_industry_en,high,construction,11,500,100,5000
popularity_bucket__works_in_industry_en,high,consulting,12,500,100,5000
popularity_bucket__works_in_industry_en,high,electrical,10,500,100,5000
popularity_bucket__works_in_industry_en,high,energy,10,500,100,5000
popularity_bucket__works_in_industry_en,high,engineering,11,500,100,5000
popularity_bucket__works_in_industry_en,high,entertainment,12,500,100,5000
popularity_bucket__works_in_industry_en,high,extraction,11,500,100,5000
popularity_bucket__works_in_industry_en,high,fabrication,11,500,100,5000
popularity_bucket__works_in_industry_en,high,farming,9,500,100,5000
popularity_bucket__works_in_industry_en,high,fashion,10,500,100,5000
popularity_bucket__works_in_industry_en,high,gaming,8,500,100,5000
popularity_bucket__works_in_industry_en,high,government,12,500,100,5000
popularity_bucket__works_in_industry_en,high,groceries,8,500,100,5000
popularity_bucket__works_in_industry_en,high,healthcare,10,500,100,5000
popularity_bucket__works_in_industry_en,high,hotels,10,500,100,5000
popularity_bucket__works_in_industry_en,high,infrastructure,10,500,100,5000
popularity_bucket__works_in_industry_en,high,insurance,11,500,100,5000
popularity_bucket__works_in_industry_en,high,investment,9,500,100,5000
popularity_bucket__works_in_industry_en,high,law,10,500,100,5000
popularity_bucket__works_in_industry_en,high,logistics,9,500,100,5000
popularity_bucket__works_in_industry_en,high,maritime,9,500,100,5000
popularity_bucket__works_in_industry_en,high,media,8,500,100,5000
popularity_bucket__works_in_industry_en,high,pharmaceuticals,11,500,100,5000
popularity_bucket__works_in_industry_en,high,property,11,500,100,5000
popularity_bucket__works_in_industry_en,high,railways,10,500,100,5000
popularity_bucket__works_in_industry_en,high,recreation,8,500,100,5000
popularity_bucket__works_in_industry_en,high,research,12,500,100,5000
popularity_bucket__works_in_industry_en,high,retail,9,500,100,5000
popularity_bucket__works_in_industry_en,high,security,13,500,100,5000
popularity_bucket__works_in_industry_en,high,software,10,500,100,5000
popularity_bucket__works_in_industry_en,high,space,11,500,100,5000
popularity_bucket__works_in_industry_en,high,textiles,9,500,100,5000
popularity_bucket__works_in_industry_en,high,timber,9,500,100,5000
popularity_bucket__works_in_industry_en,high,tourism,10,500,100,5000
popularity_bucket__works_in_industry_en,high,trade,12,500,100,5000
popularity_bucket__works_in_industry_en,high,waste,12,500,100,5000
popularity_bucket__works_in_industry_en,high,welfare,8,500,100,5000
popularity_bucket__works_in_industry_en,low,academia,61,3000,100,5000
popularity_bucket__works_in_industry_en,low,accounting,61,3000,100,5000
popularity_bucket__works_in_industry_en,low,advertising,60,3000,100,5000
popularity_bucket__works_in_industry_en,low,airlines,59,3000,100,5000
popularity_bucket__works_in_industry_en,low,architecture,58,3000,100,5000
popularity_bucket__works_in_industry_en,low,arts,60,3000,100,5000
popularity_bucket__works_in_industry_en,low,automotive,58,3000,100,5000
popularity_bucket__works_in_industry_en,low,banking,61,3000,100,5000
popularity_bucket__works_in_industry_en,low,biotech,59,3000,100,5000
popularity_bucket__works_in_industry_en,low,books,59,3000,100,5000
popularity_bucket__works_in_industry_en,low,catering,59,3000,100,5000
popularity_bucket__works_in_industry_en,low,chemicals,60,3000,100,5000
popularity_bucket__works_in_industry_en,low,communications,60,3000,100,5000
popularity_bucket__works_in_industry_en,low,construction,60,3000,100,5000
popularity_bucket__works_in_industry_en,low,consulting,59,3000,100,5000
popularity_bucket__works_in_industry_en,low,electrical,61,3000,100,5000
popularity_bucket__works_in_industry_en,low,energy,61,3000,100,5000
popularity_bucket__works_in_industry_en,low,engineering,60,3000,100,5000
popularity_bucket__works_in_industry_en,low,entertainment,61,3000,100,5000
popularity_bucket__works_in_industry_en,low,extraction,58,3000,100,5000
popularity_bucket__works_in_industry_en,low,fabrication,58,3000,100,5000
popularity_bucket__works_in_industry_en,low,farming,60,3000,100,5000
popularity_bucket__works_in_industry_en,low,fashion,59,3000,100,5000
popularity_bucket__works_in_industry_en,low,gaming,59,3000,100,5000
popularity_bucket__works_in_industry_en,low,government,60,3000,100,5000
popularity_bucket__works_in_industry_en,low,groceries,60,3000,100,5000
popularity_bucket__works_in_industry_en,low,healthcare,59,3000,100,5000
popularity_bucket__works_in_industry_en,low,hotels,61,3000,100,5000
popularity_bucket__works_in_industry_en,low,infrastructure,62,3000,100,5000
popularity_bucket__works_in_industry_en,low,insurance,61,3000,100,5000
popularity_bucket__works_in_industry_en,low,investment,61,3000,100,5000
popularity_bucket__works_in_industry_en,low,law,61,3000,100,5000
popularity_bucket__works_in_industry_en,low,logistics,60,3000,100,5000
popularity_bucket__works_in_industry_en,low,maritime,60,3000,100,5000
popularity_bucket__works_in_industry_en,low,media,61,3000,100,5000
popularity_bucket__works_in_industry_en,low,pharmaceuticals,60,3000,100,5000
popularity_bucket__works_in_industry_en,low,property,60,3000,100,5000
popularity_bucket__works_in_industry_en,low,railways,59,3000,100,5000
popularity_bucket__works_in_industry_en,low,recreation,59,3000,100,5000
popularity_bucket__works_in_industry_en,low,research,60,3000,100,5000
popularity_bucket__works_in_industry_en,low,retail,62,3000,100,5000
popularity_bucket__works_in_industry_en,low,security,60,3000,100,5000
popularity_bucket__works_in_industry_en,low,software,62,3000,100,5000
popularity_bucket__works_in_industry_en,low,space,59,3000,100,5000
popularity_bucket__works_in_industry_en,low,textiles,62,3000,100,5000
popularity_bucket__works_in_industry_en,low,timber,61,3000,100,5000
popularity_bucket__works_in_industry_en,low,tourism,60,3000,100,5000
popularity_bucket__works_in_industry_en,low,trade,60,3000,100,5000
popularity_bucket__works_in_industry_en,low,waste,59,3000,100,5000
popularity_bucket__works_in_industry_en,low,welfare,60,3000,100,5000
popularity_bucket__works_in_industry_en,medium,academia,30,1500,100,5000
popularity_bucket__works_in_industry_en,medium,accounting,29,1500,100,5000
popularity_bucket__works_in_industry_en,medium,advertising,32,1500,100,5000
popularity_bucket__works_in_industry_en,medium,airlines,32,1500,100,5000
popularity_bucket__works_in_industry_en,medium,architecture,32,1500,100,5000
popularity_bucket__works_in_industry_en,medium,arts,30,1500,100,5000
popularity_bucket__works_in_industry_en,medium,automotive,32,1500,100,5000
popularity_bucket__works_in_industry_en,medium,banking,31,1500,100,5000
popularity_bucket__works_in_industry_en,medium,biotech,30,1500,100,5000
popularity_bucket__works_in_industry_en,medium,books,30,1500,100,5000
popularity_bucket__works_in_industry_en,medium,catering,32,1500,100,5000
popularity_bucket__works_in_industry_en,medium,chemicals,30,1500,100,5000
popularity_bucket__works_in_industry_en,medium,communications,31,1500,100,5000
popularity_bucket__works_in_industry_en,medium,construction,29,1500,100,5000
popularity_bucket__works_in_industry_en,medium,consulting,29,1500,100,5000
popularity_bucket__works_in_industry_en,medium,electrical,29,1500,100,5000
popularity_bucket__works_in_industry_en,medium,energy,29,1500,100,5000
popularity_bucket__works_in_industry_en,medium,engineering,29,1500,100,5000
popularity_bucket__works_in_industry_en,medium,entertainment,27,1500,100,5000
popularity_bucket__works_in_industry_en,medium,extraction,31,1500,100,5000
popularity_bucket__works_in_industry_en,medium,fabrication,31,1500,100,5000
popularity_bucket__works_in_industry_en,medium,farming,31,1500,100,5000
popularity_bucket__works_in_industry_en,medium,fashion,31,1500,100,5000
popularity_bucket__works_in_industry_en,medium,gaming,33,1500,100,5000
popularity_bucket__works_in_industry_en,medium,government,28,1500,100,5000
popularity_bucket__works_in_industry_en,medium,groceries,32,1500,100,5000
popularity_bucket__works_in_industry_en,medium,healthcare,31,1500,100,5000
popularity_bucket__works_in_industry_en,medium,hotels,29,1500,100,5000
popularity_bucket__works_in_industry_en,medium,infrastructure,28,1500,100,5000
popularity_bucket__works_in_industry_en,medium,insurance,28,1500,100,5000
popularity_bucket__works_in_industry_en,medium,investment,30,1500,100,5000
popularity_bucket__works_in_industry_en,medium,law,29,1500,100,5000
popularity_bucket__works_in_industry_en,medium,logistics,31,1500,100,5000
popularity_bucket__works_in_industry_en,medium,maritime,31,1500,100,5000
popularity_bucket__works_in_industry_en,medium,media,31,1500,100,5000
popularity_bucket__works_in_industry_en,medium,pharmaceuticals,29,1500,100,5000
popularity_bucket__works_in_industry_en,medium,property,29,1500,100,5000
popularity_bucket__works_in_industry_en,medium,railways,31,1500,100,5000
popularity_bucket__works_in_industry_en,medium,recreation,33,1500,100,5000
popularity_bucket__works_in_industry_en,medium,research,28,1500,100,5000
popularity_bucket__works_in_industry_en,medium,retail,29,1500,100,5000
popularity_bucket__works_in_industry_en,medium,security,27,1500,100,5000
popularity_bucket__works_in_industry_en,medium,software,28,1500,100,5000
popularity_bucket__works_in_industry_en,medium,space,30,1500,100,5000
popularity_bucket__works_in_industry_en,medium,textiles,29,1500,100,5000
popularity_bucket__works_in_industry_en,medium,timber,30,1500,100,5000
popularity_bucket__works_in_industry_en,medium,tourism,30,1500,100,5000
popularity_bucket__works_in_industry_en,medium,trade,28,1500,100,5000
popularity_bucket__works_in_industry_en,medium,waste,29,1500,100,5000
popularity_bucket__works_in_industry_en,medium,welfare,32,1500,100,5000
profession_category__field_of_study_en,administration,accounting,1,59,100,5000
profession_category__field_of_study_en,administration,agriculture,1,59,100,5000
profession_category__field_of_study_en,administration,animal care,1,59,100,5000
profession_category__field_of_study_en,administration,anthropology,1,59,100,5000
profession_category__field_of_study_en,administration,archaeology,1,59,100,5000
profession_category__field_of_study_en,administration,architecture,1,59,100,5000
profession_category__field_of_study_en,administration,biology,2,59,100,5000
profession_category__field_of_study_en,administration,business,1,59,100,5000
profession_category__field_of_study_en,administration,chemistry,1,59,100,5000
profession_category__field_of_study_en,administration,communication,1,59,100,5000
profession_category__field_of_study_en,administration,computing,1,59,100,5000
profession_category__field_of_study_en,administration,construction,1,59,100,5000
profession_category__field_of_study_en,administration,cultural analysis,1,59,100,5000
profession_category__field_of_study_en,administration,data analytics,1,59,100,5000
profession_category__field_of_study_en,administration,dental studies,1,59,100,5000
profession_category__field_of_study_en,administration,design,1,59,100,5000
profession_category__field_of_study_en,administration,diplomacy,2,59,100,5000
profession_category__field_of_study_en,administration,ecology,1,59,100,5000
profession_category__field_of_study_en,administration,economics,1,59,100,5000
profession_category__field_of_study_en,administration,electricity,1,59,100,5000
profession_category__field_of_study_en,administration,exercise science,1,59,100,5000
profession_category__field_of_study_en,administration,film studies,1,59,100,5000
profession_category__field_of_study_en,administration,fiscal studies,1,59,100,5000
profession_category__field_of_study_en,administration,forestry,1,59,100,5000
profession_category__field_of_study_en,administration,geography,1,59,100,5000
profession_category__field_of_study_en,administration,governance,2,59,100,5000
profession_category__field_of_study_en,administration,history,1,59,100,5000
profession_category__field_of_study_en,administration,law,1,59,100,5000
profession_category__field_of_study_en,administration,linguistics,1,59,100,5000
profession_category__field_of_study_en,administration,literature,2,59,100,5000
profession_category__field_of_study_en,administration,logistics,1,59,100,5000
profession_category__field_of_study_en,administration,management,2,59,100,5000
profession_category__field_of_study_en,administration,marketing,1,59,100,5000
profession_category__field_of_study_en,administration,mechanics,1,59,100,5000
profession_category__field_of_study_en,administration,media studies,1,59,100,5000
profession_category__field_of_study_en,administration,medicine,2,59,100,5000
profession_category__field_of_study_en,administration,music,1,59,100,5000
profession_category__field_of_study_en,administration,nursing,2,59,100,5000
profession_category__field_of_study_en,administration,pharmacy,1,59,100,5000
profession_category__field_of_study_en,administration,philosophy,1,59,100,5000
profession_category__field_of_study_en,administration,physics,1,59,100,5000
profession_category__field_of_study_en,administration,politics,1,59,100,5000
profession_category__field_of_study_en,administration,psychology,1,59,100,5000
profession_category__field_of_study_en,administration,quantitative methods,2,59,100,5000
profession_category__field_of_study_en,administration,social care,1,59,100,5000
profession_category__field_of_study_en,administration,software,1,59,100,5000
profession_category__field_of_study_en,administration,statistics,1,59,100,5000
profession_category__field_of_study_en,administration,teaching,1,59,100,5000
profession_category__field_of_study_en,administration,theatre,2,59,100,5000
profession_category__field_of_study_en,administration,tourism,1,59,100,5000
profession_category__field_of_study_en,construction,accounting,1,40,100,5000
profession_category__field_of_study_en,construction,agriculture,0,40,100,5000
profession_category__field_of_study_en,construction,animal care,1,40,100,5000
profession_category__field_of_study_en,construction,anthropology,1,40,100,5000
profession_category__field_of_study_en,construction,archaeology,1,40,100,5000
profession_category__field_of_study_en,construction,architecture,1,40,100,5000
profession_category__field_of_study_en,construction,biology,1,40,100,5000
profession_category__field_of_study_en,construction,business,1,40,100,5000
profession_category__field_of_study_en,construction,chemistry,1,40,100,5000
profession_category__field_of_study_en,construction,communication,1,40,100,5000
profession_category__field_of_study_en,construction,computing,1,40,100,5000
profession_category__field_of_study_en,construction,construction,1,40,100,5000
profession_category__field_of_study_en,construction,cultural analysis,0,40,100,5000
profession_category__field_of_study_en,construction,data analytics,0,40,100,5000
profession_category__field_of_study_en,construction,dental studies,1,40,100,5000
profession_category__field_of_study_en,construction,design,1,40,100,5000
profession_category__field_of_study_en,construction,diplomacy,1,40,100,5000
profession_category__field_of_study_en,construction,ecology,1,40,100,5000
profession_category__field_of_study_en,construction,economics,0,40,100,5000
profession_category__field_of_study_en,construction,electricity,1,40,100,5000
profession_category__field_of_study_en,construction,exercise science,1,40,100,5000
profession_category__field_of_study_en,construction,film studies,1,40,100,5000
profession_category__field_of_study_en,construction,fiscal studies,0,40,100,5000
profession_category__field_of_study_en,construction,forestry,0,40,100,5000
profession_category__field_of_study_en,construction,geography,1,40,100,5000
profession_category__field_of_study_en,construction,governance,1,40,100,5000
profession_category__field_of_study_en,construction,history,1,40,100,5000
profession_category__field_of_study_en,construction,law,1,40,100,5000
profession_category__field_of_study_en,construction,linguistics,1,40,100,5000
profession_category__field_of_study_en,construction,literature,1,40,100,5000
profession_category__field_of_study_en,construction,logistics,1,40,100,5000
profession_category__field_of_study_en,construction,management,1,40,100,5000
profession_category__field_of_study_en,construction,marketing,1,40,100,5000
profession_category__field_of_study_en,construction,mechanics,1,40,100,5000
profession_category__field_of_study_en,construction,media studies,1,40,100,5000
profession_category__field_of_study_en,construction,medicine,1,40,100,5000
profession_category__field_of_study_en,construction,music,0,40,100,5000
profession_category__field_of_study_en,construction,nursing,0,40,100,5000
profession_category__field_of_study_en,construction,pharmacy,1,40,100,5000
profession_category__field_of_study_en,construction,philosophy,1,40,100,5000
profession_category__field_of_study_en,construction,physics,1,40,100,5000
profession_category__field_of_study_en,construction,politics,0,40,100,5000
profession_category__field_of_study_en,construction,psychology,1,40,100,5000
profession_category__field_of_study_en,construction,quantitative methods,1,40,100,5000
profession_category__field_of_study_en,construction,social care,1,40,100,5000
profession_category__field_of_study_en,construction,software,1,40,100,5000
profession_category__field_of_study_en,construction,statistics,1,40,100,5000
profession_category__field_of_study_en,construction,teaching,1,40,100,5000
profession_category__field_of_study_en,construction,theatre,0,40,100,5000
profession_category__field_of_study_en,construction,tourism,1,40,100,5000
profession_category__field_of_study_en,education,accounting,2,112,100,5000
profession_category__field_of_study_en,education,agriculture,2,112,100,5000
profession_category__field_of_study_en,education,animal care,3,112,100,5000
profession_category__field_of_study_en,education,anthropology,2,112,100,5000
profession_category__field_of_study_en,education,archaeology,2,112,100,5000
profession_category__field_of_study_en,education,architecture,2,112,100,5000
profession_category__field_of_study_en,education,biology,2,112,100,5000
profession_category__field_of_study_en,education,business,3,112,100,5000
profession_category__field_of_study_en,education,chemistry,3,112,100,5000
profession_category__field_of_study_en,education,communication,2,112,100,5000
profession_category__field_of_study_en,education,computing,3,112,100,5000
profession_category__field_of_study_en,education,construction,2,112,100,5000
profession_category__field_of_study_en,education,cultural analysis,3,112,100,5000
profession_category__field_of_study_en,education,data analytics,2,112,100,5000
profession_category__field_of_study_en,education,dental studies,2,112,100,5000
profession_category__field_of_study_en,education,design,3,112,100,5000
profession_category__field_of_study_en,education,diplomacy,3,112,100,5000
profession_category__field_of_study_en,education,ecology,3,112,100,5000
profession_category__field_of_study_en,education,economics,3,112,100,5000
profession_category__field_of_study_en,education,electricity,2,112,100,5000
profession_category__field_of_study_en,education,exercise science,2,112,100,5000
profession_category__field_of_study_en,education,film studies,2,112,100,5000
profession_category__field_of_study_en,education,fiscal studies,3,112,100,5000
profession_category__field_of_study_en,education,forestry,2,112,100,5000
profession_category__field_of_study_en,education,geography,2,112,100,5000
profession_category__field_of_study_en,education,governance,3,112,100,5000
profession_category__field_of_study_en,education,history,2,112,100,5000
profession_category__field_of_study_en,education,law,2,112,100,5000
profession_category__field_of_study_en,education,linguistics,2,112,100,5000
profession_category__field_of_study_en,education,literature,2,112,100,5000
profession_category__field_of_study_en,education,logistics,2,112,100,5000
profession_category__field_of_study_en,education,management,2,112,100,5000
profession_category__field_of_study_en,education,marketing,2,112,100,5000
profession_category__field_of_study_en,education,mechanics,2,112,100,5000
profession_category__field_of_study_en,education,media studies,2,112,100,5000
profession_category__field_of_study_en,education,medicine,2,112,100,5000
profession_category__field_of_study_en,education,music,2,112,100,5000
profession_category__field_of_study_en,education,nursing,2,112,100,5000
profession_category__field_of_study_en,education,pharmacy,2,112,100,5000
profession_category__field_of_study_en,education,philosophy,2,112,100,5000
profession_category__field_of_study_en,education,physics,2,112,100,5000
profession_category__field_of_study_en,education,politics,2,112,100,5000
profession_category__field_of_study_en,education,psychology,2,112,100,5000
profession_category__field_of_study_en,education,quantitative methods,2,112,100,5000
profession_category__field_of_study_en,education,social care,2,112,100,5000
profession_category__field_of_study_en,education,software,2,112,100,5000
profession_category__field_of_study_en,education,statistics,2,112,100,5000
profession_category__field_of_study_en,education,teaching,2,112,100,5000
profession_category__field_of_study_en,education,theatre,2,112,100,5000
profession_category__field_of_study_en,education,tourism,3,112,100,5000
profession_category__field_of_study_en,engineering,accounting,7,374,100,5000
profession_category__field_of_study_en,engineering,agriculture,8,374,100,5000
profession_category__field_of_study_en,engineering,animal care,7,374,100,5000
profession_category__field_of_study_en,engineering,anthropology,7,374,100,5000
profession_category__field_of_study_en,engineering,archaeology,7,374,100,5000
profession_category__field_of_study_en,engineering,architecture,7,374,100,5000
profession_category__field_of_study_en,engineering,biology,8,374,100,5000
profession_category__field_of_study_en,engineering,business,7,374,100,5000
profession_category__field_of_study_en,engineering,chemistry,7,374,100,5000
profession_category__field_of_study_en,engineering,communication,8,374,100,5000
profession_category__field_of_study_en,engineering,computing,8,374,100,5000
profession_category__field_of_study_en,engineering,construction,7,374,100,5000
profession_category__field_of_study_en,engineering,cultural analysis,8,374,100,5000
profession_category__field_of_study_en,engineering,data analytics,8,374,100,5000
profession_category__field_of_study_en,engineering,dental studies,8,374,100,5000
profession_category__field_of_study_en,engineering,design,8,374,100,5000
profession_category__field_of_study_en,engineering,diplomacy,8,374,100,5000
profession_category__field_of_study_en,engineering,ecology,8,374,100,5000
profession_category__field_of_study_en,engineering,economics,7,374,100,5000
profession_category__field_of_study_en,engineering,electricity,7,374,100,5000
profession_category__field_of_study_en,engineering,exercise science,7,374,100,5000
profession_category__field_of_study_en,engineering,film studies,7,374,100,5000
profession_category__field_of_study_en,engineering,fiscal studies,7,374,100,5000
profession_category__field_of_study_en,engineering,forestry,8,374,100,5000
profession_category__field_of_study_en,engineering,geography,8,374,100,5000
profession_category__field_of_study_en,engineering,governance,8,374,100,5000
profession_category__field_of_study_en,engineering,history,7,374,100,5000
profession_category__field_of_study_en,engineering,law,7,374,100,5000
profession_category__field_of_study_en,engineering,linguistics,7,374,100,5000
profession_category__field_of_study_en,engineering,literature,7,374,100,5000
profession_category__field_of_study_en,engineering,logistics,7,374,100,5000
profession_category__field_of_study_en,engineering,management,8,374,100,5000
profession_category__field_of_study_en,engineering,marketing,8,374,100,5000
profession_category__field_of_study_en,engineering,mechanics,7,374,100,5000
profession_category__field_of_study_en,engineering,media studies,8,374,100,5000
profession_category__field_of_study_en,engineering,medicine,7,374,100,5000
profession_category__field_of_study_en,engineering,music,8,374,100,5000
profession_category__field_of_study_en,engineering,nursing,7,374,100,5000
profession_category__field_of_study_en,engineering,pharmacy,8,374,100,5000
profession_category__field_of_study_en,engineering,philosophy,8,374,100,5000
profession_category__field_of_study_en,engineering,physics,8,374,100,5000
profession_category__field_of_study_en,engineering,politics,7,374,100,5000
profession_category__field_of_study_en,engineering,psychology,8,374,100,5000
profession_category__field_of_study_en,engineering,quantitative methods,8,374,100,5000
profession_category__field_of_study_en,engineering,social care,7,374,100,5000
profession_category__field_of_study_en,engineering,software,7,374,100,5000
profession_category__field_of_study_en,engineering,statistics,7,374,100,5000
profession_category__field_of_study_en,engineering,teaching,8,374,100,5000
profession_category__field_of_study_en,engineering,theatre,8,374,100,5000
profession_category__field_of_study_en,engineering,tourism,7,374,100,5000
profession_category__field_of_study_en,entertainment,accounting,8,435,100,5000
profession_category__field_of_study_en,entertainment,agriculture,9,435,100,5000
profession_category__field_of_study_en,entertainment,animal care,8,435,100,5000
profession_category__field_of_study_en,entertainment,anthropology,9,435,100,5000
profession_category__field_of_study_en,entertainment,archaeology,8,435,100,5000
profession_category__field_of_study_en,entertainment,architecture,9,435,100,5000
profession_category__field_of_study_en,entertainment,biology,9,435,100,5000
profession_category__field_of_study_en,entertainment,business,9,435,100,5000
profession_category__field_of_study_en,entertainment,chemistry,9,435,100,5000
profession_category__field_of_study_en,entertainment,communication,9,435,100,5000
profession_category__field_of_study_en,entertainment,computing,8,435,100,5000
profession_category__field_of_study_en,entertainment,construction,8,435,100,5000
profession_category__field_of_study_en,entertainment,cultural analysis,8,435,100,5000
profession_category__field_of_study_en,entertainment,data analytics,9,435,100,5000
profession_category__field_of_study_en,entertainment,dental studies,8,435,100,5000
profession_category__field_of_study_en,entertainment,design,9,435,100,5000
profession_category__field_of_study_en,entertainment,diplomacy,9,435,100,5000
profession_category__field_of_study_en,entertainment,ecology,9,435,100,5000
profession_category__field_of_study_en,entertainment,economics,9,435,100,5000
profession_category__field_of_study_en,entertainment,electricity,8,435,100,5000
profession_category__field_of_study_en,entertainment,exercise science,9,435,100,5000
profession_category__field_of_study_en,entertainment,film studies,8,435,100,5000
profession_category__field_of_study_en,entertainment,fiscal studies,9,435,100,5000
profession_category__field_of_study_en,entertainment,forestry,9,435,100,5000
profession_category__field_of_study_en,entertainment,geography,9,435,100,5000
profession_category__field_of_study_en,entertainment,governance,9,435,100,5000
profession_category__field_of_study_en,entertainment,history,8,435,100,5000
profession_category__field_of_study_en,entertainment,law,9,435,100,5000
profession_category__field_of_study_en,entertainment,linguistics,9,435,100,5000
profession_category__field_of_study_en,entertainment,literature,9,435,100,5000
profession_category__field_of_study_en,entertainment,logistics,9,435,100,5000
profession_category__field_of_study_en,entertainment,management,9,435,100,5000
profession_category__field_of_study_en,entertainment,marketing,9,435,100,5000
profession_category__field_of_study_en,entertainment,mechanics,9,435,100,5000
profession_category__field_of_study_en,entertainment,media studies,9,435,100,5000
profession_category__field_of_study_en,entertainment,medicine,9,435,100,5000
profession_category__field_of_study_en,entertainment,music,9,435,100,5000
profession_category__field_of_study_en,entertainment,nursing,8,435,100,5000
profession_category__field_of_study_en,entertainment,pharmacy,9,435,100,5000
profession_category__field_of_study_en,entertainment,philosophy,9,435,100,5000
profession_category__field_of_study_en,entertainment,physics,9,435,100,5000
profession_category__field_of_study_en,entertainment,politics,8,435,100,5000
profession_category__field_of_study_en,entertainment,psychology,9,435,100,5000
profession_category__field_of_study_en,entertainment,quantitative methods,9,435,100,5000
profession_category__field_of_study_en,entertainment,social care,9,435,100,5000
profession_category__field_of_study_en,entertainment,software,8,435,100,5000
profession_category__field_of_study_en,entertainment,statistics,8,435,100,5000
profession_category__field_of_study_en,entertainment,teaching,9,435,100,5000
profession_category__field_of_study_en,entertainment,theatre,8,435,100,5000
profession_category__field_of_study_en,entertainment,tourism,9,435,100,5000
profession_category__field_of_study_en,finance,accounting,3,177,100,5000
profession_category__field_of_study_en,finance,agriculture,4,177,100,5000
profession_category__field_of_study_en,finance,animal care,4,177,100,5000
profession_category__field_of_study_en,finance,anthropology,4,177,100,5000
profession_category__field_of_study_en,finance,archaeology,4,177,100,5000
profession_category__field_of_study_en,finance,architecture,3,177,100,5000
profession_category__field_of_study_en,finance,biology,3,177,100,5000
profession_category__field_of_study_en,finance,business,4,177,100,5000
profession_category__field_of_study_en,finance,chemistry,3,177,100,5000
profession_category__field_of_study_en,finance,communication,4,177,100,5000
profession_category__field_of_study_en,finance,computing,3,177,100,5000
profession_category__field_of_study_en,finance,construction,4,177,100,5000
profession_category__field_of_study_en,finance,cultural analysis,4,177,100,5000
profession_category__field_of_study_en,finance,data analytics,4,177,100,5000
profession_category__field_of_study_en,finance,dental studies,3,177,100,5000
profession_category__field_of_study_en,finance,design,3,177,100,5000
profession_category__field_of_study_en,finance,diplomacy,4,177,100,5000
profession_category__field_of_study_en,finance,ecology,4,177,100,5000
profession_category__field_of_study_en,finance,economics,3,177,100,5000
profession_category__field_of_study_en,finance,electricity,4,177,100,5000
profession_category__field_of_study_en,finance,exercise science,3,177,100,5000
profession_category__field_of_study_en,finance,film studies,4,177,100,5000
profession_category__field_of_study_en,finance,fiscal studies,3,177,100,5000
profession_category__field_of_study_en,finance,forestry,4,177,100,5000
profession_category__field_of_study_en,finance,geography,4,177,100,5000
profession_category__field_of_study_en,finance,governance,3,177,100,5000
profession_category__field_of_study_en,finance,history,4,177,100,5000
profession_category__field_of_study_en,finance,law,4,177,100,5000
profession_category__field_of_study_en,finance,linguistics,3,177,100,5000
profession_category__field_of_study_en,finance,literature,3,177,100,5000
profession_category__field_of_study_en,finance,logistics,3,177,100,5000
profession_category__field_of_study_en,finance,management,4,177,100,5000
profession_category__field_of_study_en,finance,marketing,3,177,100,5000
profession_category__field_of_study_en,finance,mechanics,3,177,100,5000
profession_category__field_of_study_en,finance,media studies,4,177,100,5000
profession_category__field_of_study_en,finance,medicine,3,177,100,5000
profession_category__field_of_study_en,finance,music,3,177,100,5000
profession_category__field_of_study_en,finance,nursing,4,177,100,5000
profession_category__field_of_study_en,finance,pharmacy,3,177,100,5000
profession_category__field_of_study_en,finance,philosophy,3,177,100,5000
profession_category__field_of_study_en,finance,physics,4,177,100,5000
profession_category__field_of_study_en,finance,politics,4,177,100,5000
profession_category__field_of_study_en,finance,psychology,4,177,100,5000
profession_category__field_of_study_en,finance,quantitative methods,4,177,100,5000
profession_category__field_of_study_en,finance,social care,4,177,100,5000
profession_category__field_of_study_en,finance,software,4,177,100,5000
profession_category__field_of_study_en,finance,statistics,3,177,100,5000
profession_category__field_of_study_en,finance,teaching,3,177,100,5000
profession_category__field_of_study_en,finance,theatre,4,177,100,5000
profession_category__field_of_study_en,finance,tourism,3,177,100,5000
profession_category__field_of_study_en,general,accounting,45,2189,100,5000
profession_category__field_of_study_en,general,agriculture,44,2189,100,5000
profession_category__field_of_study_en,general,animal care,43,2189,100,5000
profession_category__field_of_study_en,general,anthropology,44,2189,100,5000
profession_category__field_of_study_en,general,archaeology,44,2189,100,5000
profession_category__field_of_study_en,general,architecture,43,2189,100,5000
profession_category__field_of_study_en,general,biology,42,2189,100,5000
profession_category__field_of_study_en,general,business,43,2189,100,5000
profession_category__field_of_study_en,general,chemistry,43,2189,100,5000
profession_category__field_of_study_en,general,communication,44,2189,100,5000
profession_category__field_of_study_en,general,computing,43,2189,100,5000
profession_category__field_of_study_en,general,construction,47,2189,100,5000
profession_category__field_of_study_en,general,cultural analysis,45,2189,100,5000
profession_category__field_of_study_en,general,data analytics,43,2189,100,5000
profession_category__field_of_study_en,general,dental studies,43,2189,100,5000
profession_category__field_of_study_en,general,design,45,2189,100,5000
profession_category__field_of_study_en,general,diplomacy,37,2189,100,5000
profession_category__field_of_study_en,general,ecology,38,2189,100,5000
profession_category__field_of_study_en,general,economics,44,2189,100,5000
profession_category__field_of_study_en,general,electricity,47,2189,100,5000
profession_category__field_of_study_en,general,exercise science,44,2189,100,5000
profession_category__field_of_study_en,general,film studies,47,2189,100,5000
profession_category__field_of_study_en,general,fiscal studies,45,2189,100,5000
profession_category__field_of_study_en,general,forestry,46,2189,100,5000
profession_category__field_of_study_en,general,geography,44,2189,100,5000
profession_category__field_of_study_en,general,governance,42,2189,100,5000
profession_category__field_of_study_en,general,history,45,2189,100,5000
profession_category__field_of_study_en,general,law,44,2189,100,5000
profession_category__field_of_study_en,general,linguistics,42,2189,100,5000
profession_category__field_of_study_en,general,literature,43,2189,100,5000
profession_category__field_of_study_en,general,logistics,46,2189,100,5000
profession_category__field_of_study_en,general,management,41,2189,100,5000
profession_category__field_of_study_en,general,marketing,45,2189,100,5000
profession_category__field_of_study_en,general,mechanics,46,2189,100,5000
profession_category__field_of_study_en,general,media studies,45,2189,100,5000
profession_category__field_of_study_en,general,medicine,42,2189,100,5000
profession_category__field_of_study_en,general,music,47,2189,100,5000
profession_category__field_of_study_en,general,nursing,45,2189,100,5000
profession_category__field_of_study_en,general,pharmacy,43,2189,100,5000
profession_category__field_of_study_en,general,philosophy,44,2189,100,5000
profession_category__field_of_study_en,general,physics,41,2189,100,5000
profession_category__field_of_study_en,general,politics,46,2189,100,5000
profession_category__field_of_study_en,general,psychology,45,2189,100,5000
profession_category__field_of_study_en,general,quantitative methods,41,2189,100,5000
profession_category__field_of_study_en,general,social care,43,2189,100,5000
profession_category__field_of_study_en,general,software,44,2189,100,5000
profession_category__field_of_study_en,general,statistics,45,2189,100,5000
profession_category__field_of_study_en,general,teaching,42,2189,100,5000
profession_category__field_of_study_en,general,theatre,43,2189,100,5000
profession_category__field_of_study_en,general,tourism,46,2189,100,5000
profession_category__field_of_study_en,healthcare,accounting,4,166,100,5000
profession_category__field_of_study_en,healthcare,agriculture,3,166,100,5000
profession_category__field_of_study_en,healthcare,animal care,3,166,100,5000
profession_category__field_of_study_en,healthcare,anthropology,3,166,100,5000
profession_category__field_of_study_en,healthcare,archaeology,3,166,100,5000
profession_category__field_of_study_en,healthcare,architecture,4,166,100,5000
profession_category__field_of_study_en,healthcare,biology,3,166,100,5000
profession_category__field_of_study_en,healthcare,business,4,166,100,5000
profession_category__field_of_study_en,healthcare,chemistry,3,166,100,5000
profession_category__field_of_study_en,healthcare,communication,3,166,100,5000
profession_category__field_of_study_en,healthcare,computing,3,166,100,5000
profession_category__field_of_study_en,healthcare,construction,3,166,100,5000
profession_category__field_of_study_en,healthcare,cultural analysis,3,166,100,5000
profession_category__field_of_study_en,healthcare,data analytics,4,166,100,5000
profession_category__field_of_study_en,healthcare,dental studies,4,166,100,5000
profession_category__field_of_study_en,healthcare,design,3,166,100,5000
profession_category__field_of_study_en,healthcare,diplomacy,4,166,100,5000
profession_category__field_of_study_en,healthcare,ecology,4,166,100,5000
profession_category__field_of_study_en,healthcare,economics,3,166,100,5000
profession_category__field_of_study_en,healthcare,electricity,4,166,100,5000
profession_category__field_of_study_en,healthcare,exercise science,4,166,100,5000
profession_category__field_of_study_en,healthcare,film studies,3,166,100,5000
profession_category__field_of_study_en,healthcare,fiscal studies,3,166,100,5000
profession_category__field_of_study_en,healthcare,forestry,3,166,100,5000
profession_category__field_of_study_en,healthcare,geography,3,166,100,5000
profession_category__field_of_study_en,healthcare,governance,3,166,100,5000
profession_category__field_of_study_en,healthcare,history,4,166,100,5000
profession_category__field_of_study_en,healthcare,law,3,166,100,5000
profession_category__field_of_study_en,healthcare,linguistics,4,166,100,5000
profession_category__field_of_study_en,healthcare,literature,3,166,100,5000
profession_category__field_of_study_en,healthcare,logistics,3,166,100,5000
profession_category__field_of_study_en,healthcare,management,3,166,100,5000
profession_category__field_of_study_en,healthcare,marketing,3,166,100,5000
profession_category__field_of_study_en,healthcare,mechanics,3,166,100,5000
profession_category__field_of_study_en,healthcare,media studies,3,166,100,5000
profession_category__field_of_study_en,healthcare,medicine,4,166,100,5000
profession_category__field_of_study_en,healthcare,music,3,166,100,5000
profession_category__field_of_study_en,healthcare,nursing,3,166,100,5000
profession_category__field_of_study_en,healthcare,pharmacy,4,166,100,5000
profession_category__field_of_study_en,healthcare,philosophy,4,166,100,5000
profession_category__field_of_study_en,healthcare,physics,3,166,100,5000
profession_category__field_of_study_en,healthcare,politics,3,166,100,5000
profession_category__field_of_study_en,healthcare,psychology,3,166,100,5000
profession_category__field_of_study_en,healthcare,quantitative methods,3,166,100,5000
profession_category__field_of_study_en,healthcare,social care,3,166,100,5000
profession_category__field_of_study_en,healthcare,software,3,166,100,5000
profession_category__field_of_study_en,healthcare,statistics,3,166,100,5000
profession_category__field_of_study_en,healthcare,teaching,4,166,100,5000
profession_category__field_of_study_en,healthcare,theatre,4,166,100,5000
profession_category__field_of_study_en,healthcare,tourism,3,166,100,5000
profession_category__field_of_study_en,hospitality,accounting,2,100,100,5000
profession_category__field_of_study_en,hospitality,agriculture,2,100,100,5000
profession_category__field_of_study_en,hospitality,animal care,2,100,100,5000
profession_category__field_of_study_en,hospitality,anthropology,2,100,100,5000
profession_category__field_of_study_en,hospitality,archaeology,2,100,100,5000
profession_category__field_of_study_en,hospitality,architecture,2,100,100,5000
profession_category__field_of_study_en,hospitality,biology,2,100,100,5000
profession_category__field_of_study_en,hospitality,business,2,100,100,5000
profession_category__field_of_study_en,hospitality,chemistry,2,100,100,5000
profession_category__field_of_study_en,hospitality,communication,2,100,100,5000
profession_category__field_of_study_en,hospitality,computing,2,100,100,5000
profession_category__field_of_study_en,hospitality,construction,2,100,100,5000
profession_category__field_of_study_en,hospitality,cultural analysis,2,100,100,5000
profession_category__field_of_study_en,hospitality,data analytics,2,100,100,5000
profession_category__field_of_study_en,hospitality,dental studies,2,100,100,5000
profession_category__field_of_study_en,hospitality,design,2,100,100,5000
profession_category__field_of_study_en,hospitality,diplomacy,2,100,100,5000
profession_category__field_of_study_en,hospitality,ecology,2,100,100,5000
profession_category__field_of_study_en,hospitality,economics,2,100,100,5000
profession_category__field_of_study_en,hospitality,electricity,2,100,100,5000
profession_category__field_of_study_en,hospitality,exercise science,2,100,100,5000
profession_category__field_of_study_en,hospitality,film studies,2,100,100,5000
profession_category__field_of_study_en,hospitality,fiscal studies,2,100,100,5000
profession_category__field_of_study_en,hospitality,forestry,2,100,100,5000
profession_category__field_of_study_en,hospitality,geography,2,100,100,5000
profession_category__field_of_study_en,hospitality,governance,2,100,100,5000
profession_category__field_of_study_en,hospitality,history,2,100,100,5000
profession_category__field_of_study_en,hospitality,law,2,100,100,5000
profession_category__field_of_study_en,hospitality,linguistics,2,100,100,5000
profession_category__field_of_study_en,hospitality,literature,2,100,100,5000
profession_category__field_of_study_en,hospitality,logistics,2,100,100,5000
profession_category__field_of_study_en,hospitality,management,2,100,100,5000
profession_category__field_of_study_en,hospitality,marketing,2,100,100,5000
profession_category__field_of_study_en,hospitality,mechanics,2,100,100,5000
profession_category__field_of_study_en,hospitality,media studies,2,100,100,5000
profession_category__field_of_study_en,hospitality,medicine,2,100,100,5000
profession_category__field_of_study_en,hospitality,music,2,100,100,5000
profession_category__field_of_study_en,hospitality,nursing,2,100,100,5000
profession_category__field_of_study_en,hospitality,pharmacy,2,100,100,5000
profession_category__field_of_study_en,hospitality,philosophy,2,100,100,5000
profession_category__field_of_study_en,hospitality,physics,2,100,100,5000
profession_category__field_of_study_en,hospitality,politics,2,100,100,5000
profession_category__field_of_study_en,hospitality,psychology,2,100,100,5000
profession_category__field_of_study_en,hospitality,quantitative methods,2,100,100,5000
profession_category__field_of_study_en,hospitality,social care,2,100,100,5000
profession_category__field_of_study_en,hospitality,software,2,100,100,5000
profession_category__field_of_study_en,hospitality,statistics,2,100,100,5000
profession_category__field_of_study_en,hospitality,teaching,2,100,100,5000
profession_category__field_of_study_en,hospitality,theatre,2,100,100,5000
profession_category__field_of_study_en,hospitality,tourism,2,100,100,5000
profession_category__field_of_study_en,legal,accounting,2,81,100,5000
profession_category__field_of_study_en,legal,agriculture,1,81,100,5000
profession_category__field_of_study_en,legal,animal care,2,81,100,5000
profession_category__field_of_study_en,legal,anthropology,1,81,100,5000
profession_category__field_of_study_en,legal,archaeology,2,81,100,5000
profession_category__field_of_study_en,legal,architecture,2,81,100,5000
profession_category__field_of_study_en,legal,biology,2,81,100,5000
profession_category__field_of_study_en,legal,business,1,81,100,5000
profession_category__field_of_study_en,legal,chemistry,2,81,100,5000
profession_category__field_of_study_en,legal,communication,2,81,100,5000
profession_category__field_of_study_en,legal,computing,1,81,100,5000
profession_category__field_of_study_en,legal,construction,2,81,100,5000
profession_category__field_of_study_en,legal,cultural analysis,2,81,100,5000
profession_category__field_of_study_en,legal,data analytics,2,81,100,5000
profession_category__field_of_study_en,legal,dental studies,2,81,100,5000
profession_category__field_of_study_en,legal,design,2,81,100,5000
profession_category__field_of_study_en,legal,diplomacy,2,81,100,5000
profession_category__field_of_study_en,legal,ecology,2,81,100,5000
profession_category__field_of_study_en,legal,economics,1,81,100,5000
profession_category__field_of_study_en,legal,electricity,2,81,100,5000
profession_category__field_of_study_en,legal,exercise science,2,81,100,5000
profession_category__field_of_study_en,legal,film studies,1,81,100,5000
profession_category__field_of_study_en,legal,fiscal studies,2,81,100,5000
profession_category__field_of_study_en,legal,forestry,1,81,100,5000
profession_category__field_of_study_en,legal,geography,1,81,100,5000
profession_category__field_of_study_en,legal,governance,2,81,100,5000
profession_category__field_of_study_en,legal,history,2,81,100,5000
profession_category__field_of_study_en,legal,law,2,81,100,5000
profession_category__field_of_study_en,legal,linguistics,2,81,100,5000
profession_category__field_of_study_en,legal,literature,1,81,100,5000
profession_category__field_of_study_en,legal,logistics,1,81,100,5000
profession_category__field_of_study_en,legal,management,2,81,100,5000
profession_category__field_of_study_en,legal,marketing,1,81,100,5000
profession_category__field_of_study_en,legal,mechanics,2,81,100,5000
profession_category__field_of_study_en,legal,media studies,2,81,100,5000
profession_category__field_of_study_en,legal,medicine,1,81,100,5000
profession_category__field_of_study_en,legal,music,2,81,100,5000
profession_category__field_of_study_en,legal,nursing,2,81,100,5000
profession_category__field_of_study_en,legal,pharmacy,1,81,100,5000
profession_category__field_of_study_en,legal,philosophy,1,81,100,5000
profession_category__field_of_study_en,legal,physics,2,81,100,5000
profession_category__field_of_study_en,legal,politics,2,81,100,5000
profession_category__field_of_study_en,legal,psychology,1,81,100,5000
profession_category__field_of_study_en,legal,quantitative methods,1,81,100,5000
profession_category__field_of_study_en,legal,social care,2,81,100,5000
profession_category__field_of_study_en,legal,software,2,81,100,5000
profession_category__field_of_study_en,legal,statistics,2,81,100,5000
profession_category__field_of_study_en,legal,teaching,1,81,100,5000
profession_category__field_of_study_en,legal,theatre,1,81,100,5000
profession_category__field_of_study_en,legal,tourism,1,81,100,5000
profession_category__field_of_study_en,logistics,accounting,3,187,100,5000
profession_category__field_of_study_en,logistics,agriculture,3,187,100,5000
profession_category__field_of_study_en,logistics,animal care,3,187,100,5000
profession_category__field_of_study_en,logistics,anthropology,4,187,100,5000
profession_category__field_of_study_en,logistics,archaeology,4,187,100,5000
profession_category__field_of_study_en,logistics,architecture,4,187,100,5000
profession_category__field_of_study_en,logistics,biology,4,187,100,5000
profession_category__field_of_study_en,logistics,business,4,187,100,5000
profession_category__field_of_study_en,logistics,chemistry,4,187,100,5000
profession_category__field_of_study_en,logistics,communication,4,187,100,5000
profession_category__field_of_study_en,logistics,computing,4,187,100,5000
profession_category__field_of_study_en,logistics,construction,3,187,100,5000
profession_category__field_of_study_en,logistics,cultural analysis,4,187,100,5000
profession_category__field_of_study_en,logistics,data analytics,4,187,100,5000
profession_category__field_of_study_en,logistics,dental studies,4,187,100,5000
profession_category__field_of_study_en,logistics,design,3,187,100,5000
profession_category__field_of_study_en,logistics,diplomacy,4,187,100,5000
profession_category__field_of_study_en,logistics,ecology,4,187,100,5000
profession_category__field_of_study_en,logistics,economics,4,187,100,5000
profession_category__field_of_study_en,logistics,electricity,3,187,100,5000
profession_category__field_of_study_en,logistics,exercise science,4,187,100,5000
profession_category__field_of_study_en,logistics,film studies,3,187,100,5000
profession_category__field_of_study_en,logistics,fiscal studies,3,187,100,5000
profession_category__field_of_study_en,logistics,forestry,4,187,100,5000
profession_category__field_of_study_en,logistics,geography,4,187,100,5000
profession_category__field_of_study_en,logistics,governance,4,187,100,5000
profession_category__field_of_study_en,logistics,history,4,187,100,5000
profession_category__field_of_study_en,logistics,law,4,187,100,5000
profession_category__field_of_study_en,logistics,linguistics,4,187,100,5000
profession_category__field_of_study_en,logistics,literature,3,187,100,5000
profession_category__field_of_study_en,logistics,logistics,4,187,100,5000
profession_category__field_of_study_en,logistics,management,4,187,100,5000
profession_category__field_of_study_en,logistics,marketing,4,187,100,5000
profession_category__field_of_study_en,logistics,mechanics,4,187,100,5000
profession_category__field_of_study_en,logistics,media studies,3,187,100,5000
profession_category__field_of_study_en,logistics,medicine,4,187,100,5000
profession_category__field_of_study_en,logistics,music,3,187,100,5000
profession_category__field_of_study_en,logistics,nursing,4,187,100,5000
profession_category__field_of_study_en,logistics,pharmacy,4,187,100,5000
profession_category__field_of_study_en,logistics,philosophy,4,187,100,5000
profession_category__field_of_study_en,logistics,physics,4,187,100,5000
profession_category__field_of_study_en,logistics,politics,4,187,100,5000
profession_category__field_of_study_en,logistics,psychology,4,187,100,5000
profession_category__field_of_study_en,logistics,quantitative methods,4,187,100,5000
profession_category__field_of_study_en,logistics,social care,3,187,100,5000
profession_category__field_of_study_en,logistics,software,4,187,100,5000
profession_category__field_of_study_en,logistics,statistics,4,187,100,5000
profession_category__field_of_study_en,logistics,teaching,4,187,100,5000
profession_category__field_of_study_en,logistics,theatre,4,187,100,5000
profession_category__field_of_study_en,logistics,tourism,3,187,100,5000
profession_category__field_of_study_en,manual_labor,accounting,3,132,100,5000
profession_category__field_of_study_en,manual_labor,agriculture,3,132,100,5000
profession_category__field_of_study_en,manual_labor,animal care,3,132,100,5000
profession_category__field_of_study_en,manual_labor,anthropology,3,132,100,5000
profession_category__field_of_study_en,manual_labor,archaeology,2,132,100,5000
profession_category__field_of_study_en,manual_labor,architecture,3,132,100,5000
profession_category__field_of_study_en,manual_labor,biology,3,132,100,5000
profession_category__field_of_study_en,manual_labor,business,3,132,100,5000
profession_category__field_of_study_en,manual_labor,chemistry,2,132,100,5000
profession_category__field_of_study_en,manual_labor,communication,2,132,100,5000
profession_category__field_of_study_en,manual_labor,computing,3,132,100,5000
profession_category__field_of_study_en,manual_labor,construction,3,132,100,5000
profession_category__field_of_study_en,manual_labor,cultural analysis,2,132,100,5000
profession_category__field_of_study_en,manual_labor,data analytics,2,132,100,5000
profession_category__field_of_study_en,manual_labor,dental studies,3,132,100,5000
profession_category__field_of_study_en,manual_labor,design,3,132,100,5000
profession_category__field_of_study_en,manual_labor,diplomacy,3,132,100,5000
profession_category__field_of_study_en,manual_labor,ecology,3,132,100,5000
profession_category__field_of_study_en,manual_labor,economics,3,132,100,5000
profession_category__field_of_study_en,manual_labor,electricity,2,132,100,5000
profession_category__field_of_study_en,manual_labor,exercise science,2,132,100,5000
profession_category__field_of_study_en,manual_labor,film studies,2,132,100,5000
profession_category__field_of_study_en,manual_labor,fiscal studies,3,132,100,5000
profession_category__field_of_study_en,manual_labor,forestry,3,132,100,5000
profession_category__field_of_study_en,manual_labor,geography,2,132,100,5000
profession_category__field_of_study_en,manual_labor,governance,3,132,100,5000
profession_category__field_of_study_en,manual_labor,history,2,132,100,5000
profession_category__field_of_study_en,manual_labor,law,3,132,100,5000
profession_category__field_of_study_en,manual_labor,linguistics,3,132,100,5000
profession_category__field_of_study_en,manual_labor,literature,3,132,100,5000
profession_category__field_of_study_en,manual_labor,logistics,2,132,100,5000
profession_category__field_of_study_en,manual_labor,management,3,132,100,5000
profession_category__field_of_study_en,manual_labor,marketing,3,132,100,5000
profession_category__field_of_study_en,manual_labor,mechanics,2,132,100,5000
profession_category__field_of_study_en,manual_labor,media studies,2,132,100,5000
profession_category__field_of_study_en,manual_labor,medicine,3,132,100,5000
profession_category__field_of_study_en,manual_labor,music,2,132,100,5000
profession_category__field_of_study_en,manual_labor,nursing,3,132,100,5000
profession_category__field_of_study_en,manual_labor,pharmacy,2,132,100,5000
profession_category__field_of_study_en,manual_labor,philosophy,2,132,100,5000
profession_category__field_of_study_en,manual_labor,physics,3,132,100,5000
profession_category__field_of_study_en,manual_labor,politics,3,132,100,5000
profession_category__field_of_study_en,manual_labor,psychology,2,132,100,5000
profession_category__field_of_study_en,manual_labor,quantitative methods,3,132,100,5000
profession_category__field_of_study_en,manual_labor,social care,3,132,100,5000
profession_category__field_of_study_en,manual_labor,software,3,132,100,5000
profession_category__field_of_study_en,manual_labor,statistics,3,132,100,5000
profession_category__field_of_study_en,manual_labor,teaching,2,132,100,5000
profession_category__field_of_study_en,manual_labor,theatre,3,132,100,5000
profession_category__field_of_study_en,manual_labor,tourism,3,132,100,5000
profession_category__field_of_study_en,media,accounting,4,179,100,5000
profession_category__field_of_study_en,media,agriculture,4,179,100,5000
profession_category__field_of_study_en,media,animal care,4,179,100,5000
profession_category__field_of_study_en,media,anthropology,3,179,100,5000
profession_category__field_of_study_en,media,archaeology,4,179,100,5000
profession_category__field_of_study_en,media,architecture,3,179,100,5000
profession_category__field_of_study_en,media,biology,3,179,100,5000
profession_category__field_of_study_en,media,business,3,179,100,5000
profession_category__field_of_study_en,media,chemistry,4,179,100,5000
profession_category__field_of_study_en,media,communication,4,179,100,5000
profession_category__field_of_study_en,media,computing,4,179,100,5000
profession_category__field_of_study_en,media,construction,3,179,100,5000
profession_category__field_of_study_en,media,cultural analysis,3,179,100,5000
profession_category__field_of_study_en,media,data analytics,4,179,100,5000
profession_category__field_of_study_en,media,dental studies,4,179,100,5000
profession_category__field_of_study_en,media,design,4,179,100,5000
profession_category__field_of_study_en,media,diplomacy,4,179,100,5000
profession_category__field_of_study_en,media,ecology,4,179,100,5000
profession_category__field_of_study_en,media,economics,4,179,100,5000
profession_category__field_of_study_en,media,electricity,3,179,100,5000
profession_category__field_of_study_en,media,exercise science,3,179,100,5000
profession_category__field_of_study_en,media,film studies,4,179,100,5000
profession_category__field_of_study_en,media,fiscal studies,3,179,100,5000
profession_category__field_of_study_en,media,forestry,4,179,100,5000
profession_category__field_of_study_en,media,geography,4,179,100,5000
profession_category__field_of_study_en,media,governance,3,179,100,5000
profession_category__field_of_study_en,media,history,3,179,100,5000
profession_category__field_of_study_en,media,law,3,179,100,5000
profession_category__field_of_study_en,media,linguistics,4,179,100,5000
profession_category__field_of_study_en,media,literature,4,179,100,5000
profession_category__field_of_study_en,media,logistics,3,179,100,5000
profession_category__field_of_study_en,media,management,3,179,100,5000
profession_category__field_of_study_en,media,marketing,3,179,100,5000
profession_category__field_of_study_en,media,mechanics,4,179,100,5000
profession_category__field_of_study_en,media,media studies,3,179,100,5000
profession_category__field_of_study_en,media,medicine,4,179,100,5000
profession_category__field_of_study_en,media,music,4,179,100,5000
profession_category__field_of_study_en,media,nursing,3,179,100,5000
profession_category__field_of_study_en,media,pharmacy,4,179,100,5000
profession_category__field_of_study_en,media,philosophy,4,179,100,5000
profession_category__field_of_study_en,media,physics,4,179,100,5000
profession_category__field_of_study_en,media,politics,3,179,100,5000
profession_category__field_of_study_en,media,psychology,4,179,100,5000
profession_category__field_of_study_en,media,quantitative methods,4,179,100,5000
profession_category__field_of_study_en,media,social care,4,179,100,5000
profession_category__field_of_study_en,media,software,3,179,100,5000
profession_category__field_of_study_en,media,statistics,3,179,100,5000
profession_category__field_of_study_en,media,teaching,4,179,100,5000
profession_category__field_of_study_en,media,theatre,3,179,100,5000
profession_category__field_of_study_en,media,tourism,4,179,100,5000
profession_category__field_of_study_en,public_service,accounting,4,167,100,5000
profession_category__field_of_study_en,public_service,agriculture,4,167,100,5000
profession_category__field_of_study_en,public_service,animal care,4,167,100,5000
profession_category__field_of_study_en,public_service,anthropology,3,167,100,5000
profession_category__field_of_study_en,public_service,archaeology,3,167,100,5000
profession_category__field_of_study_en,public_service,architecture,3,167,100,5000
profession_category__field_of_study_en,public_service,biology,3,167,100,5000
profession_category__field_of_study_en,public_service,business,3,167,100,5000
profession_category__field_of_study_en,public_service,chemistry,3,167,100,5000
profession_category__field_of_study_en,public_service,communication,3,167,100,5000
profession_category__field_of_study_en,public_service,computing,3,167,100,5000
profession_category__field_of_study_en,public_service,construction,3,167,100,5000
profession_category__field_of_study_en,public_service,cultural analysis,3,167,100,5000
profession_category__field_of_study_en,public_service,data analytics,3,167,100,5000
profession_category__field_of_study_en,public_service,dental studies,4,167,100,5000
profession_category__field_of_study_en,public_service,design,3,167,100,5000
profession_category__field_of_study_en,public_service,diplomacy,4,167,100,5000
profession_category__field_of_study_en,public_service,ecology,4,167,100,5000
profession_category__field_of_study_en,public_service,economics,3,167,100,5000
profession_category__field_of_study_en,public_service,electricity,3,167,100,5000
profession_category__field_of_study_en,public_service,exercise science,3,167,100,5000
profession_category__field_of_study_en,public_service,film studies,4,167,100,5000
profession_category__field_of_study_en,public_service,fiscal studies,3,167,100,5000
profession_category__field_of_study_en,public_service,forestry,3,167,100,5000
profession_category__field_of_study_en,public_service,geography,4,167,100,5000
profession_category__field_of_study_en,public_service,governance,3,167,100,5000
profession_category__field_of_study_en,public_service,history,4,167,100,5000
profession_category__field_of_study_en,public_service,law,3,167,100,5000
profession_category__field_of_study_en,public_service,linguistics,3,167,100,5000
profession_category__field_of_study_en,public_service,literature,4,167,100,5000
profession_category__field_of_study_en,public_service,logistics,3,167,100,5000
profession_category__field_of_study_en,public_service,management,3,167,100,5000
profession_category__field_of_study_en,public_service,marketing,3,167,100,5000
profession_category__field_of_study_en,public_service,mechanics,3,167,100,5000
profession_category__field_of_study_en,public_service,media studies,3,167,100,5000
profession_category__field_of_study_en,public_service,medicine,4,167,100,5000
profession_category__field_of_study_en,public_service,music,3,167,100,5000
profession_category__field_of_study_en,public_service,nursing,3,167,100,5000
profession_category__field_of_study_en,public_service,pharmacy,3,167,100,5000
profession_category__field_of_study_en,public_service,philosophy,3,167,100,5000
profession_category__field_of_study_en,public_service,physics,4,167,100,5000
profession_category__field_of_study_en,public_service,politics,3,167,100,5000
profession_category__field_of_study_en,public_service,psychology,3,167,100,5000
profession_category__field_of_study_en,public_service,quantitative methods,4,167,100,5000
profession_category__field_of_study_en,public_service,social care,3,167,100,5000
profession_category__field_of_study_en,public_service,software,4,167,100,5000
profession_category__field_of_study_en,public_service,statistics,4,167,100,5000
profession_category__field_of_study_en,public_service,teaching,4,167,100,5000
profession_category__field_of_study_en,public_service,theatre,4,167,100,5000
profession_category__field_of_study_en,public_service,tourism,3,167,100,5000
profession_category__field_of_study_en,research,accounting,2,94,100,5000
profession_category__field_of_study_en,research,agriculture,2,94,100,5000
profession_category__field_of_study_en,research,animal care,2,94,100,5000
profession_category__field_of_study_en,research,anthropology,2,94,100,5000
profession_category__field_of_study_en,research,archaeology,2,94,100,5000
profession_category__field_of_study_en,research,architecture,2,94,100,5000
profession_category__field_of_study_en,research,biology,2,94,100,5000
profession_category__field_of_study_en,research,business,2,94,100,5000
profession_category__field_of_study_en,research,chemistry,2,94,100,5000
profession_category__field_of_study_en,research,communication,2,94,100,5000
profession_category__field_of_study_en,research,computing,2,94,100,5000
profession_category__field_of_study_en,research,construction,2,94,100,5000
profession_category__field_of_study_en,research,cultural analysis,2,94,100,5000
profession_category__field_of_study_en,research,data analytics,1,94,100,5000
profession_category__field_of_study_en,research,dental studies,2,94,100,5000
profession_category__field_of_study_en,research,design,2,94,100,5000
profession_category__field_of_study_en,research,diplomacy,2,94,100,5000
profession_category__field_of_study_en,research,ecology,2,94,100,5000
profession_category__field_of_study_en,research,economics,2,94,100,5000
profession_category__field_of_study_en,research,electricity,1,94,100,5000
profession_category__field_of_study_en,research,exercise science,2,94,100,5000
profession_category__field_of_study_en,research,film studies,2,94,100,5000
profession_category__field_of_study_en,research,fiscal studies,2,94,100,5000
profession_category__field_of_study_en,research,forestry,2,94,100,5000
profession_category__field_of_study_en,research,geography,2,94,100,5000
profession_category__field_of_study_en,research,governance,2,94,100,5000
profession_category__field_of_study_en,research,history,2,94,100,5000
profession_category__field_of_study_en,research,law,1,94,100,5000
profession_category__field_of_study_en,research,linguistics,2,94,100,5000
profession_category__field_of_study_en,research,literature,2,94,100,5000
profession_category__field_of_study_en,research,logistics,2,94,100,5000
profession_category__field_of_study_en,research,management,2,94,100,5000
profession_category__field_of_study_en,research,marketing,2,94,100,5000
profession_category__field_of_study_en,research,mechanics,1,94,100,5000
profession_category__field_of_study_en,research,media studies,2,94,100,5000
profession_category__field_of_study_en,research,medicine,2,94,100,5000
profession_category__field_of_study_en,research,music,1,94,100,5000
profession_category__field_of_study_en,research,nursing,2,94,100,5000
profession_category__field_of_study_en,research,pharmacy,2,94,100,5000
profession_category__field_of_study_en,research,philosophy,2,94,100,5000
profession_category__field_of_study_en,research,physics,2,94,100,5000
profession_category__field_of_study_en,research,politics,2,94,100,5000
profession_category__field_of_study_en,research,psychology,2,94,100,5000
profession_category__field_of_study_en,research,quantitative methods,2,94,100,5000
profession_category__field_of_study_en,research,social care,2,94,100,5000
profession_category__field_of_study_en,research,software,2,94,100,5000
profession_category__field_of_study_en,research,statistics,1,94,100,5000
profession_category__field_of_study_en,research,teaching,2,94,100,5000
profession_category__field_of_study_en,research,theatre,2,94,100,5000
profession_category__field_of_study_en,research,tourism,2,94,100,5000
profession_category__field_of_study_en,retail,accounting,0,36,100,5000
profession_category__field_of_study_en,retail,agriculture,1,36,100,5000
profession_category__field_of_study_en,retail,animal care,1,36,100,5000
profession_category__field_of_study_en,retail,anthropology,1,36,100,5000
profession_category__field_of_study_en,retail,archaeology,1,36,100,5000
profession_category__field_of_study_en,retail,architecture,1,36,100,5000
profession_category__field_of_study_en,retail,biology,1,36,100,5000
profession_category__field_of_study_en,retail,business,0,36,100,5000
profession_category__field_of_study_en,retail,chemistry,1,36,100,5000
profession_category__field_of_study_en,retail,communication,0,36,100,5000
profession_category__field_of_study_en,retail,computing,1,36,100,5000
profession_category__field_of_study_en,retail,construction,0,36,100,5000
profession_category__field_of_study_en,retail,cultural analysis,1,36,100,5000
profession_category__field_of_study_en,retail,data analytics,1,36,100,5000
profession_category__field_of_study_en,retail,dental studies,1,36,100,5000
profession_category__field_of_study_en,retail,design,0,36,100,5000
profession_category__field_of_study_en,retail,diplomacy,1,36,100,5000
profession_category__field_of_study_en,retail,ecology,1,36,100,5000
profession_category__field_of_study_en,retail,economics,1,36,100,5000
profession_category__field_of_study_en,retail,electricity,0,36,100,5000
profession_category__field_of_study_en,retail,exercise science,1,36,100,5000
profession_category__field_of_study_en,retail,film studies,0,36,100,5000
profession_category__field_of_study_en,retail,fiscal studies,1,36,100,5000
profession_category__field_of_study_en,retail,forestry,0,36,100,5000
profession_category__field_of_study_en,retail,geography,1,36,100,5000
profession_category__field_of_study_en,retail,governance,0,36,100,5000
profession_category__field_of_study_en,retail,history,0,36,100,5000
profession_category__field_of_study_en,retail,law,1,36,100,5000
profession_category__field_of_study_en,retail,linguistics,1,36,100,5000
profession_category__field_of_study_en,retail,literature,1,36,100,5000
profession_category__field_of_study_en,retail,logistics,1,36,100,5000
profession_category__field_of_study_en,retail,management,1,36,100,5000
profession_category__field_of_study_en,retail,marketing,1,36,100,5000
profession_category__field_of_study_en,retail,mechanics,0,36,100,5000
profession_category__field_of_study_en,retail,media studies,0,36,100,5000
profession_category__field_of_study_en,retail,medicine,1,36,100,5000
profession_category__field_of_study_en,retail,music,1,36,100,5000
profession_category__field_of_study_en,retail,nursing,1,36,100,5000
profession_category__field_of_study_en,retail,pharmacy,1,36,100,5000
profession_category__field_of_study_en,retail,philosophy,1,36,100,5000
profession_category__field_of_study_en,retail,physics,1,36,100,5000
profession_category__field_of_study_en,retail,politics,1,36,100,5000
profession_category__field_of_study_en,retail,psychology,1,36,100,5000
profession_category__field_of_study_en,retail,quantitative methods,1,36,100,5000
profession_category__field_of_study_en,retail,social care,1,36,100,5000
profession_category__field_of_study_en,retail,software,0,36,100,5000
profession_category__field_of_study_en,retail,statistics,1,36,100,5000
profession_category__field_of_study_en,retail,teaching,1,36,100,5000
profession_category__field_of_study_en,retail,theatre,1,36,100,5000
profession_category__field_of_study_en,retail,tourism,0,36,100,5000
profession_category__field_of_study_en,sports,accounting,7,385,100,5000
profession_category__field_of_study_en,sports,agriculture,7,385,100,5000
profession_category__field_of_study_en,sports,animal care,8,385,100,5000
profession_category__field_of_study_en,sports,anthropology,8,385,100,5000
profession_category__field_of_study_en,sports,archaeology,8,385,100,5000
profession_category__field_of_study_en,sports,architecture,8,385,100,5000
profession_category__field_of_study_en,sports,biology,8,385,100,5000
profession_category__field_of_study_en,sports,business,8,385,100,5000
profession_category__field_of_study_en,sports,chemistry,8,385,100,5000
profession_category__field_of_study_en,sports,communication,8,385,100,5000
profession_category__field_of_study_en,sports,computing,8,385,100,5000
profession_category__field_of_study_en,sports,construction,8,385,100,5000
profession_category__field_of_study_en,sports,cultural analysis,8,385,100,5000
profession_category__field_of_study_en,sports,data analytics,8,385,100,5000
profession_category__field_of_study_en,sports,dental studies,7,385,100,5000
profession_category__field_of_study_en,sports,design,7,385,100,5000
profession_category__field_of_study_en,sports,diplomacy,8,385,100,5000
profession_category__field_of_study_en,sports,ecology,8,385,100,5000
profession_category__field_of_study_en,sports,economics,8,385,100,5000
profession_category__field_of_study_en,sports,electricity,8,385,100,5000
profession_category__field_of_study_en,sports,exercise science,8,385,100,5000
profession_category__field_of_study_en,sports,film studies,7,385,100,5000
profession_category__field_of_study_en,sports,fiscal studies,8,385,100,5000
profession_category__field_of_study_en,sports,forestry,7,385,100,5000
profession_category__field_of_study_en,sports,geography,7,385,100,5000
profession_category__field_of_study_en,sports,governance,8,385,100,5000
profession_category__field_of_study_en,sports,history,8,385,100,5000
profession_category__field_of_study_en,sports,law,8,385,100,5000
profession_category__field_of_study_en,sports,linguistics,8,385,100,5000
profession_category__field_of_study_en,sports,literature,8,385,100,5000
profession_category__field_of_study_en,sports,logistics,8,385,100,5000
profession_category__field_of_study_en,sports,management,8,385,100,5000
profession_category__field_of_study_en,sports,marketing,8,385,100,5000
profession_category__field_of_study_en,sports,mechanics,8,385,100,5000
profession_category__field_of_study_en,sports,media studies,8,385,100,5000
profession_category__field_of_study_en,sports,medicine,7,385,100,5000
profession_category__field_of_study_en,sports,music,8,385,100,5000
profession_category__field_of_study_en,sports,nursing,7,385,100,5000
profession_category__field_of_study_en,sports,pharmacy,8,385,100,5000
profession_category__field_of_study_en,sports,philosophy,7,385,100,5000
profession_category__field_of_study_en,sports,physics,8,385,100,5000
profession_category__field_of_study_en,sports,politics,7,385,100,5000
profession_category__field_of_study_en,sports,psychology,7,385,100,5000
profession_category__field_of_study_en,sports,quantitative methods,7,385,100,5000
profession_category__field_of_study_en,sports,social care,8,385,100,5000
profession_category__field_of_study_en,sports,software,8,385,100,5000
profession_category__field_of_study_en,sports,statistics,8,385,100,5000
profession_category__field_of_study_en,sports,teaching,8,385,100,5000
profession_category__field_of_study_en,sports,theatre,7,385,100,5000
profession_category__field_of_study_en,sports,tourism,7,385,100,5000
profession_category__field_of_study_en,technology,accounting,2,87,100,5000
profession_category__field_of_study_en,technology,agriculture,2,87,100,5000
profession_category__field_of_study_en,technology,animal care,1,87,100,5000
profession_category__field_of_study_en,technology,anthropology,2,87,100,5000
profession_category__field_of_study_en,technology,archaeology,2,87,100,5000
profession_category__field_of_study_en,technology,architecture,2,87,100,5000
profession_category__field_of_study_en,technology,biology,2,87,100,5000
profession_category__field_of_study_en,technology,business,2,87,100,5000
profession_category__field_of_study_en,technology,chemistry,2,87,100,5000
profession_category__field_of_study_en,technology,communication,1,87,100,5000
profession_category__field_of_study_en,technology,computing,2,87,100,5000
profession_category__field_of_study_en,technology,construction,1,87,100,5000
profession_category__field_of_study_en,technology,cultural analysis,1,87,100,5000
profession_category__field_of_study_en,technology,data analytics,2,87,100,5000
profession_category__field_of_study_en,technology,dental studies,1,87,100,5000
profession_category__field_of_study_en,technology,design,1,87,100,5000
profession_category__field_of_study_en,technology,diplomacy,2,87,100,5000
profession_category__field_of_study_en,technology,ecology,2,87,100,5000
profession_category__field_of_study_en,technology,economics,2,87,100,5000
profession_category__field_of_study_en,technology,electricity,2,87,100,5000
profession_category__field_of_study_en,technology,exercise science,2,87,100,5000
profession_category__field_of_study_en,technology,film studies,2,87,100,5000
profession_category__field_of_study_en,technology,fiscal studies,2,87,100,5000
profession_category__field_of_study_en,technology,forestry,1,87,100,5000
profession_category__field_of_study_en,technology,geography,1,87,100,5000
profession_category__field_of_study_en,technology,governance,2,87,100,5000
profession_category__field_of_study_en,technology,history,1,87,100,5000
profession_category__field_of_study_en,technology,law,2,87,100,5000
profession_category__field_of_study_en,technology,linguistics,2,87,100,5000
profession_category__field_of_study_en,technology,literature,2,87,100,5000
profession_category__field_of_study_en,technology,logistics,2,87,100,5000
profession_category__field_of_study_en,technology,management,2,87,100,5000
profession_category__field_of_study_en,technology,marketing,1,87,100,5000
profession_category__field_of_study_en,technology,mechanics,2,87,100,5000
profession_category__field_of_study_en,technology,media studies,2,87,100,5000
profession_category__field_of_study_en,technology,medicine,2,87,100,5000
profession_category__field_of_study_en,technology,music,1,87,100,5000
profession_category__field_of_study_en,technology,nursing,2,87,100,5000
profession_category__field_of_study_en,technology,pharmacy,2,87,100,5000
profession_category__field_of_study_en,technology,philosophy,2,87,100,5000
profession_category__field_of_study_en,technology,physics,1,87,100,5000
profession_category__field_of_study_en,technology,politics,2,87,100,5000
profession_category__field_of_study_en,technology,psychology,1,87,100,5000
profession_category__field_of_study_en,technology,quantitative methods,2,87,100,5000
profession_category__field_of_study_en,technology,social care,2,87,100,5000
profession_category__field_of_study_en,technology,software,2,87,100,5000
profession_category__field_of_study_en,technology,statistics,2,87,100,5000
profession_category__field_of_study_en,technology,teaching,2,87,100,5000
profession_category__field_of_study_en,technology,theatre,2,87,100,5000
profession_category__field_of_study_en,technology,tourism,2,87,100,5000
profession_category__works_in_industry_en,administration,academia,1,59,100,5000
profession_category__works_in_industry_en,administration,accounting,1,59,100,5000
profession_category__works_in_industry_en,administration,advertising,1,59,100,5000
profession_category__works_in_industry_en,administration,airlines,1,59,100,5000
profession_category__works_in_industry_en,administration,architecture,1,59,100,5000
profession_category__works_in_industry_en,administration,arts,1,59,100,5000
profession_category__works_in_industry_en,administration,automotive,1,59,100,5000
profession_category__works_in_industry_en,administration,banking,1,59,100,5000
profession_category__works_in_industry_en,administration,biotech,1,59,100,5000
profession_category__works_in_industry_en,administration,books,1,59,100,5000
profession_category__works_in_industry_en,administration,catering,2,59,100,5000
profession_category__works_in_industry_en,administration,chemicals,1,59,100,5000
profession_category__works_in_industry_en,administration,communications,1,59,100,5000
profession_category__works_in_industry_en,administration,construction,1,59,100,5000
profession_category__works_in_industry_en,administration,consulting,1,59,100,5000
profession_category__works_in_industry_en,administration,electrical,1,59,100,5000
profession_category__works_in_industry_en,administration,energy,1,59,100,5000
profession_category__works_in_industry_en,administration,engineering,1,59,100,5000
profession_category__works_in_industry_en,administration,entertainment,2,59,100,5000
profession_category__works_in_industry_en,administration,extraction,1,59,100,5000
profession_category__works_in_industry_en,administration,fabrication,1,59,100,5000
profession_category__works_in_industry_en,administration,farming,2,59,100,5000
profession_category__works_in_industry_en,administration,fashion,1,59,100,5000
profession_category__works_in_industry_en,administration,gaming,1,59,100,5000
profession_category__works_in_industry_en,administration,government,1,59,100,5000
profession_category__works_in_industry_en,administration,groceries,1,59,100,5000
profession_category__works_in_industry_en,administration,healthcare,1,59,100,5000
profession_category__works_in_industry_en,administration,hotels,1,59,100,5000
profession_category__works_in_industry_en,administration,infrastructure,1,59,100,5000
profession_category__works_in_industry_en,administration,insurance,1,59,100,5000
profession_category__works_in_industry_en,administration,investment,1,59,100,5000
profession_category__works_in_industry_en,administration,law,1,59,100,5000
profession_category__works_in_industry_en,administration,logistics,2,59,100,5000
profession_category__works_in_industry_en,administration,maritime,1,59,100,5000
profession_category__works_in_industry_en,administration,media,2,59,100,5000
profession_category__works_in_industry_en,administration,pharmaceuticals,1,59,100,5000
profession_category__works_in_industry_en,administration,property,1,59,100,5000
profession_category__works_in_industry_en,administration,railways,1,59,100,5000
profession_category__works_in_industry_en,administration,recreation,1,59,100,5000
profession_category__works_in_industry_en,administration,research,1,59,100,5000
profession_category__works_in_industry_en,administration,retail,1,59,100,5000
profession_category__works_in_industry_en,administration,security,1,59,100,5000
profession_category__works_in_industry_en,administration,software,1,59,100,5000
profession_category__works_in_industry_en,administration,space,2,59,100,5000
profession_category__works_in_industry_en,administration,textiles,2,59,100,5000
profession_category__works_in_industry_en,administration,timber,1,59,100,5000
profession_category__works_in_industry_en,administration,tourism,1,59,100,5000
profession_category__works_in_industry_en,administration,trade,2,59,100,5000
profession_category__works_in_industry_en,administration,waste,2,59,100,5000
profession_category__works_in_industry_en,administration,welfare,1,59,100,5000
profession_category__works_in_industry_en,construction,academia,1,40,100,5000
profession_category__works_in_industry_en,construction,accounting,1,40,100,5000
profession_category__works_in_industry_en,construction,advertising,0,40,100,5000
profession_category__works_in_industry_en,construction,airlines,1,40,100,5000
profession_category__works_in_industry_en,construction,architecture,1,40,100,5000
profession_category__works_in_industry_en,construction,arts,1,40,100,5000
profession_category__works_in_industry_en,construction,automotive,1,40,100,5000
profession_category__works_in_industry_en,construction,banking,1,40,100,5000
profession_category__works_in_industry_en,construction,biotech,1,40,100,5000
profession_category__works_in_industry_en,construction,books,1,40,100,5000
profession_category__works_in_industry_en,construction,catering,0,40,100,5000
profession_category__works_in_industry_en,construction,chemicals,1,40,100,5000
profession_category__works_in_industry_en,construction,communications,1,40,100,5000
profession_category__works_in_industry_en,construction,construction,0,40,100,5000
profession_category__works_in_industry_en,construction,consulting,1,40,100,5000
profession_category__works_in_industry_en,construction,electrical,1,40,100,5000
profession_category__works_in_industry_en,construction,energy,1,40,100,5000
profession_category__works_in_industry_en,construction,engineering,1,40,100,5000
profession_category__works_in_industry_en,construction,entertainment,1,40,100,5000
profession_category__works_in_industry_en,construction,extraction,0,40,100,5000
profession_category__works_in_industry_en,construction,fabrication,1,40,100,5000
profession_category__works_in_industry_en,construction,farming,1,40,100,5000
profession_category__works_in_industry_en,construction,fashion,1,40,100,5000
profession_category__works_in_industry_en,construction,gaming,1,40,100,5000
profession_category__works_in_industry_en,construction,government,1,40,100,5000
profession_category__works_in_industry_en,construction,groceries,1,40,100,5000
profession_category__works_in_industry_en,construction,healthcare,1,40,100,5000
profession_category__works_in_industry_en,construction,hotels,0,40,100,5000
profession_category__works_in_industry_en,construction,infrastructure,1,40,100,5000
profession_category__works_in_industry_en,construction,insurance,1,40,100,5000
profession_category__works_in_industry_en,construction,investment,1,40,100,5000
profession_category__works_in_industry_en,construction,law,0,40,100,5000
profession_category__works_in_industry_en,construction,logistics,1,40,100,5000
profession_category__works_in_industry_en,construction,maritime,1,40,100,5000
profession_category__works_in_industry_en,construction,media,1,40,100,5000
profession_category__works_in_industry_en,construction,pharmaceuticals,1,40,100,5000
profession_category__works_in_industry_en,construction,property,1,40,100,5000
profession_category__works_in_industry_en,construction,railways,0,40,100,5000
profession_category__works_in_industry_en,construction,recreation,0,40,100,5000
profession_category__works_in_industry_en,construction,research,2,40,100,5000
profession_category__works_in_industry_en,construction,retail,1,40,100,5000
profession_category__works_in_industry_en,construction,security,1,40,100,5000
profession_category__works_in_industry_en,construction,software,1,40,100,5000
profession_category__works_in_industry_en,construction,space,1,40,100,5000
profession_category__works_in_industry_en,construction,textiles,1,40,100,5000
profession_category__works_in_industry_en,construction,timber,0,40,100,5000
profession_category__works_in_industry_en,construction,tourism,0,40,100,5000
profession_category__works_in_industry_en,construction,trade,1,40,100,5000
profession_category__works_in_industry_en,construction,waste,0,40,100,5000
profession_category__works_in_industry_en,construction,welfare,1,40,100,5000
profession_category__works_in_industry_en,education,academia,3,112,100,5000
profession_category__works_in_industry_en,education,accounting,2,112,100,5000
profession_category__works_in_industry_en,education,advertising,2,112,100,5000
profession_category__works_in_industry_en,education,airlines,2,112,100,5000
profession_category__works_in_industry_en,education,architecture,2,112,100,5000
profession_category__works_in_industry_en,education,arts,2,112,100,5000
profession_category__works_in_industry_en,education,automotive,3,112,100,5000
profession_category__works_in_industry_en,education,banking,2,112,100,5000
profession_category__works_in_industry_en,education,biotech,3,112,100,5000
profession_category__works_in_industry_en,education,books,2,112,100,5000
profession_category__works_in_industry_en,education,catering,2,112,100,5000
profession_category__works_in_industry_en,education,chemicals,3,112,100,5000
profession_category__works_in_industry_en,education,communications,2,112,100,5000
profession_category__works_in_industry_en,education,construction,2,112,100,5000
profession_category__works_in_industry_en,education,consulting,2,112,100,5000
profession_category__works_in_industry_en,education,electrical,2,112,100,5000
profession_category__works_in_industry_en,education,energy,2,112,100,5000
profession_category__works_in_industry_en,education,engineering,2,112,100,5000
profession_category__works_in_industry_en,education,entertainment,2,112,100,5000
profession_category__works_in_industry_en,education,extraction,3,112,100,5000
profession_category__works_in_industry_en,education,fabrication,2,112,100,5000
profession_category__works_in_industry_en,education,farming,2,112,100,5000
profession_category__works_in_industry_en,education,fashion,3,112,100,5000
profession_category__works_in_industry_en,education,gaming,2,112,100,5000
profession_category__works_in_industry_en,education,government,2,112,100,5000
profession_category__works_in_industry_en,education,groceries,2,112,100,5000
profession_category__works_in_industry_en,education,healthcare,2,112,100,5000
profession_category__works_in_industry_en,education,hotels,2,112,100,5000
profession_category__works_in_industry_en,education,infrastructure,2,112,100,5000
profession_category__works_in_industry_en,education,insurance,2,112,100,5000
profession_category__works_in_industry_en,education,investment,2,112,100,5000
profession_category__works_in_industry_en,education,law,2,112,100,5000
profession_category__works_in_industry_en,education,logistics,2,112,100,5000
profession_category__works_in_industry_en,education,maritime,2,112,100,5000
profession_category__works_in_industry_en,education,media,2,112,100,5000
profession_category__works_in_industry_en,education,pharmaceuticals,3,112,100,5000
profession_category__works_in_industry_en,education,property,3,112,100,5000
profession_category__works_in_industry_en,education,railways,2,112,100,5000
profession_category__works_in_industry_en,education,recreation,3,112,100,5000
profession_category__works_in_industry_en,education,research,2,112,100,5000
profession_category__works_in_industry_en,education,retail,2,112,100,5000
profession_category__works_in_industry_en,education,security,3,112,100,5000
profession_category__works_in_industry_en,education,software,2,112,100,5000
profession_category__works_in_industry_en,education,space,2,112,100,5000
profession_category__works_in_industry_en,education,textiles,2,112,100,5000
profession_category__works_in_industry_en,education,timber,3,112,100,5000
profession_category__works_in_industry_en,education,tourism,1,112,100,5000
profession_category__works_in_industry_en,education,trade,2,112,100,5000
profession_category__works_in_industry_en,education,waste,3,112,100,5000
profession_category__works_in_industry_en,education,welfare,3,112,100,5000
profession_category__works_in_industry_en,engineering,academia,8,374,100,5000
profession_category__works_in_industry_en,engineering,accounting,7,374,100,5000
profession_category__works_in_industry_en,engineering,advertising,8,374,100,5000
profession_category__works_in_industry_en,engineering,airlines,7,374,100,5000
profession_category__works_in_industry_en,engineering,architecture,7,374,100,5000
profession_category__works_in_industry_en,engineering,arts,7,374,100,5000
profession_category__works_in_industry_en,engineering,automotive,8,374,100,5000
profession_category__works_in_industry_en,engineering,banking,7,374,100,5000
profession_category__works_in_industry_en,engineering,biotech,7,374,100,5000
profession_category__works_in_industry_en,engineering,books,8,374,100,5000
profession_category__works_in_industry_en,engineering,catering,8,374,100,5000
profession_category__works_in_industry_en,engineering,chemicals,8,374,100,5000
profession_category__works_in_industry_en,engineering,communications,8,374,100,5000
profession_category__works_in_industry_en,engineering,construction,8,374,100,5000
profession_category__works_in_industry_en,engineering,consulting,7,374,100,5000
profession_category__works_in_industry_en,engineering,electrical,8,374,100,5000
profession_category__works_in_industry_en,engineering,energy,8,374,100,5000
profession_category__works_in_industry_en,engineering,engineering,7,374,100,5000
profession_category__works_in_industry_en,engineering,entertainment,7,374,100,5000
profession_category__works_in_industry_en,engineering,extraction,8,374,100,5000
profession_category__works_in_industry_en,engineering,fabrication,7,374,100,5000
profession_category__works_in_industry_en,engineering,farming,9,374,100,5000
profession_category__works_in_industry_en,engineering,fashion,8,374,100,5000
profession_category__works_in_industry_en,engineering,gaming,7,374,100,5000
profession_category__works_in_industry_en,engineering,government,7,374,100,5000
profession_category__works_in_industry_en,engineering,groceries,7,374,100,5000
profession_category__works_in_industry_en,engineering,healthcare,7,374,100,5000
profession_category__works_in_industry_en,engineering,hotels,8,374,100,5000
profession_category__works_in_industry_en,engineering,infrastructure,8,374,100,5000
profession_category__works_in_industry_en,engineering,insurance,7,374,100,5000
profession_category__works_in_industry_en,engineering,investment,7,374,100,5000
profession_category__works_in_industry_en,engineering,law,7,374,100,5000
profession_category__works_in_industry_en,engineering,logistics,7,374,100,5000
profession_category__works_in_industry_en,engineering,maritime,7,374,100,5000
profession_category__works_in_industry_en,engineering,media,7,374,100,5000
profession_category__works_in_industry_en,engineering,pharmaceuticals,7,374,100,5000
profession_category__works_in_industry_en,engineering,property,8,374,100,5000
profession_category__works_in_industry_en,engineering,railways,9,374,100,5000
profession_category__works_in_industry_en,engineering,recreation,8,374,100,5000
profession_category__works_in_industry_en,engineering,research,7,374,100,5000
profession_category__works_in_industry_en,engineering,retail,8,374,100,5000
profession_category__works_in_industry_en,engineering,security,7,374,100,5000
profession_category__works_in_industry_en,engineering,software,7,374,100,5000
profession_category__works_in_industry_en,engineering,space,7,374,100,5000
profession_category__works_in_industry_en,engineering,textiles,7,374,100,5000
profession_category__works_in_industry_en,engineering,timber,7,374,100,5000
profession_category__works_in_industry_en,engineering,tourism,8,374,100,5000
profession_category__works_in_industry_en,engineering,trade,8,374,100,5000
profession_category__works_in_industry_en,engineering,waste,8,374,100,5000
profession_category__works_in_industry_en,engineering,welfare,7,374,100,5000
profession_category__works_in_industry_en,entertainment,academia,8,435,100,5000
profession_category__works_in_industry_en,entertainment,accounting,8,435,100,5000
profession_category__works_in_industry_en,entertainment,advertising,9,435,100,5000
profession_category__works_in_industry_en,entertainment,airlines,8,435,100,5000
profession_category__works_in_industry_en,entertainment,architecture,9,435,100,5000
profession_category__works_in_industry_en,entertainment,arts,9,435,100,5000
profession_category__works_in_industry_en,entertainment,automotive,8,435,100,5000
profession_category__works_in_industry_en,entertainment,banking,8,435,100,5000
profession_category__works_in_industry_en,entertainment,biotech,8,435,100,5000
profession_category__works_in_industry_en,entertainment,books,9,435,100,5000
profession_category__works_in_industry_en,entertainment,catering,9,435,100,5000
profession_category__works_in_industry_en,entertainment,chemicals,9,435,100,5000
profession_category__works_in_industry_en,entertainment,communications,9,435,100,5000
profession_category__works_in_industry_en,entertainment,construction,8,435,100,5000
profession_category__works_in_industry_en,entertainment,consulting,9,435,100,5000
profession_category__works_in_industry_en,entertainment,electrical,8,435,100,5000
profession_category__works_in_industry_en,entertainment,energy,8,435,100,5000
profession_category__works_in_industry_en,entertainment,engineering,9,435,100,5000
profession_category__works_in_industry_en,entertainment,entertainment,10,435,100,5000
profession_category__works_in_industry_en,entertainment,extraction,9,435,100,5000
profession_category__works_in_industry_en,entertainment,fabrication,9,435,100,5000
profession_category__works_in_industry_en,entertainment,farming,8,435,100,5000
profession_category__works_in_industry_en,entertainment,fashion,8,435,100,5000
profession_category__works_in_industry_en,entertainment,gaming,8,435,100,5000
profession_category__works_in_industry_en,entertainment,government,8,435,100,5000
profession_category__works_in_industry_en,entertainment,groceries,9,435,100,5000
profession_category__works_in_industry_en,entertainment,healthcare,9,435,100,5000
profession_category__works_in_industry_en,entertainment,hotels,9,435,100,5000
profession_category__works_in_industry_en,entertainment,infrastructure,10,435,100,5000
profession_category__works_in_industry_en,entertainment,insurance,11,435,100,5000
profession_category__works_in_industry_en,entertainment,investment,9,435,100,5000
profession_category__works_in_industry_en,entertainment,law,9,435,100,5000
profession_category__works_in_industry_en,entertainment,logistics,8,435,100,5000
profession_category__works_in_industry_en,entertainment,maritime,9,435,100,5000
profession_category__works_in_industry_en,entertainment,media,8,435,100,5000
profession_category__works_in_industry_en,entertainment,pharmaceuticals,8,435,100,5000
profession_category__works_in_industry_en,entertainment,property,8,435,100,5000
profession_category__works_in_industry_en,entertainment,railways,10,435,100,5000
profession_category__works_in_industry_en,entertainment,recreation,9,435,100,5000
profession_category__works_in_industry_en,entertainment,research,9,435,100,5000
profession_category__works_in_industry_en,entertainment,retail,8,435,100,5000
profession_category__works_in_industry_en,entertainment,security,9,435,100,5000
profession_category__works_in_industry_en,entertainment,software,9,435,100,5000
profession_category__works_in_industry_en,entertainment,space,9,435,100,5000
profession_category__works_in_industry_en,entertainment,textiles,9,435,100,5000
profession_category__works_in_industry_en,entertainment,timber,8,435,100,5000
profession_category__works_in_industry_en,entertainment,tourism,9,435,100,5000
profession_category__works_in_industry_en,entertainment,trade,9,435,100,5000
profession_category__works_in_industry_en,entertainment,waste,8,435,100,5000
profession_category__works_in_industry_en,entertainment,welfare,9,435,100,5000
profession_category__works_in_industry_en,finance,academia,3,177,100,5000
profession_category__works_in_industry_en,finance,accounting,4,177,100,5000
profession_category__works_in_industry_en,finance,advertising,3,177,100,5000
profession_category__works_in_industry_en,finance,airlines,3,177,100,5000
profession_category__works_in_industry_en,finance,architecture,4,177,100,5000
profession_category__works_in_industry_en,finance,arts,3,177,100,5000
profession_category__works_in_industry_en,finance,automotive,4,177,100,5000
profession_category__works_in_industry_en,finance,banking,3,177,100,5000
profession_category__works_in_industry_en,finance,biotech,4,177,100,5000
profession_category__works_in_industry_en,finance,books,3,177,100,5000
profession_category__works_in_industry_en,finance,catering,3,177,100,5000
profession_category__works_in_industry_en,finance,chemicals,4,177,100,5000
profession_category__works_in_industry_en,finance,communications,3,177,100,5000
profession_category__works_in_industry_en,finance,construction,4,177,100,5000
profession_category__works_in_industry_en,finance,consulting,4,177,100,5000
profession_category__works_in_industry_en,finance,electrical,4,177,100,5000
profession_category__works_in_industry_en,finance,energy,4,177,100,5000
profession_category__works_in_industry_en,finance,engineering,3,177,100,5000
profession_category__works_in_industry_en,finance,entertainment,4,177,100,5000
profession_category__works_in_industry_en,finance,extraction,4,177,100,5000
profession_category__works_in_industry_en,finance,fabrication,4,177,100,5000
profession_category__works_in_industry_en,finance,farming,3,177,100,5000
profession_category__works_in_industry_en,finance,fashion,4,177,100,5000
profession_category__works_in_industry_en,finance,gaming,5,177,100,5000
profession_category__works_in_industry_en,finance,government,4,177,100,5000
profession_category__works_in_industry_en,finance,groceries,3,177,100,5000
profession_category__works_in_industry_en,finance,healthcare,3,177,100,5000
profession_category__works_in_industry_en,finance,hotels,4,177,100,5000
profession_category__works_in_industry_en,finance,infrastructure,4,177,100,5000
profession_category__works_in_industry_en,finance,insurance,4,177,100,5000
profession_category__works_in_industry_en,finance,investment,3,177,100,5000
profession_category__works_in_industry_en,finance,law,3,177,100,5000
profession_category__works_in_industry_en,finance,logistics,3,177,100,5000
profession_category__works_in_industry_en,finance,maritime,4,177,100,5000
profession_category__works_in_industry_en,finance,media,3,177,100,5000
profession_category__works_in_industry_en,finance,pharmaceuticals,3,177,100,5000
profession_category__works_in_industry_en,finance,property,3,177,100,5000
profession_category__works_in_industry_en,finance,railways,3,177,100,5000
profession_category__works_in_industry_en,finance,recreation,3,177,100,5000
profession_category__works_in_industry_en,finance,research,4,177,100,5000
profession_category__works_in_industry_en,finance,retail,3,177,100,5000
profession_category__works_in_industry_en,finance,security,4,177,100,5000
profession_category__works_in_industry_en,finance,software,4,177,100,5000
profession_category__works_in_industry_en,finance,space,4,177,100,5000
profession_category__works_in_industry_en,finance,textiles,4,177,100,5000
profession_category__works_in_industry_en,finance,timber,3,177,100,5000
profession_category__works_in_industry_en,finance,tourism,3,177,100,5000
profession_category__works_in_industry_en,finance,trade,4,177,100,5000
profession_category__works_in_industry_en,finance,waste,3,177,100,5000
profession_category__works_in_industry_en,finance,welfare,4,177,100,5000
profession_category__works_in_industry_en,general,academia,42,2189,100,5000
profession_category__works_in_industry_en,general,accounting,44,2189,100,5000
profession_category__works_in_industry_en,general,advertising,46,2189,100,5000
profession_category__works_in_industry_en,general,airlines,44,2189,100,5000
profession_category__works_in_industry_en,general,architecture,45,2189,100,5000
profession_category__works_in_industry_en,general,arts,47,2189,100,5000
profession_category__works_in_industry_en,general,automotive,43,2189,100,5000
profession_category__works_in_industry_en,general,banking,44,2189,100,5000
profession_category__works_in_industry_en,general,biotech,39,2189,100,5000
profession_category__works_in_industry_en,general,books,41,2189,100,5000
profession_category__works_in_industry_en,general,catering,44,2189,100,5000
profession_category__works_in_industry_en,general,chemicals,40,2189,100,5000
profession_category__works_in_industry_en,general,communications,42,2189,100,5000
profession_category__works_in_industry_en,general,construction,42,2189,100,5000
profession_category__works_in_industry_en,general,consulting,43,2189,100,5000
profession_category__works_in_industry_en,general,electrical,43,2189,100,5000
profession_category__works_in_industry_en,general,energy,44,2189,100,5000
profession_category__works_in_industry_en,general,engineering,45,2189,100,5000
profession_category__works_in_industry_en,general,entertainment,44,2189,100,5000
profession_category__works_in_industry_en,general,extraction,43,2189,100,5000
profession_category__works_in_industry_en,general,fabrication,45,2189,100,5000
profession_category__works_in_industry_en,general,farming,43,2189,100,5000
profession_category__works_in_industry_en,general,fashion,44,2189,100,5000
profession_category__works_in_industry_en,general,gaming,44,2189,100,5000
profession_category__works_in_industry_en,general,government,44,2189,100,5000
profession_category__works_in_industry_en,general,groceries,47,2189,100,5000
profession_category__works_in_industry_en,general,healthcare,40,2189,100,5000
profession_category__works_in_industry_en,general,hotels,43,2189,100,5000
profession_category__works_in_industry_en,general,infrastructure,45,2189,100,5000
profession_category__works_in_industry_en,general,insurance,43,2189,100,5000
profession_category__works_in_industry_en,general,investment,44,2189,100,5000
profession_category__works_in_industry_en,general,law,47,2189,100,5000
profession_category__works_in_industry_en,general,logistics,46,2189,100,5000
profession_category__works_in_industry_en,general,maritime,46,2189,100,5000
profession_category__works_in_industry_en,general,media,44,2189,100,5000
profession_category__works_in_industry_en,general,pharmaceuticals,43,2189,100,5000
profession_category__works_in_industry_en,general,property,44,2189,100,5000
profession_category__works_in_industry_en,general,railways,42,2189,100,5000
profession_category__works_in_industry_en,general,recreation,45,2189,100,5000
profession_category__works_in_industry_en,general,research,44,2189,100,5000
profession_category__works_in_industry_en,general,retail,46,2189,100,5000
profession_category__works_in_industry_en,general,security,44,2189,100,5000
profession_category__works_in_industry_en,general,software,43,2189,100,5000
profession_category__works_in_industry_en,general,space,42,2189,100,5000
profession_category__works_in_industry_en,general,textiles,44,2189,100,5000
profession_category__works_in_industry_en,general,timber,47,2189,100,5000
profession_category__works_in_industry_en,general,tourism,47,2189,100,5000
profession_category__works_in_industry_en,general,trade,42,2189,100,5000
profession_category__works_in_industry_en,general,waste,42,2189,100,5000
profession_category__works_in_industry_en,general,welfare,44,2189,100,5000
profession_category__works_in_industry_en,healthcare,academia,3,166,100,5000
profession_category__works_in_industry_en,healthcare,accounting,3,166,100,5000
profession_category__works_in_industry_en,healthcare,advertising,3,166,100,5000
profession_category__works_in_industry_en,healthcare,airlines,4,166,100,5000
profession_category__works_in_industry_en,healthcare,architecture,4,166,100,5000
profession_category__works_in_industry_en,healthcare,arts,4,166,100,5000
profession_category__works_in_industry_en,healthcare,automotive,3,166,100,5000
profession_category__works_in_industry_en,healthcare,banking,4,166,100,5000
profession_category__works_in_industry_en,healthcare,biotech,3,166,100,5000
profession_category__works_in_industry_en,healthcare,books,4,166,100,5000
profession_category__works_in_industry_en,healthcare,catering,3,166,100,5000
profession_category__works_in_industry_en,healthcare,chemicals,3,166,100,5000
profession_category__works_in_industry_en,healthcare,communications,3,166,100,5000
profession_category__works_in_industry_en,healthcare,construction,4,166,100,5000
profession_category__works_in_industry_en,healthcare,consulting,4,166,100,5000
profession_category__works_in_industry_en,healthcare,electrical,3,166,100,5000
profession_category__works_in_industry_en,healthcare,energy,4,166,100,5000
profession_category__works_in_industry_en,healthcare,engineering,3,166,100,5000
profession_category__works_in_industry_en,healthcare,entertainment,3,166,100,5000
profession_category__works_in_industry_en,healthcare,extraction,4,166,100,5000
profession_category__works_in_industry_en,healthcare,fabrication,3,166,100,5000
profession_category__works_in_industry_en,healthcare,farming,3,166,100,5000
profession_category__works_in_industry_en,healthcare,fashion,3,166,100,5000
profession_category__works_in_industry_en,healthcare,gaming,3,166,100,5000
profession_category__works_in_industry_en,healthcare,government,3,166,100,5000
profession_category__works_in_industry_en,healthcare,groceries,3,166,100,5000
profession_category__works_in_industry_en,healthcare,healthcare,4,166,100,5000
profession_category__works_in_industry_en,healthcare,hotels,4,166,100,5000
profession_category__works_in_industry_en,healthcare,infrastructure,3,166,100,5000
profession_category__works_in_industry_en,healthcare,insurance,3,166,100,5000
profession_category__works_in_industry_en,healthcare,investment,3,166,100,5000
profession_category__works_in_industry_en,healthcare,law,3,166,100,5000
profession_category__works_in_industry_en,healthcare,logistics,3,166,100,5000
profession_category__works_in_industry_en,healthcare,maritime,4,166,100,5000
profession_category__works_in_industry_en,healthcare,media,3,166,100,5000
profession_category__works_in_industry_en,healthcare,pharmaceuticals,3,166,100,5000
profession_category__works_in_industry_en,healthcare,property,3,166,100,5000
profession_category__works_in_industry_en,healthcare,railways,4,166,100,5000
profession_category__works_in_industry_en,healthcare,recreation,3,166,100,5000
profession_category__works_in_industry_en,healthcare,research,3,166,100,5000
profession_category__works_in_industry_en,healthcare,retail,4,166,100,5000
profession_category__works_in_industry_en,healthcare,security,3,166,100,5000
profession_category__works_in_industry_en,healthcare,software,3,166,100,5000
profession_category__works_in_industry_en,healthcare,space,3,166,100,5000
profession_category__works_in_industry_en,healthcare,textiles,3,166,100,5000
profession_category__works_in_industry_en,healthcare,timber,3,166,100,5000
profession_category__works_in_industry_en,healthcare,tourism,3,166,100,5000
profession_category__works_in_industry_en,healthcare,trade,3,166,100,5000
profession_category__works_in_industry_en,healthcare,waste,5,166,100,5000
profession_category__works_in_industry_en,healthcare,welfare,3,166,100,5000
profession_category__works_in_industry_en,hospitality,academia,2,100,100,5000
profession_category__works_in_industry_en,hospitality,accounting,2,100,100,5000
profession_category__works_in_industry_en,hospitality,advertising,2,100,100,5000
profession_category__works_in_industry_en,hospitality,airlines,3,100,100,5000
profession_category__works_in_industry_en,hospitality,architecture,2,100,100,5000
profession_category__works_in_industry_en,hospitality,arts,2,100,100,5000
profession_category__works_in_industry_en,hospitality,automotive,2,100,100,5000
profession_category__works_in_industry_en,hospitality,banking,2,100,100,5000
profession_category__works_in_industry_en,hospitality,biotech,2,100,100,5000
profession_category__works_in_industry_en,hospitality,books,2,100,100,5000
profession_category__works_in_industry_en,hospitality,catering,2,100,100,5000
profession_category__works_in_industry_en,hospitality,chemicals,2,100,100,5000
profession_category__works_in_industry_en,hospitality,communications,2,100,100,5000
profession_category__works_in_industry_en,hospitality,construction,2,100,100,5000
profession_category__works_in_industry_en,hospitality,consulting,1,100,100,5000
profession_category__works_in_industry_en,hospitality,electrical,2,100,100,5000
profession_category__works_in_industry_en,hospitality,energy,1,100,100,5000
profession_category__works_in_industry_en,hospitality,engineering,2,100,100,5000
profession_category__works_in_industry_en,hospitality,entertainment,2,100,100,5000
profession_category__works_in_industry_en,hospitality,extraction,2,100,100,5000
profession_category__works_in_industry_en,hospitality,fabrication,2,100,100,5000
profession_category__works_in_industry_en,hospitality,farming,2,100,100,5000
profession_category__works_in_industry_en,hospitality,fashion,2,100,100,5000
profession_category__works_in_industry_en,hospitality,gaming,2,100,100,5000
profession_category__works_in_industry_en,hospitality,government,2,100,100,5000
profession_category__works_in_industry_en,hospitality,groceries,2,100,100,5000
profession_category__works_in_industry_en,hospitality,healthcare,2,100,100,5000
profession_category__works_in_industry_en,hospitality,hotels,2,100,100,5000
profession_category__works_in_industry_en,hospitality,infrastructure,2,100,100,5000
profession_category__works_in_industry_en,hospitality,insurance,2,100,100,5000
profession_category__works_in_industry_en,hospitality,investment,2,100,100,5000
profession_category__works_in_industry_en,hospitality,law,1,100,100,5000
profession_category__works_in_industry_en,hospitality,logistics,2,100,100,5000
profession_category__works_in_industry_en,hospitality,maritime,2,100,100,5000
profession_category__works_in_industry_en,hospitality,media,2,100,100,5000
profession_category__works_in_industry_en,hospitality,pharmaceuticals,3,100,100,5000
profession_category__works_in_industry_en,hospitality,property,2,100,100,5000
profession_category__works_in_industry_en,hospitality,railways,2,100,100,5000
profession_category__works_in_industry_en,hospitality,recreation,2,100,100,5000
profession_category__works_in_industry_en,hospitality,research,2,100,100,5000
profession_category__works_in_industry_en,hospitality,retail,2,100,100,5000
profession_category__works_in_industry_en,hospitality,security,2,100,100,5000
profession_category__works_in_industry_en,hospitality,software,2,100,100,5000
profession_category__works_in_industry_en,hospitality,space,2,100,100,5000
profession_category__works_in_industry_en,hospitality,textiles,2,100,100,5000
profession_category__works_in_industry_en,hospitality,timber,2,100,100,5000
profession_category__works_in_industry_en,hospitality,tourism,2,100,100,5000
profession_category__works_in_industry_en,hospitality,trade,3,100,100,5000
profession_category__works_in_industry_en,hospitality,waste,2,100,100,5000
profession_category__works_in_industry_en,hospitality,welfare,2,100,100,5000
profession_category__works_in_industry_en,legal,academia,2,81,100,5000
profession_category__works_in_industry_en,legal,accounting,2,81,100,5000
profession_category__works_in_industry_en,legal,advertising,2,81,100,5000
profession_category__works_in_industry_en,legal,airlines,1,81,100,5000
profession_category__works_in_industry_en,legal,architecture,1,81,100,5000
profession_category__works_in_industry_en,legal,arts,1,81,100,5000
profession_category__works_in_industry_en,legal,automotive,1,81,100,5000
profession_category__works_in_industry_en,legal,banking,1,81,100,5000
profession_category__works_in_industry_en,legal,biotech,3,81,100,5000
profession_category__works_in_industry_en,legal,books,2,81,100,5000
profession_category__works_in_industry_en,legal,catering,1,81,100,5000
profession_category__works_in_industry_en,legal,chemicals,2,81,100,5000
profession_category__works_in_industry_en,legal,communications,1,81,100,5000
profession_category__works_in_industry_en,legal,construction,2,81,100,5000
profession_category__works_in_industry_en,legal,consulting,2,81,100,5000
profession_category__works_in_industry_en,legal,electrical,1,81,100,5000
profession_category__works_in_industry_en,legal,energy,1,81,100,5000
profession_category__works_in_industry_en,legal,engineering,2,81,100,5000
profession_category__works_in_industry_en,legal,entertainment,2,81,100,5000
profession_category__works_in_industry_en,legal,extraction,2,81,100,5000
profession_category__works_in_industry_en,legal,fabrication,1,81,100,5000
profession_category__works_in_industry_en,legal,farming,2,81,100,5000
profession_category__works_in_industry_en,legal,fashion,1,81,100,5000
profession_category__works_in_industry_en,legal,gaming,1,81,100,5000
profession_category__works_in_industry_en,legal,government,2,81,100,5000
profession_category__works_in_industry_en,legal,groceries,1,81,100,5000
profession_category__works_in_industry_en,legal,healthcare,2,81,100,5000
profession_category__works_in_industry_en,legal,hotels,2,81,100,5000
profession_category__works_in_industry_en,legal,infrastructure,2,81,100,5000
profession_category__works_in_industry_en,legal,insurance,1,81,100,5000
profession_category__works_in_industry_en,legal,investment,2,81,100,5000
profession_category__works_in_industry_en,legal,law,2,81,100,5000
profession_category__works_in_industry_en,legal,logistics,2,81,100,5000
profession_category__works_in_industry_en,legal,maritime,1,81,100,5000
profession_category__works_in_industry_en,legal,media,2,81,100,5000
profession_category__works_in_industry_en,legal,pharmaceuticals,2,81,100,5000
profession_category__works_in_industry_en,legal,property,2,81,100,5000
profession_category__works_in_industry_en,legal,railways,2,81,100,5000
profession_category__works_in_industry_en,legal,recreation,1,81,100,5000
profession_category__works_in_industry_en,legal,research,1,81,100,5000
profession_category__works_in_industry_en,legal,retail,2,81,100,5000
profession_category__works_in_industry_en,legal,security,2,81,100,5000
profession_category__works_in_industry_en,legal,software,1,81,100,5000
profession_category__works_in_industry_en,legal,space,2,81,100,5000
profession_category__works_in_industry_en,legal,textiles,2,81,100,5000
profession_category__works_in_industry_en,legal,timber,2,81,100,5000
profession_category__works_in_industry_en,legal,tourism,1,81,100,5000
profession_category__works_in_industry_en,legal,trade,1,81,100,5000
profession_category__works_in_industry_en,legal,waste,2,81,100,5000
profession_category__works_in_industry_en,legal,welfare,2,81,100,5000
profession_category__works_in_industry_en,logistics,academia,4,187,100,5000
profession_category__works_in_industry_en,logistics,accounting,4,187,100,5000
profession_category__works_in_industry_en,logistics,advertising,4,187,100,5000
profession_category__works_in_industry_en,logistics,airlines,3,187,100,5000
profession_category__works_in_industry_en,logistics,architecture,4,187,100,5000
profession_category__works_in_industry_en,logistics,arts,3,187,100,5000
profession_category__works_in_industry_en,logistics,automotive,3,187,100,5000
profession_category__works_in_industry_en,logistics,banking,3,187,100,5000
profession_category__works_in_industry_en,logistics,biotech,5,187,100,5000
profession_category__works_in_industry_en,logistics,books,4,187,100,5000
profession_category__works_in_industry_en,logistics,catering,3,187,100,5000
profession_category__works_in_industry_en,logistics,chemicals,4,187,100,5000
profession_category__works_in_industry_en,logistics,communications,4,187,100,5000
profession_category__works_in_industry_en,logistics,construction,4,187,100,5000
profession_category__works_in_industry_en,logistics,consulting,3,187,100,5000
profession_category__works_in_industry_en,logistics,electrical,4,187,100,5000
profession_category__works_in_industry_en,logistics,energy,4,187,100,5000
profession_category__works_in_industry_en,logistics,engineering,4,187,100,5000
profession_category__works_in_industry_en,logistics,entertainment,3,187,100,5000
profession_category__works_in_industry_en,logistics,extraction,4,187,100,5000
profession_category__works_in_industry_en,logistics,fabrication,4,187,100,5000
profession_category__works_in_industry_en,logistics,farming,4,187,100,5000
profession_category__works_in_industry_en,logistics,fashion,4,187,100,5000
profession_category__works_in_industry_en,logistics,gaming,4,187,100,5000
profession_category__works_in_industry_en,logistics,government,4,187,100,5000
profession_category__works_in_industry_en,logistics,groceries,3,187,100,5000
profession_category__works_in_industry_en,logistics,healthcare,5,187,100,5000
profession_category__works_in_industry_en,logistics,hotels,4,187,100,5000
profession_category__works_in_industry_en,logistics,infrastructure,4,187,100,5000
profession_category__works_in_industry_en,logistics,insurance,3,187,100,5000
profession_category__works_in_industry_en,logistics,investment,4,187,100,5000
profession_category__works_in_industry_en,logistics,law,4,187,100,5000
profession_category__works_in_industry_en,logistics,logistics,3,187,100,5000
profession_category__works_in_industry_en,logistics,maritime,3,187,100,5000
profession_category__works_in_industry_en,logistics,media,4,187,100,5000
profession_category__works_in_industry_en,logistics,pharmaceuticals,4,187,100,5000
profession_category__works_in_industry_en,logistics,property,3,187,100,5000
profession_category__works_in_industry_en,logistics,railways,4,187,100,5000
profession_category__works_in_industry_en,logistics,recreation,4,187,100,5000
profession_category__works_in_industry_en,logistics,research,4,187,100,5000
profession_category__works_in_industry_en,logistics,retail,4,187,100,5000
profession_category__works_in_industry_en,logistics,security,4,187,100,5000
profession_category__works_in_industry_en,logistics,software,4,187,100,5000
profession_category__works_in_industry_en,logistics,space,5,187,100,5000
profession_category__works_in_industry_en,logistics,textiles,3,187,100,5000
profession_category__works_in_industry_en,logistics,timber,3,187,100,5000
profession_category__works_in_industry_en,logistics,tourism,3,187,100,5000
profession_category__works_in_industry_en,logistics,trade,3,187,100,5000
profession_category__works_in_industry_en,logistics,waste,4,187,100,5000
profession_category__works_in_industry_en,logistics,welfare,4,187,100,5000
profession_category__works_in_industry_en,manual_labor,academia,3,132,100,5000
profession_category__works_in_industry_en,manual_labor,accounting,3,132,100,5000
profession_category__works_in_industry_en,manual_labor,advertising,3,132,100,5000
profession_category__works_in_industry_en,manual_labor,airlines,2,132,100,5000
profession_category__works_in_industry_en,manual_labor,architecture,2,132,100,5000
profession_category__works_in_industry_en,manual_labor,arts,2,132,100,5000
profession_category__works_in_industry_en,manual_labor,automotive,3,132,100,5000
profession_category__works_in_industry_en,manual_labor,banking,3,132,100,5000
profession_category__works_in_industry_en,manual_labor,biotech,4,132,100,5000
profession_category__works_in_industry_en,manual_labor,books,3,132,100,5000
profession_category__works_in_industry_en,manual_labor,catering,2,132,100,5000
profession_category__works_in_industry_en,manual_labor,chemicals,3,132,100,5000
profession_category__works_in_industry_en,manual_labor,communications,3,132,100,5000
profession_category__works_in_industry_en,manual_labor,construction,3,132,100,5000
profession_category__works_in_industry_en,manual_labor,consulting,3,132,100,5000
profession_category__works_in_industry_en,manual_labor,electrical,3,132,100,5000
profession_category__works_in_industry_en,manual_labor,energy,3,132,100,5000
profession_category__works_in_industry_en,manual_labor,engineering,2,132,100,5000
profession_category__works_in_industry_en,manual_labor,entertainment,2,132,100,5000
profession_category__works_in_industry_en,manual_labor,extraction,3,132,100,5000
profession_category__works_in_industry_en,manual_labor,fabrication,3,132,100,5000
profession_category__works_in_industry_en,manual_labor,farming,2,132,100,5000
profession_category__works_in_industry_en,manual_labor,fashion,3,132,100,5000
profession_category__works_in_industry_en,manual_labor,gaming,2,132,100,5000
profession_category__works_in_industry_en,manual_labor,government,3,132,100,5000
profession_category__works_in_industry_en,manual_labor,groceries,2,132,100,5000
profession_category__works_in_industry_en,manual_labor,healthcare,3,132,100,5000
profession_category__works_in_industry_en,manual_labor,hotels,2,132,100,5000
profession_category__works_in_industry_en,manual_labor,infrastructure,2,132,100,5000
profession_category__works_in_industry_en,manual_labor,insurance,3,132,100,5000
profession_category__works_in_industry_en,manual_labor,investment,3,132,100,5000
profession_category__works_in_industry_en,manual_labor,law,2,132,100,5000
profession_category__works_in_industry_en,manual_labor,logistics,3,132,100,5000
profession_category__works_in_industry_en,manual_labor,maritime,2,132,100,5000
profession_category__works_in_industry_en,manual_labor,media,3,132,100,5000
profession_category__works_in_industry_en,manual_labor,pharmaceuticals,3,132,100,5000
profession_category__works_in_industry_en,manual_labor,property,3,132,100,5000
profession_category__works_in_industry_en,manual_labor,railways,2,132,100,5000
profession_category__works_in_industry_en,manual_labor,recreation,3,132,100,5000
profession_category__works_in_industry_en,manual_labor,research,2,132,100,5000
profession_category__works_in_industry_en,manual_labor,retail,2,132,100,5000
profession_category__works_in_industry_en,manual_labor,security,3,132,100,5000
profession_category__works_in_industry_en,manual_labor,software,3,132,100,5000
profession_category__works_in_industry_en,manual_labor,space,2,132,100,5000
profession_category__works_in_industry_en,manual_labor,textiles,2,132,100,5000
profession_category__works_in_industry_en,manual_labor,timber,3,132,100,5000
profession_category__works_in_industry_en,manual_labor,tourism,3,132,100,5000
profession_category__works_in_industry_en,manual_labor,trade,3,132,100,5000
profession_category__works_in_industry_en,manual_labor,waste,3,132,100,5000
profession_category__works_in_industry_en,manual_labor,welfare,2,132,100,5000
profession_category__works_in_industry_en,media,academia,4,179,100,5000
profession_category__works_in_industry_en,media,accounting,3,179,100,5000
profession_category__works_in_industry_en,media,advertising,3,179,100,5000
profession_category__works_in_industry_en,media,airlines,4,179,100,5000
profession_category__works_in_industry_en,media,architecture,4,179,100,5000
profession_category__works_in_industry_en,media,arts,3,179,100,5000
profession_category__works_in_industry_en,media,automotive,4,179,100,5000
profession_category__works_in_industry_en,media,banking,3,179,100,5000
profession_category__works_in_industry_en,media,biotech,3,179,100,5000
profession_category__works_in_industry_en,media,books,4,179,100,5000
profession_category__works_in_industry_en,media,catering,4,179,100,5000
profession_category__works_in_industry_en,media,chemicals,4,179,100,5000
profession_category__works_in_industry_en,media,communications,4,179,100,5000
profession_category__works_in_industry_en,media,construction,4,179,100,5000
profession_category__works_in_industry_en,media,consulting,4,179,100,5000
profession_category__works_in_industry_en,media,electrical,4,179,100,5000
profession_category__works_in_industry_en,media,energy,4,179,100,5000
profession_category__works_in_industry_en,media,engineering,3,179,100,5000
profession_category__works_in_industry_en,media,entertainment,4,179,100,5000
profession_category__works_in_industry_en,media,extraction,4,179,100,5000
profession_category__works_in_industry_en,media,fabrication,3,179,100,5000
profession_category__works_in_industry_en,media,farming,3,179,100,5000
profession_category__works_in_industry_en,media,fashion,3,179,100,5000
profession_category__works_in_industry_en,media,gaming,4,179,100,5000
profession_category__works_in_industry_en,media,government,3,179,100,5000
profession_category__works_in_industry_en,media,groceries,4,179,100,5000
profession_category__works_in_industry_en,media,healthcare,4,179,100,5000
profession_category__works_in_industry_en,media,hotels,3,179,100,5000
profession_category__works_in_industry_en,media,infrastructure,3,179,100,5000
profession_category__works_in_industry_en,media,insurance,3,179,100,5000
profession_category__works_in_industry_en,media,investment,3,179,100,5000
profession_category__works_in_industry_en,media,law,3,179,100,5000
profession_category__works_in_industry_en,media,logistics,4,179,100,5000
profession_category__works_in_industry_en,media,maritime,4,179,100,5000
profession_category__works_in_industry_en,media,media,3,179,100,5000
profession_category__works_in_industry_en,media,pharmaceuticals,4,179,100,5000
profession_category__works_in_industry_en,media,property,3,179,100,5000
profession_category__works_in_industry_en,media,railways,4,179,100,5000
profession_category__works_in_industry_en,media,recreation,3,179,100,5000
profession_category__works_in_industry_en,media,research,4,179,100,5000
profession_category__works_in_industry_en,media,retail,4,179,100,5000
profession_category__works_in_industry_en,media,security,3,179,100,5000
profession_category__works_in_industry_en,media,software,4,179,100,5000
profession_category__works_in_industry_en,media,space,3,179,100,5000
profession_category__works_in_industry_en,media,textiles,3,179,100,5000
profession_category__works_in_industry_en,media,timber,4,179,100,5000
profession_category__works_in_industry_en,media,tourism,4,179,100,5000
profession_category__works_in_industry_en,media,trade,4,179,100,5000
profession_category__works_in_industry_en,media,waste,5,179,100,5000
profession_category__works_in_industry_en,media,welfare,3,179,100,5000
profession_category__works_in_industry_en,public_service,academia,4,167,100,5000
profession_category__works_in_industry_en,public_service,accounting,3,167,100,5000
profession_category__works_in_industry_en,public_service,advertising,3,167,100,5000
profession_category__works_in_industry_en,public_service,airlines,4,167,100,5000
profession_category__works_in_industry_en,public_service,architecture,3,167,100,5000
profession_category__works_in_industry_en,public_service,arts,3,167,100,5000
profession_category__works_in_industry_en,public_service,automotive,3,167,100,5000
profession_category__works_in_industry_en,public_service,banking,4,167,100,5000
profession_category__works_in_industry_en,public_service,biotech,3,167,100,5000
profession_category__works_in_industry_en,public_service,books,4,167,100,5000
profession_category__works_in_industry_en,public_service,catering,4,167,100,5000
profession_category__works_in_industry_en,public_service,chemicals,3,167,100,5000
profession_category__works_in_industry_en,public_service,communications,4,167,100,5000
profession_category__works_in_industry_en,public_service,construction,4,167,100,5000
profession_category__works_in_industry_en,public_service,consulting,4,167,100,5000
profession_category__works_in_industry_en,public_service,electrical,3,167,100,5000
profession_category__works_in_industry_en,public_service,energy,3,167,100,5000
profession_category__works_in_industry_en,public_service,engineering,3,167,100,5000
profession_category__works_in_industry_en,public_service,entertainment,3,167,100,5000
profession_category__works_in_industry_en,public_service,extraction,3,167,100,5000
profession_category__works_in_industry_en,public_service,fabrication,3,167,100,5000
profession_category__works_in_industry_en,public_service,farming,4,167,100,5000
profession_category__works_in_industry_en,public_service,fashion,3,167,100,5000
profession_category__works_in_industry_en,public_service,gaming,3,167,100,5000
profession_category__works_in_industry_en,public_service,government,3,167,100,5000
profession_category__works_in_industry_en,public_service,groceries,3,167,100,5000
profession_category__works_in_industry_en,public_service,healthcare,4,167,100,5000
profession_category__works_in_industry_en,public_service,hotels,4,167,100,5000
profession_category__works_in_industry_en,public_service,infrastructure,3,167,100,5000
profession_category__works_in_industry_en,public_service,insurance,3,167,100,5000
profession_category__works_in_industry_en,public_service,investment,4,167,100,5000
profession_category__works_in_industry_en,public_service,law,4,167,100,5000
profession_category__works_in_industry_en,public_service,logistics,3,167,100,5000
profession_category__works_in_industry_en,public_service,maritime,3,167,100,5000
profession_category__works_in_industry_en,public_service,media,4,167,100,5000
profession_category__works_in_industry_en,public_service,pharmaceuticals,3,167,100,5000
profession_category__works_in_industry_en,public_service,property,3,167,100,5000
profession_category__works_in_industry_en,public_service,railways,4,167,100,5000
profession_category__works_in_industry_en,public_service,recreation,3,167,100,5000
profession_category__works_in_industry_en,public_service,research,4,167,100,5000
profession_category__works_in_industry_en,public_service,retail,3,167,100,5000
profession_category__works_in_industry_en,public_service,security,3,167,100,5000
profession_category__works_in_industry_en,public_service,software,3,167,100,5000
profession_category__works_in_industry_en,public_service,space,3,167,100,5000
profession_category__works_in_industry_en,public_service,textiles,3,167,100,5000
profession_category__works_in_industry_en,public_service,timber,3,167,100,5000
profession_category__works_in_industry_en,public_service,tourism,4,167,100,5000
profession_category__works_in_industry_en,public_service,trade,3,167,100,5000
profession_category__works_in_industry_en,public_service,waste,3,167,100,5000
profession_category__works_in_industry_en,public_service,welfare,3,167,100,5000
profession_category__works_in_industry_en,research,academia,2,94,100,5000
profession_category__works_in_industry_en,research,accounting,2,94,100,5000
profession_category__works_in_industry_en,research,advertising,2,94,100,5000
profession_category__works_in_industry_en,research,airlines,2,94,100,5000
profession_category__works_in_industry_en,research,architecture,1,94,100,5000
profession_category__works_in_industry_en,research,arts,2,94,100,5000
profession_category__works_in_industry_en,research,automotive,3,94,100,5000
profession_category__works_in_industry_en,research,banking,2,94,100,5000
profession_category__works_in_industry_en,research,biotech,3,94,100,5000
profession_category__works_in_industry_en,research,books,2,94,100,5000
profession_category__works_in_industry_en,research,catering,2,94,100,5000
profession_category__works_in_industry_en,research,chemicals,2,94,100,5000
profession_category__works_in_industry_en,research,communications,2,94,100,5000
profession_category__works_in_industry_en,research,construction,2,94,100,5000
profession_category__works_in_industry_en,research,consulting,2,94,100,5000
profession_category__works_in_industry_en,research,electrical,2,94,100,5000
profession_category__works_in_industry_en,research,energy,2,94,100,5000
profession_category__works_in_industry_en,research,engineering,2,94,100,5000
profession_category__works_in_industry_en,research,entertainment,2,94,100,5000
profession_category__works_in_industry_en,research,extraction,1,94,100,5000
profession_category__works_in_industry_en,research,fabrication,2,94,100,5000
profession_category__works_in_industry_en,research,farming,1,94,100,5000
profession_category__works_in_industry_en,research,fashion,2,94,100,5000
profession_category__works_in_industry_en,research,gaming,2,94,100,5000
profession_category__works_in_industry_en,research,government,2,94,100,5000
profession_category__works_in_industry_en,research,groceries,2,94,100,5000
profession_category__works_in_industry_en,research,healthcare,2,94,100,5000
profession_category__works_in_industry_en,research,hotels,2,94,100,5000
profession_category__works_in_industry_en,research,infrastructure,1,94,100,5000
profession_category__works_in_industry_en,research,insurance,2,94,100,5000
profession_category__works_in_industry_en,research,investment,2,94,100,5000
profession_category__works_in_industry_en,research,law,1,94,100,5000
profession_category__works_in_industry_en,research,logistics,1,94,100,5000
profession_category__works_in_industry_en,research,maritime,2,94,100,5000
profession_category__works_in_industry_en,research,media,2,94,100,5000
profession_category__works_in_industry_en,research,pharmaceuticals,2,94,100,5000
profession_category__works_in_industry_en,research,property,2,94,100,5000
profession_category__works_in_industry_en,research,railways,2,94,100,5000
profession_category__works_in_industry_en,research,recreation,2,94,100,5000
profession_category__works_in_industry_en,research,research,2,94,100,5000
profession_category__works_in_industry_en,research,retail,2,94,100,5000
profession_category__works_in_industry_en,research,security,1,94,100,5000
profession_category__works_in_industry_en,research,software,2,94,100,5000
profession_category__works_in_industry_en,research,space,2,94,100,5000
profession_category__works_in_industry_en,research,textiles,2,94,100,5000
profession_category__works_in_industry_en,research,timber,2,94,100,5000
profession_category__works_in_industry_en,research,tourism,2,94,100,5000
profession_category__works_in_industry_en,research,trade,2,94,100,5000
profession_category__works_in_industry_en,research,waste,1,94,100,5000
profession_category__works_in_industry_en,research,welfare,2,94,100,5000
profession_category__works_in_industry_en,retail,academia,0,36,100,5000
profession_category__works_in_industry_en,retail,accounting,1,36,100,5000
profession_category__works_in_industry_en,retail,advertising,1,36,100,5000
profession_category__works_in_industry_en,retail,airlines,1,36,100,5000
profession_category__works_in_industry_en,retail,architecture,1,36,100,5000
profession_category__works_in_industry_en,retail,arts,1,36,100,5000
profession_category__works_in_industry_en,retail,automotive,0,36,100,5000
profession_category__works_in_industry_en,retail,banking,1,36,100,5000
profession_category__works_in_industry_en,retail,biotech,1,36,100,5000
profession_category__works_in_industry_en,retail,books,0,36,100,5000
profession_category__works_in_industry_en,retail,catering,1,36,100,5000
profession_category__works_in_industry_en,retail,chemicals,1,36,100,5000
profession_category__works_in_industry_en,retail,communications,1,36,100,5000
profession_category__works_in_industry_en,retail,construction,1,36,100,5000
profession_category__works_in_industry_en,retail,consulting,1,36,100,5000
profession_category__works_in_industry_en,retail,electrical,1,36,100,5000
profession_category__works_in_industry_en,retail,energy,0,36,100,5000
profession_category__works_in_industry_en,retail,engineering,1,36,100,5000
profession_category__works_in_industry_en,retail,entertainment,0,36,100,5000
profession_category__works_in_industry_en,retail,extraction,0,36,100,5000
profession_category__works_in_industry_en,retail,fabrication,1,36,100,5000
profession_category__works_in_industry_en,retail,farming,1,36,100,5000
profession_category__works_in_industry_en,retail,fashion,0,36,100,5000
profession_category__works_in_industry_en,retail,gaming,1,36,100,5000
profession_category__works_in_industry_en,retail,government,1,36,100,5000
profession_category__works_in_industry_en,retail,groceries,1,36,100,5000
profession_category__works_in_industry_en,retail,healthcare,1,36,100,5000
profession_category__works_in_industry_en,retail,hotels,1,36,100,5000
profession_category__works_in_industry_en,retail,infrastructure,0,36,100,5000
profession_category__works_in_industry_en,retail,insurance,1,36,100,5000
profession_category__works_in_industry_en,retail,investment,1,36,100,5000
profession_category__works_in_industry_en,retail,law,1,36,100,5000
profession_category__works_in_industry_en,retail,logistics,1,36,100,5000
profession_category__works_in_industry_en,retail,maritime,0,36,100,5000
profession_category__works_in_industry_en,retail,media,1,36,100,5000
profession_category__works_in_industry_en,retail,pharmaceuticals,1,36,100,5000
profession_category__works_in_industry_en,retail,property,1,36,100,5000
profession_category__works_in_industry_en,retail,railways,1,36,100,5000
profession_category__works_in_industry_en,retail,recreation,1,36,100,5000
profession_category__works_in_industry_en,retail,research,0,36,100,5000
profession_category__works_in_industry_en,retail,retail,0,36,100,5000
profession_category__works_in_industry_en,retail,security,0,36,100,5000
profession_category__works_in_industry_en,retail,software,1,36,100,5000
profession_category__works_in_industry_en,retail,space,1,36,100,5000
profession_category__works_in_industry_en,retail,textiles,1,36,100,5000
profession_category__works_in_industry_en,retail,timber,0,36,100,5000
profession_category__works_in_industry_en,retail,tourism,1,36,100,5000
profession_category__works_in_industry_en,retail,trade,1,36,100,5000
profession_category__works_in_industry_en,retail,waste,0,36,100,5000
profession_category__works_in_industry_en,retail,welfare,1,36,100,5000
profession_category__works_in_industry_en,sports,academia,8,385,100,5000
profession_category__works_in_industry_en,sports,accounting,8,385,100,5000
profession_category__works_in_industry_en,sports,advertising,7,385,100,5000
profession_category__works_in_industry_en,sports,airlines,8,385,100,5000
profession_category__works_in_industry_en,sports,architecture,8,385,100,5000
profession_category__works_in_industry_en,sports,arts,7,385,100,5000
profession_category__works_in_industry_en,sports,automotive,8,385,100,5000
profession_category__works_in_industry_en,sports,banking,8,385,100,5000
profession_category__works_in_industry_en,sports,biotech,8,385,100,5000
profession_category__works_in_industry_en,sports,books,9,385,100,5000
profession_category__works_in_industry_en,sports,catering,8,385,100,5000
profession_category__works_in_industry_en,sports,chemicals,8,385,100,5000
profession_category__works_in_industry_en,sports,communications,8,385,100,5000
profession_category__works_in_industry_en,sports,construction,7,385,100,5000
profession_category__works_in_industry_en,sports,consulting,7,385,100,5000
profession_category__works_in_industry_en,sports,electrical,8,385,100,5000
profession_category__works_in_industry_en,sports,energy,8,385,100,5000
profession_category__works_in_industry_en,sports,engineering,8,385,100,5000
profession_category__works_in_industry_en,sports,entertainment,8,385,100,5000
profession_category__works_in_industry_en,sports,extraction,7,385,100,5000
profession_category__works_in_industry_en,sports,fabrication,7,385,100,5000
profession_category__works_in_industry_en,sports,farming,8,385,100,5000
profession_category__works_in_industry_en,sports,fashion,8,385,100,5000
profession_category__works_in_industry_en,sports,gaming,8,385,100,5000
profession_category__works_in_industry_en,sports,government,8,385,100,5000
profession_category__works_in_industry_en,sports,groceries,8,385,100,5000
profession_category__works_in_industry_en,sports,healthcare,8,385,100,5000
profession_category__works_in_industry_en,sports,hotels,8,385,100,5000
profession_category__works_in_industry_en,sports,infrastructure,7,385,100,5000
profession_category__works_in_industry_en,sports,insurance,8,385,100,5000
profession_category__works_in_industry_en,sports,investment,7,385,100,5000
profession_category__works_in_industry_en,sports,law,8,385,100,5000
profession_category__works_in_industry_en,sports,logistics,8,385,100,5000
profession_category__works_in_industry_en,sports,maritime,7,385,100,5000
profession_category__works_in_industry_en,sports,media,7,385,100,5000
profession_category__works_in_industry_en,sports,pharmaceuticals,8,385,100,5000
profession_category__works_in_industry_en,sports,property,7,385,100,5000
profession_category__works_in_industry_en,sports,railways,7,385,100,5000
profession_category__works_in_industry_en,sports,recreation,7,385,100,5000
profession_category__works_in_industry_en,sports,research,8,385,100,5000
profession_category__works_in_industry_en,sports,retail,7,385,100,5000
profession_category__works_in_industry_en,sports,security,8,385,100,5000
profession_category__works_in_industry_en,sports,software,8,385,100,5000
profession_category__works_in_industry_en,sports,space,8,385,100,5000
profession_category__works_in_industry_en,sports,textiles,8,385,100,5000
profession_category__works_in_industry_en,sports,timber,8,385,100,5000
profession_category__works_in_industry_en,sports,tourism,7,385,100,5000
profession_category__works_in_industry_en,sports,trade,8,385,100,5000
profession_category__works_in_industry_en,sports,waste,8,385,100,5000
profession_category__works_in_industry_en,sports,welfare,7,385,100,5000
profession_category__works_in_industry_en,technology,academia,2,87,100,5000
profession_category__works_in_industry_en,technology,accounting,2,87,100,5000
profession_category__works_in_industry_en,technology,advertising,1,87,100,5000
profession_category__works_in_industry_en,technology,airlines,2,87,100,5000
profession_category__works_in_industry_en,technology,architecture,1,87,100,5000
profession_category__works_in_industry_en,technology,arts,2,87,100,5000
profession_category__works_in_industry_en,technology,automotive,2,87,100,5000
profession_category__works_in_industry_en,technology,banking,3,87,100,5000
profession_category__works_in_industry_en,technology,biotech,2,87,100,5000
profession_category__works_in_industry_en,technology,books,1,87,100,5000
profession_category__works_in_industry_en,technology,catering,2,87,100,5000
profession_category__works_in_industry_en,technology,chemicals,2,87,100,5000
profession_category__works_in_industry_en,technology,communications,2,87,100,5000
profession_category__works_in_industry_en,technology,construction,2,87,100,5000
profession_category__works_in_industry_en,technology,consulting,2,87,100,5000
profession_category__works_in_industry_en,technology,electrical,2,87,100,5000
profession_category__works_in_industry_en,technology,energy,2,87,100,5000
profession_category__works_in_industry_en,technology,engineering,2,87,100,5000
profession_category__works_in_industry_en,technology,entertainment,1,87,100,5000
profession_category__works_in_industry_en,technology,extraction,2,87,100,5000
profession_category__works_in_industry_en,technology,fabrication,2,87,100,5000
profession_category__works_in_industry_en,technology,farming,2,87,100,5000
profession_category__works_in_industry_en,technology,fashion,2,87,100,5000
profession_category__works_in_industry_en,technology,gaming,2,87,100,5000
profession_category__works_in_industry_en,technology,government,2,87,100,5000
profession_category__works_in_industry_en,technology,groceries,1,87,100,5000
profession_category__works_in_industry_en,technology,healthcare,2,87,100,5000
profession_category__works_in_industry_en,technology,hotels,1,87,100,5000
profession_category__works_in_industry_en,technology,infrastructure,2,87,100,5000
profession_category__works_in_industry_en,technology,insurance,2,87,100,5000
profession_category__works_in_industry_en,technology,investment,2,87,100,5000
profession_category__works_in_industry_en,technology,law,2,87,100,5000
profession_category__works_in_industry_en,technology,logistics,1,87,100,5000
profession_category__works_in_industry_en,technology,maritime,2,87,100,5000
profession_category__works_in_industry_en,technology,media,2,87,100,5000
profession_category__works_in_industry_en,technology,pharmaceuticals,1,87,100,5000
profession_category__works_in_industry_en,technology,property,3,87,100,5000
profession_category__works_in_industry_en,technology,railways,1,87,100,5000
profession_category__works_in_industry_en,technology,recreation,2,87,100,5000
profession_category__works_in_industry_en,technology,research,1,87,100,5000
profession_category__works_in_industry_en,technology,retail,1,87,100,5000
profession_category__works_in_industry_en,technology,security,2,87,100,5000
profession_category__works_in_industry_en,technology,software,2,87,100,5000
profession_category__works_in_industry_en,technology,space,2,87,100,5000
profession_category__works_in_industry_en,technology,textiles,2,87,100,5000
profession_category__works_in_industry_en,technology,timber,1,87,100,5000
profession_category__works_in_industry_en,technology,tourism,1,87,100,5000
profession_category__works_in_industry_en,technology,trade,1,87,100,5000
profession_category__works_in_industry_en,technology,waste,1,87,100,5000
profession_category__works_in_industry_en,technology,welfare,2,87,100,5000
works_in_industry_en__field_of_study_en,academia,accounting,2,100,100,5000
works_in_industry_en__field_of_study_en,academia,agriculture,2,100,100,5000
works_in_industry_en__field_of_study_en,academia,animal care,2,100,100,5000
works_in_industry_en__field_of_study_en,academia,anthropology,2,100,100,5000
works_in_industry_en__field_of_study_en,academia,archaeology,2,100,100,5000
works_in_industry_en__field_of_study_en,academia,architecture,2,100,100,5000
works_in_industry_en__field_of_study_en,academia,biology,2,100,100,5000
works_in_industry_en__field_of_study_en,academia,business,2,100,100,5000
works_in_industry_en__field_of_study_en,academia,chemistry,2,100,100,5000
works_in_industry_en__field_of_study_en,academia,communication,2,100,100,5000
works_in_industry_en__field_of_study_en,academia,computing,2,100,100,5000
works_in_industry_en__field_of_study_en,academia,construction,2,100,100,5000
works_in_industry_en__field_of_study_en,academia,cultural analysis,2,100,100,5000
works_in_industry_en__field_of_study_en,academia,data analytics,2,100,100,5000
works_in_industry_en__field_of_study_en,academia,dental studies,2,100,100,5000
works_in_industry_en__field_of_study_en,academia,design,2,100,100,5000
works_in_industry_en__field_of_study_en,academia,diplomacy,2,100,100,5000
works_in_industry_en__field_of_study_en,academia,ecology,2,100,100,5000
works_in_industry_en__field_of_study_en,academia,economics,2,100,100,5000
works_in_industry_en__field_of_study_en,academia,electricity,2,100,100,5000
works_in_industry_en__field_of_study_en,academia,exercise science,2,100,100,5000
works_in_industry_en__field_of_study_en,academia,film studies,2,100,100,5000
works_in_industry_en__field_of_study_en,academia,fiscal studies,2,100,100,5000
works_in_industry_en__field_of_study_en,academia,forestry,2,100,100,5000
works_in_industry_en__field_of_study_en,academia,geography,2,100,100,5000
works_in_industry_en__field_of_study_en,academia,governance,2,100,100,5000
works_in_industry_en__field_of_study_en,academia,history,2,100,100,5000
works_in_industry_en__field_of_study_en,academia,law,2,100,100,5000
works_in_industry_en__field_of_study_en,academia,linguistics,2,100,100,5000
works_in_industry_en__field_of_study_en,academia,literature,2,100,100,5000
works_in_industry_en__field_of_study_en,academia,logistics,2,100,100,5000
works_in_industry_en__field_of_study_en,academia,management,2,100,100,5000
works_in_industry_en__field_of_study_en,academia,marketing,1,100,100,5000
works_in_industry_en__field_of_study_en,academia,mechanics,2,100,100,5000
works_in_industry_en__field_of_study_en,academia,media studies,2,100,100,5000
works_in_industry_en__field_of_study_en,academia,medicine,2,100,100,5000
works_in_industry_en__field_of_study_en,academia,music,2,100,100,5000
works_in_industry_en__field_of_study_en,academia,nursing,2,100,100,5000
works_in_industry_en__field_of_study_en,academia,pharmacy,2,100,100,5000
works_in_industry_en__field_of_study_en,academia,philosophy,2,100,100,5000
works_in_industry_en__field_of_study_en,academia,physics,2,100,100,5000
works_in_industry_en__field_of_study_en,academia,politics,2,100,100,5000
works_in_industry_en__field_of_study_en,academia,psychology,2,100,100,5000
works_in_industry_en__field_of_study_en,academia,quantitative methods,2,100,100,5000
works_in_industry_en__field_of_study_en,academia,social care,2,100,100,5000
works_in_industry_en__field_of_study_en,academia,software,2,100,100,5000
works_in_industry_en__field_of_study_en,academia,statistics,3,100,100,5000
works_in_industry_en__field_of_study_en,academia,teaching,2,100,100,5000
works_in_industry_en__field_of_study_en,academia,theatre,2,100,100,5000
works_in_industry_en__field_of_study_en,academia,tourism,2,100,100,5000
works_in_industry_en__field_of_study_en,accounting,accounting,2,100,100,5000
works_in_industry_en__field_of_study_en,accounting,agriculture,2,100,100,5000
works_in_industry_en__field_of_study_en,accounting,animal care,2,100,100,5000
works_in_industry_en__field_of_study_en,accounting,anthropology,2,100,100,5000
works_in_industry_en__field_of_study_en,accounting,archaeology,2,100,100,5000
works_in_industry_en__field_of_study_en,accounting,architecture,2,100,100,5000
works_in_industry_en__field_of_study_en,accounting,biology,1,100,100,5000
works_in_industry_en__field_of_study_en,accounting,business,2,100,100,5000
works_in_industry_en__field_of_study_en,accounting,chemistry,2,100,100,5000
works_in_industry_en__field_of_study_en,accounting,communication,2,100,100,5000
works_in_industry_en__field_of_study_en,accounting,computing,2,100,100,5000
works_in_industry_en__field_of_study_en,accounting,construction,2,100,100,5000
works_in_industry_en__field_of_study_en,accounting,cultural analysis,2,100,100,5000
works_in_industry_en__field_of_study_en,accounting,data analytics,2,100,100,5000
works_in_industry_en__field_of_study_en,accounting,dental studies,2,100,100,5000
works_in_industry_en__field_of_study_en,accounting,design,2,100,100,5000
works_in_industry_en__field_of_study_en,accounting,diplomacy,2,100,100,5000
works_in_industry_en__field_of_study_en,accounting,ecology,2,100,100,5000
works_in_industry_en__field_of_study_en,accounting,economics,2,100,100,5000
works_in_industry_en__field_of_study_en,accounting,electricity,2,100,100,5000
works_in_industry_en__field_of_study_en,accounting,exercise science,2,100,100,5000
works_in_industry_en__field_of_study_en,accounting,film studies,3,100,100,5000
works_in_industry_en__field_of_study_en,accounting,fiscal studies,2,100,100,5000
works_in_industry_en__field_of_study_en,accounting,forestry,2,100,100,5000
works_in_industry_en__field_of_study_en,accounting,geography,2,100,100,5000
works_in_industry_en__field_of_study_en,accounting,governance,2,100,100,5000
works_in_industry_en__field_of_study_en,accounting,history,2,100,100,5000
works_in_industry_en__field_of_study_en,accounting,law,2,100,100,5000
works_in_industry_en__field_of_study_en,accounting,linguistics,2,100,100,5000
works_in_industry_en__field_of_study_en,accounting,literature,2,100,100,5000
works_in_industry_en__field_of_study_en,accounting,logistics,2,100,100,5000
works_in_industry_en__field_of_study_en,accounting,management,2,100,100,5000
works_in_industry_en__field_of_study_en,accounting,marketing,2,100,100,5000
works_in_industry_en__field_of_study_en,accounting,mechanics,2,100,100,5000
works_in_industry_en__field_of_study_en,accounting,media studies,2,100,100,5000
works_in_industry_en__field_of_study_en,accounting,medicine,2,100,100,5000
works_in_industry_en__field_of_study_en,accounting,music,2,100,100,5000
works_in_industry_en__field_of_study_en,accounting,nursing,2,100,100,5000
works_in_industry_en__field_of_study_en,accounting,pharmacy,2,100,100,5000
works_in_industry_en__field_of_study_en,accounting,philosophy,2,100,100,5000
works_in_industry_en__field_of_study_en,accounting,physics,2,100,100,5000
works_in_industry_en__field_of_study_en,accounting,politics,2,100,100,5000
works_in_industry_en__field_of_study_en,accounting,psychology,2,100,100,5000
works_in_industry_en__field_of_study_en,accounting,quantitative methods,2,100,100,5000
works_in_industry_en__field_of_study_en,accounting,social care,2,100,100,5000
works_in_industry_en__field_of_study_en,accounting,software,2,100,100,5000
works_in_industry_en__field_of_study_en,accounting,statistics,2,100,100,5000
works_in_industry_en__field_of_study_en,accounting,teaching,2,100,100,5000
works_in_industry_en__field_of_study_en,accounting,theatre,2,100,100,5000
works_in_industry_en__field_of_study_en,accounting,tourism,2,100,100,5000
works_in_industry_en__field_of_study_en,advertising,accounting,2,100,100,5000
works_in_industry_en__field_of_study_en,advertising,agriculture,2,100,100,5000
works_in_industry_en__field_of_study_en,advertising,animal care,2,100,100,5000
works_in_industry_en__field_of_study_en,advertising,anthropology,2,100,100,5000
works_in_industry_en__field_of_study_en,advertising,archaeology,2,100,100,5000
works_in_industry_en__field_of_study_en,advertising,architecture,2,100,100,5000
works_in_industry_en__field_of_study_en,advertising,biology,2,100,100,5000
works_in_industry_en__field_of_study_en,advertising,business,2,100,100,5000
works_in_industry_en__field_of_study_en,advertising,chemistry,2,100,100,5000
works_in_industry_en__field_of_study_en,advertising,communication,2,100,100,5000
works_in_industry_en__field_of_study_en,advertising,computing,2,100,100,5000
works_in_industry_en__field_of_study_en,advertising,construction,2,100,100,5000
works_in_industry_en__field_of_study_en,advertising,cultural analysis,2,100,100,5000
works_in_industry_en__field_of_study_en,advertising,data analytics,2,100,100,5000
works_in_industry_en__field_of_study_en,advertising,dental studies,2,100,100,5000
works_in_industry_en__field_of_study_en,advertising,design,2,100,100,5000
works_in_industry_en__field_of_study_en,advertising,diplomacy,2,100,100,5000
works_in_industry_en__field_of_study_en,advertising,ecology,2,100,100,5000
works_in_industry_en__field_of_study_en,advertising,economics,2,100,100,5000
works_in_industry_en__field_of_study_en,advertising,electricity,2,100,100,5000
works_in_industry_en__field_of_study_en,advertising,exercise science,2,100,100,5000
works_in_industry_en__field_of_study_en,advertising,film studies,2,100,100,5000
works_in_industry_en__field_of_study_en,advertising,fiscal studies,2,100,100,5000
works_in_industry_en__field_of_study_en,advertising,forestry,2,100,100,5000
works_in_industry_en__field_of_study_en,advertising,geography,2,100,100,5000
works_in_industry_en__field_of_study_en,advertising,governance,2,100,100,5000
works_in_industry_en__field_of_study_en,advertising,history,2,100,100,5000
works_in_industry_en__field_of_study_en,advertising,law,2,100,100,5000
works_in_industry_en__field_of_study_en,advertising,linguistics,2,100,100,5000
works_in_industry_en__field_of_study_en,advertising,literature,2,100,100,5000
works_in_industry_en__field_of_study_en,advertising,logistics,2,100,100,5000
works_in_industry_en__field_of_study_en,advertising,management,2,100,100,5000
works_in_industry_en__field_of_study_en,advertising,marketing,2,100,100,5000
works_in_industry_en__field_of_study_en,advertising,mechanics,2,100,100,5000
works_in_industry_en__field_of_study_en,advertising,media studies,2,100,100,5000
works_in_industry_en__field_of_study_en,advertising,medicine,2,100,100,5000
works_in_industry_en__field_of_study_en,advertising,music,2,100,100,5000
works_in_industry_en__field_of_study_en,advertising,nursing,2,100,100,5000
works_in_industry_en__field_of_study_en,advertising,pharmacy,2,100,100,5000
works_in_industry_en__field_of_study_en,advertising,philosophy,2,100,100,5000
works_in_industry_en__field_of_study_en,advertising,physics,2,100,100,5000
works_in_industry_en__field_of_study_en,advertising,politics,2,100,100,5000
works_in_industry_en__field_of_study_en,advertising,psychology,2,100,100,5000
works_in_industry_en__field_of_study_en,advertising,quantitative methods,2,100,100,5000
works_in_industry_en__field_of_study_en,advertising,social care,2,100,100,5000
works_in_industry_en__field_of_study_en,advertising,software,2,100,100,5000
works_in_industry_en__field_of_study_en,advertising,statistics,2,100,100,5000
works_in_industry_en__field_of_study_en,advertising,teaching,2,100,100,5000
works_in_industry_en__field_of_study_en,advertising,theatre,2,100,100,5000
works_in_industry_en__field_of_study_en,advertising,tourism,2,100,100,5000
works_in_industry_en__field_of_study_en,airlines,accounting,2,100,100,5000
works_in_industry_en__field_of_study_en,airlines,agriculture,2,100,100,5000
works_in_industry_en__field_of_study_en,airlines,animal care,2,100,100,5000
works_in_industry_en__field_of_study_en,airlines,anthropology,2,100,100,5000
works_in_industry_en__field_of_study_en,airlines,archaeology,2,100,100,5000
works_in_industry_en__field_of_study_en,airlines,architecture,2,100,100,5000
works_in_industry_en__field_of_study_en,airlines,biology,2,100,100,5000
works_in_industry_en__field_of_study_en,airlines,business,2,100,100,5000
works_in_industry_en__field_of_study_en,airlines,chemistry,2,100,100,5000
works_in_industry_en__field_of_study_en,airlines,communication,2,100,100,5000
works_in_industry_en__field_of_study_en,airlines,computing,2,100,100,5000
works_in_industry_en__field_of_study_en,airlines,construction,2,100,100,5000
works_in_industry_en__field_of_study_en,airlines,cultural analysis,2,100,100,5000
works_in_industry_en__field_of_study_en,airlines,data analytics,2,100,100,5000
works_in_industry_en__field_of_study_en,airlines,dental studies,2,100,100,5000
works_in_industry_en__field_of_study_en,airlines,design,2,100,100,5000
works_in_industry_en__field_of_study_en,airlines,diplomacy,2,100,100,5000
works_in_industry_en__field_of_study_en,airlines,ecology,2,100,100,5000
works_in_industry_en__field_of_study_en,airlines,economics,2,100,100,5000
works_in_industry_en__field_of_study_en,airlines,electricity,2,100,100,5000
works_in_industry_en__field_of_study_en,airlines,exercise science,2,100,100,5000
works_in_industry_en__field_of_study_en,airlines,film studies,2,100,100,5000
works_in_industry_en__field_of_study_en,airlines,fiscal studies,2,100,100,5000
works_in_industry_en__field_of_study_en,airlines,forestry,2,100,100,5000
works_in_industry_en__field_of_study_en,airlines,geography,2,100,100,5000
works_in_industry_en__field_of_study_en,airlines,governance,2,100,100,5000
works_in_industry_en__field_of_study_en,airlines,history,2,100,100,5000
works_in_industry_en__field_of_study_en,airlines,law,2,100,100,5000
works_in_industry_en__field_of_study_en,airlines,linguistics,2,100,100,5000
works_in_industry_en__field_of_study_en,airlines,literature,2,100,100,5000
works_in_industry_en__field_of_study_en,airlines,logistics,2,100,100,5000
works_in_industry_en__field_of_study_en,airlines,management,2,100,100,5000
works_in_industry_en__field_of_study_en,airlines,marketing,2,100,100,5000
works_in_industry_en__field_of_study_en,airlines,mechanics,2,100,100,5000
works_in_industry_en__field_of_study_en,airlines,media studies,2,100,100,5000
works_in_industry_en__field_of_study_en,airlines,medicine,2,100,100,5000
works_in_industry_en__field_of_study_en,airlines,music,2,100,100,5000
works_in_industry_en__field_of_study_en,airlines,nursing,2,100,100,5000
works_in_industry_en__field_of_study_en,airlines,pharmacy,2,100,100,5000
works_in_industry_en__field_of_study_en,airlines,philosophy,2,100,100,5000
works_in_industry_en__field_of_study_en,airlines,physics,2,100,100,5000
works_in_industry_en__field_of_study_en,airlines,politics,2,100,100,5000
works_in_industry_en__field_of_study_en,airlines,psychology,2,100,100,5000
works_in_industry_en__field_of_study_en,airlines,quantitative methods,2,100,100,5000
works_in_industry_en__field_of_study_en,airlines,social care,2,100,100,5000
works_in_industry_en__field_of_study_en,airlines,software,2,100,100,5000
works_in_industry_en__field_of_study_en,airlines,statistics,2,100,100,5000
works_in_industry_en__field_of_study_en,airlines,teaching,2,100,100,5000
works_in_industry_en__field_of_study_en,airlines,theatre,2,100,100,5000
works_in_industry_en__field_of_study_en,airlines,tourism,2,100,100,5000
works_in_industry_en__field_of_study_en,architecture,accounting,2,100,100,5000
works_in_industry_en__field_of_study_en,architecture,agriculture,2,100,100,5000
works_in_industry_en__field_of_study_en,architecture,animal care,2,100,100,5000
works_in_industry_en__field_of_study_en,architecture,anthropology,2,100,100,5000
works_in_industry_en__field_of_study_en,architecture,archaeology,2,100,100,5000
works_in_industry_en__field_of_study_en,architecture,architecture,2,100,100,5000
works_in_industry_en__field_of_study_en,architecture,biology,2,100,100,5000
works_in_industry_en__field_of_study_en,architecture,business,2,100,100,5000
works_in_industry_en__field_of_study_en,architecture,chemistry,2,100,100,5000
works_in_industry_en__field_of_study_en,architecture,communication,2,100,100,5000
works_in_industry_en__field_of_study_en,architecture,computing,2,100,100,5000
works_in_industry_en__field_of_study_en,architecture,construction,3,100,100,5000
works_in_industry_en__field_of_study_en,architecture,cultural analysis,2,100,100,5000
works_in_industry_en__field_of_study_en,architecture,data analytics,2,100,100,5000
works_in_industry_en__field_of_study_en,architecture,dental studies,2,100,100,5000
works_in_industry_en__field_of_study_en,architecture,design,2,100,100,5000
works_in_industry_en__field_of_study_en,architecture,diplomacy,2,100,100,5000
works_in_industry_en__field_of_study_en,architecture,ecology,2,100,100,5000
works_in_industry_en__field_of_study_en,architecture,economics,2,100,100,5000
works_in_industry_en__field_of_study_en,architecture,electricity,2,100,100,5000
works_in_industry_en__field_of_study_en,architecture,exercise science,2,100,100,5000
works_in_industry_en__field_of_study_en,architecture,film studies,2,100,100,5000
works_in_industry_en__field_of_study_en,architecture,fiscal studies,2,100,100,5000
works_in_industry_en__field_of_study_en,architecture,forestry,2,100,100,5000
works_in_industry_en__field_of_study_en,architecture,geography,2,100,100,5000
works_in_industry_en__field_of_study_en,architecture,governance,2,100,100,5000
works_in_industry_en__field_of_study_en,architecture,history,2,100,100,5000
works_in_industry_en__field_of_study_en,architecture,law,2,100,100,5000
works_in_industry_en__field_of_study_en,architecture,linguistics,2,100,100,5000
works_in_industry_en__field_of_study_en,architecture,literature,2,100,100,5000
works_in_industry_en__field_of_study_en,architecture,logistics,2,100,100,5000
works_in_industry_en__field_of_study_en,architecture,management,2,100,100,5000
works_in_industry_en__field_of_study_en,architecture,marketing,2,100,100,5000
works_in_industry_en__field_of_study_en,architecture,mechanics,1,100,100,5000
works_in_industry_en__field_of_study_en,architecture,media studies,2,100,100,5000
works_in_industry_en__field_of_study_en,architecture,medicine,1,100,100,5000
works_in_industry_en__field_of_study_en,architecture,music,3,100,100,5000
works_in_industry_en__field_of_study_en,architecture,nursing,2,100,100,5000
works_in_industry_en__field_of_study_en,architecture,pharmacy,2,100,100,5000
works_in_industry_en__field_of_study_en,architecture,philosophy,2,100,100,5000
works_in_industry_en__field_of_study_en,architecture,physics,2,100,100,5000
works_in_industry_en__field_of_study_en,architecture,politics,2,100,100,5000
works_in_industry_en__field_of_study_en,architecture,psychology,2,100,100,5000
works_in_industry_en__field_of_study_en,architecture,quantitative methods,2,100,100,5000
works_in_industry_en__field_of_study_en,architecture,social care,2,100,100,5000
works_in_industry_en__field_of_study_en,architecture,software,2,100,100,5000
works_in_industry_en__field_of_study_en,architecture,statistics,2,100,100,5000
works_in_industry_en__field_of_study_en,architecture,teaching,2,100,100,5000
works_in_industry_en__field_of_study_en,architecture,theatre,2,100,100,5000
works_in_industry_en__field_of_study_en,architecture,tourism,2,100,100,5000
works_in_industry_en__field_of_study_en,arts,accounting,2,100,100,5000
works_in_industry_en__field_of_study_en,arts,agriculture,2,100,100,5000
works_in_industry_en__field_of_study_en,arts,animal care,2,100,100,5000
works_in_industry_en__field_of_study_en,arts,anthropology,2,100,100,5000
works_in_industry_en__field_of_study_en,arts,archaeology,2,100,100,5000
works_in_industry_en__field_of_study_en,arts,architecture,2,100,100,5000
works_in_industry_en__field_of_study_en,arts,biology,2,100,100,5000
works_in_industry_en__field_of_study_en,arts,business,2,100,100,5000
works_in_industry_en__field_of_study_en,arts,chemistry,2,100,100,5000
works_in_industry_en__field_of_study_en,arts,communication,2,100,100,5000
works_in_industry_en__field_of_study_en,arts,computing,2,100,100,5000
works_in_industry_en__field_of_study_en,arts,construction,2,100,100,5000
works_in_industry_en__field_of_study_en,arts,cultural analysis,2,100,100,5000
works_in_industry_en__field_of_study_en,arts,data analytics,2,100,100,5000
works_in_industry_en__field_of_study_en,arts,dental studies,2,100,100,5000
works_in_industry_en__field_of_study_en,arts,design,2,100,100,5000
works_in_industry_en__field_of_study_en,arts,diplomacy,2,100,100,5000
works_in_industry_en__field_of_study_en,arts,ecology,2,100,100,5000
works_in_industry_en__field_of_study_en,arts,economics,2,100,100,5000
works_in_industry_en__field_of_study_en,arts,electricity,2,100,100,5000
works_in_industry_en__field_of_study_en,arts,exercise science,2,100,100,5000
works_in_industry_en__field_of_study_en,arts,film studies,2,100,100,5000
works_in_industry_en__field_of_study_en,arts,fiscal studies,2,100,100,5000
works_in_industry_en__field_of_study_en,arts,forestry,2,100,100,5000
works_in_industry_en__field_of_study_en,arts,geography,2,100,100,5000
works_in_industry_en__field_of_study_en,arts,governance,2,100,100,5000
works_in_industry_en__field_of_study_en,arts,history,2,100,100,5000
works_in_industry_en__field_of_study_en,arts,law,2,100,100,5000
works_in_industry_en__field_of_study_en,arts,linguistics,2,100,100,5000
works_in_industry_en__field_of_study_en,arts,literature,2,100,100,5000
works_in_industry_en__field_of_study_en,arts,logistics,2,100,100,5000
works_in_industry_en__field_of_study_en,arts,management,2,100,100,5000
works_in_industry_en__field_of_study_en,arts,marketing,2,100,100,5000
works_in_industry_en__field_of_study_en,arts,mechanics,2,100,100,5000
works_in_industry_en__field_of_study_en,arts,media studies,2,100,100,5000
works_in_industry_en__field_of_study_en,arts,medicine,2,100,100,5000
works_in_industry_en__field_of_study_en,arts,music,2,100,100,5000
works_in_industry_en__field_of_study_en,arts,nursing,2,100,100,5000
works_in_industry_en__field_of_study_en,arts,pharmacy,2,100,100,5000
works_in_industry_en__field_of_study_en,arts,philosophy,2,100,100,5000
works_in_industry_en__field_of_study_en,arts,physics,2,100,100,5000
works_in_industry_en__field_of_study_en,arts,politics,2,100,100,5000
works_in_industry_en__field_of_study_en,arts,psychology,2,100,100,5000
works_in_industry_en__field_of_study_en,arts,quantitative methods,2,100,100,5000
works_in_industry_en__field_of_study_en,arts,social care,2,100,100,5000
works_in_industry_en__field_of_study_en,arts,software,2,100,100,5000
works_in_industry_en__field_of_study_en,arts,statistics,2,100,100,5000
works_in_industry_en__field_of_study_en,arts,teaching,2,100,100,5000
works_in_industry_en__field_of_study_en,arts,theatre,2,100,100,5000
works_in_industry_en__field_of_study_en,arts,tourism,2,100,100,5000
works_in_industry_en__field_of_study_en,automotive,accounting,2,100,100,5000
works_in_industry_en__field_of_study_en,automotive,agriculture,2,100,100,5000
works_in_industry_en__field_of_study_en,automotive,animal care,2,100,100,5000
works_in_industry_en__field_of_study_en,automotive,anthropology,2,100,100,5000
works_in_industry_en__field_of_study_en,automotive,archaeology,2,100,100,5000
works_in_industry_en__field_of_study_en,automotive,architecture,2,100,100,5000
works_in_industry_en__field_of_study_en,automotive,biology,2,100,100,5000
works_in_industry_en__field_of_study_en,automotive,business,2,100,100,5000
works_in_industry_en__field_of_study_en,automotive,chemistry,2,100,100,5000
works_in_industry_en__field_of_study_en,automotive,communication,2,100,100,5000
works_in_industry_en__field_of_study_en,automotive,computing,2,100,100,5000
works_in_industry_en__field_of_study_en,automotive,construction,2,100,100,5000
works_in_industry_en__field_of_study_en,automotive,cultural analysis,2,100,100,5000
works_in_industry_en__field_of_study_en,automotive,data analytics,2,100,100,5000
works_in_industry_en__field_of_study_en,automotive,dental studies,2,100,100,5000
works_in_industry_en__field_of_study_en,automotive,design,2,100,100,5000
works_in_industry_en__field_of_study_en,automotive,diplomacy,2,100,100,5000
works_in_industry_en__field_of_study_en,automotive,ecology,2,100,100,5000
works_in_industry_en__field_of_study_en,automotive,economics,2,100,100,5000
works_in_industry_en__field_of_study_en,automotive,electricity,2,100,100,5000
works_in_industry_en__field_of_study_en,automotive,exercise science,2,100,100,5000
works_in_industry_en__field_of_study_en,automotive,film studies,2,100,100,5000
works_in_industry_en__field_of_study_en,automotive,fiscal studies,3,100,100,5000
works_in_industry_en__field_of_study_en,automotive,forestry,2,100,100,5000
works_in_industry_en__field_of_study_en,automotive,geography,2,100,100,5000
works_in_industry_en__field_of_study_en,automotive,governance,2,100,100,5000
works_in_industry_en__field_of_study_en,automotive,history,2,100,100,5000
works_in_industry_en__field_of_study_en,automotive,law,2,100,100,5000
works_in_industry_en__field_of_study_en,automotive,linguistics,2,100,100,5000
works_in_industry_en__field_of_study_en,automotive,literature,2,100,100,5000
works_in_industry_en__field_of_study_en,automotive,logistics,2,100,100,5000
works_in_industry_en__field_of_study_en,automotive,management,2,100,100,5000
works_in_industry_en__field_of_study_en,automotive,marketing,2,100,100,5000
works_in_industry_en__field_of_study_en,automotive,mechanics,2,100,100,5000
works_in_industry_en__field_of_study_en,automotive,media studies,2,100,100,5000
works_in_industry_en__field_of_study_en,automotive,medicine,2,100,100,5000
works_in_industry_en__field_of_study_en,automotive,music,2,100,100,5000
works_in_industry_en__field_of_study_en,automotive,nursing,1,100,100,5000
works_in_industry_en__field_of_study_en,automotive,pharmacy,2,100,100,5000
works_in_industry_en__field_of_study_en,automotive,philosophy,2,100,100,5000
works_in_industry_en__field_of_study_en,automotive,physics,2,100,100,5000
works_in_industry_en__field_of_study_en,automotive,politics,2,100,100,5000
works_in_industry_en__field_of_study_en,automotive,psychology,2,100,100,5000
works_in_industry_en__field_of_study_en,automotive,quantitative methods,2,100,100,5000
works_in_industry_en__field_of_study_en,automotive,social care,2,100,100,5000
works_in_industry_en__field_of_study_en,automotive,software,2,100,100,5000
works_in_industry_en__field_of_study_en,automotive,statistics,2,100,100,5000
works_in_industry_en__field_of_study_en,automotive,teaching,2,100,100,5000
works_in_industry_en__field_of_study_en,automotive,theatre,2,100,100,5000
works_in_industry_en__field_of_study_en,automotive,tourism,2,100,100,5000
works_in_industry_en__field_of_study_en,banking,accounting,2,100,100,5000
works_in_industry_en__field_of_study_en,banking,agriculture,2,100,100,5000
works_in_industry_en__field_of_study_en,banking,animal care,3,100,100,5000
works_in_industry_en__field_of_study_en,banking,anthropology,2,100,100,5000
works_in_industry_en__field_of_study_en,banking,archaeology,2,100,100,5000
works_in_industry_en__field_of_study_en,banking,architecture,2,100,100,5000
works_in_industry_en__field_of_study_en,banking,biology,2,100,100,5000
works_in_industry_en__field_of_study_en,banking,business,2,100,100,5000
works_in_industry_en__field_of_study_en,banking,chemistry,2,100,100,5000
works_in_industry_en__field_of_study_en,banking,communication,3,100,100,5000
works_in_industry_en__field_of_study_en,banking,computing,2,100,100,5000
works_in_industry_en__field_of_study_en,banking,construction,1,100,100,5000
works_in_industry_en__field_of_study_en,banking,cultural analysis,3,100,100,5000
works_in_industry_en__field_of_study_en,banking,data analytics,2,100,100,5000
works_in_industry_en__field_of_study_en,banking,dental studies,2,100,100,5000
works_in_industry_en__field_of_study_en,banking,design,2,100,100,5000
works_in_industry_en__field_of_study_en,banking,diplomacy,2,100,100,5000
works_in_industry_en__field_of_study_en,banking,ecology,2,100,100,5000
works_in_industry_en__field_of_study_en,banking,economics,2,100,100,5000
works_in_industry_en__field_of_study_en,banking,electricity,2,100,100,5000
works_in_industry_en__field_of_study_en,banking,exercise science,2,100,100,5000
works_in_industry_en__field_of_study_en,banking,film studies,1,100,100,5000
works_in_industry_en__field_of_study_en,banking,fiscal studies,2,100,100,5000
works_in_industry_en__field_of_study_en,banking,forestry,2,100,100,5000
works_in_industry_en__field_of_study_en,banking,geography,2,100,100,5000
works_in_industry_en__field_of_study_en,banking,governance,1,100,100,5000
works_in_industry_en__field_of_study_en,banking,history,2,100,100,5000
works_in_industry_en__field_of_study_en,banking,law,2,100,100,5000
works_in_industry_en__field_of_study_en,banking,linguistics,2,100,100,5000
works_in_industry_en__field_of_study_en,banking,literature,2,100,100,5000
works_in_industry_en__field_of_study_en,banking,logistics,2,100,100,5000
works_in_industry_en__field_of_study_en,banking,management,2,100,100,5000
works_in_industry_en__field_of_study_en,banking,marketing,2,100,100,5000
works_in_industry_en__field_of_study_en,banking,mechanics,3,100,100,5000
works_in_industry_en__field_of_study_en,banking,media studies,2,100,100,5000
works_in_industry_en__field_of_study_en,banking,medicine,2,100,100,5000
works_in_industry_en__field_of_study_en,banking,music,2,100,100,5000
works_in_industry_en__field_of_study_en,banking,nursing,2,100,100,5000
works_in_industry_en__field_of_study_en,banking,pharmacy,1,100,100,5000
works_in_industry_en__field_of_study_en,banking,philosophy,2,100,100,5000
works_in_industry_en__field_of_study_en,banking,physics,2,100,100,5000
works_in_industry_en__field_of_study_en,banking,politics,2,100,100,5000
works_in_industry_en__field_of_study_en,banking,psychology,2,100,100,5000
works_in_industry_en__field_of_study_en,banking,quantitative methods,2,100,100,5000
works_in_industry_en__field_of_study_en,banking,social care,2,100,100,5000
works_in_industry_en__field_of_study_en,banking,software,2,100,100,5000
works_in_industry_en__field_of_study_en,banking,statistics,2,100,100,5000
works_in_industry_en__field_of_study_en,banking,teaching,2,100,100,5000
works_in_industry_en__field_of_study_en,banking,theatre,2,100,100,5000
works_in_industry_en__field_of_study_en,banking,tourism,2,100,100,5000
works_in_industry_en__field_of_study_en,biotech,accounting,2,100,100,5000
works_in_industry_en__field_of_study_en,biotech,agriculture,2,100,100,5000
works_in_industry_en__field_of_study_en,biotech,animal care,2,100,100,5000
works_in_industry_en__field_of_study_en,biotech,anthropology,2,100,100,5000
works_in_industry_en__field_of_study_en,biotech,archaeology,1,100,100,5000
works_in_industry_en__field_of_study_en,biotech,architecture,2,100,100,5000
works_in_industry_en__field_of_study_en,biotech,biology,1,100,100,5000
works_in_industry_en__field_of_study_en,biotech,business,2,100,100,5000
works_in_industry_en__field_of_study_en,biotech,chemistry,2,100,100,5000
works_in_industry_en__field_of_study_en,biotech,communication,3,100,100,5000
works_in_industry_en__field_of_study_en,biotech,computing,2,100,100,5000
works_in_industry_en__field_of_study_en,biotech,construction,2,100,100,5000
works_in_industry_en__field_of_study_en,biotech,cultural analysis,2,100,100,5000
works_in_industry_en__field_of_study_en,biotech,data analytics,1,100,100,5000
works_in_industry_en__field_of_study_en,biotech,dental studies,2,100,100,5000
works_in_industry_en__field_of_study_en,biotech,design,3,100,100,5000
works_in_industry_en__field_of_study_en,biotech,diplomacy,2,100,100,5000
works_in_industry_en__field_of_study_en,biotech,ecology,2,100,100,5000
works_in_industry_en__field_of_study_en,biotech,economics,2,100,100,5000
works_in_industry_en__field_of_study_en,biotech,electricity,2,100,100,5000
works_in_industry_en__field_of_study_en,biotech,exercise science,2,100,100,5000
works_in_industry_en__field_of_study_en,biotech,film studies,2,100,100,5000
works_in_industry_en__field_of_study_en,biotech,fiscal studies,1,100,100,5000
works_in_industry_en__field_of_study_en,biotech,forestry,2,100,100,5000
works_in_industry_en__field_of_study_en,biotech,geography,2,100,100,5000
works_in_industry_en__field_of_study_en,biotech,governance,2,100,100,5000
works_in_industry_en__field_of_study_en,biotech,history,2,100,100,5000
works_in_industry_en__field_of_study_en,biotech,law,2,100,100,5000
works_in_industry_en__field_of_study_en,biotech,linguistics,2,100,100,5000
works_in_industry_en__field_of_study_en,biotech,literature,2,100,100,5000
works_in_industry_en__field_of_study_en,biotech,logistics,2,100,100,5000
works_in_industry_en__field_of_study_en,biotech,management,2,100,100,5000
works_in_industry_en__field_of_study_en,biotech,marketing,2,100,100,5000
works_in_industry_en__field_of_study_en,biotech,mechanics,3,100,100,5000
works_in_industry_en__field_of_study_en,biotech,media studies,2,100,100,5000
works_in_industry_en__field_of_study_en,biotech,medicine,2,100,100,5000
works_in_industry_en__field_of_study_en,biotech,music,2,100,100,5000
works_in_industry_en__field_of_study_en,biotech,nursing,2,100,100,5000
works_in_industry_en__field_of_study_en,biotech,pharmacy,2,100,100,5000
works_in_industry_en__field_of_study_en,biotech,philosophy,2,100,100,5000
works_in_industry_en__field_of_study_en,biotech,physics,2,100,100,5000
works_in_industry_en__field_of_study_en,biotech,politics,1,100,100,5000
works_in_industry_en__field_of_study_en,biotech,psychology,3,100,100,5000
works_in_industry_en__field_of_study_en,biotech,quantitative methods,2,100,100,5000
works_in_industry_en__field_of_study_en,biotech,social care,2,100,100,5000
works_in_industry_en__field_of_study_en,biotech,software,2,100,100,5000
works_in_industry_en__field_of_study_en,biotech,statistics,3,100,100,5000
works_in_industry_en__field_of_study_en,biotech,teaching,2,100,100,5000
works_in_industry_en__field_of_study_en,biotech,theatre,2,100,100,5000
works_in_industry_en__field_of_study_en,biotech,tourism,2,100,100,5000
works_in_industry_en__field_of_study_en,books,accounting,2,100,100,5000
works_in_industry_en__field_of_study_en,books,agriculture,2,100,100,5000
works_in_industry_en__field_of_study_en,books,animal care,1,100,100,5000
works_in_industry_en__field_of_study_en,books,anthropology,2,100,100,5000
works_in_industry_en__field_of_study_en,books,archaeology,2,100,100,5000
works_in_industry_en__field_of_study_en,books,architecture,2,100,100,5000
works_in_industry_en__field_of_study_en,books,biology,2,100,100,5000
works_in_industry_en__field_of_study_en,books,business,2,100,100,5000
works_in_industry_en__field_of_study_en,books,chemistry,2,100,100,5000
works_in_industry_en__field_of_study_en,books,communication,2,100,100,5000
works_in_industry_en__field_of_study_en,books,computing,2,100,100,5000
works_in_industry_en__field_of_study_en,books,construction,2,100,100,5000
works_in_industry_en__field_of_study_en,books,cultural analysis,2,100,100,5000
works_in_industry_en__field_of_study_en,books,data analytics,2,100,100,5000
works_in_industry_en__field_of_study_en,books,dental studies,2,100,100,5000
works_in_industry_en__field_of_study_en,books,design,2,100,100,5000
works_in_industry_en__field_of_study_en,books,diplomacy,2,100,100,5000
works_in_industry_en__field_of_study_en,books,ecology,2,100,100,5000
works_in_industry_en__field_of_study_en,books,economics,2,100,100,5000
works_in_industry_en__field_of_study_en,books,electricity,2,100,100,5000
works_in_industry_en__field_of_study_en,books,exercise science,2,100,100,5000
works_in_industry_en__field_of_study_en,books,film studies,2,100,100,5000
works_in_industry_en__field_of_study_en,books,fiscal studies,2,100,100,5000
works_in_industry_en__field_of_study_en,books,forestry,2,100,100,5000
works_in_industry_en__field_of_study_en,books,geography,2,100,100,5000
works_in_industry_en__field_of_study_en,books,governance,2,100,100,5000
works_in_industry_en__field_of_study_en,books,history,2,100,100,5000
works_in_industry_en__field_of_study_en,books,law,2,100,100,5000
works_in_industry_en__field_of_study_en,books,linguistics,2,100,100,5000
works_in_industry_en__field_of_study_en,books,literature,2,100,100,5000
works_in_industry_en__field_of_study_en,books,logistics,2,100,100,5000
works_in_industry_en__field_of_study_en,books,management,2,100,100,5000
works_in_industry_en__field_of_study_en,books,marketing,2,100,100,5000
works_in_industry_en__field_of_study_en,books,mechanics,2,100,100,5000
works_in_industry_en__field_of_study_en,books,media studies,2,100,100,5000
works_in_industry_en__field_of_study_en,books,medicine,2,100,100,5000
works_in_industry_en__field_of_study_en,books,music,2,100,100,5000
works_in_industry_en__field_of_study_en,books,nursing,2,100,100,5000
works_in_industry_en__field_of_study_en,books,pharmacy,2,100,100,5000
works_in_industry_en__field_of_study_en,books,philosophy,2,100,100,5000
works_in_industry_en__field_of_study_en,books,physics,2,100,100,5000
works_in_industry_en__field_of_study_en,books,politics,3,100,100,5000
works_in_industry_en__field_of_study_en,books,psychology,2,100,100,5000
works_in_industry_en__field_of_study_en,books,quantitative methods,2,100,100,5000
works_in_industry_en__field_of_study_en,books,social care,2,100,100,5000
works_in_industry_en__field_of_study_en,books,software,2,100,100,5000
works_in_industry_en__field_of_study_en,books,statistics,2,100,100,5000
works_in_industry_en__field_of_study_en,books,teaching,2,100,100,5000
works_in_industry_en__field_of_study_en,books,theatre,2,100,100,5000
works_in_industry_en__field_of_study_en,books,tourism,2,100,100,5000
works_in_industry_en__field_of_study_en,catering,accounting,2,100,100,5000
works_in_industry_en__field_of_study_en,catering,agriculture,2,100,100,5000
works_in_industry_en__field_of_study_en,catering,animal care,2,100,100,5000
works_in_industry_en__field_of_study_en,catering,anthropology,2,100,100,5000
works_in_industry_en__field_of_study_en,catering,archaeology,2,100,100,5000
works_in_industry_en__field_of_study_en,catering,architecture,2,100,100,5000
works_in_industry_en__field_of_study_en,catering,biology,2,100,100,5000
works_in_industry_en__field_of_study_en,catering,business,2,100,100,5000
works_in_industry_en__field_of_study_en,catering,chemistry,2,100,100,5000
works_in_industry_en__field_of_study_en,catering,communication,2,100,100,5000
works_in_industry_en__field_of_study_en,catering,computing,2,100,100,5000
works_in_industry_en__field_of_study_en,catering,construction,2,100,100,5000
works_in_industry_en__field_of_study_en,catering,cultural analysis,2,100,100,5000
works_in_industry_en__field_of_study_en,catering,data analytics,2,100,100,5000
works_in_industry_en__field_of_study_en,catering,dental studies,2,100,100,5000
works_in_industry_en__field_of_study_en,catering,design,2,100,100,5000
works_in_industry_en__field_of_study_en,catering,diplomacy,2,100,100,5000
works_in_industry_en__field_of_study_en,catering,ecology,2,100,100,5000
works_in_industry_en__field_of_study_en,catering,economics,2,100,100,5000
works_in_industry_en__field_of_study_en,catering,electricity,2,100,100,5000
works_in_industry_en__field_of_study_en,catering,exercise science,2,100,100,5000
works_in_industry_en__field_of_study_en,catering,film studies,2,100,100,5000
works_in_industry_en__field_of_study_en,catering,fiscal studies,2,100,100,5000
works_in_industry_en__field_of_study_en,catering,forestry,2,100,100,5000
works_in_industry_en__field_of_study_en,catering,geography,2,100,100,5000
works_in_industry_en__field_of_study_en,catering,governance,2,100,100,5000
works_in_industry_en__field_of_study_en,catering,history,2,100,100,5000
works_in_industry_en__field_of_study_en,catering,law,2,100,100,5000
works_in_industry_en__field_of_study_en,catering,linguistics,2,100,100,5000
works_in_industry_en__field_of_study_en,catering,literature,2,100,100,5000
works_in_industry_en__field_of_study_en,catering,logistics,2,100,100,5000
works_in_industry_en__field_of_study_en,catering,management,2,100,100,5000
works_in_industry_en__field_of_study_en,catering,marketing,2,100,100,5000
works_in_industry_en__field_of_study_en,catering,mechanics,2,100,100,5000
works_in_industry_en__field_of_study_en,catering,media studies,2,100,100,5000
works_in_industry_en__field_of_study_en,catering,medicine,2,100,100,5000
works_in_industry_en__field_of_study_en,catering,music,2,100,100,5000
works_in_industry_en__field_of_study_en,catering,nursing,2,100,100,5000
works_in_industry_en__field_of_study_en,catering,pharmacy,2,100,100,5000
works_in_industry_en__field_of_study_en,catering,philosophy,2,100,100,5000
works_in_industry_en__field_of_study_en,catering,physics,2,100,100,5000
works_in_industry_en__field_of_study_en,catering,politics,2,100,100,5000
works_in_industry_en__field_of_study_en,catering,psychology,2,100,100,5000
works_in_industry_en__field_of_study_en,catering,quantitative methods,2,100,100,5000
works_in_industry_en__field_of_study_en,catering,social care,2,100,100,5000
works_in_industry_en__field_of_study_en,catering,software,2,100,100,5000
works_in_industry_en__field_of_study_en,catering,statistics,2,100,100,5000
works_in_industry_en__field_of_study_en,catering,teaching,2,100,100,5000
works_in_industry_en__field_of_study_en,catering,theatre,2,100,100,5000
works_in_industry_en__field_of_study_en,catering,tourism,2,100,100,5000
works_in_industry_en__field_of_study_en,chemicals,accounting,2,100,100,5000
works_in_industry_en__field_of_study_en,chemicals,agriculture,2,100,100,5000
works_in_industry_en__field_of_study_en,chemicals,animal care,2,100,100,5000
works_in_industry_en__field_of_study_en,chemicals,anthropology,2,100,100,5000
works_in_industry_en__field_of_study_en,chemicals,archaeology,2,100,100,5000
works_in_industry_en__field_of_study_en,chemicals,architecture,3,100,100,5000
works_in_industry_en__field_of_study_en,chemicals,biology,2,100,100,5000
works_in_industry_en__field_of_study_en,chemicals,business,1,100,100,5000
works_in_industry_en__field_of_study_en,chemicals,chemistry,2,100,100,5000
works_in_industry_en__field_of_study_en,chemicals,communication,2,100,100,5000
works_in_industry_en__field_of_study_en,chemicals,computing,2,100,100,5000
works_in_industry_en__field_of_study_en,chemicals,construction,2,100,100,5000
works_in_industry_en__field_of_study_en,chemicals,cultural analysis,2,100,100,5000
works_in_industry_en__field_of_study_en,chemicals,data analytics,2,100,100,5000
works_in_industry_en__field_of_study_en,chemicals,dental studies,3,100,100,5000
works_in_industry_en__field_of_study_en,chemicals,design,1,100,100,5000
works_in_industry_en__field_of_study_en,chemicals,diplomacy,2,100,100,5000
works_in_industry_en__field_of_study_en,chemicals,ecology,2,100,100,5000
works_in_industry_en__field_of_study_en,chemicals,economics,2,100,100,5000
works_in_industry_en__field_of_study_en,chemicals,electricity,2,100,100,5000
works_in_industry_en__field_of_study_en,chemicals,exercise science,2,100,100,5000
works_in_industry_en__field_of_study_en,chemicals,film studies,1,100,100,5000
works_in_industry_en__field_of_study_en,chemicals,fiscal studies,2,100,100,5000
works_in_industry_en__field_of_study_en,chemicals,forestry,2,100,100,5000
works_in_industry_en__field_of_study_en,chemicals,geography,2,100,100,5000
works_in_industry_en__field_of_study_en,chemicals,governance,2,100,100,5000
works_in_industry_en__field_of_study_en,chemicals,history,2,100,100,5000
works_in_industry_en__field_of_study_en,chemicals,law,2,100,100,5000
works_in_industry_en__field_of_study_en,chemicals,linguistics,2,100,100,5000
works_in_industry_en__field_of_study_en,chemicals,literature,2,100,100,5000
works_in_industry_en__field_of_study_en,chemicals,logistics,1,100,100,5000
works_in_industry_en__field_of_study_en,chemicals,management,2,100,100,5000
works_in_industry_en__field_of_study_en,chemicals,marketing,2,100,100,5000
works_in_industry_en__field_of_study_en,chemicals,mechanics,1,100,100,5000
works_in_industry_en__field_of_study_en,chemicals,media studies,2,100,100,5000
works_in_industry_en__field_of_study_en,chemicals,medicine,3,100,100,5000
works_in_industry_en__field_of_study_en,chemicals,music,2,100,100,5000
works_in_industry_en__field_of_study_en,chemicals,nursing,2,100,100,5000
works_in_industry_en__field_of_study_en,chemicals,pharmacy,3,100,100,5000
works_in_industry_en__field_of_study_en,chemicals,philosophy,2,100,100,5000
works_in_industry_en__field_of_study_en,chemicals,physics,3,100,100,5000
works_in_industry_en__field_of_study_en,chemicals,politics,2,100,100,5000
works_in_industry_en__field_of_study_en,chemicals,psychology,2,100,100,5000
works_in_industry_en__field_of_study_en,chemicals,quantitative methods,2,100,100,5000
works_in_industry_en__field_of_study_en,chemicals,social care,2,100,100,5000
works_in_industry_en__field_of_study_en,chemicals,software,2,100,100,5000
works_in_industry_en__field_of_study_en,chemicals,statistics,2,100,100,5000
works_in_industry_en__field_of_study_en,chemicals,teaching,2,100,100,5000
works_in_industry_en__field_of_study_en,chemicals,theatre,2,100,100,5000
works_in_industry_en__field_of_study_en,chemicals,tourism,2,100,100,5000
works_in_industry_en__field_of_study_en,communications,accounting,2,100,100,5000
works_in_industry_en__field_of_study_en,communications,agriculture,2,100,100,5000
works_in_industry_en__field_of_study_en,communications,animal care,2,100,100,5000
works_in_industry_en__field_of_study_en,communications,anthropology,2,100,100,5000
works_in_industry_en__field_of_study_en,communications,archaeology,2,100,100,5000
works_in_industry_en__field_of_study_en,communications,architecture,2,100,100,5000
works_in_industry_en__field_of_study_en,communications,biology,2,100,100,5000
works_in_industry_en__field_of_study_en,communications,business,3,100,100,5000
works_in_industry_en__field_of_study_en,communications,chemistry,2,100,100,5000
works_in_industry_en__field_of_study_en,communications,communication,2,100,100,5000
works_in_industry_en__field_of_study_en,communications,computing,2,100,100,5000
works_in_industry_en__field_of_study_en,communications,construction,2,100,100,5000
works_in_industry_en__field_of_study_en,communications,cultural analysis,2,100,100,5000
works_in_industry_en__field_of_study_en,communications,data analytics,2,100,100,5000
works_in_industry_en__field_of_study_en,communications,dental studies,2,100,100,5000
works_in_industry_en__field_of_study_en,communications,design,2,100,100,5000
works_in_industry_en__field_of_study_en,communications,diplomacy,2,100,100,5000
works_in_industry_en__field_of_study_en,communications,ecology,2,100,100,5000
works_in_industry_en__field_of_study_en,communications,economics,2,100,100,5000
works_in_industry_en__field_of_study_en,communications,electricity,2,100,100,5000
works_in_industry_en__field_of_study_en,communications,exercise science,2,100,100,5000
works_in_industry_en__field_of_study_en,communications,film studies,1,100,100,5000
works_in_industry_en__field_of_study_en,communications,fiscal studies,2,100,100,5000
works_in_industry_en__field_of_study_en,communications,forestry,2,100,100,5000
works_in_industry_en__field_of_study_en,communications,geography,2,100,100,5000
works_in_industry_en__field_of_study_en,communications,governance,2,100,100,5000
works_in_industry_en__field_of_study_en,communications,history,2,100,100,5000
works_in_industry_en__field_of_study_en,communications,law,2,100,100,5000
works_in_industry_en__field_of_study_en,communications,linguistics,3,100,100,5000
works_in_industry_en__field_of_study_en,communications,literature,2,100,100,5000
works_in_industry_en__field_of_study_en,communications,logistics,2,100,100,5000
works_in_industry_en__field_of_study_en,communications,management,2,100,100,5000
works_in_industry_en__field_of_study_en,communications,marketing,2,100,100,5000
works_in_industry_en__field_of_study_en,communications,mechanics,1,100,100,5000
works_in_industry_en__field_of_study_en,communications,media studies,2,100,100,5000
works_in_industry_en__field_of_study_en,communications,medicine,3,100,100,5000
works_in_industry_en__field_of_study_en,communications,music,2,100,100,5000
works_in_industry_en__field_of_study_en,communications,nursing,2,100,100,5000
works_in_industry_en__field_of_study_en,communications,pharmacy,2,100,100,5000
works_in_industry_en__field_of_study_en,communications,philosophy,2,100,100,5000
works_in_industry_en__field_of_study_en,communications,physics,2,100,100,5000
works_in_industry_en__field_of_study_en,communications,politics,1,100,100,5000
works_in_industry_en__field_of_study_en,communications,psychology,3,100,100,5000
works_in_industry_en__field_of_study_en,communications,quantitative methods,2,100,100,5000
works_in_industry_en__field_of_study_en,communications,social care,2,100,100,5000
works_in_industry_en__field_of_study_en,communications,software,2,100,100,5000
works_in_industry_en__field_of_study_en,communications,statistics,2,100,100,5000
works_in_industry_en__field_of_study_en,communications,teaching,2,100,100,5000
works_in_industry_en__field_of_study_en,communications,theatre,2,100,100,5000
works_in_industry_en__field_of_study_en,communications,tourism,1,100,100,5000
works_in_industry_en__field_of_study_en,construction,accounting,2,100,100,5000
works_in_industry_en__field_of_study_en,construction,agriculture,2,100,100,5000
works_in_industry_en__field_of_study_en,construction,animal care,3,100,100,5000
works_in_industry_en__field_of_study_en,construction,anthropology,2,100,100,5000
works_in_industry_en__field_of_study_en,construction,archaeology,2,100,100,5000
works_in_industry_en__field_of_study_en,construction,architecture,2,100,100,5000
works_in_industry_en__field_of_study_en,construction,biology,2,100,100,5000
works_in_industry_en__field_of_study_en,construction,business,2,100,100,5000
works_in_industry_en__field_of_study_en,construction,chemistry,2,100,100,5000
works_in_industry_en__field_of_study_en,construction,communication,2,100,100,5000
works_in_industry_en__field_of_study_en,construction,computing,2,100,100,5000
works_in_industry_en__field_of_study_en,construction,construction,2,100,100,5000
works_in_industry_en__field_of_study_en,construction,cultural analysis,2,100,100,5000
works_in_industry_en__field_of_study_en,construction,data analytics,2,100,100,5000
works_in_industry_en__field_of_study_en,construction,dental studies,2,100,100,5000
works_in_industry_en__field_of_study_en,construction,design,2,100,100,5000
works_in_industry_en__field_of_study_en,construction,diplomacy,2,100,100,5000
works_in_industry_en__field_of_study_en,construction,ecology,2,100,100,5000
works_in_industry_en__field_of_study_en,construction,economics,2,100,100,5000
works_in_industry_en__field_of_study_en,construction,electricity,1,100,100,5000
works_in_industry_en__field_of_study_en,construction,exercise science,2,100,100,5000
works_in_industry_en__field_of_study_en,construction,film studies,2,100,100,5000
works_in_industry_en__field_of_study_en,construction,fiscal studies,2,100,100,5000
works_in_industry_en__field_of_study_en,construction,forestry,2,100,100,5000
works_in_industry_en__field_of_study_en,construction,geography,2,100,100,5000
works_in_industry_en__field_of_study_en,construction,governance,2,100,100,5000
works_in_industry_en__field_of_study_en,construction,history,2,100,100,5000
works_in_industry_en__field_of_study_en,construction,law,2,100,100,5000
works_in_industry_en__field_of_study_en,construction,linguistics,2,100,100,5000
works_in_industry_en__field_of_study_en,construction,literature,2,100,100,5000
works_in_industry_en__field_of_study_en,construction,logistics,2,100,100,5000
works_in_industry_en__field_of_study_en,construction,management,2,100,100,5000
works_in_industry_en__field_of_study_en,construction,marketing,2,100,100,5000
works_in_industry_en__field_of_study_en,construction,mechanics,2,100,100,5000
works_in_industry_en__field_of_study_en,construction,media studies,2,100,100,5000
works_in_industry_en__field_of_study_en,construction,medicine,2,100,100,5000
works_in_industry_en__field_of_study_en,construction,music,2,100,100,5000
works_in_industry_en__field_of_study_en,construction,nursing,2,100,100,5000
works_in_industry_en__field_of_study_en,construction,pharmacy,2,100,100,5000
works_in_industry_en__field_of_study_en,construction,philosophy,2,100,100,5000
works_in_industry_en__field_of_study_en,construction,physics,2,100,100,5000
works_in_industry_en__field_of_study_en,construction,politics,2,100,100,5000
works_in_industry_en__field_of_study_en,construction,psychology,2,100,100,5000
works_in_industry_en__field_of_study_en,construction,quantitative methods,2,100,100,5000
works_in_industry_en__field_of_study_en,construction,social care,2,100,100,5000
works_in_industry_en__field_of_study_en,construction,software,2,100,100,5000
works_in_industry_en__field_of_study_en,construction,statistics,2,100,100,5000
works_in_industry_en__field_of_study_en,construction,teaching,2,100,100,5000
works_in_industry_en__field_of_study_en,construction,theatre,2,100,100,5000
works_in_industry_en__field_of_study_en,construction,tourism,2,100,100,5000
works_in_industry_en__field_of_study_en,consulting,accounting,2,100,100,5000
works_in_industry_en__field_of_study_en,consulting,agriculture,2,100,100,5000
works_in_industry_en__field_of_study_en,consulting,animal care,2,100,100,5000
works_in_industry_en__field_of_study_en,consulting,anthropology,2,100,100,5000
works_in_industry_en__field_of_study_en,consulting,archaeology,2,100,100,5000
works_in_industry_en__field_of_study_en,consulting,architecture,2,100,100,5000
works_in_industry_en__field_of_study_en,consulting,biology,2,100,100,5000
works_in_industry_en__field_of_study_en,consulting,business,2,100,100,5000
works_in_industry_en__field_of_study_en,consulting,chemistry,2,100,100,5000
works_in_industry_en__field_of_study_en,consulting,communication,2,100,100,5000
works_in_industry_en__field_of_study_en,consulting,computing,2,100,100,5000
works_in_industry_en__field_of_study_en,consulting,construction,2,100,100,5000
works_in_industry_en__field_of_study_en,consulting,cultural analysis,2,100,100,5000
works_in_industry_en__field_of_study_en,consulting,data analytics,2,100,100,5000
works_in_industry_en__field_of_study_en,consulting,dental studies,2,100,100,5000
works_in_industry_en__field_of_study_en,consulting,design,2,100,100,5000
works_in_industry_en__field_of_study_en,consulting,diplomacy,2,100,100,5000
works_in_industry_en__field_of_study_en,consulting,ecology,2,100,100,5000
works_in_industry_en__field_of_study_en,consulting,economics,2,100,100,5000
works_in_industry_en__field_of_study_en,consulting,electricity,2,100,100,5000
works_in_industry_en__field_of_study_en,consulting,exercise science,2,100,100,5000
works_in_industry_en__field_of_study_en,consulting,film studies,2,100,100,5000
works_in_industry_en__field_of_study_en,consulting,fiscal studies,2,100,100,5000
works_in_industry_en__field_of_study_en,consulting,forestry,2,100,100,5000
works_in_industry_en__field_of_study_en,consulting,geography,2,100,100,5000
works_in_industry_en__field_of_study_en,consulting,governance,2,100,100,5000
works_in_industry_en__field_of_study_en,consulting,history,2,100,100,5000
works_in_industry_en__field_of_study_en,consulting,law,2,100,100,5000
works_in_industry_en__field_of_study_en,consulting,linguistics,2,100,100,5000
works_in_industry_en__field_of_study_en,consulting,literature,2,100,100,5000
works_in_industry_en__field_of_study_en,consulting,logistics,2,100,100,5000
works_in_industry_en__field_of_study_en,consulting,management,2,100,100,5000
works_in_industry_en__field_of_study_en,consulting,marketing,2,100,100,5000
works_in_industry_en__field_of_study_en,consulting,mechanics,1,100,100,5000
works_in_industry_en__field_of_study_en,consulting,media studies,3,100,100,5000
works_in_industry_en__field_of_study_en,consulting,medicine,2,100,100,5000
works_in_industry_en__field_of_study_en,consulting,music,2,100,100,5000
works_in_industry_en__field_of_study_en,consulting,nursing,2,100,100,5000
works_in_industry_en__field_of_study_en,consulting,pharmacy,2,100,100,5000
works_in_industry_en__field_of_study_en,consulting,philosophy,2,100,100,5000
works_in_industry_en__field_of_study_en,consulting,physics,2,100,100,5000
works_in_industry_en__field_of_study_en,consulting,politics,2,100,100,5000
works_in_industry_en__field_of_study_en,consulting,psychology,2,100,100,5000
works_in_industry_en__field_of_study_en,consulting,quantitative methods,2,100,100,5000
works_in_industry_en__field_of_study_en,consulting,social care,1,100,100,5000
works_in_industry_en__field_of_study_en,consulting,software,2,100,100,5000
works_in_industry_en__field_of_study_en,consulting,statistics,2,100,100,5000
works_in_industry_en__field_of_study_en,consulting,teaching,2,100,100,5000
works_in_industry_en__field_of_study_en,consulting,theatre,2,100,100,5000
works_in_industry_en__field_of_study_en,consulting,tourism,3,100,100,5000
works_in_industry_en__field_of_study_en,electrical,accounting,2,100,100,5000
works_in_industry_en__field_of_study_en,electrical,agriculture,2,100,100,5000
works_in_industry_en__field_of_study_en,electrical,animal care,2,100,100,5000
works_in_industry_en__field_of_study_en,electrical,anthropology,2,100,100,5000
works_in_industry_en__field_of_study_en,electrical,archaeology,3,100,100,5000
works_in_industry_en__field_of_study_en,electrical,architecture,2,100,100,5000
works_in_industry_en__field_of_study_en,electrical,biology,2,100,100,5000
works_in_industry_en__field_of_study_en,electrical,business,2,100,100,5000
works_in_industry_en__field_of_study_en,electrical,chemistry,2,100,100,5000
works_in_industry_en__field_of_study_en,electrical,communication,2,100,100,5000
works_in_industry_en__field_of_study_en,electrical,computing,2,100,100,5000
works_in_industry_en__field_of_study_en,electrical,construction,2,100,100,5000
works_in_industry_en__field_of_study_en,electrical,cultural analysis,2,100,100,5000
works_in_industry_en__field_of_study_en,electrical,data analytics,2,100,100,5000
works_in_industry_en__field_of_study_en,electrical,dental studies,2,100,100,5000
works_in_industry_en__field_of_study_en,electrical,design,2,100,100,5000
works_in_industry_en__field_of_study_en,electrical,diplomacy,2,100,100,5000
works_in_industry_en__field_of_study_en,electrical,ecology,2,100,100,5000
works_in_industry_en__field_of_study_en,electrical,economics,2,100,100,5000
works_in_industry_en__field_of_study_en,electrical,electricity,1,100,100,5000
works_in_industry_en__field_of_study_en,electrical,exercise science,2,100,100,5000
works_in_industry_en__field_of_study_en,electrical,film studies,2,100,100,5000
works_in_industry_en__field_of_study_en,electrical,fiscal studies,2,100,100,5000
works_in_industry_en__field_of_study_en,electrical,forestry,2,100,100,5000
works_in_industry_en__field_of_study_en,electrical,geography,2,100,100,5000
works_in_industry_en__field_of_study_en,electrical,governance,2,100,100,5000
works_in_industry_en__field_of_study_en,electrical,history,2,100,100,5000
works_in_industry_en__field_of_study_en,electrical,law,2,100,100,5000
works_in_industry_en__field_of_study_en,electrical,linguistics,2,100,100,5000
works_in_industry_en__field_of_study_en,electrical,literature,2,100,100,5000
works_in_industry_en__field_of_study_en,electrical,logistics,2,100,100,5000
works_in_industry_en__field_of_study_en,electrical,management,2,100,100,5000
works_in_industry_en__field_of_study_en,electrical,marketing,2,100,100,5000
works_in_industry_en__field_of_study_en,electrical,mechanics,2,100,100,5000
works_in_industry_en__field_of_study_en,electrical,media studies,2,100,100,5000
works_in_industry_en__field_of_study_en,electrical,medicine,2,100,100,5000
works_in_industry_en__field_of_study_en,electrical,music,2,100,100,5000
works_in_industry_en__field_of_study_en,electrical,nursing,2,100,100,5000
works_in_industry_en__field_of_study_en,electrical,pharmacy,2,100,100,5000
works_in_industry_en__field_of_study_en,electrical,philosophy,2,100,100,5000
works_in_industry_en__field_of_study_en,electrical,physics,2,100,100,5000
works_in_industry_en__field_of_study_en,electrical,politics,2,100,100,5000
works_in_industry_en__field_of_study_en,electrical,psychology,2,100,100,5000
works_in_industry_en__field_of_study_en,electrical,quantitative methods,2,100,100,5000
works_in_industry_en__field_of_study_en,electrical,social care,2,100,100,5000
works_in_industry_en__field_of_study_en,electrical,software,2,100,100,5000
works_in_industry_en__field_of_study_en,electrical,statistics,2,100,100,5000
works_in_industry_en__field_of_study_en,electrical,teaching,2,100,100,5000
works_in_industry_en__field_of_study_en,electrical,theatre,2,100,100,5000
works_in_industry_en__field_of_study_en,electrical,tourism,2,100,100,5000
works_in_industry_en__field_of_study_en,energy,accounting,2,100,100,5000
works_in_industry_en__field_of_study_en,energy,agriculture,2,100,100,5000
works_in_industry_en__field_of_study_en,energy,animal care,2,100,100,5000
works_in_industry_en__field_of_study_en,energy,anthropology,2,100,100,5000
works_in_industry_en__field_of_study_en,energy,archaeology,2,100,100,5000
works_in_industry_en__field_of_study_en,energy,architecture,2,100,100,5000
works_in_industry_en__field_of_study_en,energy,biology,2,100,100,5000
works_in_industry_en__field_of_study_en,energy,business,2,100,100,5000
works_in_industry_en__field_of_study_en,energy,chemistry,2,100,100,5000
works_in_industry_en__field_of_study_en,energy,communication,3,100,100,5000
works_in_industry_en__field_of_study_en,energy,computing,2,100,100,5000
works_in_industry_en__field_of_study_en,energy,construction,3,100,100,5000
works_in_industry_en__field_of_study_en,energy,cultural analysis,2,100,100,5000
works_in_industry_en__field_of_study_en,energy,data analytics,2,100,100,5000
works_in_industry_en__field_of_study_en,energy,dental studies,2,100,100,5000
works_in_industry_en__field_of_study_en,energy,design,1,100,100,5000
works_in_industry_en__field_of_study_en,energy,diplomacy,2,100,100,5000
works_in_industry_en__field_of_study_en,energy,ecology,2,100,100,5000
works_in_industry_en__field_of_study_en,energy,economics,2,100,100,5000
works_in_industry_en__field_of_study_en,energy,electricity,2,100,100,5000
works_in_industry_en__field_of_study_en,energy,exercise science,1,100,100,5000
works_in_industry_en__field_of_study_en,energy,film studies,2,100,100,5000
works_in_industry_en__field_of_study_en,energy,fiscal studies,2,100,100,5000
works_in_industry_en__field_of_study_en,energy,forestry,2,100,100,5000
works_in_industry_en__field_of_study_en,energy,geography,2,100,100,5000
works_in_industry_en__field_of_study_en,energy,governance,2,100,100,5000
works_in_industry_en__field_of_study_en,energy,history,2,100,100,5000
works_in_industry_en__field_of_study_en,energy,law,2,100,100,5000
works_in_industry_en__field_of_study_en,energy,linguistics,2,100,100,5000
works_in_industry_en__field_of_study_en,energy,literature,2,100,100,5000
works_in_industry_en__field_of_study_en,energy,logistics,2,100,100,5000
works_in_industry_en__field_of_study_en,energy,management,2,100,100,5000
works_in_industry_en__field_of_study_en,energy,marketing,2,100,100,5000
works_in_industry_en__field_of_study_en,energy,mechanics,2,100,100,5000
works_in_industry_en__field_of_study_en,energy,media studies,2,100,100,5000
works_in_industry_en__field_of_study_en,energy,medicine,2,100,100,5000
works_in_industry_en__field_of_study_en,energy,music,2,100,100,5000
works_in_industry_en__field_of_study_en,energy,nursing,2,100,100,5000
works_in_industry_en__field_of_study_en,energy,pharmacy,2,100,100,5000
works_in_industry_en__field_of_study_en,energy,philosophy,2,100,100,5000
works_in_industry_en__field_of_study_en,energy,physics,2,100,100,5000
works_in_industry_en__field_of_study_en,energy,politics,2,100,100,5000
works_in_industry_en__field_of_study_en,energy,psychology,2,100,100,5000
works_in_industry_en__field_of_study_en,energy,quantitative methods,2,100,100,5000
works_in_industry_en__field_of_study_en,energy,social care,2,100,100,5000
works_in_industry_en__field_of_study_en,energy,software,2,100,100,5000
works_in_industry_en__field_of_study_en,energy,statistics,2,100,100,5000
works_in_industry_en__field_of_study_en,energy,teaching,2,100,100,5000
works_in_industry_en__field_of_study_en,energy,theatre,2,100,100,5000
works_in_industry_en__field_of_study_en,energy,tourism,2,100,100,5000
works_in_industry_en__field_of_study_en,engineering,accounting,2,100,100,5000
works_in_industry_en__field_of_study_en,engineering,agriculture,2,100,100,5000
works_in_industry_en__field_of_study_en,engineering,animal care,2,100,100,5000
works_in_industry_en__field_of_study_en,engineering,anthropology,2,100,100,5000
works_in_industry_en__field_of_study_en,engineering,archaeology,2,100,100,5000
works_in_industry_en__field_of_study_en,engineering,architecture,2,100,100,5000
works_in_industry_en__field_of_study_en,engineering,biology,2,100,100,5000
works_in_industry_en__field_of_study_en,engineering,business,2,100,100,5000
works_in_industry_en__field_of_study_en,engineering,chemistry,2,100,100,5000
works_in_industry_en__field_of_study_en,engineering,communication,2,100,100,5000
works_in_industry_en__field_of_study_en,engineering,computing,2,100,100,5000
works_in_industry_en__field_of_study_en,engineering,construction,2,100,100,5000
works_in_industry_en__field_of_study_en,engineering,cultural analysis,2,100,100,5000
works_in_industry_en__field_of_study_en,engineering,data analytics,2,100,100,5000
works_in_industry_en__field_of_study_en,engineering,dental studies,2,100,100,5000
works_in_industry_en__field_of_study_en,engineering,design,2,100,100,5000
works_in_industry_en__field_of_study_en,engineering,diplomacy,2,100,100,5000
works_in_industry_en__field_of_study_en,engineering,ecology,2,100,100,5000
works_in_industry_en__field_of_study_en,engineering,economics,2,100,100,5000
works_in_industry_en__field_of_study_en,engineering,electricity,2,100,100,5000
works_in_industry_en__field_of_study_en,engineering,exercise science,2,100,100,5000
works_in_industry_en__field_of_study_en,engineering,film studies,2,100,100,5000
works_in_industry_en__field_of_study_en,engineering,fiscal studies,2,100,100,5000
works_in_industry_en__field_of_study_en,engineering,forestry,2,100,100,5000
works_in_industry_en__field_of_study_en,engineering,geography,2,100,100,5000
works_in_industry_en__field_of_study_en,engineering,governance,2,100,100,5000
works_in_industry_en__field_of_study_en,engineering,history,3,100,100,5000
works_in_industry_en__field_of_study_en,engineering,law,2,100,100,5000
works_in_industry_en__field_of_study_en,engineering,linguistics,2,100,100,5000
works_in_industry_en__field_of_study_en,engineering,literature,2,100,100,5000
works_in_industry_en__field_of_study_en,engineering,logistics,2,100,100,5000
works_in_industry_en__field_of_study_en,engineering,management,2,100,100,5000
works_in_industry_en__field_of_study_en,engineering,marketing,2,100,100,5000
works_in_industry_en__field_of_study_en,engineering,mechanics,1,100,100,5000
works_in_industry_en__field_of_study_en,engineering,media studies,2,100,100,5000
works_in_industry_en__field_of_study_en,engineering,medicine,2,100,100,5000
works_in_industry_en__field_of_study_en,engineering,music,2,100,100,5000
works_in_industry_en__field_of_study_en,engineering,nursing,2,100,100,5000
works_in_industry_en__field_of_study_en,engineering,pharmacy,2,100,100,5000
works_in_industry_en__field_of_study_en,engineering,philosophy,2,100,100,5000
works_in_industry_en__field_of_study_en,engineering,physics,2,100,100,5000
works_in_industry_en__field_of_study_en,engineering,politics,2,100,100,5000
works_in_industry_en__field_of_study_en,engineering,psychology,2,100,100,5000
works_in_industry_en__field_of_study_en,engineering,quantitative methods,2,100,100,5000
works_in_industry_en__field_of_study_en,engineering,social care,2,100,100,5000
works_in_industry_en__field_of_study_en,engineering,software,2,100,100,5000
works_in_industry_en__field_of_study_en,engineering,statistics,2,100,100,5000
works_in_industry_en__field_of_study_en,engineering,teaching,2,100,100,5000
works_in_industry_en__field_of_study_en,engineering,theatre,2,100,100,5000
works_in_industry_en__field_of_study_en,engineering,tourism,2,100,100,5000
works_in_industry_en__field_of_study_en,entertainment,accounting,2,100,100,5000
works_in_industry_en__field_of_study_en,entertainment,agriculture,2,100,100,5000
works_in_industry_en__field_of_study_en,entertainment,animal care,2,100,100,5000
works_in_industry_en__field_of_study_en,entertainment,anthropology,2,100,100,5000
works_in_industry_en__field_of_study_en,entertainment,archaeology,2,100,100,5000
works_in_industry_en__field_of_study_en,entertainment,architecture,2,100,100,5000
works_in_industry_en__field_of_study_en,entertainment,biology,2,100,100,5000
works_in_industry_en__field_of_study_en,entertainment,business,2,100,100,5000
works_in_industry_en__field_of_study_en,entertainment,chemistry,2,100,100,5000
works_in_industry_en__field_of_study_en,entertainment,communication,2,100,100,5000
works_in_industry_en__field_of_study_en,entertainment,computing,2,100,100,5000
works_in_industry_en__field_of_study_en,entertainment,construction,1,100,100,5000
works_in_industry_en__field_of_study_en,entertainment,cultural analysis,2,100,100,5000
works_in_industry_en__field_of_study_en,entertainment,data analytics,2,100,100,5000
works_in_industry_en__field_of_study_en,entertainment,dental studies,2,100,100,5000
works_in_industry_en__field_of_study_en,entertainment,design,2,100,100,5000
works_in_industry_en__field_of_study_en,entertainment,diplomacy,2,100,100,5000
works_in_industry_en__field_of_study_en,entertainment,ecology,1,100,100,5000
works_in_industry_en__field_of_study_en,entertainment,economics,2,100,100,5000
works_in_industry_en__field_of_study_en,entertainment,electricity,2,100,100,5000
works_in_industry_en__field_of_study_en,entertainment,exercise science,2,100,100,5000
works_in_industry_en__field_of_study_en,entertainment,film studies,2,100,100,5000
works_in_industry_en__field_of_study_en,entertainment,fiscal studies,2,100,100,5000
works_in_industry_en__field_of_study_en,entertainment,forestry,3,100,100,5000
works_in_industry_en__field_of_study_en,entertainment,geography,2,100,100,5000
works_in_industry_en__field_of_study_en,entertainment,governance,2,100,100,5000
works_in_industry_en__field_of_study_en,entertainment,history,2,100,100,5000
works_in_industry_en__field_of_study_en,entertainment,law,2,100,100,5000
works_in_industry_en__field_of_study_en,entertainment,linguistics,2,100,100,5000
works_in_industry_en__field_of_study_en,entertainment,literature,2,100,100,5000
works_in_industry_en__field_of_study_en,entertainment,logistics,2,100,100,5000
works_in_industry_en__field_of_study_en,entertainment,management,2,100,100,5000
works_in_industry_en__field_of_study_en,entertainment,marketing,2,100,100,5000
works_in_industry_en__field_of_study_en,entertainment,mechanics,2,100,100,5000
works_in_industry_en__field_of_study_en,entertainment,media studies,2,100,100,5000
works_in_industry_en__field_of_study_en,entertainment,medicine,2,100,100,5000
works_in_industry_en__field_of_study_en,entertainment,music,2,100,100,5000
works_in_industry_en__field_of_study_en,entertainment,nursing,3,100,100,5000
works_in_industry_en__field_of_study_en,entertainment,pharmacy,2,100,100,5000
works_in_industry_en__field_of_study_en,entertainment,philosophy,2,100,100,5000
works_in_industry_en__field_of_study_en,entertainment,physics,2,100,100,5000
works_in_industry_en__field_of_study_en,entertainment,politics,2,100,100,5000
works_in_industry_en__field_of_study_en,entertainment,psychology,2,100,100,5000
works_in_industry_en__field_of_study_en,entertainment,quantitative methods,2,100,100,5000
works_in_industry_en__field_of_study_en,entertainment,social care,2,100,100,5000
works_in_industry_en__field_of_study_en,entertainment,software,2,100,100,5000
works_in_industry_en__field_of_study_en,entertainment,statistics,2,100,100,5000
works_in_industry_en__field_of_study_en,entertainment,teaching,2,100,100,5000
works_in_industry_en__field_of_study_en,entertainment,theatre,2,100,100,5000
works_in_industry_en__field_of_study_en,entertainment,tourism,2,100,100,5000
works_in_industry_en__field_of_study_en,extraction,accounting,2,100,100,5000
works_in_industry_en__field_of_study_en,extraction,agriculture,2,100,100,5000
works_in_industry_en__field_of_study_en,extraction,animal care,2,100,100,5000
works_in_industry_en__field_of_study_en,extraction,anthropology,2,100,100,5000
works_in_industry_en__field_of_study_en,extraction,archaeology,2,100,100,5000
works_in_industry_en__field_of_study_en,extraction,architecture,2,100,100,5000
works_in_industry_en__field_of_study_en,extraction,biology,2,100,100,5000
works_in_industry_en__field_of_study_en,extraction,business,2,100,100,5000
works_in_industry_en__field_of_study_en,extraction,chemistry,2,100,100,5000
works_in_industry_en__field_of_study_en,extraction,communication,2,100,100,5000
works_in_industry_en__field_of_study_en,extraction,computing,2,100,100,5000
works_in_industry_en__field_of_study_en,extraction,construction,2,100,100,5000
works_in_industry_en__field_of_study_en,extraction,cultural analysis,2,100,100,5000
works_in_industry_en__field_of_study_en,extraction,data analytics,2,100,100,5000
works_in_industry_en__field_of_study_en,extraction,dental studies,2,100,100,5000
works_in_industry_en__field_of_study_en,extraction,design,2,100,100,5000
works_in_industry_en__field_of_study_en,extraction,diplomacy,2,100,100,5000
works_in_industry_en__field_of_study_en,extraction,ecology,2,100,100,5000
works_in_industry_en__field_of_study_en,extraction,economics,2,100,100,5000
works_in_industry_en__field_of_study_en,extraction,electricity,2,100,100,5000
works_in_industry_en__field_of_study_en,extraction,exercise science,2,100,100,5000
works_in_industry_en__field_of_study_en,extraction,film studies,3,100,100,5000
works_in_industry_en__field_of_study_en,extraction,fiscal studies,2,100,100,5000
works_in_industry_en__field_of_study_en,extraction,forestry,2,100,100,5000
works_in_industry_en__field_of_study_en,extraction,geography,2,100,100,5000
works_in_industry_en__field_of_study_en,extraction,governance,2,100,100,5000
works_in_industry_en__field_of_study_en,extraction,history,2,100,100,5000
works_in_industry_en__field_of_study_en,extraction,law,1,100,100,5000
works_in_industry_en__field_of_study_en,extraction,linguistics,2,100,100,5000
works_in_industry_en__field_of_study_en,extraction,literature,2,100,100,5000
works_in_industry_en__field_of_study_en,extraction,logistics,2,100,100,5000
works_in_industry_en__field_of_study_en,extraction,management,2,100,100,5000
works_in_industry_en__field_of_study_en,extraction,marketing,1,100,100,5000
works_in_industry_en__field_of_study_en,extraction,mechanics,3,100,100,5000
works_in_industry_en__field_of_study_en,extraction,media studies,2,100,100,5000
works_in_industry_en__field_of_study_en,extraction,medicine,2,100,100,5000
works_in_industry_en__field_of_study_en,extraction,music,2,100,100,5000
works_in_industry_en__field_of_study_en,extraction,nursing,2,100,100,5000
works_in_industry_en__field_of_study_en,extraction,pharmacy,1,100,100,5000
works_in_industry_en__field_of_study_en,extraction,philosophy,2,100,100,5000
works_in_industry_en__field_of_study_en,extraction,physics,2,100,100,5000
works_in_industry_en__field_of_study_en,extraction,politics,2,100,100,5000
works_in_industry_en__field_of_study_en,extraction,psychology,2,100,100,5000
works_in_industry_en__field_of_study_en,extraction,quantitative methods,2,100,100,5000
works_in_industry_en__field_of_study_en,extraction,social care,2,100,100,5000
works_in_industry_en__field_of_study_en,extraction,software,2,100,100,5000
works_in_industry_en__field_of_study_en,extraction,statistics,2,100,100,5000
works_in_industry_en__field_of_study_en,extraction,teaching,2,100,100,5000
works_in_industry_en__field_of_study_en,extraction,theatre,2,100,100,5000
works_in_industry_en__field_of_study_en,extraction,tourism,3,100,100,5000
works_in_industry_en__field_of_study_en,fabrication,accounting,2,100,100,5000
works_in_industry_en__field_of_study_en,fabrication,agriculture,2,100,100,5000
works_in_industry_en__field_of_study_en,fabrication,animal care,2,100,100,5000
works_in_industry_en__field_of_study_en,fabrication,anthropology,2,100,100,5000
works_in_industry_en__field_of_study_en,fabrication,archaeology,2,100,100,5000
works_in_industry_en__field_of_study_en,fabrication,architecture,2,100,100,5000
works_in_industry_en__field_of_study_en,fabrication,biology,2,100,100,5000
works_in_industry_en__field_of_study_en,fabrication,business,2,100,100,5000
works_in_industry_en__field_of_study_en,fabrication,chemistry,2,100,100,5000
works_in_industry_en__field_of_study_en,fabrication,communication,1,100,100,5000
works_in_industry_en__field_of_study_en,fabrication,computing,2,100,100,5000
works_in_industry_en__field_of_study_en,fabrication,construction,2,100,100,5000
works_in_industry_en__field_of_study_en,fabrication,cultural analysis,2,100,100,5000
works_in_industry_en__field_of_study_en,fabrication,data analytics,2,100,100,5000
works_in_industry_en__field_of_study_en,fabrication,dental studies,2,100,100,5000
works_in_industry_en__field_of_study_en,fabrication,design,2,100,100,5000
works_in_industry_en__field_of_study_en,fabrication,diplomacy,2,100,100,5000
works_in_industry_en__field_of_study_en,fabrication,ecology,2,100,100,5000
works_in_industry_en__field_of_study_en,fabrication,economics,2,100,100,5000
works_in_industry_en__field_of_study_en,fabrication,electricity,2,100,100,5000
works_in_industry_en__field_of_study_en,fabrication,exercise science,2,100,100,5000
works_in_industry_en__field_of_study_en,fabrication,film studies,2,100,100,5000
works_in_industry_en__field_of_study_en,fabrication,fiscal studies,2,100,100,5000
works_in_industry_en__field_of_study_en,fabrication,forestry,2,100,100,5000
works_in_industry_en__field_of_study_en,fabrication,geography,2,100,100,5000
works_in_industry_en__field_of_study_en,fabrication,governance,2,100,100,5000
works_in_industry_en__field_of_study_en,fabrication,history,2,100,100,5000
works_in_industry_en__field_of_study_en,fabrication,law,2,100,100,5000
works_in_industry_en__field_of_study_en,fabrication,linguistics,2,100,100,5000
works_in_industry_en__field_of_study_en,fabrication,literature,2,100,100,5000
works_in_industry_en__field_of_study_en,fabrication,logistics,2,100,100,5000
works_in_industry_en__field_of_study_en,fabrication,management,2,100,100,5000
works_in_industry_en__field_of_study_en,fabrication,marketing,2,100,100,5000
works_in_industry_en__field_of_study_en,fabrication,mechanics,3,100,100,5000
works_in_industry_en__field_of_study_en,fabrication,media studies,2,100,100,5000
works_in_industry_en__field_of_study_en,fabrication,medicine,2,100,100,5000
works_in_industry_en__field_of_study_en,fabrication,music,2,100,100,5000
works_in_industry_en__field_of_study_en,fabrication,nursing,2,100,100,5000
works_in_industry_en__field_of_study_en,fabrication,pharmacy,2,100,100,5000
works_in_industry_en__field_of_study_en,fabrication,philosophy,2,100,100,5000
works_in_industry_en__field_of_study_en,fabrication,physics,2,100,100,5000
works_in_industry_en__field_of_study_en,fabrication,politics,2,100,100,5000
works_in_industry_en__field_of_study_en,fabrication,psychology,2,100,100,5000
works_in_industry_en__field_of_study_en,fabrication,quantitative methods,2,100,100,5000
works_in_industry_en__field_of_study_en,fabrication,social care,2,100,100,5000
works_in_industry_en__field_of_study_en,fabrication,software,2,100,100,5000
works_in_industry_en__field_of_study_en,fabrication,statistics,2,100,100,5000
works_in_industry_en__field_of_study_en,fabrication,teaching,2,100,100,5000
works_in_industry_en__field_of_study_en,fabrication,theatre,2,100,100,5000
works_in_industry_en__field_of_study_en,fabrication,tourism,2,100,100,5000
works_in_industry_en__field_of_study_en,farming,accounting,2,100,100,5000
works_in_industry_en__field_of_study_en,farming,agriculture,2,100,100,5000
works_in_industry_en__field_of_study_en,farming,animal care,2,100,100,5000
works_in_industry_en__field_of_study_en,farming,anthropology,2,100,100,5000
works_in_industry_en__field_of_study_en,farming,archaeology,2,100,100,5000
works_in_industry_en__field_of_study_en,farming,architecture,2,100,100,5000
works_in_industry_en__field_of_study_en,farming,biology,2,100,100,5000
works_in_industry_en__field_of_study_en,farming,business,2,100,100,5000
works_in_industry_en__field_of_study_en,farming,chemistry,2,100,100,5000
works_in_industry_en__field_of_study_en,farming,communication,2,100,100,5000
works_in_industry_en__field_of_study_en,farming,computing,2,100,100,5000
works_in_industry_en__field_of_study_en,farming,construction,2,100,100,5000
works_in_industry_en__field_of_study_en,farming,cultural analysis,2,100,100,5000
works_in_industry_en__field_of_study_en,farming,data analytics,2,100,100,5000
works_in_industry_en__field_of_study_en,farming,dental studies,2,100,100,5000
works_in_industry_en__field_of_study_en,farming,design,2,100,100,5000
works_in_industry_en__field_of_study_en,farming,diplomacy,2,100,100,5000
works_in_industry_en__field_of_study_en,farming,ecology,2,100,100,5000
works_in_industry_en__field_of_study_en,farming,economics,2,100,100,5000
works_in_industry_en__field_of_study_en,farming,electricity,2,100,100,5000
works_in_industry_en__field_of_study_en,farming,exercise science,2,100,100,5000
works_in_industry_en__field_of_study_en,farming,film studies,2,100,100,5000
works_in_industry_en__field_of_study_en,farming,fiscal studies,2,100,100,5000
works_in_industry_en__field_of_study_en,farming,forestry,2,100,100,5000
works_in_industry_en__field_of_study_en,farming,geography,2,100,100,5000
works_in_industry_en__field_of_study_en,farming,governance,2,100,100,5000
works_in_industry_en__field_of_study_en,farming,history,2,100,100,5000
works_in_industry_en__field_of_study_en,farming,law,2,100,100,5000
works_in_industry_en__field_of_study_en,farming,linguistics,2,100,100,5000
works_in_industry_en__field_of_study_en,farming,literature,2,100,100,5000
works_in_industry_en__field_of_study_en,farming,logistics,2,100,100,5000
works_in_industry_en__field_of_study_en,farming,management,2,100,100,5000
works_in_industry_en__field_of_study_en,farming,marketing,2,100,100,5000
works_in_industry_en__field_of_study_en,farming,mechanics,2,100,100,5000
works_in_industry_en__field_of_study_en,farming,media studies,2,100,100,5000
works_in_industry_en__field_of_study_en,farming,medicine,2,100,100,5000
works_in_industry_en__field_of_study_en,farming,music,1,100,100,5000
works_in_industry_en__field_of_study_en,farming,nursing,2,100,100,5000
works_in_industry_en__field_of_study_en,farming,pharmacy,2,100,100,5000
works_in_industry_en__field_of_study_en,farming,philosophy,2,100,100,5000
works_in_industry_en__field_of_study_en,farming,physics,2,100,100,5000
works_in_industry_en__field_of_study_en,farming,politics,2,100,100,5000
works_in_industry_en__field_of_study_en,farming,psychology,2,100,100,5000
works_in_industry_en__field_of_study_en,farming,quantitative methods,2,100,100,5000
works_in_industry_en__field_of_study_en,farming,social care,3,100,100,5000
works_in_industry_en__field_of_study_en,farming,software,2,100,100,5000
works_in_industry_en__field_of_study_en,farming,statistics,2,100,100,5000
works_in_industry_en__field_of_study_en,farming,teaching,2,100,100,5000
works_in_industry_en__field_of_study_en,farming,theatre,2,100,100,5000
works_in_industry_en__field_of_study_en,farming,tourism,2,100,100,5000
works_in_industry_en__field_of_study_en,fashion,accounting,2,100,100,5000
works_in_industry_en__field_of_study_en,fashion,agriculture,2,100,100,5000
works_in_industry_en__field_of_study_en,fashion,animal care,2,100,100,5000
works_in_industry_en__field_of_study_en,fashion,anthropology,2,100,100,5000
works_in_industry_en__field_of_study_en,fashion,archaeology,2,100,100,5000
works_in_industry_en__field_of_study_en,fashion,architecture,2,100,100,5000
works_in_industry_en__field_of_study_en,fashion,biology,2,100,100,5000
works_in_industry_en__field_of_study_en,fashion,business,2,100,100,5000
works_in_industry_en__field_of_study_en,fashion,chemistry,2,100,100,5000
works_in_industry_en__field_of_study_en,fashion,communication,2,100,100,5000
works_in_industry_en__field_of_study_en,fashion,computing,2,100,100,5000
works_in_industry_en__field_of_study_en,fashion,construction,2,100,100,5000
works_in_industry_en__field_of_study_en,fashion,cultural analysis,2,100,100,5000
works_in_industry_en__field_of_study_en,fashion,data analytics,2,100,100,5000
works_in_industry_en__field_of_study_en,fashion,dental studies,2,100,100,5000
works_in_industry_en__field_of_study_en,fashion,design,2,100,100,5000
works_in_industry_en__field_of_study_en,fashion,diplomacy,2,100,100,5000
works_in_industry_en__field_of_study_en,fashion,ecology,2,100,100,5000
works_in_industry_en__field_of_study_en,fashion,economics,2,100,100,5000
works_in_industry_en__field_of_study_en,fashion,electricity,2,100,100,5000
works_in_industry_en__field_of_study_en,fashion,exercise science,2,100,100,5000
works_in_industry_en__field_of_study_en,fashion,film studies,2,100,100,5000
works_in_industry_en__field_of_study_en,fashion,fiscal studies,2,100,100,5000
works_in_industry_en__field_of_study_en,fashion,forestry,2,100,100,5000
works_in_industry_en__field_of_study_en,fashion,geography,2,100,100,5000
works_in_industry_en__field_of_study_en,fashion,governance,2,100,100,5000
works_in_industry_en__field_of_study_en,fashion,history,2,100,100,5000
works_in_industry_en__field_of_study_en,fashion,law,2,100,100,5000
works_in_industry_en__field_of_study_en,fashion,linguistics,2,100,100,5000
works_in_industry_en__field_of_study_en,fashion,literature,2,100,100,5000
works_in_industry_en__field_of_study_en,fashion,logistics,2,100,100,5000
works_in_industry_en__field_of_study_en,fashion,management,2,100,100,5000
works_in_industry_en__field_of_study_en,fashion,marketing,2,100,100,5000
works_in_industry_en__field_of_study_en,fashion,mechanics,2,100,100,5000
works_in_industry_en__field_of_study_en,fashion,media studies,2,100,100,5000
works_in_industry_en__field_of_study_en,fashion,medicine,2,100,100,5000
works_in_industry_en__field_of_study_en,fashion,music,1,100,100,5000
works_in_industry_en__field_of_study_en,fashion,nursing,2,100,100,5000
works_in_industry_en__field_of_study_en,fashion,pharmacy,2,100,100,5000
works_in_industry_en__field_of_study_en,fashion,philosophy,2,100,100,5000
works_in_industry_en__field_of_study_en,fashion,physics,2,100,100,5000
works_in_industry_en__field_of_study_en,fashion,politics,3,100,100,5000
works_in_industry_en__field_of_study_en,fashion,psychology,2,100,100,5000
works_in_industry_en__field_of_study_en,fashion,quantitative methods,2,100,100,5000
works_in_industry_en__field_of_study_en,fashion,social care,2,100,100,5000
works_in_industry_en__field_of_study_en,fashion,software,2,100,100,5000
works_in_industry_en__field_of_study_en,fashion,statistics,2,100,100,5000
works_in_industry_en__field_of_study_en,fashion,teaching,2,100,100,5000
works_in_industry_en__field_of_study_en,fashion,theatre,2,100,100,5000
works_in_industry_en__field_of_study_en,fashion,tourism,2,100,100,5000
works_in_industry_en__field_of_study_en,gaming,accounting,2,100,100,5000
works_in_industry_en__field_of_study_en,gaming,agriculture,2,100,100,5000
works_in_industry_en__field_of_study_en,gaming,animal care,2,100,100,5000
works_in_industry_en__field_of_study_en,gaming,anthropology,2,100,100,5000
works_in_industry_en__field_of_study_en,gaming,archaeology,2,100,100,5000
works_in_industry_en__field_of_study_en,gaming,architecture,2,100,100,5000
works_in_industry_en__field_of_study_en,gaming,biology,2,100,100,5000
works_in_industry_en__field_of_study_en,gaming,business,2,100,100,5000
works_in_industry_en__field_of_study_en,gaming,chemistry,2,100,100,5000
works_in_industry_en__field_of_study_en,gaming,communication,2,100,100,5000
works_in_industry_en__field_of_study_en,gaming,computing,2,100,100,5000
works_in_industry_en__field_of_study_en,gaming,construction,2,100,100,5000
works_in_industry_en__field_of_study_en,gaming,cultural analysis,2,100,100,5000
works_in_industry_en__field_of_study_en,gaming,data analytics,2,100,100,5000
works_in_industry_en__field_of_study_en,gaming,dental studies,2,100,100,5000
works_in_industry_en__field_of_study_en,gaming,design,2,100,100,5000
works_in_industry_en__field_of_study_en,gaming,diplomacy,2,100,100,5000
works_in_industry_en__field_of_study_en,gaming,ecology,2,100,100,5000
works_in_industry_en__field_of_study_en,gaming,economics,2,100,100,5000
works_in_industry_en__field_of_study_en,gaming,electricity,2,100,100,5000
works_in_industry_en__field_of_study_en,gaming,exercise science,2,100,100,5000
works_in_industry_en__field_of_study_en,gaming,film studies,2,100,100,5000
works_in_industry_en__field_of_study_en,gaming,fiscal studies,2,100,100,5000
works_in_industry_en__field_of_study_en,gaming,forestry,2,100,100,5000
works_in_industry_en__field_of_study_en,gaming,geography,2,100,100,5000
works_in_industry_en__field_of_study_en,gaming,governance,2,100,100,5000
works_in_industry_en__field_of_study_en,gaming,history,2,100,100,5000
works_in_industry_en__field_of_study_en,gaming,law,2,100,100,5000
works_in_industry_en__field_of_study_en,gaming,linguistics,2,100,100,5000
works_in_industry_en__field_of_study_en,gaming,literature,2,100,100,5000
works_in_industry_en__field_of_study_en,gaming,logistics,2,100,100,5000
works_in_industry_en__field_of_study_en,gaming,management,2,100,100,5000
works_in_industry_en__field_of_study_en,gaming,marketing,2,100,100,5000
works_in_industry_en__field_of_study_en,gaming,mechanics,2,100,100,5000
works_in_industry_en__field_of_study_en,gaming,media studies,2,100,100,5000
works_in_industry_en__field_of_study_en,gaming,medicine,2,100,100,5000
works_in_industry_en__field_of_study_en,gaming,music,2,100,100,5000
works_in_industry_en__field_of_study_en,gaming,nursing,2,100,100,5000
works_in_industry_en__field_of_study_en,gaming,pharmacy,2,100,100,5000
works_in_industry_en__field_of_study_en,gaming,philosophy,2,100,100,5000
works_in_industry_en__field_of_study_en,gaming,physics,2,100,100,5000
works_in_industry_en__field_of_study_en,gaming,politics,2,100,100,5000
works_in_industry_en__field_of_study_en,gaming,psychology,2,100,100,5000
works_in_industry_en__field_of_study_en,gaming,quantitative methods,2,100,100,5000
works_in_industry_en__field_of_study_en,gaming,social care,2,100,100,5000
works_in_industry_en__field_of_study_en,gaming,software,2,100,100,5000
works_in_industry_en__field_of_study_en,gaming,statistics,2,100,100,5000
works_in_industry_en__field_of_study_en,gaming,teaching,2,100,100,5000
works_in_industry_en__field_of_study_en,gaming,theatre,2,100,100,5000
works_in_industry_en__field_of_study_en,gaming,tourism,2,100,100,5000
works_in_industry_en__field_of_study_en,government,accounting,2,100,100,5000
works_in_industry_en__field_of_study_en,government,agriculture,2,100,100,5000
works_in_industry_en__field_of_study_en,government,animal care,2,100,100,5000
works_in_industry_en__field_of_study_en,government,anthropology,3,100,100,5000
works_in_industry_en__field_of_study_en,government,archaeology,2,100,100,5000
works_in_industry_en__field_of_study_en,government,architecture,2,100,100,5000
works_in_industry_en__field_of_study_en,government,biology,2,100,100,5000
works_in_industry_en__field_of_study_en,government,business,2,100,100,5000
works_in_industry_en__field_of_study_en,government,chemistry,2,100,100,5000
works_in_industry_en__field_of_study_en,government,communication,2,100,100,5000
works_in_industry_en__field_of_study_en,government,computing,2,100,100,5000
works_in_industry_en__field_of_study_en,government,construction,2,100,100,5000
works_in_industry_en__field_of_study_en,government,cultural analysis,2,100,100,5000
works_in_industry_en__field_of_study_en,government,data analytics,2,100,100,5000
works_in_industry_en__field_of_study_en,government,dental studies,2,100,100,5000
works_in_industry_en__field_of_study_en,government,design,2,100,100,5000
works_in_industry_en__field_of_study_en,government,diplomacy,2,100,100,5000
works_in_industry_en__field_of_study_en,government,ecology,2,100,100,5000
works_in_industry_en__field_of_study_en,government,economics,2,100,100,5000
works_in_industry_en__field_of_study_en,government,electricity,2,100,100,5000
works_in_industry_en__field_of_study_en,government,exercise science,2,100,100,5000
works_in_industry_en__field_of_study_en,government,film studies,1,100,100,5000
works_in_industry_en__field_of_study_en,government,fiscal studies,2,100,100,5000
works_in_industry_en__field_of_study_en,government,forestry,2,100,100,5000
works_in_industry_en__field_of_study_en,government,geography,2,100,100,5000
works_in_industry_en__field_of_study_en,government,governance,2,100,100,5000
works_in_industry_en__field_of_study_en,government,history,2,100,100,5000
works_in_industry_en__field_of_study_en,government,law,2,100,100,5000
works_in_industry_en__field_of_study_en,government,linguistics,2,100,100,5000
works_in_industry_en__field_of_study_en,government,literature,2,100,100,5000
works_in_industry_en__field_of_study_en,government,logistics,2,100,100,5000
works_in_industry_en__field_of_study_en,government,management,2,100,100,5000
works_in_industry_en__field_of_study_en,government,marketing,2,100,100,5000
works_in_industry_en__field_of_study_en,government,mechanics,2,100,100,5000
works_in_industry_en__field_of_study_en,government,media studies,2,100,100,5000
works_in_industry_en__field_of_study_en,government,medicine,2,100,100,5000
works_in_industry_en__field_of_study_en,government,music,2,100,100,5000
works_in_industry_en__field_of_study_en,government,nursing,2,100,100,5000
works_in_industry_en__field_of_study_en,government,pharmacy,2,100,100,5000
works_in_industry_en__field_of_study_en,government,philosophy,2,100,100,5000
works_in_industry_en__field_of_study_en,government,physics,2,100,100,5000
works_in_industry_en__field_of_study_en,government,politics,2,100,100,5000
works_in_industry_en__field_of_study_en,government,psychology,2,100,100,5000
works_in_industry_en__field_of_study_en,government,quantitative methods,2,100,100,5000
works_in_industry_en__field_of_study_en,government,social care,2,100,100,5000
works_in_industry_en__field_of_study_en,government,software,2,100,100,5000
works_in_industry_en__field_of_study_en,government,statistics,2,100,100,5000
works_in_industry_en__field_of_study_en,government,teaching,2,100,100,5000
works_in_industry_en__field_of_study_en,government,theatre,2,100,100,5000
works_in_industry_en__field_of_study_en,government,tourism,2,100,100,5000
works_in_industry_en__field_of_study_en,groceries,accounting,2,100,100,5000
works_in_industry_en__field_of_study_en,groceries,agriculture,2,100,100,5000
works_in_industry_en__field_of_study_en,groceries,animal care,2,100,100,5000
works_in_industry_en__field_of_study_en,groceries,anthropology,2,100,100,5000
works_in_industry_en__field_of_study_en,groceries,archaeology,3,100,100,5000
works_in_industry_en__field_of_study_en,groceries,architecture,2,100,100,5000
works_in_industry_en__field_of_study_en,groceries,biology,2,100,100,5000
works_in_industry_en__field_of_study_en,groceries,business,2,100,100,5000
works_in_industry_en__field_of_study_en,groceries,chemistry,2,100,100,5000
works_in_industry_en__field_of_study_en,groceries,communication,2,100,100,5000
works_in_industry_en__field_of_study_en,groceries,computing,2,100,100,5000
works_in_industry_en__field_of_study_en,groceries,construction,2,100,100,5000
works_in_industry_en__field_of_study_en,groceries,cultural analysis,2,100,100,5000
works_in_industry_en__field_of_study_en,groceries,data analytics,2,100,100,5000
works_in_industry_en__field_of_study_en,groceries,dental studies,2,100,100,5000
works_in_industry_en__field_of_study_en,groceries,design,2,100,100,5000
works_in_industry_en__field_of_study_en,groceries,diplomacy,2,100,100,5000
works_in_industry_en__field_of_study_en,groceries,ecology,2,100,100,5000
works_in_industry_en__field_of_study_en,groceries,economics,2,100,100,5000
works_in_industry_en__field_of_study_en,groceries,electricity,2,100,100,5000
works_in_industry_en__field_of_study_en,groceries,exercise science,2,100,100,5000
works_in_industry_en__field_of_study_en,groceries,film studies,2,100,100,5000
works_in_industry_en__field_of_study_en,groceries,fiscal studies,2,100,100,5000
works_in_industry_en__field_of_study_en,groceries,forestry,2,100,100,5000
works_in_industry_en__field_of_study_en,groceries,geography,2,100,100,5000
works_in_industry_en__field_of_study_en,groceries,governance,2,100,100,5000
works_in_industry_en__field_of_study_en,groceries,history,2,100,100,5000
works_in_industry_en__field_of_study_en,groceries,law,2,100,100,5000
works_in_industry_en__field_of_study_en,groceries,linguistics,2,100,100,5000
works_in_industry_en__field_of_study_en,groceries,literature,2,100,100,5000
works_in_industry_en__field_of_study_en,groceries,logistics,2,100,100,5000
works_in_industry_en__field_of_study_en,groceries,management,2,100,100,5000
works_in_industry_en__field_of_study_en,groceries,marketing,2,100,100,5000
works_in_industry_en__field_of_study_en,groceries,mechanics,1,100,100,5000
works_in_industry_en__field_of_study_en,groceries,media studies,2,100,100,5000
works_in_industry_en__field_of_study_en,groceries,medicine,2,100,100,5000
works_in_industry_en__field_of_study_en,groceries,music,3,100,100,5000
works_in_industry_en__field_of_study_en,groceries,nursing,2,100,100,5000
works_in_industry_en__field_of_study_en,groceries,pharmacy,2,100,100,5000
works_in_industry_en__field_of_study_en,groceries,philosophy,2,100,100,5000
works_in_industry_en__field_of_study_en,groceries,physics,2,100,100,5000
works_in_industry_en__field_of_study_en,groceries,politics,2,100,100,5000
works_in_industry_en__field_of_study_en,groceries,psychology,2,100,100,5000
works_in_industry_en__field_of_study_en,groceries,quantitative methods,1,100,100,5000
works_in_industry_en__field_of_study_en,groceries,social care,2,100,100,5000
works_in_industry_en__field_of_study_en,groceries,software,2,100,100,5000
works_in_industry_en__field_of_study_en,groceries,statistics,2,100,100,5000
works_in_industry_en__field_of_study_en,groceries,teaching,2,100,100,5000
works_in_industry_en__field_of_study_en,groceries,theatre,2,100,100,5000
works_in_industry_en__field_of_study_en,groceries,tourism,2,100,100,5000
works_in_industry_en__field_of_study_en,healthcare,accounting,2,100,100,5000
works_in_industry_en__field_of_study_en,healthcare,agriculture,2,100,100,5000
works_in_industry_en__field_of_study_en,healthcare,animal care,1,100,100,5000
works_in_industry_en__field_of_study_en,healthcare,anthropology,2,100,100,5000
works_in_industry_en__field_of_study_en,healthcare,archaeology,2,100,100,5000
works_in_industry_en__field_of_study_en,healthcare,architecture,2,100,100,5000
works_in_industry_en__field_of_study_en,healthcare,biology,3,100,100,5000
works_in_industry_en__field_of_study_en,healthcare,business,2,100,100,5000
works_in_industry_en__field_of_study_en,healthcare,chemistry,2,100,100,5000
works_in_industry_en__field_of_study_en,healthcare,communication,2,100,100,5000
works_in_industry_en__field_of_study_en,healthcare,computing,2,100,100,5000
works_in_industry_en__field_of_study_en,healthcare,construction,2,100,100,5000
works_in_industry_en__field_of_study_en,healthcare,cultural analysis,2,100,100,5000
works_in_industry_en__field_of_study_en,healthcare,data analytics,2,100,100,5000
works_in_industry_en__field_of_study_en,healthcare,dental studies,2,100,100,5000
works_in_industry_en__field_of_study_en,healthcare,design,2,100,100,5000
works_in_industry_en__field_of_study_en,healthcare,diplomacy,2,100,100,5000
works_in_industry_en__field_of_study_en,healthcare,ecology,2,100,100,5000
works_in_industry_en__field_of_study_en,healthcare,economics,2,100,100,5000
works_in_industry_en__field_of_study_en,healthcare,electricity,2,100,100,5000
works_in_industry_en__field_of_study_en,healthcare,exercise science,2,100,100,5000
works_in_industry_en__field_of_study_en,healthcare,film studies,2,100,100,5000
works_in_industry_en__field_of_study_en,healthcare,fiscal studies,2,100,100,5000
works_in_industry_en__field_of_study_en,healthcare,forestry,2,100,100,5000
works_in_industry_en__field_of_study_en,healthcare,geography,2,100,100,5000
works_in_industry_en__field_of_study_en,healthcare,governance,3,100,100,5000
works_in_industry_en__field_of_study_en,healthcare,history,1,100,100,5000
works_in_industry_en__field_of_study_en,healthcare,law,2,100,100,5000
works_in_industry_en__field_of_study_en,healthcare,linguistics,1,100,100,5000
works_in_industry_en__field_of_study_en,healthcare,literature,2,100,100,5000
works_in_industry_en__field_of_study_en,healthcare,logistics,2,100,100,5000
works_in_industry_en__field_of_study_en,healthcare,management,2,100,100,5000
works_in_industry_en__field_of_study_en,healthcare,marketing,2,100,100,5000
works_in_industry_en__field_of_study_en,healthcare,mechanics,3,100,100,5000
works_in_industry_en__field_of_study_en,healthcare,media studies,2,100,100,5000
works_in_industry_en__field_of_study_en,healthcare,medicine,1,100,100,5000
works_in_industry_en__field_of_study_en,healthcare,music,2,100,100,5000
works_in_industry_en__field_of_study_en,healthcare,nursing,2,100,100,5000
works_in_industry_en__field_of_study_en,healthcare,pharmacy,2,100,100,5000
works_in_industry_en__field_of_study_en,healthcare,philosophy,2,100,100,5000
works_in_industry_en__field_of_study_en,healthcare,physics,2,100,100,5000
works_in_industry_en__field_of_study_en,healthcare,politics,2,100,100,5000
works_in_industry_en__field_of_study_en,healthcare,psychology,2,100,100,5000
works_in_industry_en__field_of_study_en,healthcare,quantitative methods,2,100,100,5000
works_in_industry_en__field_of_study_en,healthcare,social care,3,100,100,5000
works_in_industry_en__field_of_study_en,healthcare,software,2,100,100,5000
works_in_industry_en__field_of_study_en,healthcare,statistics,2,100,100,5000
works_in_industry_en__field_of_study_en,healthcare,teaching,2,100,100,5000
works_in_industry_en__field_of_study_en,healthcare,theatre,2,100,100,5000
works_in_industry_en__field_of_study_en,healthcare,tourism,2,100,100,5000
works_in_industry_en__field_of_study_en,hotels,accounting,2,100,100,5000
works_in_industry_en__field_of_study_en,hotels,agriculture,2,100,100,5000
works_in_industry_en__field_of_study_en,hotels,animal care,2,100,100,5000
works_in_industry_en__field_of_study_en,hotels,anthropology,2,100,100,5000
works_in_industry_en__field_of_study_en,hotels,archaeology,2,100,100,5000
works_in_industry_en__field_of_study_en,hotels,architecture,2,100,100,5000
works_in_industry_en__field_of_study_en,hotels,biology,2,100,100,5000
works_in_industry_en__field_of_study_en,hotels,business,2,100,100,5000
works_in_industry_en__field_of_study_en,hotels,chemistry,2,100,100,5000
works_in_industry_en__field_of_study_en,hotels,communication,2,100,100,5000
works_in_industry_en__field_of_study_en,hotels,computing,3,100,100,5000
works_in_industry_en__field_of_study_en,hotels,construction,2,100,100,5000
works_in_industry_en__field_of_study_en,hotels,cultural analysis,2,100,100,5000
works_in_industry_en__field_of_study_en,hotels,data analytics,2,100,100,5000
works_in_industry_en__field_of_study_en,hotels,dental studies,2,100,100,5000
works_in_industry_en__field_of_study_en,hotels,design,2,100,100,5000
works_in_industry_en__field_of_study_en,hotels,diplomacy,2,100,100,5000
works_in_industry_en__field_of_study_en,hotels,ecology,2,100,100,5000
works_in_industry_en__field_of_study_en,hotels,economics,2,100,100,5000
works_in_industry_en__field_of_study_en,hotels,electricity,2,100,100,5000
works_in_industry_en__field_of_study_en,hotels,exercise science,2,100,100,5000
works_in_industry_en__field_of_study_en,hotels,film studies,2,100,100,5000
works_in_industry_en__field_of_study_en,hotels,fiscal studies,2,100,100,5000
works_in_industry_en__field_of_study_en,hotels,forestry,2,100,100,5000
works_in_industry_en__field_of_study_en,hotels,geography,2,100,100,5000
works_in_industry_en__field_of_study_en,hotels,governance,2,100,100,5000
works_in_industry_en__field_of_study_en,hotels,history,2,100,100,5000
works_in_industry_en__field_of_study_en,hotels,law,2,100,100,5000
works_in_industry_en__field_of_study_en,hotels,linguistics,2,100,100,5000
works_in_industry_en__field_of_study_en,hotels,literature,2,100,100,5000
works_in_industry_en__field_of_study_en,hotels,logistics,2,100,100,5000
works_in_industry_en__field_of_study_en,hotels,management,2,100,100,5000
works_in_industry_en__field_of_study_en,hotels,marketing,2,100,100,5000
works_in_industry_en__field_of_study_en,hotels,mechanics,2,100,100,5000
works_in_industry_en__field_of_study_en,hotels,media studies,2,100,100,5000
works_in_industry_en__field_of_study_en,hotels,medicine,2,100,100,5000
works_in_industry_en__field_of_study_en,hotels,music,2,100,100,5000
works_in_industry_en__field_of_study_en,hotels,nursing,2,100,100,5000
works_in_industry_en__field_of_study_en,hotels,pharmacy,2,100,100,5000
works_in_industry_en__field_of_study_en,hotels,philosophy,1,100,100,5000
works_in_industry_en__field_of_study_en,hotels,physics,2,100,100,5000
works_in_industry_en__field_of_study_en,hotels,politics,2,100,100,5000
works_in_industry_en__field_of_study_en,hotels,psychology,2,100,100,5000
works_in_industry_en__field_of_study_en,hotels,quantitative methods,2,100,100,5000
works_in_industry_en__field_of_study_en,hotels,social care,2,100,100,5000
works_in_industry_en__field_of_study_en,hotels,software,2,100,100,5000
works_in_industry_en__field_of_study_en,hotels,statistics,2,100,100,5000
works_in_industry_en__field_of_study_en,hotels,teaching,2,100,100,5000
works_in_industry_en__field_of_study_en,hotels,theatre,2,100,100,5000
works_in_industry_en__field_of_study_en,hotels,tourism,2,100,100,5000
works_in_industry_en__field_of_study_en,infrastructure,accounting,2,100,100,5000
works_in_industry_en__field_of_study_en,infrastructure,agriculture,2,100,100,5000
works_in_industry_en__field_of_study_en,infrastructure,animal care,2,100,100,5000
works_in_industry_en__field_of_study_en,infrastructure,anthropology,2,100,100,5000
works_in_industry_en__field_of_study_en,infrastructure,archaeology,2,100,100,5000
works_in_industry_en__field_of_study_en,infrastructure,architecture,2,100,100,5000
works_in_industry_en__field_of_study_en,infrastructure,biology,2,100,100,5000
works_in_industry_en__field_of_study_en,infrastructure,business,2,100,100,5000
works_in_industry_en__field_of_study_en,infrastructure,chemistry,2,100,100,5000
works_in_industry_en__field_of_study_en,infrastructure,communication,2,100,100,5000
works_in_industry_en__field_of_study_en,infrastructure,computing,2,100,100,5000
works_in_industry_en__field_of_study_en,infrastructure,construction,2,100,100,5000
works_in_industry_en__field_of_study_en,infrastructure,cultural analysis,2,100,100,5000
works_in_industry_en__field_of_study_en,infrastructure,data analytics,2,100,100,5000
works_in_industry_en__field_of_study_en,infrastructure,dental studies,2,100,100,5000
works_in_industry_en__field_of_study_en,infrastructure,design,2,100,100,5000
works_in_industry_en__field_of_study_en,infrastructure,diplomacy,2,100,100,5000
works_in_industry_en__field_of_study_en,infrastructure,ecology,2,100,100,5000
works_in_industry_en__field_of_study_en,infrastructure,economics,2,100,100,5000
works_in_industry_en__field_of_study_en,infrastructure,electricity,2,100,100,5000
works_in_industry_en__field_of_study_en,infrastructure,exercise science,2,100,100,5000
works_in_industry_en__field_of_study_en,infrastructure,film studies,2,100,100,5000
works_in_industry_en__field_of_study_en,infrastructure,fiscal studies,2,100,100,5000
works_in_industry_en__field_of_study_en,infrastructure,forestry,2,100,100,5000
works_in_industry_en__field_of_study_en,infrastructure,geography,2,100,100,5000
works_in_industry_en__field_of_study_en,infrastructure,governance,2,100,100,5000
works_in_industry_en__field_of_study_en,infrastructure,history,2,100,100,5000
works_in_industry_en__field_of_study_en,infrastructure,law,2,100,100,5000
works_in_industry_en__field_of_study_en,infrastructure,linguistics,2,100,100,5000
works_in_industry_en__field_of_study_en,infrastructure,literature,2,100,100,5000
works_in_industry_en__field_of_study_en,infrastructure,logistics,3,100,100,5000
works_in_industry_en__field_of_study_en,infrastructure,management,2,100,100,5000
works_in_industry_en__field_of_study_en,infrastructure,marketing,2,100,100,5000
works_in_industry_en__field_of_study_en,infrastructure,mechanics,3,100,100,5000
works_in_industry_en__field_of_study_en,infrastructure,media studies,1,100,100,5000
works_in_industry_en__field_of_study_en,infrastructure,medicine,2,100,100,5000
works_in_industry_en__field_of_study_en,infrastructure,music,2,100,100,5000
works_in_industry_en__field_of_study_en,infrastructure,nursing,2,100,100,5000
works_in_industry_en__field_of_study_en,infrastructure,pharmacy,2,100,100,5000
works_in_industry_en__field_of_study_en,infrastructure,philosophy,2,100,100,5000
works_in_industry_en__field_of_study_en,infrastructure,physics,2,100,100,5000
works_in_industry_en__field_of_study_en,infrastructure,politics,2,100,100,5000
works_in_industry_en__field_of_study_en,infrastructure,psychology,2,100,100,5000
works_in_industry_en__field_of_study_en,infrastructure,quantitative methods,2,100,100,5000
works_in_industry_en__field_of_study_en,infrastructure,social care,2,100,100,5000
works_in_industry_en__field_of_study_en,infrastructure,software,2,100,100,5000
works_in_industry_en__field_of_study_en,infrastructure,statistics,1,100,100,5000
works_in_industry_en__field_of_study_en,infrastructure,teaching,2,100,100,5000
works_in_industry_en__field_of_study_en,infrastructure,theatre,2,100,100,5000
works_in_industry_en__field_of_study_en,infrastructure,tourism,2,100,100,5000
works_in_industry_en__field_of_study_en,insurance,accounting,2,100,100,5000
works_in_industry_en__field_of_study_en,insurance,agriculture,2,100,100,5000
works_in_industry_en__field_of_study_en,insurance,animal care,2,100,100,5000
works_in_industry_en__field_of_study_en,insurance,anthropology,2,100,100,5000
works_in_industry_en__field_of_study_en,insurance,archaeology,2,100,100,5000
works_in_industry_en__field_of_study_en,insurance,architecture,2,100,100,5000
works_in_industry_en__field_of_study_en,insurance,biology,2,100,100,5000
works_in_industry_en__field_of_study_en,insurance,business,2,100,100,5000
works_in_industry_en__field_of_study_en,insurance,chemistry,2,100,100,5000
works_in_industry_en__field_of_study_en,insurance,communication,2,100,100,5000
works_in_industry_en__field_of_study_en,insurance,computing,2,100,100,5000
works_in_industry_en__field_of_study_en,insurance,construction,2,100,100,5000
works_in_industry_en__field_of_study_en,insurance,cultural analysis,1,100,100,5000
works_in_industry_en__field_of_study_en,insurance,data analytics,2,100,100,5000
works_in_industry_en__field_of_study_en,insurance,dental studies,2,100,100,5000
works_in_industry_en__field_of_study_en,insurance,design,2,100,100,5000
works_in_industry_en__field_of_study_en,insurance,diplomacy,2,100,100,5000
works_in_industry_en__field_of_study_en,insurance,ecology,2,100,100,5000
works_in_industry_en__field_of_study_en,insurance,economics,2,100,100,5000
works_in_industry_en__field_of_study_en,insurance,electricity,3,100,100,5000
works_in_industry_en__field_of_study_en,insurance,exercise science,2,100,100,5000
works_in_industry_en__field_of_study_en,insurance,film studies,2,100,100,5000
works_in_industry_en__field_of_study_en,insurance,fiscal studies,2,100,100,5000
works_in_industry_en__field_of_study_en,insurance,forestry,2,100,100,5000
works_in_industry_en__field_of_study_en,insurance,geography,2,100,100,5000
works_in_industry_en__field_of_study_en,insurance,governance,2,100,100,5000
works_in_industry_en__field_of_study_en,insurance,history,2,100,100,5000
works_in_industry_en__field_of_study_en,insurance,law,2,100,100,5000
works_in_industry_en__field_of_study_en,insurance,linguistics,2,100,100,5000
works_in_industry_en__field_of_study_en,insurance,literature,2,100,100,5000
works_in_industry_en__field_of_study_en,insurance,logistics,2,100,100,5000
works_in_industry_en__field_of_study_en,insurance,management,2,100,100,5000
works_in_industry_en__field_of_study_en,insurance,marketing,2,100,100,5000
works_in_industry_en__field_of_study_en,insurance,mechanics,2,100,100,5000
works_in_industry_en__field_of_study_en,insurance,media studies,2,100,100,5000
works_in_industry_en__field_of_study_en,insurance,medicine,2,100,100,5000
works_in_industry_en__field_of_study_en,insurance,music,2,100,100,5000
works_in_industry_en__field_of_study_en,insurance,nursing,2,100,100,5000
works_in_industry_en__field_of_study_en,insurance,pharmacy,2,100,100,5000
works_in_industry_en__field_of_study_en,insurance,philosophy,2,100,100,5000
works_in_industry_en__field_of_study_en,insurance,physics,2,100,100,5000
works_in_industry_en__field_of_study_en,insurance,politics,2,100,100,5000
works_in_industry_en__field_of_study_en,insurance,psychology,2,100,100,5000
works_in_industry_en__field_of_study_en,insurance,quantitative methods,2,100,100,5000
works_in_industry_en__field_of_study_en,insurance,social care,2,100,100,5000
works_in_industry_en__field_of_study_en,insurance,software,2,100,100,5000
works_in_industry_en__field_of_study_en,insurance,statistics,2,100,100,5000
works_in_industry_en__field_of_study_en,insurance,teaching,2,100,100,5000
works_in_industry_en__field_of_study_en,insurance,theatre,2,100,100,5000
works_in_industry_en__field_of_study_en,insurance,tourism,2,100,100,5000
works_in_industry_en__field_of_study_en,investment,accounting,2,100,100,5000
works_in_industry_en__field_of_study_en,investment,agriculture,2,100,100,5000
works_in_industry_en__field_of_study_en,investment,animal care,2,100,100,5000
works_in_industry_en__field_of_study_en,investment,anthropology,2,100,100,5000
works_in_industry_en__field_of_study_en,investment,archaeology,2,100,100,5000
works_in_industry_en__field_of_study_en,investment,architecture,2,100,100,5000
works_in_industry_en__field_of_study_en,investment,biology,2,100,100,5000
works_in_industry_en__field_of_study_en,investment,business,2,100,100,5000
works_in_industry_en__field_of_study_en,investment,chemistry,2,100,100,5000
works_in_industry_en__field_of_study_en,investment,communication,2,100,100,5000
works_in_industry_en__field_of_study_en,investment,computing,2,100,100,5000
works_in_industry_en__field_of_study_en,investment,construction,1,100,100,5000
works_in_industry_en__field_of_study_en,investment,cultural analysis,2,100,100,5000
works_in_industry_en__field_of_study_en,investment,data analytics,2,100,100,5000
works_in_industry_en__field_of_study_en,investment,dental studies,2,100,100,5000
works_in_industry_en__field_of_study_en,investment,design,2,100,100,5000
works_in_industry_en__field_of_study_en,investment,diplomacy,2,100,100,5000
works_in_industry_en__field_of_study_en,investment,ecology,2,100,100,5000
works_in_industry_en__field_of_study_en,investment,economics,2,100,100,5000
works_in_industry_en__field_of_study_en,investment,electricity,2,100,100,5000
works_in_industry_en__field_of_study_en,investment,exercise science,3,100,100,5000
works_in_industry_en__field_of_study_en,investment,film studies,2,100,100,5000
works_in_industry_en__field_of_study_en,investment,fiscal studies,2,100,100,5000
works_in_industry_en__field_of_study_en,investment,forestry,1,100,100,5000
works_in_industry_en__field_of_study_en,investment,geography,2,100,100,5000
works_in_industry_en__field_of_study_en,investment,governance,2,100,100,5000
works_in_industry_en__field_of_study_en,investment,history,2,100,100,5000
works_in_industry_en__field_of_study_en,investment,law,2,100,100,5000
works_in_industry_en__field_of_study_en,investment,linguistics,2,100,100,5000
works_in_industry_en__field_of_study_en,investment,literature,2,100,100,5000
works_in_industry_en__field_of_study_en,investment,logistics,2,100,100,5000
works_in_industry_en__field_of_study_en,investment,management,2,100,100,5000
works_in_industry_en__field_of_study_en,investment,marketing,3,100,100,5000
works_in_industry_en__field_of_study_en,investment,mechanics,2,100,100,5000
works_in_industry_en__field_of_study_en,investment,media studies,2,100,100,5000
works_in_industry_en__field_of_study_en,investment,medicine,2,100,100,5000
works_in_industry_en__field_of_study_en,investment,music,2,100,100,5000
works_in_industry_en__field_of_study_en,investment,nursing,2,100,100,5000
works_in_industry_en__field_of_study_en,investment,pharmacy,2,100,100,5000
works_in_industry_en__field_of_study_en,investment,philosophy,2,100,100,5000
works_in_industry_en__field_of_study_en,investment,physics,2,100,100,5000
works_in_industry_en__field_of_study_en,investment,politics,2,100,100,5000
works_in_industry_en__field_of_study_en,investment,psychology,2,100,100,5000
works_in_industry_en__field_of_study_en,investment,quantitative methods,2,100,100,5000
works_in_industry_en__field_of_study_en,investment,social care,2,100,100,5000
works_in_industry_en__field_of_study_en,investment,software,2,100,100,5000
works_in_industry_en__field_of_study_en,investment,statistics,2,100,100,5000
works_in_industry_en__field_of_study_en,investment,teaching,2,100,100,5000
works_in_industry_en__field_of_study_en,investment,theatre,2,100,100,5000
works_in_industry_en__field_of_study_en,investment,tourism,2,100,100,5000
works_in_industry_en__field_of_study_en,law,accounting,2,100,100,5000
works_in_industry_en__field_of_study_en,law,agriculture,2,100,100,5000
works_in_industry_en__field_of_study_en,law,animal care,2,100,100,5000
works_in_industry_en__field_of_study_en,law,anthropology,2,100,100,5000
works_in_industry_en__field_of_study_en,law,archaeology,2,100,100,5000
works_in_industry_en__field_of_study_en,law,architecture,2,100,100,5000
works_in_industry_en__field_of_study_en,law,biology,2,100,100,5000
works_in_industry_en__field_of_study_en,law,business,2,100,100,5000
works_in_industry_en__field_of_study_en,law,chemistry,2,100,100,5000
works_in_industry_en__field_of_study_en,law,communication,2,100,100,5000
works_in_industry_en__field_of_study_en,law,computing,2,100,100,5000
works_in_industry_en__field_of_study_en,law,construction,2,100,100,5000
works_in_industry_en__field_of_study_en,law,cultural analysis,2,100,100,5000
works_in_industry_en__field_of_study_en,law,data analytics,2,100,100,5000
works_in_industry_en__field_of_study_en,law,dental studies,2,100,100,5000
works_in_industry_en__field_of_study_en,law,design,2,100,100,5000
works_in_industry_en__field_of_study_en,law,diplomacy,2,100,100,5000
works_in_industry_en__field_of_study_en,law,ecology,2,100,100,5000
works_in_industry_en__field_of_study_en,law,economics,2,100,100,5000
works_in_industry_en__field_of_study_en,law,electricity,2,100,100,5000
works_in_industry_en__field_of_study_en,law,exercise science,2,100,100,5000
works_in_industry_en__field_of_study_en,law,film studies,2,100,100,5000
works_in_industry_en__field_of_study_en,law,fiscal studies,2,100,100,5000
works_in_industry_en__field_of_study_en,law,forestry,2,100,100,5000
works_in_industry_en__field_of_study_en,law,geography,2,100,100,5000
works_in_industry_en__field_of_study_en,law,governance,2,100,100,5000
works_in_industry_en__field_of_study_en,law,history,2,100,100,5000
works_in_industry_en__field_of_study_en,law,law,2,100,100,5000
works_in_industry_en__field_of_study_en,law,linguistics,2,100,100,5000
works_in_industry_en__field_of_study_en,law,literature,2,100,100,5000
works_in_industry_en__field_of_study_en,law,logistics,2,100,100,5000
works_in_industry_en__field_of_study_en,law,management,2,100,100,5000
works_in_industry_en__field_of_study_en,law,marketing,2,100,100,5000
works_in_industry_en__field_of_study_en,law,mechanics,2,100,100,5000
works_in_industry_en__field_of_study_en,law,media studies,2,100,100,5000
works_in_industry_en__field_of_study_en,law,medicine,2,100,100,5000
works_in_industry_en__field_of_study_en,law,music,2,100,100,5000
works_in_industry_en__field_of_study_en,law,nursing,2,100,100,5000
works_in_industry_en__field_of_study_en,law,pharmacy,2,100,100,5000
works_in_industry_en__field_of_study_en,law,philosophy,2,100,100,5000
works_in_industry_en__field_of_study_en,law,physics,2,100,100,5000
works_in_industry_en__field_of_study_en,law,politics,2,100,100,5000
works_in_industry_en__field_of_study_en,law,psychology,2,100,100,5000
works_in_industry_en__field_of_study_en,law,quantitative methods,2,100,100,5000
works_in_industry_en__field_of_study_en,law,social care,2,100,100,5000
works_in_industry_en__field_of_study_en,law,software,2,100,100,5000
works_in_industry_en__field_of_study_en,law,statistics,2,100,100,5000
works_in_industry_en__field_of_study_en,law,teaching,2,100,100,5000
works_in_industry_en__field_of_study_en,law,theatre,2,100,100,5000
works_in_industry_en__field_of_study_en,law,tourism,2,100,100,5000
works_in_industry_en__field_of_study_en,logistics,accounting,2,100,100,5000
works_in_industry_en__field_of_study_en,logistics,agriculture,2,100,100,5000
works_in_industry_en__field_of_study_en,logistics,animal care,2,100,100,5000
works_in_industry_en__field_of_study_en,logistics,anthropology,2,100,100,5000
works_in_industry_en__field_of_study_en,logistics,archaeology,2,100,100,5000
works_in_industry_en__field_of_study_en,logistics,architecture,1,100,100,5000
works_in_industry_en__field_of_study_en,logistics,biology,2,100,100,5000
works_in_industry_en__field_of_study_en,logistics,business,2,100,100,5000
works_in_industry_en__field_of_study_en,logistics,chemistry,2,100,100,5000
works_in_industry_en__field_of_study_en,logistics,communication,2,100,100,5000
works_in_industry_en__field_of_study_en,logistics,computing,2,100,100,5000
works_in_industry_en__field_of_study_en,logistics,construction,2,100,100,5000
works_in_industry_en__field_of_study_en,logistics,cultural analysis,2,100,100,5000
works_in_industry_en__field_of_study_en,logistics,data analytics,2,100,100,5000
works_in_industry_en__field_of_study_en,logistics,dental studies,2,100,100,5000
works_in_industry_en__field_of_study_en,logistics,design,2,100,100,5000
works_in_industry_en__field_of_study_en,logistics,diplomacy,2,100,100,5000
works_in_industry_en__field_of_study_en,logistics,ecology,2,100,100,5000
works_in_industry_en__field_of_study_en,logistics,economics,2,100,100,5000
works_in_industry_en__field_of_study_en,logistics,electricity,2,100,100,5000
works_in_industry_en__field_of_study_en,logistics,exercise science,2,100,100,5000
works_in_industry_en__field_of_study_en,logistics,film studies,2,100,100,5000
works_in_industry_en__field_of_study_en,logistics,fiscal studies,2,100,100,5000
works_in_industry_en__field_of_study_en,logistics,forestry,2,100,100,5000
works_in_industry_en__field_of_study_en,logistics,geography,2,100,100,5000
works_in_industry_en__field_of_study_en,logistics,governance,2,100,100,5000
works_in_industry_en__field_of_study_en,logistics,history,2,100,100,5000
works_in_industry_en__field_of_study_en,logistics,law,2,100,100,5000
works_in_industry_en__field_of_study_en,logistics,linguistics,2,100,100,5000
works_in_industry_en__field_of_study_en,logistics,literature,2,100,100,5000
works_in_industry_en__field_of_study_en,logistics,logistics,2,100,100,5000
works_in_industry_en__field_of_study_en,logistics,management,2,100,100,5000
works_in_industry_en__field_of_study_en,logistics,marketing,2,100,100,5000
works_in_industry_en__field_of_study_en,logistics,mechanics,3,100,100,5000
works_in_industry_en__field_of_study_en,logistics,media studies,2,100,100,5000
works_in_industry_en__field_of_study_en,logistics,medicine,2,100,100,5000
works_in_industry_en__field_of_study_en,logistics,music,3,100,100,5000
works_in_industry_en__field_of_study_en,logistics,nursing,2,100,100,5000
works_in_industry_en__field_of_study_en,logistics,pharmacy,2,100,100,5000
works_in_industry_en__field_of_study_en,logistics,philosophy,2,100,100,5000
works_in_industry_en__field_of_study_en,logistics,physics,2,100,100,5000
works_in_industry_en__field_of_study_en,logistics,politics,2,100,100,5000
works_in_industry_en__field_of_study_en,logistics,psychology,2,100,100,5000
works_in_industry_en__field_of_study_en,logistics,quantitative methods,2,100,100,5000
works_in_industry_en__field_of_study_en,logistics,social care,2,100,100,5000
works_in_industry_en__field_of_study_en,logistics,software,2,100,100,5000
works_in_industry_en__field_of_study_en,logistics,statistics,1,100,100,5000
works_in_industry_en__field_of_study_en,logistics,teaching,2,100,100,5000
works_in_industry_en__field_of_study_en,logistics,theatre,2,100,100,5000
works_in_industry_en__field_of_study_en,logistics,tourism,2,100,100,5000
works_in_industry_en__field_of_study_en,maritime,accounting,1,100,100,5000
works_in_industry_en__field_of_study_en,maritime,agriculture,2,100,100,5000
works_in_industry_en__field_of_study_en,maritime,animal care,2,100,100,5000
works_in_industry_en__field_of_study_en,maritime,anthropology,2,100,100,5000
works_in_industry_en__field_of_study_en,maritime,archaeology,2,100,100,5000
works_in_industry_en__field_of_study_en,maritime,architecture,2,100,100,5000
works_in_industry_en__field_of_study_en,maritime,biology,2,100,100,5000
works_in_industry_en__field_of_study_en,maritime,business,2,100,100,5000
works_in_industry_en__field_of_study_en,maritime,chemistry,2,100,100,5000
works_in_industry_en__field_of_study_en,maritime,communication,2,100,100,5000
works_in_industry_en__field_of_study_en,maritime,computing,2,100,100,5000
works_in_industry_en__field_of_study_en,maritime,construction,2,100,100,5000
works_in_industry_en__field_of_study_en,maritime,cultural analysis,2,100,100,5000
works_in_industry_en__field_of_study_en,maritime,data analytics,2,100,100,5000
works_in_industry_en__field_of_study_en,maritime,dental studies,2,100,100,5000
works_in_industry_en__field_of_study_en,maritime,design,3,100,100,5000
works_in_industry_en__field_of_study_en,maritime,diplomacy,2,100,100,5000
works_in_industry_en__field_of_study_en,maritime,ecology,2,100,100,5000
works_in_industry_en__field_of_study_en,maritime,economics,2,100,100,5000
works_in_industry_en__field_of_study_en,maritime,electricity,2,100,100,5000
works_in_industry_en__field_of_study_en,maritime,exercise science,2,100,100,5000
works_in_industry_en__field_of_study_en,maritime,film studies,2,100,100,5000
works_in_industry_en__field_of_study_en,maritime,fiscal studies,2,100,100,5000
works_in_industry_en__field_of_study_en,maritime,forestry,3,100,100,5000
works_in_industry_en__field_of_study_en,maritime,geography,2,100,100,5000
works_in_industry_en__field_of_study_en,maritime,governance,2,100,100,5000
works_in_industry_en__field_of_study_en,maritime,history,2,100,100,5000
works_in_industry_en__field_of_study_en,maritime,law,2,100,100,5000
works_in_industry_en__field_of_study_en,maritime,linguistics,2,100,100,5000
works_in_industry_en__field_of_study_en,maritime,literature,2,100,100,5000
works_in_industry_en__field_of_study_en,maritime,logistics,2,100,100,5000
works_in_industry_en__field_of_study_en,maritime,management,2,100,100,5000
works_in_industry_en__field_of_study_en,maritime,marketing,2,100,100,5000
works_in_industry_en__field_of_study_en,maritime,mechanics,1,100,100,5000
works_in_industry_en__field_of_study_en,maritime,media studies,2,100,100,5000
works_in_industry_en__field_of_study_en,maritime,medicine,2,100,100,5000
works_in_industry_en__field_of_study_en,maritime,music,2,100,100,5000
works_in_industry_en__field_of_study_en,maritime,nursing,2,100,100,5000
works_in_industry_en__field_of_study_en,maritime,pharmacy,2,100,100,5000
works_in_industry_en__field_of_study_en,maritime,philosophy,2,100,100,5000
works_in_industry_en__field_of_study_en,maritime,physics,2,100,100,5000
works_in_industry_en__field_of_study_en,maritime,politics,2,100,100,5000
works_in_industry_en__field_of_study_en,maritime,psychology,2,100,100,5000
works_in_industry_en__field_of_study_en,maritime,quantitative methods,2,100,100,5000
works_in_industry_en__field_of_study_en,maritime,social care,2,100,100,5000
works_in_industry_en__field_of_study_en,maritime,software,2,100,100,5000
works_in_industry_en__field_of_study_en,maritime,statistics,2,100,100,5000
works_in_industry_en__field_of_study_en,maritime,teaching,2,100,100,5000
works_in_industry_en__field_of_study_en,maritime,theatre,2,100,100,5000
works_in_industry_en__field_of_study_en,maritime,tourism,2,100,100,5000
works_in_industry_en__field_of_study_en,media,accounting,2,100,100,5000
works_in_industry_en__field_of_study_en,media,agriculture,2,100,100,5000
works_in_industry_en__field_of_study_en,media,animal care,2,100,100,5000
works_in_industry_en__field_of_study_en,media,anthropology,2,100,100,5000
works_in_industry_en__field_of_study_en,media,archaeology,2,100,100,5000
works_in_industry_en__field_of_study_en,media,architecture,2,100,100,5000
works_in_industry_en__field_of_study_en,media,biology,2,100,100,5000
works_in_industry_en__field_of_study_en,media,business,2,100,100,5000
works_in_industry_en__field_of_study_en,media,chemistry,2,100,100,5000
works_in_industry_en__field_of_study_en,media,communication,2,100,100,5000
works_in_industry_en__field_of_study_en,media,computing,2,100,100,5000
works_in_industry_en__field_of_study_en,media,construction,2,100,100,5000
works_in_industry_en__field_of_study_en,media,cultural analysis,2,100,100,5000
works_in_industry_en__field_of_study_en,media,data analytics,2,100,100,5000
works_in_industry_en__field_of_study_en,media,dental studies,2,100,100,5000
works_in_industry_en__field_of_study_en,media,design,2,100,100,5000
works_in_industry_en__field_of_study_en,media,diplomacy,2,100,100,5000
works_in_industry_en__field_of_study_en,media,ecology,2,100,100,5000
works_in_industry_en__field_of_study_en,media,economics,2,100,100,5000
works_in_industry_en__field_of_study_en,media,electricity,2,100,100,5000
works_in_industry_en__field_of_study_en,media,exercise science,2,100,100,5000
works_in_industry_en__field_of_study_en,media,film studies,1,100,100,5000
works_in_industry_en__field_of_study_en,media,fiscal studies,2,100,100,5000
works_in_industry_en__field_of_study_en,media,forestry,1,100,100,5000
works_in_industry_en__field_of_study_en,media,geography,2,100,100,5000
works_in_industry_en__field_of_study_en,media,governance,2,100,100,5000
works_in_industry_en__field_of_study_en,media,history,2,100,100,5000
works_in_industry_en__field_of_study_en,media,law,3,100,100,5000
works_in_industry_en__field_of_study_en,media,linguistics,2,100,100,5000
works_in_industry_en__field_of_study_en,media,literature,2,100,100,5000
works_in_industry_en__field_of_study_en,media,logistics,2,100,100,5000
works_in_industry_en__field_of_study_en,media,management,2,100,100,5000
works_in_industry_en__field_of_study_en,media,marketing,2,100,100,5000
works_in_industry_en__field_of_study_en,media,mechanics,2,100,100,5000
works_in_industry_en__field_of_study_en,media,media studies,2,100,100,5000
works_in_industry_en__field_of_study_en,media,medicine,2,100,100,5000
works_in_industry_en__field_of_study_en,media,music,2,100,100,5000
works_in_industry_en__field_of_study_en,media,nursing,2,100,100,5000
works_in_industry_en__field_of_study_en,media,pharmacy,2,100,100,5000
works_in_industry_en__field_of_study_en,media,philosophy,2,100,100,5000
works_in_industry_en__field_of_study_en,media,physics,2,100,100,5000
works_in_industry_en__field_of_study_en,media,politics,2,100,100,5000
works_in_industry_en__field_of_study_en,media,psychology,2,100,100,5000
works_in_industry_en__field_of_study_en,media,quantitative methods,2,100,100,5000
works_in_industry_en__field_of_study_en,media,social care,2,100,100,5000
works_in_industry_en__field_of_study_en,media,software,2,100,100,5000
works_in_industry_en__field_of_study_en,media,statistics,3,100,100,5000
works_in_industry_en__field_of_study_en,media,teaching,2,100,100,5000
works_in_industry_en__field_of_study_en,media,theatre,2,100,100,5000
works_in_industry_en__field_of_study_en,media,tourism,2,100,100,5000
works_in_industry_en__field_of_study_en,pharmaceuticals,accounting,2,100,100,5000
works_in_industry_en__field_of_study_en,pharmaceuticals,agriculture,2,100,100,5000
works_in_industry_en__field_of_study_en,pharmaceuticals,animal care,2,100,100,5000
works_in_industry_en__field_of_study_en,pharmaceuticals,anthropology,1,100,100,5000
works_in_industry_en__field_of_study_en,pharmaceuticals,archaeology,2,100,100,5000
works_in_industry_en__field_of_study_en,pharmaceuticals,architecture,2,100,100,5000
works_in_industry_en__field_of_study_en,pharmaceuticals,biology,2,100,100,5000
works_in_industry_en__field_of_study_en,pharmaceuticals,business,2,100,100,5000
works_in_industry_en__field_of_study_en,pharmaceuticals,chemistry,2,100,100,5000
works_in_industry_en__field_of_study_en,pharmaceuticals,communication,2,100,100,5000
works_in_industry_en__field_of_study_en,pharmaceuticals,computing,2,100,100,5000
works_in_industry_en__field_of_study_en,pharmaceuticals,construction,2,100,100,5000
works_in_industry_en__field_of_study_en,pharmaceuticals,cultural analysis,2,100,100,5000
works_in_industry_en__field_of_study_en,pharmaceuticals,data analytics,2,100,100,5000
works_in_industry_en__field_of_study_en,pharmaceuticals,dental studies,2,100,100,5000
works_in_industry_en__field_of_study_en,pharmaceuticals,design,2,100,100,5000
works_in_industry_en__field_of_study_en,pharmaceuticals,diplomacy,2,100,100,5000
works_in_industry_en__field_of_study_en,pharmaceuticals,ecology,2,100,100,5000
works_in_industry_en__field_of_study_en,pharmaceuticals,economics,2,100,100,5000
works_in_industry_en__field_of_study_en,pharmaceuticals,electricity,2,100,100,5000
works_in_industry_en__field_of_study_en,pharmaceuticals,exercise science,2,100,100,5000
works_in_industry_en__field_of_study_en,pharmaceuticals,film studies,2,100,100,5000
works_in_industry_en__field_of_study_en,pharmaceuticals,fiscal studies,2,100,100,5000
works_in_industry_en__field_of_study_en,pharmaceuticals,forestry,1,100,100,5000
works_in_industry_en__field_of_study_en,pharmaceuticals,geography,2,100,100,5000
works_in_industry_en__field_of_study_en,pharmaceuticals,governance,2,100,100,5000
works_in_industry_en__field_of_study_en,pharmaceuticals,history,2,100,100,5000
works_in_industry_en__field_of_study_en,pharmaceuticals,law,3,100,100,5000
works_in_industry_en__field_of_study_en,pharmaceuticals,linguistics,2,100,100,5000
works_in_industry_en__field_of_study_en,pharmaceuticals,literature,2,100,100,5000
works_in_industry_en__field_of_study_en,pharmaceuticals,logistics,2,100,100,5000
works_in_industry_en__field_of_study_en,pharmaceuticals,management,2,100,100,5000
works_in_industry_en__field_of_study_en,pharmaceuticals,marketing,3,100,100,5000
works_in_industry_en__field_of_study_en,pharmaceuticals,mechanics,1,100,100,5000
works_in_industry_en__field_of_study_en,pharmaceuticals,media studies,2,100,100,5000
works_in_industry_en__field_of_study_en,pharmaceuticals,medicine,2,100,100,5000
works_in_industry_en__field_of_study_en,pharmaceuticals,music,2,100,100,5000
works_in_industry_en__field_of_study_en,pharmaceuticals,nursing,2,100,100,5000
works_in_industry_en__field_of_study_en,pharmaceuticals,pharmacy,2,100,100,5000
works_in_industry_en__field_of_study_en,pharmaceuticals,philosophy,3,100,100,5000
works_in_industry_en__field_of_study_en,pharmaceuticals,physics,2,100,100,5000
works_in_industry_en__field_of_study_en,pharmaceuticals,politics,2,100,100,5000
works_in_industry_en__field_of_study_en,pharmaceuticals,psychology,2,100,100,5000
works_in_industry_en__field_of_study_en,pharmaceuticals,quantitative methods,2,100,100,5000
works_in_industry_en__field_of_study_en,pharmaceuticals,social care,2,100,100,5000
works_in_industry_en__field_of_study_en,pharmaceuticals,software,2,100,100,5000
works_in_industry_en__field_of_study_en,pharmaceuticals,statistics,2,100,100,5000
works_in_industry_en__field_of_study_en,pharmaceuticals,teaching,3,100,100,5000
works_in_industry_en__field_of_study_en,pharmaceuticals,theatre,2,100,100,5000
works_in_industry_en__field_of_study_en,pharmaceuticals,tourism,1,100,100,5000
works_in_industry_en__field_of_study_en,property,accounting,2,100,100,5000
works_in_industry_en__field_of_study_en,property,agriculture,2,100,100,5000
works_in_industry_en__field_of_study_en,property,animal care,2,100,100,5000
works_in_industry_en__field_of_study_en,property,anthropology,2,100,100,5000
works_in_industry_en__field_of_study_en,property,archaeology,2,100,100,5000
works_in_industry_en__field_of_study_en,property,architecture,2,100,100,5000
works_in_industry_en__field_of_study_en,property,biology,2,100,100,5000
works_in_industry_en__field_of_study_en,property,business,2,100,100,5000
works_in_industry_en__field_of_study_en,property,chemistry,2,100,100,5000
works_in_industry_en__field_of_study_en,property,communication,2,100,100,5000
works_in_industry_en__field_of_study_en,property,computing,2,100,100,5000
works_in_industry_en__field_of_study_en,property,construction,2,100,100,5000
works_in_industry_en__field_of_study_en,property,cultural analysis,2,100,100,5000
works_in_industry_en__field_of_study_en,property,data analytics,2,100,100,5000
works_in_industry_en__field_of_study_en,property,dental studies,2,100,100,5000
works_in_industry_en__field_of_study_en,property,design,2,100,100,5000
works_in_industry_en__field_of_study_en,property,diplomacy,2,100,100,5000
works_in_industry_en__field_of_study_en,property,ecology,2,100,100,5000
works_in_industry_en__field_of_study_en,property,economics,2,100,100,5000
works_in_industry_en__field_of_study_en,property,electricity,2,100,100,5000
works_in_industry_en__field_of_study_en,property,exercise science,2,100,100,5000
works_in_industry_en__field_of_study_en,property,film studies,2,100,100,5000
works_in_industry_en__field_of_study_en,property,fiscal studies,2,100,100,5000
works_in_industry_en__field_of_study_en,property,forestry,2,100,100,5000
works_in_industry_en__field_of_study_en,property,geography,2,100,100,5000
works_in_industry_en__field_of_study_en,property,governance,2,100,100,5000
works_in_industry_en__field_of_study_en,property,history,2,100,100,5000
works_in_industry_en__field_of_study_en,property,law,2,100,100,5000
works_in_industry_en__field_of_study_en,property,linguistics,2,100,100,5000
works_in_industry_en__field_of_study_en,property,literature,2,100,100,5000
works_in_industry_en__field_of_study_en,property,logistics,1,100,100,5000
works_in_industry_en__field_of_study_en,property,management,2,100,100,5000
works_in_industry_en__field_of_study_en,property,marketing,2,100,100,5000
works_in_industry_en__field_of_study_en,property,mechanics,2,100,100,5000
works_in_industry_en__field_of_study_en,property,media studies,2,100,100,5000
works_in_industry_en__field_of_study_en,property,medicine,2,100,100,5000
works_in_industry_en__field_of_study_en,property,music,2,100,100,5000
works_in_industry_en__field_of_study_en,property,nursing,2,100,100,5000
works_in_industry_en__field_of_study_en,property,pharmacy,2,100,100,5000
works_in_industry_en__field_of_study_en,property,philosophy,2,100,100,5000
works_in_industry_en__field_of_study_en,property,physics,2,100,100,5000
works_in_industry_en__field_of_study_en,property,politics,2,100,100,5000
works_in_industry_en__field_of_study_en,property,psychology,3,100,100,5000
works_in_industry_en__field_of_study_en,property,quantitative methods,2,100,100,5000
works_in_industry_en__field_of_study_en,property,social care,2,100,100,5000
works_in_industry_en__field_of_study_en,property,software,2,100,100,5000
works_in_industry_en__field_of_study_en,property,statistics,2,100,100,5000
works_in_industry_en__field_of_study_en,property,teaching,2,100,100,5000
works_in_industry_en__field_of_study_en,property,theatre,2,100,100,5000
works_in_industry_en__field_of_study_en,property,tourism,2,100,100,5000
works_in_industry_en__field_of_study_en,railways,accounting,3,100,100,5000
works_in_industry_en__field_of_study_en,railways,agriculture,2,100,100,5000
works_in_industry_en__field_of_study_en,railways,animal care,2,100,100,5000
works_in_industry_en__field_of_study_en,railways,anthropology,2,100,100,5000
works_in_industry_en__field_of_study_en,railways,archaeology,2,100,100,5000
works_in_industry_en__field_of_study_en,railways,architecture,2,100,100,5000
works_in_industry_en__field_of_study_en,railways,biology,2,100,100,5000
works_in_industry_en__field_of_study_en,railways,business,2,100,100,5000
works_in_industry_en__field_of_study_en,railways,chemistry,2,100,100,5000
works_in_industry_en__field_of_study_en,railways,communication,2,100,100,5000
works_in_industry_en__field_of_study_en,railways,computing,2,100,100,5000
works_in_industry_en__field_of_study_en,railways,construction,2,100,100,5000
works_in_industry_en__field_of_study_en,railways,cultural analysis,2,100,100,5000
works_in_industry_en__field_of_study_en,railways,data analytics,2,100,100,5000
works_in_industry_en__field_of_study_en,railways,dental studies,1,100,100,5000
works_in_industry_en__field_of_study_en,railways,design,2,100,100,5000
works_in_industry_en__field_of_study_en,railways,diplomacy,2,100,100,5000
works_in_industry_en__field_of_study_en,railways,ecology,2,100,100,5000
works_in_industry_en__field_of_study_en,railways,economics,2,100,100,5000
works_in_industry_en__field_of_study_en,railways,electricity,3,100,100,5000
works_in_industry_en__field_of_study_en,railways,exercise science,2,100,100,5000
works_in_industry_en__field_of_study_en,railways,film studies,2,100,100,5000
works_in_industry_en__field_of_study_en,railways,fiscal studies,2,100,100,5000
works_in_industry_en__field_of_study_en,railways,forestry,3,100,100,5000
works_in_industry_en__field_of_study_en,railways,geography,2,100,100,5000
works_in_industry_en__field_of_study_en,railways,governance,2,100,100,5000
works_in_industry_en__field_of_study_en,railways,history,2,100,100,5000
works_in_industry_en__field_of_study_en,railways,law,2,100,100,5000
works_in_industry_en__field_of_study_en,railways,linguistics,2,100,100,5000
works_in_industry_en__field_of_study_en,railways,literature,2,100,100,5000
works_in_industry_en__field_of_study_en,railways,logistics,2,100,100,5000
works_in_industry_en__field_of_study_en,railways,management,2,100,100,5000
works_in_industry_en__field_of_study_en,railways,marketing,2,100,100,5000
works_in_industry_en__field_of_study_en,railways,mechanics,2,100,100,5000
works_in_industry_en__field_of_study_en,railways,media studies,2,100,100,5000
works_in_industry_en__field_of_study_en,railways,medicine,2,100,100,5000
works_in_industry_en__field_of_study_en,railways,music,2,100,100,5000
works_in_industry_en__field_of_study_en,railways,nursing,2,100,100,5000
works_in_industry_en__field_of_study_en,railways,pharmacy,2,100,100,5000
works_in_industry_en__field_of_study_en,railways,philosophy,2,100,100,5000
works_in_industry_en__field_of_study_en,railways,physics,2,100,100,5000
works_in_industry_en__field_of_study_en,railways,politics,2,100,100,5000
works_in_industry_en__field_of_study_en,railways,psychology,1,100,100,5000
works_in_industry_en__field_of_study_en,railways,quantitative methods,2,100,100,5000
works_in_industry_en__field_of_study_en,railways,social care,2,100,100,5000
works_in_industry_en__field_of_study_en,railways,software,2,100,100,5000
works_in_industry_en__field_of_study_en,railways,statistics,2,100,100,5000
works_in_industry_en__field_of_study_en,railways,teaching,1,100,100,5000
works_in_industry_en__field_of_study_en,railways,theatre,2,100,100,5000
works_in_industry_en__field_of_study_en,railways,tourism,2,100,100,5000
works_in_industry_en__field_of_study_en,recreation,accounting,2,100,100,5000
works_in_industry_en__field_of_study_en,recreation,agriculture,2,100,100,5000
works_in_industry_en__field_of_study_en,recreation,animal care,2,100,100,5000
works_in_industry_en__field_of_study_en,recreation,anthropology,2,100,100,5000
works_in_industry_en__field_of_study_en,recreation,archaeology,2,100,100,5000
works_in_industry_en__field_of_study_en,recreation,architecture,2,100,100,5000
works_in_industry_en__field_of_study_en,recreation,biology,2,100,100,5000
works_in_industry_en__field_of_study_en,recreation,business,2,100,100,5000
works_in_industry_en__field_of_study_en,recreation,chemistry,2,100,100,5000
works_in_industry_en__field_of_study_en,recreation,communication,1,100,100,5000
works_in_industry_en__field_of_study_en,recreation,computing,2,100,100,5000
works_in_industry_en__field_of_study_en,recreation,construction,2,100,100,5000
works_in_industry_en__field_of_study_en,recreation,cultural analysis,2,100,100,5000
works_in_industry_en__field_of_study_en,recreation,data analytics,2,100,100,5000
works_in_industry_en__field_of_study_en,recreation,dental studies,2,100,100,5000
works_in_industry_en__field_of_study_en,recreation,design,2,100,100,5000
works_in_industry_en__field_of_study_en,recreation,diplomacy,2,100,100,5000
works_in_industry_en__field_of_study_en,recreation,ecology,2,100,100,5000
works_in_industry_en__field_of_study_en,recreation,economics,2,100,100,5000
works_in_industry_en__field_of_study_en,recreation,electricity,3,100,100,5000
works_in_industry_en__field_of_study_en,recreation,exercise science,2,100,100,5000
works_in_industry_en__field_of_study_en,recreation,film studies,2,100,100,5000
works_in_industry_en__field_of_study_en,recreation,fiscal studies,2,100,100,5000
works_in_industry_en__field_of_study_en,recreation,forestry,2,100,100,5000
works_in_industry_en__field_of_study_en,recreation,geography,2,100,100,5000
works_in_industry_en__field_of_study_en,recreation,governance,2,100,100,5000
works_in_industry_en__field_of_study_en,recreation,history,2,100,100,5000
works_in_industry_en__field_of_study_en,recreation,law,2,100,100,5000
works_in_industry_en__field_of_study_en,recreation,linguistics,2,100,100,5000
works_in_industry_en__field_of_study_en,recreation,literature,2,100,100,5000
works_in_industry_en__field_of_study_en,recreation,logistics,2,100,100,5000
works_in_industry_en__field_of_study_en,recreation,management,2,100,100,5000
works_in_industry_en__field_of_study_en,recreation,marketing,2,100,100,5000
works_in_industry_en__field_of_study_en,recreation,mechanics,2,100,100,5000
works_in_industry_en__field_of_study_en,recreation,media studies,2,100,100,5000
works_in_industry_en__field_of_study_en,recreation,medicine,2,100,100,5000
works_in_industry_en__field_of_study_en,recreation,music,2,100,100,5000
works_in_industry_en__field_of_study_en,recreation,nursing,2,100,100,5000
works_in_industry_en__field_of_study_en,recreation,pharmacy,2,100,100,5000
works_in_industry_en__field_of_study_en,recreation,philosophy,2,100,100,5000
works_in_industry_en__field_of_study_en,recreation,physics,2,100,100,5000
works_in_industry_en__field_of_study_en,recreation,politics,2,100,100,5000
works_in_industry_en__field_of_study_en,recreation,psychology,2,100,100,5000
works_in_industry_en__field_of_study_en,recreation,quantitative methods,2,100,100,5000
works_in_industry_en__field_of_study_en,recreation,social care,2,100,100,5000
works_in_industry_en__field_of_study_en,recreation,software,2,100,100,5000
works_in_industry_en__field_of_study_en,recreation,statistics,2,100,100,5000
works_in_industry_en__field_of_study_en,recreation,teaching,2,100,100,5000
works_in_industry_en__field_of_study_en,recreation,theatre,2,100,100,5000
works_in_industry_en__field_of_study_en,recreation,tourism,2,100,100,5000
works_in_industry_en__field_of_study_en,research,accounting,2,100,100,5000
works_in_industry_en__field_of_study_en,research,agriculture,2,100,100,5000
works_in_industry_en__field_of_study_en,research,animal care,2,100,100,5000
works_in_industry_en__field_of_study_en,research,anthropology,2,100,100,5000
works_in_industry_en__field_of_study_en,research,archaeology,2,100,100,5000
works_in_industry_en__field_of_study_en,research,architecture,2,100,100,5000
works_in_industry_en__field_of_study_en,research,biology,2,100,100,5000
works_in_industry_en__field_of_study_en,research,business,2,100,100,5000
works_in_industry_en__field_of_study_en,research,chemistry,2,100,100,5000
works_in_industry_en__field_of_study_en,research,communication,2,100,100,5000
works_in_industry_en__field_of_study_en,research,computing,2,100,100,5000
works_in_industry_en__field_of_study_en,research,construction,2,100,100,5000
works_in_industry_en__field_of_study_en,research,cultural analysis,2,100,100,5000
works_in_industry_en__field_of_study_en,research,data analytics,2,100,100,5000
works_in_industry_en__field_of_study_en,research,dental studies,2,100,100,5000
works_in_industry_en__field_of_study_en,research,design,2,100,100,5000
works_in_industry_en__field_of_study_en,research,diplomacy,2,100,100,5000
works_in_industry_en__field_of_study_en,research,ecology,2,100,100,5000
works_in_industry_en__field_of_study_en,research,economics,2,100,100,5000
works_in_industry_en__field_of_study_en,research,electricity,1,100,100,5000
works_in_industry_en__field_of_study_en,research,exercise science,2,100,100,5000
works_in_industry_en__field_of_study_en,research,film studies,2,100,100,5000
works_in_industry_en__field_of_study_en,research,fiscal studies,3,100,100,5000
works_in_industry_en__field_of_study_en,research,forestry,2,100,100,5000
works_in_industry_en__field_of_study_en,research,geography,2,100,100,5000
works_in_industry_en__field_of_study_en,research,governance,2,100,100,5000
works_in_industry_en__field_of_study_en,research,history,2,100,100,5000
works_in_industry_en__field_of_study_en,research,law,2,100,100,5000
works_in_industry_en__field_of_study_en,research,linguistics,2,100,100,5000
works_in_industry_en__field_of_study_en,research,literature,2,100,100,5000
works_in_industry_en__field_of_study_en,research,logistics,2,100,100,5000
works_in_industry_en__field_of_study_en,research,management,2,100,100,5000
works_in_industry_en__field_of_study_en,research,marketing,2,100,100,5000
works_in_industry_en__field_of_study_en,research,mechanics,2,100,100,5000
works_in_industry_en__field_of_study_en,research,media studies,2,100,100,5000
works_in_industry_en__field_of_study_en,research,medicine,2,100,100,5000
works_in_industry_en__field_of_study_en,research,music,2,100,100,5000
works_in_industry_en__field_of_study_en,research,nursing,2,100,100,5000
works_in_industry_en__field_of_study_en,research,pharmacy,2,100,100,5000
works_in_industry_en__field_of_study_en,research,philosophy,2,100,100,5000
works_in_industry_en__field_of_study_en,research,physics,2,100,100,5000
works_in_industry_en__field_of_study_en,research,politics,2,100,100,5000
works_in_industry_en__field_of_study_en,research,psychology,2,100,100,5000
works_in_industry_en__field_of_study_en,research,quantitative methods,2,100,100,5000
works_in_industry_en__field_of_study_en,research,social care,2,100,100,5000
works_in_industry_en__field_of_study_en,research,software,2,100,100,5000
works_in_industry_en__field_of_study_en,research,statistics,2,100,100,5000
works_in_industry_en__field_of_study_en,research,teaching,2,100,100,5000
works_in_industry_en__field_of_study_en,research,theatre,2,100,100,5000
works_in_industry_en__field_of_study_en,research,tourism,2,100,100,5000
works_in_industry_en__field_of_study_en,retail,accounting,2,100,100,5000
works_in_industry_en__field_of_study_en,retail,agriculture,2,100,100,5000
works_in_industry_en__field_of_study_en,retail,animal care,2,100,100,5000
works_in_industry_en__field_of_study_en,retail,anthropology,2,100,100,5000
works_in_industry_en__field_of_study_en,retail,archaeology,2,100,100,5000
works_in_industry_en__field_of_study_en,retail,architecture,2,100,100,5000
works_in_industry_en__field_of_study_en,retail,biology,2,100,100,5000
works_in_industry_en__field_of_study_en,retail,business,2,100,100,5000
works_in_industry_en__field_of_study_en,retail,chemistry,2,100,100,5000
works_in_industry_en__field_of_study_en,retail,communication,2,100,100,5000
works_in_industry_en__field_of_study_en,retail,computing,2,100,100,5000
works_in_industry_en__field_of_study_en,retail,construction,2,100,100,5000
works_in_industry_en__field_of_study_en,retail,cultural analysis,2,100,100,5000
works_in_industry_en__field_of_study_en,retail,data analytics,2,100,100,5000
works_in_industry_en__field_of_study_en,retail,dental studies,2,100,100,5000
works_in_industry_en__field_of_study_en,retail,design,2,100,100,5000
works_in_industry_en__field_of_study_en,retail,diplomacy,2,100,100,5000
works_in_industry_en__field_of_study_en,retail,ecology,2,100,100,5000
works_in_industry_en__field_of_study_en,retail,economics,2,100,100,5000
works_in_industry_en__field_of_study_en,retail,electricity,2,100,100,5000
works_in_industry_en__field_of_study_en,retail,exercise science,2,100,100,5000
works_in_industry_en__field_of_study_en,retail,film studies,2,100,100,5000
works_in_industry_en__field_of_study_en,retail,fiscal studies,2,100,100,5000
works_in_industry_en__field_of_study_en,retail,forestry,2,100,100,5000
works_in_industry_en__field_of_study_en,retail,geography,2,100,100,5000
works_in_industry_en__field_of_study_en,retail,governance,2,100,100,5000
works_in_industry_en__field_of_study_en,retail,history,2,100,100,5000
works_in_industry_en__field_of_study_en,retail,law,2,100,100,5000
works_in_industry_en__field_of_study_en,retail,linguistics,2,100,100,5000
works_in_industry_en__field_of_study_en,retail,literature,2,100,100,5000
works_in_industry_en__field_of_study_en,retail,logistics,2,100,100,5000
works_in_industry_en__field_of_study_en,retail,management,2,100,100,5000
works_in_industry_en__field_of_study_en,retail,marketing,2,100,100,5000
works_in_industry_en__field_of_study_en,retail,mechanics,2,100,100,5000
works_in_industry_en__field_of_study_en,retail,media studies,2,100,100,5000
works_in_industry_en__field_of_study_en,retail,medicine,2,100,100,5000
works_in_industry_en__field_of_study_en,retail,music,2,100,100,5000
works_in_industry_en__field_of_study_en,retail,nursing,2,100,100,5000
works_in_industry_en__field_of_study_en,retail,pharmacy,2,100,100,5000
works_in_industry_en__field_of_study_en,retail,philosophy,2,100,100,5000
works_in_industry_en__field_of_study_en,retail,physics,2,100,100,5000
works_in_industry_en__field_of_study_en,retail,politics,2,100,100,5000
works_in_industry_en__field_of_study_en,retail,psychology,2,100,100,5000
works_in_industry_en__field_of_study_en,retail,quantitative methods,2,100,100,5000
works_in_industry_en__field_of_study_en,retail,social care,2,100,100,5000
works_in_industry_en__field_of_study_en,retail,software,2,100,100,5000
works_in_industry_en__field_of_study_en,retail,statistics,2,100,100,5000
works_in_industry_en__field_of_study_en,retail,teaching,2,100,100,5000
works_in_industry_en__field_of_study_en,retail,theatre,2,100,100,5000
works_in_industry_en__field_of_study_en,retail,tourism,2,100,100,5000
works_in_industry_en__field_of_study_en,security,accounting,2,100,100,5000
works_in_industry_en__field_of_study_en,security,agriculture,2,100,100,5000
works_in_industry_en__field_of_study_en,security,animal care,2,100,100,5000
works_in_industry_en__field_of_study_en,security,anthropology,2,100,100,5000
works_in_industry_en__field_of_study_en,security,archaeology,2,100,100,5000
works_in_industry_en__field_of_study_en,security,architecture,2,100,100,5000
works_in_industry_en__field_of_study_en,security,biology,2,100,100,5000
works_in_industry_en__field_of_study_en,security,business,2,100,100,5000
works_in_industry_en__field_of_study_en,security,chemistry,2,100,100,5000
works_in_industry_en__field_of_study_en,security,communication,2,100,100,5000
works_in_industry_en__field_of_study_en,security,computing,2,100,100,5000
works_in_industry_en__field_of_study_en,security,construction,2,100,100,5000
works_in_industry_en__field_of_study_en,security,cultural analysis,2,100,100,5000
works_in_industry_en__field_of_study_en,security,data analytics,3,100,100,5000
works_in_industry_en__field_of_study_en,security,dental studies,1,100,100,5000
works_in_industry_en__field_of_study_en,security,design,2,100,100,5000
works_in_industry_en__field_of_study_en,security,diplomacy,2,100,100,5000
works_in_industry_en__field_of_study_en,security,ecology,3,100,100,5000
works_in_industry_en__field_of_study_en,security,economics,2,100,100,5000
works_in_industry_en__field_of_study_en,security,electricity,2,100,100,5000
works_in_industry_en__field_of_study_en,security,exercise science,2,100,100,5000
works_in_industry_en__field_of_study_en,security,film studies,2,100,100,5000
works_in_industry_en__field_of_study_en,security,fiscal studies,2,100,100,5000
works_in_industry_en__field_of_study_en,security,forestry,2,100,100,5000
works_in_industry_en__field_of_study_en,security,geography,2,100,100,5000
works_in_industry_en__field_of_study_en,security,governance,2,100,100,5000
works_in_industry_en__field_of_study_en,security,history,2,100,100,5000
works_in_industry_en__field_of_study_en,security,law,2,100,100,5000
works_in_industry_en__field_of_study_en,security,linguistics,2,100,100,5000
works_in_industry_en__field_of_study_en,security,literature,2,100,100,5000
works_in_industry_en__field_of_study_en,security,logistics,2,100,100,5000
works_in_industry_en__field_of_study_en,security,management,2,100,100,5000
works_in_industry_en__field_of_study_en,security,marketing,2,100,100,5000
works_in_industry_en__field_of_study_en,security,mechanics,2,100,100,5000
works_in_industry_en__field_of_study_en,security,media studies,2,100,100,5000
works_in_industry_en__field_of_study_en,security,medicine,2,100,100,5000
works_in_industry_en__field_of_study_en,security,music,2,100,100,5000
works_in_industry_en__field_of_study_en,security,nursing,2,100,100,5000
works_in_industry_en__field_of_study_en,security,pharmacy,2,100,100,5000
works_in_industry_en__field_of_study_en,security,philosophy,2,100,100,5000
works_in_industry_en__field_of_study_en,security,physics,1,100,100,5000
works_in_industry_en__field_of_study_en,security,politics,2,100,100,5000
works_in_industry_en__field_of_study_en,security,psychology,2,100,100,5000
works_in_industry_en__field_of_study_en,security,quantitative methods,2,100,100,5000
works_in_industry_en__field_of_study_en,security,social care,2,100,100,5000
works_in_industry_en__field_of_study_en,security,software,2,100,100,5000
works_in_industry_en__field_of_study_en,security,statistics,2,100,100,5000
works_in_industry_en__field_of_study_en,security,teaching,2,100,100,5000
works_in_industry_en__field_of_study_en,security,theatre,2,100,100,5000
works_in_industry_en__field_of_study_en,security,tourism,2,100,100,5000
works_in_industry_en__field_of_study_en,software,accounting,2,100,100,5000
works_in_industry_en__field_of_study_en,software,agriculture,2,100,100,5000
works_in_industry_en__field_of_study_en,software,animal care,2,100,100,5000
works_in_industry_en__field_of_study_en,software,anthropology,2,100,100,5000
works_in_industry_en__field_of_study_en,software,archaeology,2,100,100,5000
works_in_industry_en__field_of_study_en,software,architecture,2,100,100,5000
works_in_industry_en__field_of_study_en,software,biology,2,100,100,5000
works_in_industry_en__field_of_study_en,software,business,2,100,100,5000
works_in_industry_en__field_of_study_en,software,chemistry,2,100,100,5000
works_in_industry_en__field_of_study_en,software,communication,2,100,100,5000
works_in_industry_en__field_of_study_en,software,computing,2,100,100,5000
works_in_industry_en__field_of_study_en,software,construction,2,100,100,5000
works_in_industry_en__field_of_study_en,software,cultural analysis,2,100,100,5000
works_in_industry_en__field_of_study_en,software,data analytics,2,100,100,5000
works_in_industry_en__field_of_study_en,software,dental studies,2,100,100,5000
works_in_industry_en__field_of_study_en,software,design,2,100,100,5000
works_in_industry_en__field_of_study_en,software,diplomacy,2,100,100,5000
works_in_industry_en__field_of_study_en,software,ecology,2,100,100,5000
works_in_industry_en__field_of_study_en,software,economics,2,100,100,5000
works_in_industry_en__field_of_study_en,software,electricity,2,100,100,5000
works_in_industry_en__field_of_study_en,software,exercise science,2,100,100,5000
works_in_industry_en__field_of_study_en,software,film studies,2,100,100,5000
works_in_industry_en__field_of_study_en,software,fiscal studies,2,100,100,5000
works_in_industry_en__field_of_study_en,software,forestry,2,100,100,5000
works_in_industry_en__field_of_study_en,software,geography,2,100,100,5000
works_in_industry_en__field_of_study_en,software,governance,2,100,100,5000
works_in_industry_en__field_of_study_en,software,history,2,100,100,5000
works_in_industry_en__field_of_study_en,software,law,2,100,100,5000
works_in_industry_en__field_of_study_en,software,linguistics,2,100,100,5000
works_in_industry_en__field_of_study_en,software,literature,2,100,100,5000
works_in_industry_en__field_of_study_en,software,logistics,2,100,100,5000
works_in_industry_en__field_of_study_en,software,management,2,100,100,5000
works_in_industry_en__field_of_study_en,software,marketing,2,100,100,5000
works_in_industry_en__field_of_study_en,software,mechanics,2,100,100,5000
works_in_industry_en__field_of_study_en,software,media studies,2,100,100,5000
works_in_industry_en__field_of_study_en,software,medicine,2,100,100,5000
works_in_industry_en__field_of_study_en,software,music,2,100,100,5000
works_in_industry_en__field_of_study_en,software,nursing,2,100,100,5000
works_in_industry_en__field_of_study_en,software,pharmacy,2,100,100,5000
works_in_industry_en__field_of_study_en,software,philosophy,2,100,100,5000
works_in_industry_en__field_of_study_en,software,physics,2,100,100,5000
works_in_industry_en__field_of_study_en,software,politics,2,100,100,5000
works_in_industry_en__field_of_study_en,software,psychology,2,100,100,5000
works_in_industry_en__field_of_study_en,software,quantitative methods,2,100,100,5000
works_in_industry_en__field_of_study_en,software,social care,2,100,100,5000
works_in_industry_en__field_of_study_en,software,software,2,100,100,5000
works_in_industry_en__field_of_study_en,software,statistics,2,100,100,5000
works_in_industry_en__field_of_study_en,software,teaching,2,100,100,5000
works_in_industry_en__field_of_study_en,software,theatre,2,100,100,5000
works_in_industry_en__field_of_study_en,software,tourism,2,100,100,5000
works_in_industry_en__field_of_study_en,space,accounting,1,100,100,5000
works_in_industry_en__field_of_study_en,space,agriculture,2,100,100,5000
works_in_industry_en__field_of_study_en,space,animal care,2,100,100,5000
works_in_industry_en__field_of_study_en,space,anthropology,2,100,100,5000
works_in_industry_en__field_of_study_en,space,archaeology,2,100,100,5000
works_in_industry_en__field_of_study_en,space,architecture,2,100,100,5000
works_in_industry_en__field_of_study_en,space,biology,2,100,100,5000
works_in_industry_en__field_of_study_en,space,business,2,100,100,5000
works_in_industry_en__field_of_study_en,space,chemistry,2,100,100,5000
works_in_industry_en__field_of_study_en,space,communication,2,100,100,5000
works_in_industry_en__field_of_study_en,space,computing,2,100,100,5000
works_in_industry_en__field_of_study_en,space,construction,3,100,100,5000
works_in_industry_en__field_of_study_en,space,cultural analysis,2,100,100,5000
works_in_industry_en__field_of_study_en,space,data analytics,2,100,100,5000
works_in_industry_en__field_of_study_en,space,dental studies,2,100,100,5000
works_in_industry_en__field_of_study_en,space,design,3,100,100,5000
works_in_industry_en__field_of_study_en,space,diplomacy,2,100,100,5000
works_in_industry_en__field_of_study_en,space,ecology,2,100,100,5000
works_in_industry_en__field_of_study_en,space,economics,2,100,100,5000
works_in_industry_en__field_of_study_en,space,electricity,2,100,100,5000
works_in_industry_en__field_of_study_en,space,exercise science,2,100,100,5000
works_in_industry_en__field_of_study_en,space,film studies,2,100,100,5000
works_in_industry_en__field_of_study_en,space,fiscal studies,1,100,100,5000
works_in_industry_en__field_of_study_en,space,forestry,2,100,100,5000
works_in_industry_en__field_of_study_en,space,geography,2,100,100,5000
works_in_industry_en__field_of_study_en,space,governance,2,100,100,5000
works_in_industry_en__field_of_study_en,space,history,2,100,100,5000
works_in_industry_en__field_of_study_en,space,law,2,100,100,5000
works_in_industry_en__field_of_study_en,space,linguistics,2,100,100,5000
works_in_industry_en__field_of_study_en,space,literature,2,100,100,5000
works_in_industry_en__field_of_study_en,space,logistics,2,100,100,5000
works_in_industry_en__field_of_study_en,space,management,2,100,100,5000
works_in_industry_en__field_of_study_en,space,marketing,2,100,100,5000
works_in_industry_en__field_of_study_en,space,mechanics,2,100,100,5000
works_in_industry_en__field_of_study_en,space,media studies,2,100,100,5000
works_in_industry_en__field_of_study_en,space,medicine,2,100,100,5000
works_in_industry_en__field_of_study_en,space,music,2,100,100,5000
works_in_industry_en__field_of_study_en,space,nursing,2,100,100,5000
works_in_industry_en__field_of_study_en,space,pharmacy,2,100,100,5000
works_in_industry_en__field_of_study_en,space,philosophy,2,100,100,5000
works_in_industry_en__field_of_study_en,space,physics,2,100,100,5000
works_in_industry_en__field_of_study_en,space,politics,2,100,100,5000
works_in_industry_en__field_of_study_en,space,psychology,1,100,100,5000
works_in_industry_en__field_of_study_en,space,quantitative methods,3,100,100,5000
works_in_industry_en__field_of_study_en,space,social care,2,100,100,5000
works_in_industry_en__field_of_study_en,space,software,2,100,100,5000
works_in_industry_en__field_of_study_en,space,statistics,2,100,100,5000
works_in_industry_en__field_of_study_en,space,teaching,2,100,100,5000
works_in_industry_en__field_of_study_en,space,theatre,2,100,100,5000
works_in_industry_en__field_of_study_en,space,tourism,2,100,100,5000
works_in_industry_en__field_of_study_en,textiles,accounting,2,100,100,5000
works_in_industry_en__field_of_study_en,textiles,agriculture,2,100,100,5000
works_in_industry_en__field_of_study_en,textiles,animal care,2,100,100,5000
works_in_industry_en__field_of_study_en,textiles,anthropology,2,100,100,5000
works_in_industry_en__field_of_study_en,textiles,archaeology,2,100,100,5000
works_in_industry_en__field_of_study_en,textiles,architecture,2,100,100,5000
works_in_industry_en__field_of_study_en,textiles,biology,2,100,100,5000
works_in_industry_en__field_of_study_en,textiles,business,2,100,100,5000
works_in_industry_en__field_of_study_en,textiles,chemistry,2,100,100,5000
works_in_industry_en__field_of_study_en,textiles,communication,2,100,100,5000
works_in_industry_en__field_of_study_en,textiles,computing,2,100,100,5000
works_in_industry_en__field_of_study_en,textiles,construction,1,100,100,5000
works_in_industry_en__field_of_study_en,textiles,cultural analysis,2,100,100,5000
works_in_industry_en__field_of_study_en,textiles,data analytics,2,100,100,5000
works_in_industry_en__field_of_study_en,textiles,dental studies,2,100,100,5000
works_in_industry_en__field_of_study_en,textiles,design,2,100,100,5000
works_in_industry_en__field_of_study_en,textiles,diplomacy,2,100,100,5000
works_in_industry_en__field_of_study_en,textiles,ecology,2,100,100,5000
works_in_industry_en__field_of_study_en,textiles,economics,2,100,100,5000
works_in_industry_en__field_of_study_en,textiles,electricity,2,100,100,5000
works_in_industry_en__field_of_study_en,textiles,exercise science,2,100,100,5000
works_in_industry_en__field_of_study_en,textiles,film studies,3,100,100,5000
works_in_industry_en__field_of_study_en,textiles,fiscal studies,2,100,100,5000
works_in_industry_en__field_of_study_en,textiles,forestry,2,100,100,5000
works_in_industry_en__field_of_study_en,textiles,geography,2,100,100,5000
works_in_industry_en__field_of_study_en,textiles,governance,2,100,100,5000
works_in_industry_en__field_of_study_en,textiles,history,2,100,100,5000
works_in_industry_en__field_of_study_en,textiles,law,2,100,100,5000
works_in_industry_en__field_of_study_en,textiles,linguistics,2,100,100,5000
works_in_industry_en__field_of_study_en,textiles,literature,2,100,100,5000
works_in_industry_en__field_of_study_en,textiles,logistics,2,100,100,5000
works_in_industry_en__field_of_study_en,textiles,management,2,100,100,5000
works_in_industry_en__field_of_study_en,textiles,marketing,2,100,100,5000
works_in_industry_en__field_of_study_en,textiles,mechanics,2,100,100,5000
works_in_industry_en__field_of_study_en,textiles,media studies,2,100,100,5000
works_in_industry_en__field_of_study_en,textiles,medicine,2,100,100,5000
works_in_industry_en__field_of_study_en,textiles,music,2,100,100,5000
works_in_industry_en__field_of_study_en,textiles,nursing,2,100,100,5000
works_in_industry_en__field_of_study_en,textiles,pharmacy,2,100,100,5000
works_in_industry_en__field_of_study_en,textiles,philosophy,2,100,100,5000
works_in_industry_en__field_of_study_en,textiles,physics,2,100,100,5000
works_in_industry_en__field_of_study_en,textiles,politics,2,100,100,5000
works_in_industry_en__field_of_study_en,textiles,psychology,2,100,100,5000
works_in_industry_en__field_of_study_en,textiles,quantitative methods,2,100,100,5000
works_in_industry_en__field_of_study_en,textiles,social care,2,100,100,5000
works_in_industry_en__field_of_study_en,textiles,software,2,100,100,5000
works_in_industry_en__field_of_study_en,textiles,statistics,2,100,100,5000
works_in_industry_en__field_of_study_en,textiles,teaching,2,100,100,5000
works_in_industry_en__field_of_study_en,textiles,theatre,2,100,100,5000
works_in_industry_en__field_of_study_en,textiles,tourism,2,100,100,5000
works_in_industry_en__field_of_study_en,timber,accounting,2,100,100,5000
works_in_industry_en__field_of_study_en,timber,agriculture,2,100,100,5000
works_in_industry_en__field_of_study_en,timber,animal care,2,100,100,5000
works_in_industry_en__field_of_study_en,timber,anthropology,2,100,100,5000
works_in_industry_en__field_of_study_en,timber,archaeology,1,100,100,5000
works_in_industry_en__field_of_study_en,timber,architecture,2,100,100,5000
works_in_industry_en__field_of_study_en,timber,biology,2,100,100,5000
works_in_industry_en__field_of_study_en,timber,business,2,100,100,5000
works_in_industry_en__field_of_study_en,timber,chemistry,2,100,100,5000
works_in_industry_en__field_of_study_en,timber,communication,2,100,100,5000
works_in_industry_en__field_of_study_en,timber,computing,2,100,100,5000
works_in_industry_en__field_of_study_en,timber,construction,2,100,100,5000
works_in_industry_en__field_of_study_en,timber,cultural analysis,2,100,100,5000
works_in_industry_en__field_of_study_en,timber,data analytics,2,100,100,5000
works_in_industry_en__field_of_study_en,timber,dental studies,2,100,100,5000
works_in_industry_en__field_of_study_en,timber,design,2,100,100,5000
works_in_industry_en__field_of_study_en,timber,diplomacy,2,100,100,5000
works_in_industry_en__field_of_study_en,timber,ecology,2,100,100,5000
works_in_industry_en__field_of_study_en,timber,economics,2,100,100,5000
works_in_industry_en__field_of_study_en,timber,electricity,2,100,100,5000
works_in_industry_en__field_of_study_en,timber,exercise science,2,100,100,5000
works_in_industry_en__field_of_study_en,timber,film studies,3,100,100,5000
works_in_industry_en__field_of_study_en,timber,fiscal studies,2,100,100,5000
works_in_industry_en__field_of_study_en,timber,forestry,2,100,100,5000
works_in_industry_en__field_of_study_en,timber,geography,2,100,100,5000
works_in_industry_en__field_of_study_en,timber,governance,2,100,100,5000
works_in_industry_en__field_of_study_en,timber,history,2,100,100,5000
works_in_industry_en__field_of_study_en,timber,law,2,100,100,5000
works_in_industry_en__field_of_study_en,timber,linguistics,2,100,100,5000
works_in_industry_en__field_of_study_en,timber,literature,2,100,100,5000
works_in_industry_en__field_of_study_en,timber,logistics,3,100,100,5000
works_in_industry_en__field_of_study_en,timber,management,2,100,100,5000
works_in_industry_en__field_of_study_en,timber,marketing,2,100,100,5000
works_in_industry_en__field_of_study_en,timber,mechanics,2,100,100,5000
works_in_industry_en__field_of_study_en,timber,media studies,2,100,100,5000
works_in_industry_en__field_of_study_en,timber,medicine,2,100,100,5000
works_in_industry_en__field_of_study_en,timber,music,1,100,100,5000
works_in_industry_en__field_of_study_en,timber,nursing,2,100,100,5000
works_in_industry_en__field_of_study_en,timber,pharmacy,2,100,100,5000
works_in_industry_en__field_of_study_en,timber,philosophy,2,100,100,5000
works_in_industry_en__field_of_study_en,timber,physics,2,100,100,5000
works_in_industry_en__field_of_study_en,timber,politics,2,100,100,5000
works_in_industry_en__field_of_study_en,timber,psychology,2,100,100,5000
works_in_industry_en__field_of_study_en,timber,quantitative methods,2,100,100,5000
works_in_industry_en__field_of_study_en,timber,social care,2,100,100,5000
works_in_industry_en__field_of_study_en,timber,software,2,100,100,5000
works_in_industry_en__field_of_study_en,timber,statistics,2,100,100,5000
works_in_industry_en__field_of_study_en,timber,teaching,2,100,100,5000
works_in_industry_en__field_of_study_en,timber,theatre,2,100,100,5000
works_in_industry_en__field_of_study_en,timber,tourism,2,100,100,5000
works_in_industry_en__field_of_study_en,tourism,accounting,3,100,100,5000
works_in_industry_en__field_of_study_en,tourism,agriculture,2,100,100,5000
works_in_industry_en__field_of_study_en,tourism,animal care,2,100,100,5000
works_in_industry_en__field_of_study_en,tourism,anthropology,2,100,100,5000
works_in_industry_en__field_of_study_en,tourism,archaeology,2,100,100,5000
works_in_industry_en__field_of_study_en,tourism,architecture,2,100,100,5000
works_in_industry_en__field_of_study_en,tourism,biology,2,100,100,5000
works_in_industry_en__field_of_study_en,tourism,business,2,100,100,5000
works_in_industry_en__field_of_study_en,tourism,chemistry,2,100,100,5000
works_in_industry_en__field_of_study_en,tourism,communication,2,100,100,5000
works_in_industry_en__field_of_study_en,tourism,computing,2,100,100,5000
works_in_industry_en__field_of_study_en,tourism,construction,3,100,100,5000
works_in_industry_en__field_of_study_en,tourism,cultural analysis,2,100,100,5000
works_in_industry_en__field_of_study_en,tourism,data analytics,2,100,100,5000
works_in_industry_en__field_of_study_en,tourism,dental studies,2,100,100,5000
works_in_industry_en__field_of_study_en,tourism,design,2,100,100,5000
works_in_industry_en__field_of_study_en,tourism,diplomacy,2,100,100,5000
works_in_industry_en__field_of_study_en,tourism,ecology,2,100,100,5000
works_in_industry_en__field_of_study_en,tourism,economics,2,100,100,5000
works_in_industry_en__field_of_study_en,tourism,electricity,2,100,100,5000
works_in_industry_en__field_of_study_en,tourism,exercise science,2,100,100,5000
works_in_industry_en__field_of_study_en,tourism,film studies,2,100,100,5000
works_in_industry_en__field_of_study_en,tourism,fiscal studies,2,100,100,5000
works_in_industry_en__field_of_study_en,tourism,forestry,2,100,100,5000
works_in_industry_en__field_of_study_en,tourism,geography,2,100,100,5000
works_in_industry_en__field_of_study_en,tourism,governance,2,100,100,5000
works_in_industry_en__field_of_study_en,tourism,history,2,100,100,5000
works_in_industry_en__field_of_study_en,tourism,law,2,100,100,5000
works_in_industry_en__field_of_study_en,tourism,linguistics,2,100,100,5000
works_in_industry_en__field_of_study_en,tourism,literature,2,100,100,5000
works_in_industry_en__field_of_study_en,tourism,logistics,2,100,100,5000
works_in_industry_en__field_of_study_en,tourism,management,2,100,100,5000
works_in_industry_en__field_of_study_en,tourism,marketing,2,100,100,5000
works_in_industry_en__field_of_study_en,tourism,mechanics,2,100,100,5000
works_in_industry_en__field_of_study_en,tourism,media studies,2,100,100,5000
works_in_industry_en__field_of_study_en,tourism,medicine,2,100,100,5000
works_in_industry_en__field_of_study_en,tourism,music,2,100,100,5000
works_in_industry_en__field_of_study_en,tourism,nursing,2,100,100,5000
works_in_industry_en__field_of_study_en,tourism,pharmacy,2,100,100,5000
works_in_industry_en__field_of_study_en,tourism,philosophy,2,100,100,5000
works_in_industry_en__field_of_study_en,tourism,physics,2,100,100,5000
works_in_industry_en__field_of_study_en,tourism,politics,2,100,100,5000
works_in_industry_en__field_of_study_en,tourism,psychology,2,100,100,5000
works_in_industry_en__field_of_study_en,tourism,quantitative methods,2,100,100,5000
works_in_industry_en__field_of_study_en,tourism,social care,1,100,100,5000
works_in_industry_en__field_of_study_en,tourism,software,2,100,100,5000
works_in_industry_en__field_of_study_en,tourism,statistics,1,100,100,5000
works_in_industry_en__field_of_study_en,tourism,teaching,2,100,100,5000
works_in_industry_en__field_of_study_en,tourism,theatre,2,100,100,5000
works_in_industry_en__field_of_study_en,tourism,tourism,2,100,100,5000
works_in_industry_en__field_of_study_en,trade,accounting,2,100,100,5000
works_in_industry_en__field_of_study_en,trade,agriculture,2,100,100,5000
works_in_industry_en__field_of_study_en,trade,animal care,2,100,100,5000
works_in_industry_en__field_of_study_en,trade,anthropology,2,100,100,5000
works_in_industry_en__field_of_study_en,trade,archaeology,2,100,100,5000
works_in_industry_en__field_of_study_en,trade,architecture,2,100,100,5000
works_in_industry_en__field_of_study_en,trade,biology,2,100,100,5000
works_in_industry_en__field_of_study_en,trade,business,2,100,100,5000
works_in_industry_en__field_of_study_en,trade,chemistry,2,100,100,5000
works_in_industry_en__field_of_study_en,trade,communication,2,100,100,5000
works_in_industry_en__field_of_study_en,trade,computing,2,100,100,5000
works_in_industry_en__field_of_study_en,trade,construction,2,100,100,5000
works_in_industry_en__field_of_study_en,trade,cultural analysis,2,100,100,5000
works_in_industry_en__field_of_study_en,trade,data analytics,2,100,100,5000
works_in_industry_en__field_of_study_en,trade,dental studies,3,100,100,5000
works_in_industry_en__field_of_study_en,trade,design,2,100,100,5000
works_in_industry_en__field_of_study_en,trade,diplomacy,2,100,100,5000
works_in_industry_en__field_of_study_en,trade,ecology,2,100,100,5000
works_in_industry_en__field_of_study_en,trade,economics,2,100,100,5000
works_in_industry_en__field_of_study_en,trade,electricity,2,100,100,5000
works_in_industry_en__field_of_study_en,trade,exercise science,2,100,100,5000
works_in_industry_en__field_of_study_en,trade,film studies,2,100,100,5000
works_in_industry_en__field_of_study_en,trade,fiscal studies,2,100,100,5000
works_in_industry_en__field_of_study_en,trade,forestry,2,100,100,5000
works_in_industry_en__field_of_study_en,trade,geography,2,100,100,5000
works_in_industry_en__field_of_study_en,trade,governance,2,100,100,5000
works_in_industry_en__field_of_study_en,trade,history,2,100,100,5000
works_in_industry_en__field_of_study_en,trade,law,2,100,100,5000
works_in_industry_en__field_of_study_en,trade,linguistics,2,100,100,5000
works_in_industry_en__field_of_study_en,trade,literature,2,100,100,5000
works_in_industry_en__field_of_study_en,trade,logistics,2,100,100,5000
works_in_industry_en__field_of_study_en,trade,management,2,100,100,5000
works_in_industry_en__field_of_study_en,trade,marketing,2,100,100,5000
works_in_industry_en__field_of_study_en,trade,mechanics,2,100,100,5000
works_in_industry_en__field_of_study_en,trade,media studies,2,100,100,5000
works_in_industry_en__field_of_study_en,trade,medicine,2,100,100,5000
works_in_industry_en__field_of_study_en,trade,music,2,100,100,5000
works_in_industry_en__field_of_study_en,trade,nursing,2,100,100,5000
works_in_industry_en__field_of_study_en,trade,pharmacy,2,100,100,5000
works_in_industry_en__field_of_study_en,trade,philosophy,2,100,100,5000
works_in_industry_en__field_of_study_en,trade,physics,2,100,100,5000
works_in_industry_en__field_of_study_en,trade,politics,2,100,100,5000
works_in_industry_en__field_of_study_en,trade,psychology,2,100,100,5000
works_in_industry_en__field_of_study_en,trade,quantitative methods,2,100,100,5000
works_in_industry_en__field_of_study_en,trade,social care,2,100,100,5000
works_in_industry_en__field_of_study_en,trade,software,2,100,100,5000
works_in_industry_en__field_of_study_en,trade,statistics,2,100,100,5000
works_in_industry_en__field_of_study_en,trade,teaching,2,100,100,5000
works_in_industry_en__field_of_study_en,trade,theatre,2,100,100,5000
works_in_industry_en__field_of_study_en,trade,tourism,1,100,100,5000
works_in_industry_en__field_of_study_en,waste,accounting,2,100,100,5000
works_in_industry_en__field_of_study_en,waste,agriculture,2,100,100,5000
works_in_industry_en__field_of_study_en,waste,animal care,2,100,100,5000
works_in_industry_en__field_of_study_en,waste,anthropology,2,100,100,5000
works_in_industry_en__field_of_study_en,waste,archaeology,2,100,100,5000
works_in_industry_en__field_of_study_en,waste,architecture,2,100,100,5000
works_in_industry_en__field_of_study_en,waste,biology,3,100,100,5000
works_in_industry_en__field_of_study_en,waste,business,2,100,100,5000
works_in_industry_en__field_of_study_en,waste,chemistry,2,100,100,5000
works_in_industry_en__field_of_study_en,waste,communication,1,100,100,5000
works_in_industry_en__field_of_study_en,waste,computing,1,100,100,5000
works_in_industry_en__field_of_study_en,waste,construction,2,100,100,5000
works_in_industry_en__field_of_study_en,waste,cultural analysis,2,100,100,5000
works_in_industry_en__field_of_study_en,waste,data analytics,2,100,100,5000
works_in_industry_en__field_of_study_en,waste,dental studies,2,100,100,5000
works_in_industry_en__field_of_study_en,waste,design,1,100,100,5000
works_in_industry_en__field_of_study_en,waste,diplomacy,2,100,100,5000
works_in_industry_en__field_of_study_en,waste,ecology,2,100,100,5000
works_in_industry_en__field_of_study_en,waste,economics,2,100,100,5000
works_in_industry_en__field_of_study_en,waste,electricity,2,100,100,5000
works_in_industry_en__field_of_study_en,waste,exercise science,2,100,100,5000
works_in_industry_en__field_of_study_en,waste,film studies,3,100,100,5000
works_in_industry_en__field_of_study_en,waste,fiscal studies,2,100,100,5000
works_in_industry_en__field_of_study_en,waste,forestry,2,100,100,5000
works_in_industry_en__field_of_study_en,waste,geography,2,100,100,5000
works_in_industry_en__field_of_study_en,waste,governance,2,100,100,5000
works_in_industry_en__field_of_study_en,waste,history,2,100,100,5000
works_in_industry_en__field_of_study_en,waste,law,1,100,100,5000
works_in_industry_en__field_of_study_en,waste,linguistics,2,100,100,5000
works_in_industry_en__field_of_study_en,waste,literature,2,100,100,5000
works_in_industry_en__field_of_study_en,waste,logistics,2,100,100,5000
works_in_industry_en__field_of_study_en,waste,management,2,100,100,5000
works_in_industry_en__field_of_study_en,waste,marketing,2,100,100,5000
works_in_industry_en__field_of_study_en,waste,mechanics,3,100,100,5000
works_in_industry_en__field_of_study_en,waste,media studies,2,100,100,5000
works_in_industry_en__field_of_study_en,waste,medicine,2,100,100,5000
works_in_industry_en__field_of_study_en,waste,music,2,100,100,5000
works_in_industry_en__field_of_study_en,waste,nursing,2,100,100,5000
works_in_industry_en__field_of_study_en,waste,pharmacy,3,100,100,5000
works_in_industry_en__field_of_study_en,waste,philosophy,2,100,100,5000
works_in_industry_en__field_of_study_en,waste,physics,2,100,100,5000
works_in_industry_en__field_of_study_en,waste,politics,2,100,100,5000
works_in_industry_en__field_of_study_en,waste,psychology,1,100,100,5000
works_in_industry_en__field_of_study_en,waste,quantitative methods,2,100,100,5000
works_in_industry_en__field_of_study_en,waste,social care,2,100,100,5000
works_in_industry_en__field_of_study_en,waste,software,2,100,100,5000
works_in_industry_en__field_of_study_en,waste,statistics,2,100,100,5000
works_in_industry_en__field_of_study_en,waste,teaching,2,100,100,5000
works_in_industry_en__field_of_study_en,waste,theatre,2,100,100,5000
works_in_industry_en__field_of_study_en,waste,tourism,3,100,100,5000
works_in_industry_en__field_of_study_en,welfare,accounting,2,100,100,5000
works_in_industry_en__field_of_study_en,welfare,agriculture,2,100,100,5000
works_in_industry_en__field_of_study_en,welfare,animal care,2,100,100,5000
works_in_industry_en__field_of_study_en,welfare,anthropology,2,100,100,5000
works_in_industry_en__field_of_study_en,welfare,archaeology,2,100,100,5000
works_in_industry_en__field_of_study_en,welfare,architecture,2,100,100,5000
works_in_industry_en__field_of_study_en,welfare,biology,2,100,100,5000
works_in_industry_en__field_of_study_en,welfare,business,2,100,100,5000
works_in_industry_en__field_of_study_en,welfare,chemistry,2,100,100,5000
works_in_industry_en__field_of_study_en,welfare,communication,2,100,100,5000
works_in_industry_en__field_of_study_en,welfare,computing,2,100,100,5000
works_in_industry_en__field_of_study_en,welfare,construction,2,100,100,5000
works_in_industry_en__field_of_study_en,welfare,cultural analysis,2,100,100,5000
works_in_industry_en__field_of_study_en,welfare,data analytics,2,100,100,5000
works_in_industry_en__field_of_study_en,welfare,dental studies,2,100,100,5000
works_in_industry_en__field_of_study_en,welfare,design,2,100,100,5000
works_in_industry_en__field_of_study_en,welfare,diplomacy,2,100,100,5000
works_in_industry_en__field_of_study_en,welfare,ecology,2,100,100,5000
works_in_industry_en__field_of_study_en,welfare,economics,2,100,100,5000
works_in_industry_en__field_of_study_en,welfare,electricity,2,100,100,5000
works_in_industry_en__field_of_study_en,welfare,exercise science,2,100,100,5000
works_in_industry_en__field_of_study_en,welfare,film studies,2,100,100,5000
works_in_industry_en__field_of_study_en,welfare,fiscal studies,2,100,100,5000
works_in_industry_en__field_of_study_en,welfare,forestry,2,100,100,5000
works_in_industry_en__field_of_study_en,welfare,geography,2,100,100,5000
works_in_industry_en__field_of_study_en,welfare,governance,2,100,100,5000
works_in_industry_en__field_of_study_en,welfare,history,2,100,100,5000
works_in_industry_en__field_of_study_en,welfare,law,2,100,100,5000
works_in_industry_en__field_of_study_en,welfare,linguistics,2,100,100,5000
works_in_industry_en__field_of_study_en,welfare,literature,2,100,100,5000
works_in_industry_en__field_of_study_en,welfare,logistics,2,100,100,5000
works_in_industry_en__field_of_study_en,welfare,management,2,100,100,5000
works_in_industry_en__field_of_study_en,welfare,marketing,2,100,100,5000
works_in_industry_en__field_of_study_en,welfare,mechanics,2,100,100,5000
works_in_industry_en__field_of_study_en,welfare,media studies,2,100,100,5000
works_in_industry_en__field_of_study_en,welfare,medicine,2,100,100,5000
works_in_industry_en__field_of_study_en,welfare,music,2,100,100,5000
works_in_industry_en__field_of_study_en,welfare,nursing,2,100,100,5000
works_in_industry_en__field_of_study_en,welfare,pharmacy,2,100,100,5000
works_in_industry_en__field_of_study_en,welfare,philosophy,2,100,100,5000
works_in_industry_en__field_of_study_en,welfare,physics,2,100,100,5000
works_in_industry_en__field_of_study_en,welfare,politics,2,100,100,5000
works_in_industry_en__field_of_study_en,welfare,psychology,2,100,100,5000
works_in_industry_en__field_of_study_en,welfare,quantitative methods,2,100,100,5000
works_in_industry_en__field_of_study_en,welfare,social care,2,100,100,5000
works_in_industry_en__field_of_study_en,welfare,software,2,100,100,5000
works_in_industry_en__field_of_study_en,welfare,statistics,2,100,100,5000
works_in_industry_en__field_of_study_en,welfare,teaching,2,100,100,5000
works_in_industry_en__field_of_study_en,welfare,theatre,2,100,100,5000
works_in_industry_en__field_of_study_en,welfare,tourism,2,100,100,5000
